elapsed_seconds,average_HRV_LFHF,files_in_average
0.0,0.3332744685891125,3
0.09999999999999432,0.3327667150305162,3
0.19999999999998863,0.33369084194286547,3
0.29999999999998295,0.33415293501776216,3
0.39999999999997726,0.33189843603232205,3
0.4999999999999716,0.3303954367086947,3
0.5999999999999659,0.32743351434676027,3
0.6999999999999602,0.3252120725753089,3
0.7999999999999545,0.32337504420858404,3
0.8999999999999488,0.32190545603354215,3
0.9999999999999432,0.3207030343282005,3
1.0999999999999375,0.31938557619920427,3
1.1999999999999318,0.31823041040371375,3
1.299999999999926,0.3172402929492491,3
1.3999999999999204,0.31632376108327137,3
1.4999999999999147,0.3155217741265795,3
1.599999999999909,0.31389318051063886,3
1.6999999999999034,0.31244554174091294,3
1.7999999999998977,0.31115030828753604,3
1.899999999999892,0.3094246088201089,3
1.9999999999998863,0.30792279662443656,3
2.0999999999998806,0.3065575128101891,3
2.199999999999875,0.30531094932761527,3
2.2999999999998693,0.304638067144369,3
2.3999999999998636,0.304019015535783,3
2.499999999999858,0.30289562040170587,3
2.599999999999852,0.3018878471285951,3
2.6999999999998465,0.30095205766070665,3
2.799999999999841,0.30010323280880036,3
2.899999999999835,0.2993326761112783,3
2.9999999999998295,0.2986328132306192,3
3.099999999999824,0.2979923744611251,3
3.199999999999818,0.2974105727376844,3
3.2999999999998124,0.2968576605150261,3
3.3999999999998067,0.2963312686945991,3
3.499999999999801,0.295928984966316,3
3.5999999999997954,0.2957865127010438,3
3.6999999999997897,0.2956557539859433,3
3.799999999999784,0.2955358077786932,3
3.8999999999997783,0.295551104622182,3
3.9999999999997726,0.29556956187271954,3
4.099999999999767,0.29504477262809053,3
4.199999999999761,0.2945481170780004,3
4.299999999999756,0.29407767701600446,3
4.39999999999975,0.2936324706276408,3
4.499999999999744,0.2939640869069323,3
4.5999999999997385,0.2943121134570695,3
4.699999999999733,0.294675524636123,3
4.799999999999727,0.29505337852803654,3
4.8999999999997215,0.2954448085700385,3
4.999999999999716,0.2953122515608094,3
5.09999999999971,0.29521237973055403,3
5.199999999999704,0.29518414884591954,3
5.299999999999699,0.2960332587381977,3
5.399999999999693,0.2967534576770909,3
5.499999999999687,0.2974479352253089,3
5.599999999999682,0.29811804514025614,3
5.699999999999676,0.2987650478167569,3
5.79999999999967,0.29939011819913897,3
5.899999999999665,0.30011570884763444,3
5.999999999999659,0.300897225834279,3
6.099999999999653,0.30167517255296233,3
6.199999999999648,0.30266708090201727,3
6.299999999999642,0.30364895582390994,3
6.399999999999636,0.3046212603998933,3
6.4999999999996305,0.3055641012008469,3
6.599999999999625,0.30647879750027945,3
6.699999999999619,0.30736659096737584,3
6.7999999999996135,0.3083508003609751,3
6.899999999999608,0.30931448491692887,3
6.999999999999602,0.31025102342905303,3
7.099999999999596,0.31131231431194745,3
7.199999999999591,0.31234452873229746,3
7.299999999999585,0.31334884546561104,3
7.399999999999579,0.31432638041936956,3
7.499999999999574,0.31534261351123,3
7.599999999999568,0.31633525323205364,3
7.699999999999562,0.3165867058361094,3
7.799999999999557,0.31683176542688,3
7.899999999999551,0.31776224234815287,3
7.999999999999545,0.31883806745365945,3
8.09999999999954,0.3198876267902377,3
8.199999999999534,0.32091192135775587,3
8.299999999999528,0.32191182795938084,3
8.399999999999523,0.322940558166944,3
8.499999999999517,0.32395984283856105,3
8.599999999999511,0.3249556956786467,3
8.699999999999505,0.3259289154996396,3
8.7999999999995,0.32681095336510835,3
8.899999999999494,0.32781508447794133,3
8.999999999999488,0.328747398754953,3
9.099999999999483,0.32969099644437755,3
9.199999999999477,0.3305917334931843,3
9.299999999999471,0.3315336331345012,3
9.399999999999466,0.33249185480843674,3
9.49999999999946,0.3334500764823725,3
9.599999999999454,0.33455516993314527,3
9.699999999999449,0.3356041088168844,3
9.799999999999443,0.3368485546717816,3
9.899999999999437,0.33809299669130893,3
9.999999999999432,0.3393154046945173,3
10.099999999999426,0.3405736928539583,3
10.19999999999942,0.34183781563475946,3
10.299999999999415,0.34305791164540156,3
10.399999999999409,0.3442877460013945,3
10.499999999999403,0.3456493694880837,3
10.599999999999397,0.3465959878380261,3
10.699999999999392,0.3477000348864691,3
10.799999999999386,0.3488040772296778,3
10.89999999999938,0.3500325616527498,3
10.999999999999375,0.3512541186332377,3
11.099999999999369,0.3524093115663523,3
11.199999999999363,0.35356450449946664,3
11.299999999999358,0.3545944171634848,3
11.399999999999352,0.3561625041821503,3
11.499999999999346,0.3578159037215623,3
11.59999999999934,0.3594595810389977,3
11.699999999999335,0.361226103416653,3
11.79999999999933,0.3629892286292811,3
11.899999999999324,0.3647489566768813,3
11.999999999999318,0.3664276588471754,3
12.099999999999312,0.36810461439834924,3
12.199999999999307,0.36977813111723884,3
12.2999999999993,0.37141607500272616,3
12.399999999999295,0.3729847673258413,3
12.49999999999929,0.37451934345338783,3
12.599999999999284,0.375959877285383,3
12.699999999999278,0.37738792494934953,3
12.799999999999272,0.3782231847715531,3
12.899999999999267,0.3790010020424744,3
12.999999999999261,0.37973698768653175,3
13.099999999999255,0.3812435668209843,3
13.19999999999925,0.38274836628459846,3
13.299999999999244,0.3841703661530315,3
13.399999999999238,0.3855902034082474,3
13.499999999999233,0.3865253573844578,3
13.599999999999227,0.3873432900226679,3
13.699999999999221,0.38804999084460845,3
13.799999999999216,0.38874075260779,3
13.89999999999921,0.3894155753122133,3
13.999999999999204,0.3904229503953605,3
14.099999999999199,0.3914143864197523,3
14.199999999999193,0.39232034424644474,3
14.299999999999187,0.39273713813940286,3
14.399999999999181,0.39303692626146186,3
14.499999999999176,0.3932166412911062,3
14.59999999999917,0.39339635632074943,3
14.699999999999164,0.39364938753013784,3
14.799999999999159,0.393902418739527,3
14.899999999999153,0.39407454598523234,3
14.999999999999147,0.39419264336511445,3
15.099999999999142,0.3942958332187776,3
15.199999999999136,0.39420941229289674,3
15.29999999999913,0.39380520277690884,3
15.399999999999125,0.3932849370663267,3
15.499999999999119,0.39272923088844136,3
15.599999999999113,0.3921380842432535,3
15.699999999999108,0.391511497130763,3
15.799999999999102,0.39075582193027175,3
15.899999999999096,0.3899587987052328,3
15.99999999999909,0.38921554913641754,3
16.099999999999085,0.3883162452367486,3
16.19999999999908,0.3873815008697763,3
16.299999999999073,0.38626545731683165,3
16.399999999999068,0.3851494137638853,3
16.499999999999062,0.3839789687842363,3
16.599999999999056,0.3828061262866549,3
16.69999999999905,0.3822579032601343,3
16.799999999999045,0.38170970404296617,3
16.89999999999904,0.3805954583268692,3
16.999999999999034,0.3793297219800427,3
17.099999999999028,0.37874703683360633,3
17.199999999999022,0.37806082237377,3
17.299999999999017,0.3773746079139326,3
17.39999999999901,0.3766389510128954,3
17.499999999999005,0.37591170382636835,3
17.599999999999,0.3751844566398413,3
17.699999999998994,0.3744572094533143,3
17.799999999998988,0.37404114025837415,3
17.899999999998983,0.37355046502753425,3
17.999999999998977,0.3730597897966936,3
18.09999999999897,0.3725120849787457,3
18.199999999998965,0.37197079486479695,3
18.29999999999896,0.37138834084195044,3
18.399999999998954,0.3709603023642712,3
18.49999999999895,0.3705322638865935,3
18.599999999998943,0.37029050190065566,3
18.699999999998937,0.37010489448175377,3
18.79999999999893,0.3698327542662774,3
18.899999999998926,0.3695606140508001,3
18.99999999999892,0.3688919059262987,3
19.099999999998914,0.36822937631772173,3
19.19999999999891,0.3675668467091449,3
19.299999999998903,0.3670279264002721,3
19.399999999998897,0.36703490137990546,3
19.49999999999889,0.3669100910642203,3
19.599999999998886,0.3673742446310621,3
19.69999999999888,0.3676064983706045,3
19.799999999998875,0.3678387521101443,3
19.89999999999887,0.3681591625315581,3
19.999999999998863,0.3685508457262204,3
20.099999999998857,0.3690970496501302,3
20.19999999999885,0.3696899186416424,3
20.299999999998846,0.3702827876331553,3
20.39999999999884,0.3703374822700229,3
20.499999999998835,0.3704663203292502,3
20.59999999999883,0.37056679327329994,3
20.699999999998823,0.37051605604195154,3
20.799999999998818,0.3704853991750717,3
20.899999999998812,0.37021207371224407,3
20.999999999998806,0.3701183034629354,3
21.0999999999988,0.3700751653262994,3
21.199999999998795,0.3700281977443843,3
21.29999999999879,0.3700188181116521,3
21.399999999998784,0.3700806634898166,3
21.499999999998778,0.37003851983108094,3
21.599999999998772,0.3703421773879843,3
21.699999999998766,0.37070809820038453,3
21.79999999999876,0.3716650271837012,3
21.899999999998755,0.3728231710819567,3
21.99999999999875,0.37406276773053143,3
22.099999999998744,0.37478487575866787,3
22.199999999998738,0.37550698378679787,3
22.299999999998732,0.37631011173926465,3
22.399999999998727,0.3772003878452792,3
22.49999999999872,0.3780508395030464,3
22.599999999998715,0.3790025734400513,3
22.69999999999871,0.3800697208714697,3
22.799999999998704,0.3811368683028895,3
22.8999999999987,0.38226009870936517,3
22.999999999998693,0.3831873198146818,3
23.099999999998687,0.384114540919996,3
23.19999999999868,0.38521135899795844,3
23.299999999998676,0.38627156389650397,3
23.39999999999867,0.38752061042322555,3
23.499999999998664,0.38888973004236244,3
23.59999999999866,0.39038930353420315,3
23.699999999998653,0.3918155608463007,3
23.799999999998647,0.3933176722587141,3
23.89999999999864,0.3948197836711285,3
23.999999999998636,0.39622861987065866,3
24.09999999999863,0.3976374560701876,3
24.199999999998624,0.3985173452757289,3
24.29999999999862,0.39970011554514845,3
24.399999999998613,0.4012261620030579,3
24.499999999998607,0.4029688430477733,3
24.5999999999986,0.40474696455979386,3
24.699999999998596,0.4066734472637117,3
24.79999999999859,0.4086353704349335,3
24.899999999998585,0.41082795966972213,3
24.99999999999858,0.4128889620746454,3
25.099999999998573,0.41538959097481176,3
25.199999999998568,0.4179256603422865,3
25.299999999998562,0.42051344367891214,3
25.399999999998556,0.4227833902501783,3
25.49999999999855,0.42505333682144,3
25.599999999998545,0.4274203015157503,3
25.69999999999854,0.42999708442398044,3
25.799999999998533,0.43257386733221354,3
25.899999999998528,0.43523520633001017,3
25.999999999998522,0.43789654532780803,3
26.099999999998516,0.43987485693456424,3
26.19999999999851,0.441962844772188,3
26.299999999998505,0.4441046776821238,3
26.3999999999985,0.4462465105920604,3
26.499999999998494,0.44846102599034227,3
26.599999999998488,0.45092261927947325,3
26.699999999998482,0.4532485750392592,3
26.799999999998477,0.45533189452300854,3
26.89999999999847,0.4569102465129689,3
26.999999999998465,0.4584885985029214,3
27.09999999999846,0.46012398007998095,3
27.199999999998454,0.46181654733198046,3
27.299999999998448,0.4636083646992854,3
27.399999999998442,0.4657481180738161,3
27.499999999998437,0.46781558018703207,3
27.59999999999843,0.4697539514834472,3
27.699999999998425,0.4717495084547994,3
27.79999999999842,0.47370420095873583,3
27.899999999998414,0.47571607913761066,3
27.99999999999841,0.4781516088674807,3
28.099999999998403,0.48058713859735747,3
28.199999999998397,0.48334872341123375,3
28.29999999999839,0.48502366437161387,3
28.399999999998386,0.48615271004347455,3
28.49999999999838,0.48728175571532645,3
28.599999999998374,0.4884108013871784,3
28.69999999999837,0.4896143181878336,3
28.799999999998363,0.49081783498848974,3
28.899999999998357,0.49199851022686164,3
28.99999999999835,0.49436285990511514,3
29.099999999998346,0.49657219479341413,3
29.19999999999834,0.49868835167399833,3
29.299999999998334,0.500804508554581,3
29.39999999999833,0.5029206654351639,3
29.499999999998323,0.5050368223157465,3
29.599999999998317,0.5071813443115076,3
29.69999999999831,0.5088099155944611,3
29.799999999998306,0.511061683831804,3
29.8999999999983,0.5128016671094012,3
29.999999999998295,0.5156585016576636,3
30.09999999999829,0.5186469633161962,3
30.199999999998283,0.5216354249747309,3
30.299999999998278,0.5246238866332656,3
30.399999999998272,0.5276123482918005,3
30.499999999998266,0.5306560535975627,3
30.59999999999826,0.533350128242408,3
30.699999999998255,0.5364538178780754,3
30.79999999999825,0.5392163769665251,3
30.899999999998244,0.5418852839464134,3
30.999999999998238,0.5445258671531842,3
31.099999999998232,0.5469838525214882,3
31.199999999998226,0.5494549149109708,3
31.29999999999822,0.5519390543216356,3
31.399999999998215,0.5543360455787544,3
31.49999999999821,0.5570453513676227,3
31.599999999998204,0.5599296131824979,3
31.699999999998198,0.5629527248561553,3
31.799999999998192,0.5660695256237481,3
31.899999999998187,0.5691302434162874,3
31.99999999999818,0.5721659089180432,3
32.099999999998175,0.5752015744197988,3
32.19999999999817,0.5781819841330126,3
32.299999999998164,0.5818161740593674,3
32.39999999999816,0.5855072701049601,3
32.49999999999815,0.5895906948003045,3
32.59999999999815,0.5936124977922211,3
32.69999999999814,0.5955780402863361,3
32.799999999998136,0.5974677286800966,3
32.89999999999813,0.5998084738111819,3
32.999999999998124,0.6016365774381461,3
33.09999999999812,0.6034646810651009,3
33.19999999999811,0.6083520853151076,3
33.29999999999811,0.6132060248127728,3
33.3999999999981,0.6178178367903248,3
33.499999999998096,0.622248454648374,3
33.59999999999809,0.6266790725064196,3
33.699999999998084,0.6312781160691682,3
33.79999999999808,0.6360548913340183,3
33.89999999999807,0.6406364410026083,3
33.99999999999807,0.6437853753723802,3
34.09999999999806,0.6465301237141841,3
34.199999999998056,0.649270801417052,3
34.29999999999805,0.6521410643367401,3
34.399999999998045,0.655329164021789,3
34.49999999999804,0.658517263706844,3
34.59999999999803,0.6637254775099006,3
34.69999999999803,0.6688308589188909,3
34.79999999999802,0.6743499739398789,3
34.899999999998016,0.6805889446376859,3
34.99999999999801,0.6868013442334849,3
35.099999999998005,0.693027442238691,3
35.199999999998,0.6992610679264862,3
35.29999999999799,0.7054545469513793,3
35.39999999999799,0.7116617243856784,3
35.49999999999798,0.7180008265455852,3
35.599999999997976,0.7243667498040661,3
35.69999999999797,0.7299933270409017,3
35.799999999997965,0.7356442812373233,3
35.89999999999796,0.7417468132840197,3
35.999999999997954,0.7478493453307254,3
36.09999999999795,0.753951877377431,3
36.19999999999794,0.7599972237491984,3
36.29999999999794,0.7659431315386666,3
36.39999999999793,0.7718132415862331,3
36.499999999997925,0.7777556428951176,3
36.59999999999792,0.783735909451618,3
36.699999999997914,0.7896589903331805,3
36.79999999999791,0.7956615589372866,3
36.8999999999979,0.8016069418664552,3
36.9999999999979,0.8075472790053402,3
37.09999999999789,0.8134876161442248,3
37.199999999997885,0.8191687144000824,3
37.29999999999788,0.8259985635647942,3
37.399999999997874,0.8328284127295295,3
37.49999999999787,0.8397620675476363,3
37.59999999999786,0.8468145450460529,3
37.69999999999786,0.8539260095262025,3
37.79999999999785,0.8610652715432293,3
37.899999999997846,0.8681670159775434,3
37.99999999999784,0.8740346466918397,3
38.099999999997834,0.8800223993352817,3
38.19999999999783,0.8862564328245964,3
38.29999999999782,0.8925182638507927,3
38.39999999999782,0.8988078924138652,3
38.49999999999781,0.905250025827562,3
38.599999999997806,0.9117199567781382,3
38.6999999999978,0.9187728708362431,3
38.799999999997794,0.9251786781302163,3
38.89999999999779,0.9323351095345944,3
38.99999999999778,0.9382536112397286,3
39.09999999999778,0.9441156339872366,3
39.19999999999777,0.9499776567347437,3
39.299999999997766,0.9559567533233939,3
39.39999999999776,0.961935849912047,3
39.499999999997755,0.9679598624450924,3
39.59999999999775,0.9741560624093099,3
39.69999999999774,0.9799378962720264,3
39.79999999999774,0.9861370803005921,3
39.89999999999773,0.9925458049458631,3
39.999999999997726,0.9989207125279732,3
40.09999999999772,1.0055250235961777,3
40.199999999997715,1.0121162576432055,3
40.29999999999771,1.0186944146690515,3
40.3999999999977,1.0253697167350404,3
40.4999999999977,1.0318700627750312,3
40.59999999999769,1.0381621185292467,3
40.69999999999769,1.0428641143970152,3
40.79999999999768,1.0490012849699992,3
40.899999999997675,1.055075279455411,3
40.99999999999767,1.0612628346167499,3
41.099999999997664,1.0674205479502572,3
41.19999999999766,1.0734795872866638,3
41.29999999999765,1.0788550045820953,3
41.39999999999765,1.0841317478804096,3
41.49999999999764,1.0889183062747876,3
41.599999999997635,1.0933594787769485,3
41.69999999999763,1.0996101998817864,3
41.799999999997624,1.105657793697145,3
41.89999999999762,1.111007618880069,3
41.99999999999761,1.1167166488848819,3
42.09999999999761,1.122178966994598,3
42.1999999999976,1.1249153223774309,3
42.299999999997596,1.1274384306174932,3
42.39999999999759,1.1296911877127416,3
42.499999999997584,1.1321262294032077,3
42.59999999999758,1.1348406605159105,3
42.69999999999757,1.1375418178987542,3
42.79999999999757,1.1403333162789295,3
42.89999999999756,1.1433928873585362,3
42.999999999997556,1.1482309596100293,3
43.09999999999755,1.1533371045609948,3
43.199999999997544,1.1590099649995496,3
43.29999999999754,1.16460648534896,3
43.39999999999753,1.1702061574696165,3
43.49999999999753,1.175819110375501,3
43.59999999999752,1.1793282118255741,3
43.699999999997516,1.1827392922773508,3
43.79999999999751,1.1857499199023551,3
43.899999999997505,1.1879207574271209,3
43.9999999999975,1.1896592512356596,3
44.09999999999749,1.191205100684475,3
44.19999999999749,1.192639725083972,3
44.29999999999748,1.1940430969689217,3
44.399999999997476,1.1954152163393266,3
44.49999999999747,1.1965429297392027,3
44.599999999997465,1.1973791900445183,3
44.69999999999746,1.1990728797956793,3
44.79999999999745,1.200724638482125,3
44.89999999999745,1.2023387714514884,3
44.99999999999744,1.2037896493338374,3
45.099999999997436,1.2052297302471773,3
45.19999999999743,1.2066698111605172,3
45.299999999997425,1.2081100805408507,3
45.39999999999742,1.209248127124208,3
45.499999999997414,1.2103861737075572,3
45.59999999999741,1.2114291693683537,3
45.6999999999974,1.21005870234067,3
45.7999999999974,1.2084049652614286,3
45.89999999999739,1.208420815573998,3
45.999999999997385,1.2084366658866108,3
46.09999999999738,1.2084525161992234,3
46.199999999997374,1.2084015503108658,3
46.29999999999737,1.2082088910022293,3
46.39999999999736,1.208016231693588,3
46.49999999999736,1.2076688942231044,3
46.59999999999735,1.207202734072309,3
46.699999999997345,1.2068960823118762,3
46.79999999999734,1.2046465893960634,3
46.899999999997334,1.2023692989433235,3
46.99999999999733,1.200064210953707,3
47.09999999999732,1.1977058591430174,3
47.19999999999732,1.195147739426569,3
47.29999999999731,1.192594817511556,3
47.399999999997306,1.1912854375762407,3
47.4999999999973,1.1900808825929656,3
47.599999999997294,1.1888177878726045,3
47.69999999999729,1.1870264803368136,3
47.79999999999728,1.185235172801008,3
47.89999999999728,1.1834438652652028,3
47.99999999999727,1.1816678802114662,3
48.099999999997266,1.1798134641884988,3
48.19999999999726,1.1780471418028717,3
48.299999999997254,1.1762466708828772,3
48.39999999999725,1.174485831637765,3
48.49999999999724,1.1727249923926546,3
48.59999999999724,1.170335792488247,3
48.69999999999723,1.1678997869361922,3
48.799999999997226,1.1654173562793235,3
48.89999999999722,1.1626178238487876,3
48.999999999997215,1.1598390314602278,3
49.09999999999721,1.1572846890068187,3
49.1999999999972,1.1547543880439146,3
49.2999999999972,1.1522240790596632,3
49.39999999999719,1.1495393900780644,3
49.499999999997186,1.146563693904332,3
49.59999999999718,1.1437033963055812,3
49.699999999997175,1.1422741879975877,3
49.79999999999717,1.1393161158904583,3
49.89999999999716,1.1365337971083884,3
49.99999999999716,1.1340955792993415,3
50.09999999999715,1.1316872033181378,3
50.19999999999715,1.1293086691647696,3
50.29999999999714,1.1269765328765187,3
50.399999999997135,1.1246451731001048,3
50.49999999999713,1.1224282256151592,3
50.599999999997124,1.1205043878904375,3
50.69999999999712,1.1188878225435726,3
50.79999999999711,1.1174743844862387,3
50.89999999999711,1.1166007352081095,3
50.9999999999971,1.1159737978250994,3
51.099999999997095,1.1156645123726279,3
51.19999999999709,1.1156084802848196,3
51.299999999997084,1.1157991600921224,3
51.39999999999708,1.1162601910442393,3
51.49999999999707,1.1168371219621227,3
51.59999999999707,1.1171346634577772,3
51.69999999999706,1.1171641322539962,3
51.799999999997056,1.11719260532329,3
51.89999999999705,1.1175793622555454,3
51.999999999997044,1.1175547840839017,3
52.09999999999704,1.1174555896171838,3
52.19999999999703,1.1167937503018122,3
52.29999999999703,1.116222547602386,3
52.39999999999702,1.1156481931317141,3
52.499999999997016,1.1150605578758144,3
52.59999999999701,1.114066639359592,3
52.699999999997004,1.1131086567873536,3
52.799999999997,1.1121866101591118,3
52.89999999999699,1.1113107242745004,3
52.99999999999699,1.1109430308471977,3
53.09999999999698,1.110812754339451,3
53.199999999996976,1.1108485443849652,3
53.29999999999697,1.1109704284489677,3
53.399999999996965,1.1111753061357212,3
53.49999999999696,1.1114631774452264,3
53.59999999999695,1.1118340423774826,3
53.69999999999695,1.1122386842032668,3
53.79999999999694,1.1126841627984625,3
53.899999999996936,1.1131768513656066,3
53.99999999999693,1.1138398548956496,3
54.099999999996925,1.1145207152705872,3
54.19999999999692,1.1152053100755774,3
54.29999999999691,1.115896964756452,3
54.39999999999691,1.116595679313212,3
54.4999999999969,1.1173014537458568,3
54.599999999996896,1.1180142880543864,3
54.69999999999689,1.1211300035530727,3
54.799999999996885,1.1243993755817303,3
54.89999999999688,1.125992157507619,3
54.999999999996874,1.1275779367224918,3
55.09999999999687,1.1291567132264,3
55.19999999999686,1.1307284870193444,3
55.29999999999686,1.1322932581013245,3
55.39999999999685,1.1338510264723405,3
55.499999999996845,1.1354603155433678,3
55.59999999999684,1.136766126425217,3
55.699999999996834,1.1381287949504448,3
55.79999999999683,1.141406507094173,3
55.89999999999682,1.1446842192379616,3
55.99999999999682,1.1479619313817502,3
56.09999999999681,1.1512396435255392,3
56.199999999996805,1.154517355669328,3
56.2999999999968,1.1569867450979872,3
56.399999999996794,1.1581699054246213,3
56.49999999999679,1.1590844937565135,3
56.59999999999678,1.160018582096537,3
56.69999999999678,1.1614309737803703,3
56.79999999999677,1.1628321232721464,3
56.899999999996766,1.16422203057185,3
56.99999999999676,1.16560069567948,3
57.099999999996754,1.1667248529121528,3
57.19999999999675,1.1666485253416525,3
57.29999999999674,1.1664789889897735,3
57.39999999999674,1.1662595374884392,3
57.49999999999673,1.1660298025125353,3
57.599999999996726,1.1662459572901875,3
57.69999999999672,1.1664518285932866,3
57.799999999996714,1.1666176219079958,3
57.89999999999671,1.167086602157591,3
57.9999999999967,1.1671973323084524,3
58.0999999999967,1.1665342254382178,3
58.19999999999669,1.1658470770774596,3
58.299999999996686,1.1651599367380483,3
58.39999999999668,1.1645300313558418,3
58.499999999996675,1.1641911331657646,3
58.59999999999667,1.1637378344375338,3
58.69999999999666,1.1632890506746116,3
58.79999999999666,1.1628368786136742,3
58.89999999999665,1.1616613951136392,3
58.999999999996646,1.1601898596014388,3
59.09999999999664,1.158703196962498,3
59.199999999996635,1.157201407196826,3
59.29999999999663,1.1556679342671403,3
59.39999999999662,1.1541462891790244,3
59.49999999999662,1.1525908505791993,3
59.59999999999661,1.1510037288153596,3
59.69999999999661,1.1493409194420436,3
59.7999999999966,1.1473029277510363,3
59.899999999996595,1.1449543187322975,3
59.99999999999659,1.1425881692699227,3
60.099999999996584,1.140136229601399,3
60.19999999999658,1.137634345428743,3
60.29999999999657,1.135117611085364,3
60.39999999999657,1.1325833362983595,3
60.49999999999656,1.1297333365067497,3
60.599999999996555,1.1268602840238922,3
60.69999999999655,1.1239036933942463,3
60.799999999996544,1.1205964876453016,3
60.89999999999654,1.1166258447316004,3
60.99999999999653,1.112788018272342,3
61.09999999999653,1.108746289458708,3
61.19999999999652,1.1046941146950504,3
61.299999999996515,1.100617197454573,3
61.39999999999651,1.0965298342640792,3
61.499999999996504,1.092481114877415,3
61.5999999999965,1.0887161580557954,3
61.69999999999649,1.0849030657104946,3
61.79999999999649,1.0810855497946716,3
61.89999999999648,1.0772045411015554,3
61.999999999996476,1.073278306017792,3
62.09999999999647,1.0692935999647906,3
62.199999999996464,1.065280348605384,3
62.29999999999646,1.061385259247482,3
62.39999999999645,1.057424730371973,3
62.49999999999645,1.0533259525004521,3
62.59999999999644,1.0491617351113145,3
62.699999999996436,1.0449812949337862,3
62.79999999999643,1.0407775720919836,3
62.899999999996425,1.0365505665859076,3
62.99999999999642,1.0323955919363037,3
63.09999999999641,1.0282335574108181,3
63.19999999999641,1.024249399538714,3
63.2999999999964,1.020554515877958,3
63.399999999996396,1.0168525723413275,3
63.49999999999639,1.0131435689288124,3
63.599999999996385,1.0094275056404123,3
63.69999999999638,1.005722023850321,3
63.79999999999637,1.0020094821843453,3
63.89999999999637,0.9985444913297258,3
63.99999999999636,0.995428665536831,3
64.09999999999636,0.9922637189821305,3
64.19999999999635,0.9890921167383885,3
64.29999999999634,0.9859138588056054,3
64.39999999999634,0.9827289451837826,3
64.49999999999633,0.979529724970415,3
64.59999999999633,0.9766203245462212,3
64.69999999999632,0.9735994663835587,3
64.79999999999632,0.9704901956424546,3
64.89999999999631,0.9672859366598847,3
64.9999999999963,0.9640816776773108,3
65.0999999999963,0.9611187614138054,3
65.1999999999963,0.9581558451503094,3
65.29999999999629,0.9559682562636223,3
65.39999999999628,0.9537955569623963,3
65.49999999999628,0.9519072726213764,3
65.59999999999627,0.9500938763535579,3
65.69999999999627,0.9483424462636441,3
65.79999999999626,0.9464521315934107,3
65.89999999999625,0.9443269505986073,3
65.99999999999625,0.9422130117958675,3
66.09999999999624,0.940302402126715,3
66.19999999999624,0.9395041836233874,3
66.29999999999623,0.9388123322526085,3
66.39999999999623,0.9383323933410148,3
66.49999999999622,0.9377915790224552,3
66.59999999999621,0.9372180308695232,3
66.69999999999621,0.936811672879511,3
66.7999999999962,0.9363281624239236,3
66.8999999999962,0.9354540274438938,3
66.99999999999619,0.934850706622442,3
67.09999999999619,0.9347568035435617,3
67.19999999999618,0.9345754645245515,3
67.29999999999617,0.9342292274874576,3
67.39999999999617,0.9339651147807865,3
67.49999999999616,0.9335399483617374,3
67.59999999999616,0.9330596822254772,3
67.69999999999615,0.9325749011239024,3
67.79999999999615,0.9320935083203437,3
67.89999999999614,0.9323172607315294,3
67.99999999999613,0.9325561402694728,3
68.09999999999613,0.9328101469341467,3
68.19999999999612,0.9330069372893811,3
68.29999999999612,0.933225357489865,3
68.39999999999611,0.9334610151647772,3
68.4999999999961,0.9331083399607535,3
68.5999999999961,0.9327707918834373,3
68.6999999999961,0.9324483709328523,3
68.79999999999609,0.932585217663822,3
68.89999999999608,0.9327396048384345,3
68.99999999999608,0.93285010166453,3
69.09999999999607,0.932975448661345,3
69.19999999999607,0.9330286902621522,3
69.29999999999606,0.9330967820336781,3
69.39999999999606,0.9324733920951044,3
69.49999999999605,0.9318675426001283,3
69.59999999999604,0.9312847457963898,3
69.69999999999604,0.9308113917487435,3
69.79999999999603,0.9304215758478885,3
69.89999999999603,0.9300688405493944,3
69.99999999999602,0.9297265512009171,3
70.09999999999602,0.9292309443240662,3
70.19999999999601,0.928416851041948,3
70.299999999996,0.9272842713545558,3
70.399999999996,0.926162137617167,3
70.49999999999599,0.9249578084028865,3
70.59999999999599,0.9239408481735717,3
70.69999999999598,0.9229228067387324,3
70.79999999999598,0.9218599721451909,3
70.89999999999597,0.9207097705784988,3
70.99999999999596,0.9195555177633664,3
71.09999999999596,0.91802721861024,3
71.19999999999595,0.9162007573970001,3
71.29999999999595,0.9141492060976087,3
71.39999999999594,0.9120976547982087,3
71.49999999999594,0.9101998566388395,3
71.59999999999593,0.9083020584794766,3
71.69999999999592,0.9064042603201133,3
71.79999999999592,0.9044295293103866,3
71.89999999999591,0.9021477412789548,3
71.99999999999591,0.8996595488236495,3
72.0999999999959,0.8970579972662881,3
72.1999999999959,0.8942748346254902,3
72.29999999999589,0.8912647147604328,3
72.39999999999588,0.8882545948953671,3
72.49999999999588,0.8852444750303006,3
72.59999999999587,0.8821734559129629,3
72.69999999999587,0.8788362954747996,3
72.79999999999586,0.8754991350366254,3
72.89999999999586,0.8719732239791117,3
72.99999999999585,0.8681051505708403,3
73.09999999999584,0.8642932006353359,3
73.19999999999584,0.8605714791676474,3
73.29999999999583,0.8568634160999659,3
73.39999999999583,0.85316901143229,3
73.49999999999582,0.8492676158289868,3
73.59999999999582,0.8451251757128174,3
73.69999999999581,0.8407763097643773,3
73.7999999999958,0.8365517352168079,3
73.8999999999958,0.8324080921654669,3
73.9999999999958,0.8282757878434522,3
74.09999999999579,0.8239021408023707,3
74.19999999999578,0.8195284937612796,3
74.29999999999578,0.8151548467201879,3
74.39999999999577,0.8105231801463649,3
74.49999999999577,0.8055806391908918,3
74.59999999999576,0.8006405436030711,3
74.69999999999575,0.7956497240294222,3
74.79999999999575,0.7908090312281638,3
74.89999999999574,0.7862978120512736,3
74.99999999999574,0.7817865928743967,3
75.09999999999573,0.7772753736975201,3
75.19999999999573,0.7728209626628842,3
75.29999999999572,0.7679831964353587,3
75.39999999999571,0.7630158125592134,3
75.49999999999571,0.7581195875646028,3
75.5999999999957,0.7532663798789337,3
75.6999999999957,0.7482562655049151,3
75.79999999999569,0.7434004499518565,3
75.89999999999569,0.7386320703389542,3
75.99999999999568,0.7339753457628904,3
76.09999999999567,0.729014713982239,3
76.19999999999567,0.7242258281592394,3
76.29999999999566,0.7196260594510128,3
76.39999999999566,0.7149683855090528,3
76.49999999999565,0.7104959843761564,3
76.59999999999565,0.7061352382801034,3
76.69999999999564,0.7017963472966122,3
76.79999999999563,0.6974816754098079,3
76.89999999999563,0.6930334193608787,3
76.99999999999562,0.6885500157968409,3
77.09999999999562,0.6840314647176995,3
77.19999999999561,0.6795501095596251,3
77.2999999999956,0.6750271041679287,3
77.3999999999956,0.6704689512611286,3
77.4999999999956,0.6664812211925845,3
77.59999999999559,0.6624332096606266,3
77.69999999999558,0.6586152143333103,3
77.79999999999558,0.6546779861270343,3
77.89999999999557,0.6507056104056516,3
77.99999999999557,0.6467595179613072,3
78.09999999999556,0.6427782780018619,3
78.19999999999555,0.6388488460940427,3
78.29999999999555,0.6348842666711229,3
78.39999999999554,0.6316061034738039,3
78.49999999999554,0.6282927927614125,3
78.59999999999553,0.6251153924365744,3
78.69999999999553,0.6218770373784079,3
78.79999999999552,0.6186385849291666,3
78.89999999999552,0.6154002298709974,3
78.99999999999551,0.6121618748128276,3
79.0999999999955,0.6089359928522639,3
79.1999999999955,0.6061176472988475,3
79.29999999999549,0.60354881579238,3
79.39999999999549,0.6009799842859243,3
79.49999999999548,0.5984547044525298,3
79.59999999999548,0.5959550394333049,3
79.69999999999547,0.5934553744140812,3
79.79999999999546,0.5909023548231502,3
79.89999999999546,0.588440753453802,3
79.99999999999545,0.5859858702917066,3
80.09999999999545,0.5836203172076979,3
80.19999999999544,0.5815196497840961,3
80.29999999999544,0.5794640887390423,3
80.39999999999543,0.5773482127546682,3
80.49999999999542,0.5750910781693354,3
80.59999999999542,0.5728188631833672,3
80.69999999999541,0.5705466481973988,3
80.7999999999954,0.568493703557819,3
80.8999999999954,0.5667478159399499,3
80.9999999999954,0.5650164744545997,3
81.09999999999539,0.5633984920712966,3
81.19999999999538,0.5617805096879988,3
81.29999999999538,0.5599710665896708,3
81.39999999999537,0.5582232485980949,3
81.49999999999537,0.5565044402053912,3
81.59999999999536,0.5550413643568787,3
81.69999999999536,0.5538734394280697,3
81.79999999999535,0.5527055144992742,3
81.89999999999534,0.5511088904511418,3
81.99999999999534,0.549512266402989,3
82.09999999999533,0.5492636500954748,3
82.19999999999533,0.5489384637202153,3
82.29999999999532,0.5471497292139237,3
82.39999999999532,0.5453609947075636,3
82.49999999999531,0.5436285948193517,3
82.5999999999953,0.5423666007483642,3
82.6999999999953,0.5411573781500416,3
82.7999999999953,0.5399225176466605,3
82.89999999999529,0.5399504548517862,3
82.99999999999528,0.5399937832647589,3
83.09999999999528,0.5400638416148434,3
83.19999999999527,0.5389828772175355,3
83.29999999999526,0.5379286427572842,3
83.39999999999526,0.5371591577668765,3
83.49999999999525,0.5364541043270992,3
83.59999999999525,0.535605916697792,3
83.69999999999524,0.5347163469001263,3
83.79999999999524,0.533818582475173,3
83.89999999999523,0.5328292583152098,3
83.99999999999523,0.5318317395279566,3
84.09999999999522,0.5308260261134179,3
84.19999999999521,0.5297221223882868,3
84.29999999999521,0.5288031232865518,3
84.3999999999952,0.5277707306804668,3
84.4999999999952,0.5268413378115139,3
84.59999999999519,0.5258708037845486,3
84.69999999999519,0.5249015783914266,3
84.79999999999518,0.5238667987513314,3
84.89999999999517,0.5228333277450778,3
84.99999999999517,0.5219715335323425,3
85.09999999999516,0.5214081188537928,3
85.19999999999516,0.5207617027915874,3
85.29999999999515,0.5200923762665366,3
85.39999999999515,0.5194539369154371,3
85.49999999999514,0.5187912784676526,3
85.59999999999513,0.5181833862644627,3
85.69999999999513,0.5175536389487195,3
85.79999999999512,0.5168872763528018,3
85.89999999999512,0.5165779384171981,3
85.99999999999511,0.5162913518132267,3
86.0999999999951,0.5160275165408719,3
86.1999999999951,0.5157864326001335,3
86.2999999999951,0.5154912015304356,3
86.39999999999509,0.5152277779865874,3
86.49999999999508,0.5150717446456602,3
86.59999999999508,0.5149759927681768,3
86.69999999999507,0.5146502246860541,3
86.79999999999507,0.5147400276500541,3
86.89999999999506,0.5148649781291766,3
86.99999999999505,0.5150194829381,3
87.09999999999505,0.5152091352621266,3
87.19999999999504,0.5153083180859658,3
87.29999999999504,0.5155572224160749,3
87.39999999999503,0.5158250155010724,3
87.49999999999503,0.5161242389279344,3
87.59999999999502,0.5162838347940051,3
87.69999999999501,0.5168462063410365,3
87.79999999999501,0.5173560185054579,3
87.899999999995,0.5178620161055659,3
87.999999999995,0.518262201609773,3
88.09999999999499,0.5186315450989781,3
88.19999999999499,0.518918567363072,3
88.29999999999498,0.5192850079355055,3
88.39999999999498,0.5196651877455861,3
88.49999999999497,0.520059106793311,3
88.59999999999496,0.5206891584532655,3
88.69999999999496,0.5212687351642803,3
88.79999999999495,0.5218827732961854,3
88.89999999999495,0.5222381401067674,3
88.99999999999494,0.5225678955592735,3
89.09999999999494,0.5231634741208689,3
89.19999999999493,0.5237334413244149,3
89.29999999999492,0.5243399422321227,3
89.39999999999492,0.5252353340845531,3
89.49999999999491,0.5261584084878637,3
89.5999999999949,0.5270965632918041,3
89.6999999999949,0.5280347180957451,3
89.7999999999949,0.5285700067507716,3
89.89999999999489,0.5291052954057774,3
89.99999999999488,0.5297533516197802,3
90.09999999999488,0.5304120215568475,3
90.19999999999487,0.531040757868956,3
90.29999999999487,0.5319427332987268,3
90.39999999999486,0.5327417232284458,3
90.49999999999486,0.5335117035592905,3
90.59999999999485,0.5338202255557599,3
90.69999999999484,0.5340997379533362,3
90.79999999999484,0.5343792503509109,3
90.89999999999483,0.5350356643867699,3
90.99999999999483,0.5355941279515575,3
91.09999999999482,0.5348431433405445,3
91.19999999999482,0.5336218294497662,3
91.29999999999481,0.5338640636899842,3
91.3999999999948,0.5343906464974301,3
91.4999999999948,0.5350815440223722,3
91.5999999999948,0.5355567386429628,3
91.69999999999479,0.5360216923461597,3
91.79999999999478,0.5364764051319737,3
91.89999999999478,0.5355869982315239,3
91.99999999999477,0.5341934122349506,3
92.09999999999476,0.5328048635575465,3
92.19999999999476,0.5325991048838373,3
92.29999999999475,0.5321853240020978,3
92.39999999999475,0.5317765804395428,3
92.49999999999474,0.5313728741961838,3
92.59999999999474,0.5310779781498817,3
92.69999999999473,0.5308562315282436,3
92.79999999999472,0.5305918311745961,3
92.89999999999472,0.5305590286285233,3
92.99999999999471,0.5305344207097479,3
93.09999999999471,0.5303469700321708,3
93.1999999999947,0.5302009015229366,3
93.2999999999947,0.5301571999252546,3
93.39999999999469,0.5301548804959296,3
93.49999999999469,0.5300495613294695,3
93.59999999999468,0.5302775119964401,3
93.69999999999467,0.5297698224976585,3
93.79999999999467,0.5293186611517496,3
93.89999999999466,0.5289323615616334,3
93.99999999999466,0.5280458360958283,3
94.09999999999465,0.5272241723857859,3
94.19999999999465,0.5264673704315364,3
94.29999999999464,0.5257754302330793,3
94.39999999999463,0.5250945541536216,3
94.49999999999463,0.524493231451486,3
94.59999999999462,0.523811928765814,3
94.69999999999462,0.523096259051275,3
94.79999999999461,0.5223929855202208,3
94.8999999999946,0.5213718604778321,3
94.9999999999946,0.5203631316189129,3
95.0999999999946,0.519523736184506,3
95.19999999999459,0.5186967369335952,3
95.29999999999458,0.517959032326747,3
95.39999999999458,0.5170491255385576,3
95.49999999999457,0.5151820862606262,3
95.59999999999457,0.513328945062727,3
95.69999999999456,0.5115130729340768,3
95.79999999999455,0.5093306753544825,3
95.89999999999455,0.5071621758549526,3
95.99999999999454,0.5050131676208102,3
96.09999999999454,0.5029798278399293,3
96.19999999999453,0.5009842327812534,3
96.29999999999453,0.49904429459994165,3
96.39999999999452,0.4971080735918721,3
96.49999999999451,0.4951755697570413,3
96.59999999999451,0.49329087308263775,3
96.6999999999945,0.4910384508513017,3
96.7999999999945,0.4888386853936469,3
96.89999999999449,0.4866426371092339,3
96.99999999999449,0.4845524009207214,3
97.09999999999448,0.48266943427210224,3
97.19999999999447,0.4817275860681121,3
97.29999999999447,0.48113258996550984,3
97.39999999999446,0.4805238546252834,3
97.49999999999446,0.47991041397009937,3
97.59999999999445,0.4789570968136021,3
97.69999999999445,0.4780542546060371,3
97.79999999999444,0.4771703055492887,3
97.89999999999444,0.47623287370193856,3
97.99999999999443,0.4753143350053992,3
98.09999999999442,0.47396400362605956,3
98.19999999999442,0.47345887787034197,3
98.29999999999441,0.4729105002032595,3
98.3999999999944,0.4727652180215854,3
98.4999999999944,0.47265256822839113,3
98.5999999999944,0.4725399184351988,3
98.69999999999439,0.47164964138625715,3
98.79999999999438,0.4710198929901604,3
98.89999999999438,0.4703970943265145,3
98.99999999999437,0.46997071473109003,3
99.09999999999437,0.4698217563614173,3
99.19999999999436,0.46999076656551936,3
99.29999999999436,0.4702935791543627,3
99.39999999999435,0.4709257870853174,3
99.49999999999434,0.47184602996509045,3
99.59999999999434,0.473032897887334,3
99.69999999999433,0.4742197658095926,3
99.79999999999433,0.47399703711847946,3
99.89999999999432,0.473817668773092,3
99.99999999999432,0.47377961124460266,3
100.09999999999431,0.4737463544970908,3
100.1999999999943,0.47422678737508006,3
100.2999999999943,0.4747504596848357,3
100.3999999999943,0.4750237715947471,3
100.49999999999429,0.4753310716719478,3
100.59999999999428,0.47567235991645446,3
100.69999999999428,0.4760617539056123,3
100.79999999999427,0.4764851360620768,3
100.89999999999426,0.476994524763043,3
100.99999999999426,0.4779719904444523,3
101.09999999999425,0.47890831669108036,3
101.19999999999425,0.47970635258456257,3
101.29999999999424,0.4806763085705155,3
101.39999999999424,0.48160512512167014,3
101.49999999999423,0.4826278195974911,3
101.59999999999422,0.4812442103465195,3
101.69999999999422,0.47972458018777747,3
101.79999999999421,0.478246426209824,3
101.89999999999421,0.4765354968730809,3
101.9999999999942,0.4748151953578223,3
102.0999999999942,0.4733117414846178,3
102.19999999999419,0.4717989154329243,3
102.29999999999418,0.4702767172027284,3
102.39999999999418,0.46873231437753016,3
102.49999999999417,0.4699957532065436,3
102.59999999999417,0.4708339433992743,3
102.69999999999416,0.4723970929453995,3
102.79999999999416,0.47389303352630874,3
102.89999999999415,0.4753134315390784,3
102.99999999999415,0.47702878735882875,3
103.09999999999414,0.4788108058968857,3
103.19999999999413,0.48051728186681064,3
103.29999999999413,0.48223877130111376,3
103.39999999999412,0.483687884013185,3
103.49999999999412,0.48504807116941734,3
103.59999999999411,0.4863998807894021,3
103.6999999999941,0.48777668525974693,3
103.7999999999941,0.4891441175515918,3
103.8999999999941,0.4905021776649341,3
103.99999999999409,0.4919469320626581,3
104.09999999999408,0.49341552197533267,3
104.19999999999408,0.49480824435343923,3
104.29999999999407,0.4933233630440665,3
104.39999999999407,0.4920140239051185,3
104.49999999999406,0.49158957456809166,3
104.59999999999405,0.4911512271510335,3
104.69999999999405,0.49067561066472626,3
104.79999999999404,0.4901860960983331,3
104.89999999999404,0.4897746365595029,3
104.99999999999403,0.48949129368351046,3
105.09999999999403,0.4913943260379375,3
105.19999999999402,0.493394479305834,3
105.29999999999401,0.49523365032545025,3
105.39999999999401,0.4970820699653038,3
105.499999999994,0.49893973822540527,3
105.599999999994,0.5007625651185662,3
105.69999999999399,0.502594640631972,3
105.79999999999399,0.5046503670080181,3
105.89999999999398,0.5067070519937326,3
105.99999999999397,0.5063616726929412,3
106.09999999999397,0.5060004048681429,3
106.19999999999396,0.504710984392217,3
106.29999999999396,0.5030839604351479,3
106.39999999999395,0.5014661850983058,3
106.49999999999395,0.4998486244590246,3
106.59999999999394,0.4982403124399906,3
106.69999999999393,0.4989567206148369,3
106.79999999999393,0.4994087056644625,3
106.89999999999392,0.5001820934462441,3
106.99999999999392,0.5009647298482923,3
107.09999999999391,0.5022073007042015,3
107.1999999999939,0.5026328077075576,3
107.2999999999939,0.5030675633311114,3
107.3999999999939,0.5028798960841078,3
107.49999999999389,0.5027014774573134,3
107.59999999999388,0.5024928258603697,3
107.69999999999388,0.5030712819295479,3
107.79999999999387,0.5036592184091523,3
107.89999999999387,0.5042496855666998,3
107.99999999999386,0.5046532140664054,3
108.09999999999386,0.5047781880276797,3
108.19999999999385,0.5046246074505172,3
108.29999999999384,0.5041955496333874,3
108.39999999999384,0.5034275441773581,3
108.49999999999383,0.5023939981431464,3
108.59999999999383,0.5013697007291655,3
108.69999999999382,0.5003546519354325,3
108.79999999999382,0.5007584483753115,3
108.89999999999381,0.50112813308972,3
108.9999999999938,0.5014637060785684,3
109.0999999999938,0.5017625893963196,3
109.19999999999379,0.5020299389340471,3
109.29999999999379,0.502038142283089,3
109.39999999999378,0.5024831384683732,3
109.49999999999378,0.5029033951066283,3
109.59999999999377,0.5032989121978255,3
109.69999999999376,0.5036555721646188,3
109.79999999999376,0.5039874925843533,3
109.89999999999375,0.5043380338028348,3
109.99999999999375,0.5047071958200665,3
110.09999999999374,0.5049514621287097,3
110.19999999999374,0.5050321028928719,3
110.29999999999373,0.5053843831398895,3
110.39999999999372,0.505754339584226,3
110.49999999999372,0.5060078994678365,3
110.59999999999371,0.5086452444421657,3
110.69999999999371,0.5113960916882164,3
110.7999999999937,0.5141655597330231,3
110.8999999999937,0.5169536485765797,3
110.99999999999369,0.5196050019546298,3
111.09999999999368,0.5225235946212914,3
111.19999999999368,0.5254608080867184,3
111.29999999999367,0.528419327063639,3
111.39999999999367,0.5314092992558096,3
111.49999999999366,0.5316006784140309,3
111.59999999999366,0.53193442615335,3
111.69999999999365,0.532286794691427,3
111.79999999999364,0.5326095415369791,3
111.89999999999364,0.5328924726910628,3
111.99999999999363,0.5335565343173054,3
112.09999999999363,0.5340970114558973,3
112.19999999999362,0.5346502473296383,3
112.29999999999362,0.5351256859060203,3
112.39999999999361,0.5358107173716503,3
112.4999999999936,0.5365085075724508,3
112.5999999999936,0.5372053676609055,3
112.6999999999936,0.5379149864845172,3
112.79999999999359,0.5386432261068785,3
112.89999999999358,0.5398135662608023,3
112.99999999999358,0.5409064607506202,3
113.09999999999357,0.5418666574436735,3
113.19999999999357,0.5429119702915338,3
113.29999999999356,0.5468441354471075,3
113.39999999999355,0.550776188161224,3
113.49999999999355,0.554945893434372,3
113.59999999999354,0.5591248473277822,3
113.69999999999354,0.5669995045916594,3
113.79999999999353,0.5748834104760231,3
113.89999999999353,0.5826846118729859,3
113.99999999999352,0.5903530471472757,3
114.09999999999351,0.5958191939818896,3
114.19999999999351,0.5980058995095144,3
114.2999999999935,0.600192605036927,3
114.3999999999935,0.6023392138010655,3
114.49999999999349,0.6044858225652019,3
114.59999999999349,0.6105321261616403,3
114.69999999999348,0.616578429758332,3
114.79999999999347,0.622410331112633,3
114.89999999999347,0.6282505224775112,3
114.99999999999346,0.6326960634403962,3
115.09999999999346,0.6371416044031899,3
115.19999999999345,0.6415701335778372,3
115.29999999999345,0.645998662752484,3
115.39999999999344,0.6508212250686726,3
115.49999999999343,0.6556437873848878,3
115.59999999999343,0.6604663497011031,3
115.69999999999342,0.662973440443697,3
115.79999999999342,0.6654795900226876,3
115.89999999999341,0.6679857396016781,3
115.9999999999934,0.6705903794890927,3
116.0999999999934,0.6731865396370305,3
116.1999999999934,0.6757826997849672,3
116.29999999999339,0.6816981120654013,3
116.39999999999338,0.687613524346054,3
116.49999999999338,0.6924866899866537,3
116.59999999999337,0.6973993372175812,3
116.69999999999337,0.7023117526583794,3
116.79999999999336,0.707328709443615,3
116.89999999999336,0.7123454344387258,3
116.99999999999335,0.7176996215511378,3
117.09999999999334,0.7230535768734409,3
117.19999999999334,0.7262281836451759,3
117.29999999999333,0.7289352683351913,3
117.39999999999333,0.7317025143355061,3
117.49999999999332,0.7344565145854364,3
117.59999999999332,0.7372105148353655,3
117.69999999999331,0.7399645150852941,3
117.7999999999933,0.7425932748872168,3
117.8999999999933,0.7450967942411246,3
117.99999999999329,0.7476789742328797,3
118.09999999999329,0.7498161257329482,3
118.19999999999328,0.7519506992874495,3
118.29999999999328,0.754310428219144,3
118.39999999999327,0.7562086247675405,3
118.49999999999326,0.7581068213159066,3
118.59999999999326,0.7600050178642723,3
118.69999999999325,0.7619427816526304,3
118.79999999999325,0.7639201126809837,3
118.89999999999324,0.7658684234790122,3
118.99999999999324,0.7677877140467114,3
119.09999999999323,0.7698215008914193,3
119.19999999999322,0.7721056647673623,3
119.29999999999322,0.7741077897288795,3
119.39999999999321,0.7760818390614972,3
119.49999999999321,0.7780268681637859,3
119.5999999999932,0.779942877035745,3
119.6999999999932,0.7817902984373823,3
119.79999999999319,0.7835691323686955,3
119.89999999999318,0.7853479663000039,3
119.99999999999318,0.7872821564955683,3
120.09999999999317,0.7889125457668044,3
120.19999999999317,0.7905429350380193,3
120.29999999999316,0.7921706395964913,3
120.39999999999316,0.7932292117946212,3
120.49999999999315,0.7943100026101267,3
120.59999999999314,0.7953868926997059,3
120.69999999999314,0.7964637827892845,3
120.79999999999313,0.7975889153701377,3
120.89999999999313,0.7987724844412091,3
120.99999999999312,0.7995935438388738,3
121.09999999999312,0.8002614940640527,3
121.19999999999311,0.8009353063528124,3
121.2999999999931,0.8015493589948628,3
121.3999999999931,0.8033977729712598,3
121.4999999999931,0.8052520490113336,3
121.59999999999309,0.8071258759625034,3
121.69999999999308,0.8090055649772658,3
121.79999999999308,0.8108852539920286,3
121.89999999999307,0.8112612586239903,3
121.99999999999307,0.8116372632558481,3
122.09999999999306,0.8116484104994987,3
122.19999999999305,0.8116595577431238,3
122.29999999999305,0.8116946532333663,3
122.39999999999304,0.8117391097855001,3
122.49999999999304,0.8115551623988518,3
122.59999999999303,0.8113404280487989,3
122.69999999999303,0.8074392389485432,3
122.79999999999302,0.8035380498480301,3
122.89999999999301,0.7996368607475176,3
122.99999999999301,0.7956066431143998,3
123.099999999993,0.7915150497705569,3
123.199999999993,0.7908746450568017,3
123.29999999999299,0.7902633712563176,3
123.39999999999299,0.7896921942191089,3
123.49999999999298,0.7891210171819029,3
123.59999999999297,0.7846501453124147,3
123.69999999999297,0.7801792734426534,3
123.79999999999296,0.7757084015728913,3
123.89999999999296,0.7710986867370613,3
123.99999999999295,0.7703029651326609,3
124.09999999999295,0.7695097481079832,3
124.19999999999294,0.7687335428714516,3
124.29999999999293,0.767957337634921,3
124.39999999999293,0.7667870992568501,3
124.49999999999292,0.7656168608787509,3
124.59999999999292,0.7644466225006519,3
124.69999999999291,0.7633506652324721,3
124.7999999999929,0.7626036019832735,3
124.8999999999929,0.7618251881060955,3
124.9999999999929,0.7609169332924873,3
125.09999999999289,0.7600171582183534,3
125.19999999999288,0.7591173831442202,3
125.29999999999288,0.7548983559376065,3
125.39999999999287,0.7506186612184326,3
125.49999999999287,0.7472576147812605,3
125.59999999999286,0.743896568344154,3
125.69999999999285,0.7408293804445979,3
125.79999999999285,0.7376574194104949,3
125.89999999999284,0.7345085469408724,3
125.99999999999284,0.731021980563821,3
126.09999999999283,0.7275261655664981,3
126.19999999999283,0.7260977749467606,3
126.29999999999282,0.725136374650459,3
126.39999999999281,0.7241476464740991,3
126.49999999999281,0.7234447372975028,3
126.5999999999928,0.7227145002408357,3
126.6999999999928,0.7219569353040748,3
126.79999999999279,0.7212972829352259,3
126.89999999999279,0.7206289580333342,3
126.99999999999278,0.7198546446134954,3
127.09999999999278,0.719319342073509,3
127.19999999999277,0.7187781203783364,3
127.29999999999276,0.7182309795279597,3
127.39999999999276,0.717952830135995,3
127.49999999999275,0.7176687975469364,3
127.59999999999275,0.7171645364977453,3
127.69999999999274,0.7166147890533426,3
127.79999999999274,0.7160607378022735,3
127.89999999999273,0.7155298092800542,3
127.99999999999272,0.7151205994279087,3
128.09999999999272,0.7147344906508959,3
128.1999999999927,0.7143714829490083,3
128.2999999999927,0.7142244819560508,3
128.3999999999927,0.7138472204276191,3
128.4999999999927,0.7134897305092506,3
128.5999999999927,0.7132058902192325,3
128.69999999999268,0.7129282699109533,3
128.79999999999268,0.7126568695844079,3
128.89999999999267,0.7123762206376156,3
128.99999999999267,0.7120863230705757,3
129.09999999999266,0.7118740958177138,3
129.19999999999266,0.7122235699732978,3
129.29999999999265,0.712563795508676,3
129.39999999999264,0.713381037691169,3
129.49999999999264,0.7140839455430603,3
129.59999999999263,0.7148249141545268,3
129.69999999999263,0.7155444247945137,3
129.79999999999262,0.7162546868142519,3
129.89999999999262,0.7169557002137422,3
129.9999999999926,0.7165292658929817,3
130.0999999999926,0.7162425364673464,3
130.1999999999926,0.7159465584214741,3
130.2999999999926,0.7157069534656554,3
130.3999999999926,0.7142296006188406,3
130.49999999999258,0.7127080507826329,3
130.59999999999258,0.7111423039571209,3
130.69999999999257,0.7095323601423043,3
130.79999999999256,0.7076163003669098,3
130.89999999999256,0.7067362482521761,3
130.99999999999255,0.7058517668196015,3
131.09999999999255,0.7052888871183516,3
131.19999999999254,0.7047215780992072,3
131.29999999999254,0.7041258915155275,3
131.39999999999253,0.7035257756139269,3
131.49999999999253,0.7027207985362569,3
131.59999999999252,0.7018348334479505,3
131.6999999999925,0.7008849932038705,3
131.7999999999925,0.6999259043395388,3
131.8999999999925,0.6989575668549594,3
131.9999999999925,0.6981090092827366,3
132.0999999999925,0.6972220721772461,3
132.19999999999249,0.6961541391282441,3
132.29999999999248,0.6950460148164598,3
132.39999999999247,0.6938076968351531,3
132.49999999999247,0.69256134717278,3
132.59999999999246,0.6913069658293501,3
132.69999999999246,0.6900445528048632,3
132.79999999999245,0.6887741080993197,3
132.89999999999245,0.687634474678787,3
132.99999999999244,0.6864787796544837,3
133.09999999999243,0.6853125483696689,3
133.19999999999243,0.6840667436299054,3
133.29999999999242,0.6827353977974763,3
133.39999999999242,0.6813948033447934,3
133.4999999999924,0.6799923674077538,3
133.5999999999924,0.6785806828504625,3
133.6999999999924,0.6770854685630048,3
133.7999999999924,0.6755067245453755,3
133.8999999999924,0.6738864171394449,3
133.99999999999238,0.6724841984554181,3
134.09999999999238,0.6707707075966848,3
134.19999999999237,0.6692861694486142,3
134.29999999999237,0.6677923826803142,3
134.39999999999236,0.6663500148040905,3
134.49999999999235,0.6649639900668763,3
134.59999999999235,0.6635594919244727,3
134.69999999999234,0.6618371005483942,3
134.79999999999234,0.6601054605520448,3
134.89999999999233,0.6585661550391833,3
134.99999999999233,0.6570433229109157,3
135.09999999999232,0.6554766716521866,3
135.19999999999231,0.6540124641560464,3
135.2999999999923,0.6524923825870621,3
135.3999999999923,0.6511046608956013,3
135.4999999999923,0.6493075909664556,3
135.5999999999923,0.6476846863240439,3
135.6999999999923,0.6459237749145693,3
135.79999999999228,0.6441686905917091,3
135.89999999999227,0.6427501795623307,3
135.99999999999227,0.641314662661218,3
136.09999999999226,0.6400544609490931,3
136.19999999999226,0.6387909297719384,3
136.29999999999225,0.6375240691297402,3
136.39999999999225,0.6359789684088835,3
136.49999999999224,0.6344351539137305,3
136.59999999999224,0.6331023192584616,3
136.69999999999223,0.6302179355918162,3
136.79999999999222,0.6272727691568541,3
136.89999999999222,0.6243574467407824,3
136.9999999999922,0.6211278147255943,3
137.0999999999922,0.6178948532453382,3
137.1999999999922,0.6146585623000381,3
137.2999999999922,0.611559042523348,3
137.3999999999922,0.6090425611596925,3
137.49999999999218,0.6068590860635384,3
137.59999999999218,0.6049484354424249,3
137.69999999999217,0.6032961649466716,3
137.79999999999217,0.6016970133192776,3
137.89999999999216,0.60009144748525,3
137.99999999999216,0.5984364766081461,3
138.09999999999215,0.5963677270975802,3
138.19999999999214,0.5937280275582973,3
138.29999999999214,0.591086001446075,3
138.39999999999213,0.5885268424268272,3
138.49999999999213,0.5859538186101408,3
138.59999999999212,0.5833746491014583,3
138.69999999999212,0.5808076889440108,3
138.7999999999921,0.5782512567632264,3
138.8999999999921,0.5756948245824421,3
138.9999999999921,0.5737631499493974,3
139.0999999999921,0.5718356309734066,3
139.1999999999921,0.569908111997416,3
139.29999999999208,0.5678673158456146,3
139.39999999999208,0.5658265196938036,3
139.49999999999207,0.5637581951497583,3
139.59999999999206,0.5616623422134764,3
139.69999999999206,0.5595274153075335,3
139.79999999999205,0.5573372127088713,3
139.89999999999205,0.5553860581765612,3
139.99999999999204,0.5534300843419415,3
140.09999999999204,0.551469291204993,3
140.19999999999203,0.5493775204216303,3
140.29999999999202,0.5472809303359294,3
140.39999999999202,0.5446209114849133,3
140.499999999992,0.5430046234065852,3
140.599999999992,0.5415142404696695,3
140.699999999992,0.5401166654740391,3
140.799999999992,0.5374623862940822,3
140.899999999992,0.5352166930814471,3
140.99999999999199,0.5327101860153747,3
141.09999999999198,0.5302036789492813,3
141.19999999999197,0.527697171883188,3
141.29999999999197,0.5249483035798923,3
141.39999999999196,0.5222801134605654,3
141.49999999999196,0.5196107064020541,3
141.59999999999195,0.5169760098246899,3
141.69999999999195,0.5143400963081379,3
141.79999999999194,0.5110932329972623,3
141.89999999999193,0.507845152747146,3
141.99999999999193,0.504595855557839,3
142.09999999999192,0.5012294713878801,3
142.19999999999192,0.4983504348809928,3
142.2999999999919,0.4954186321053367,3
142.3999999999919,0.492455359550412,3
142.4999999999919,0.4893055554550285,3
142.5999999999919,0.4865504575664801,3
142.6999999999919,0.4837953596779638,3
142.79999999999188,0.4810402617894481,3
142.89999999999188,0.4777749244723359,3
142.99999999999187,0.4748875052656811,3
143.09999999999187,0.47233150797651596,3
143.19999999999186,0.46953730935644594,3
143.29999999999185,0.4667431107363574,3
143.39999999999185,0.464021960841168,3
143.49999999999184,0.4614067707261937,3
143.59999999999184,0.4588008053961747,3
143.69999999999183,0.4562096261420346,3
143.79999999999183,0.45346462532842874,3
143.89999999999182,0.4504949528465873,3
143.99999999999181,0.4474996419269912,3
144.0999999999918,0.4445481501378554,3
144.1999999999918,0.4412500926381609,3
144.2999999999918,0.439445096512882,3
144.3999999999918,0.43752581977004174,3
144.4999999999918,0.43572082364487513,3
144.59999999999178,0.4336371799331165,3
144.69999999999177,0.43178072507856297,3
144.79999999999177,0.4299282940963118,3
144.89999999999176,0.42713517748347424,3
144.99999999999176,0.42364836930425015,3
145.09999999999175,0.420177364572161,3
145.19999999999175,0.41669813153913643,3
145.29999999999174,0.41321889850611226,3
145.39999999999173,0.4097396654730871,3
145.49999999999173,0.4061681109626214,3
145.59999999999172,0.40264444859877546,3
145.69999999999172,0.40372254378039546,3
145.7999999999917,0.4048461408030209,3
145.8999999999917,0.4028460833219878,3
145.9999999999917,0.40112798489046014,3
146.0999999999917,0.3993505174383596,3
146.1999999999917,0.39757304998625415,3
146.29999999999168,0.39546257626669473,3
146.39999999999168,0.3928448550877981,3
146.49999999999167,0.3899010684659543,3
146.59999999999167,0.3867805879650803,3
146.69999999999166,0.3833048375929142,3
146.79999999999166,0.3798756426382504,3
146.89999999999165,0.37649450645759464,3
146.99999999999164,0.37309311259544603,3
147.09999999999164,0.3699283721298235,3
147.19999999999163,0.3668538379667244,3
147.29999999999163,0.36380582121353333,3
147.39999999999162,0.3607578044603435,3
147.49999999999162,0.357686474059521,3
147.5999999999916,0.35457788069678936,3
147.6999999999916,0.3515138779389925,3
147.7999999999916,0.3484833200614305,3
147.8999999999916,0.34545276218387033,3
147.9999999999916,0.3427672583640225,3
148.09999999999158,0.3402080727061012,3
148.19999999999158,0.3376488870481906,3
148.29999999999157,0.33520297856609155,3
148.39999999999156,0.3327570700840013,3
148.49999999999156,0.33025431357313767,3
148.59999999999155,0.3278310987560998,3
148.69999999999155,0.32552056795686307,3
148.79999999999154,0.32351819787567476,3
148.89999999999154,0.3212574017260848,3
148.99999999999153,0.3190650390850523,3
149.09999999999152,0.31687267644402567,3
149.19999999999152,0.31480647214708296,3
149.2999999999915,0.31266800321477967,3
149.3999999999915,0.3111808063388484,3
149.4999999999915,0.30884549124606503,3
149.5999999999915,0.30648679736564266,3
149.6999999999915,0.3040899220794632,3
149.79999999999148,0.30296554842638584,3
149.89999999999148,0.3014483862547718,3
149.99999999999147,0.30289836443963575,3
150.09999999999147,0.304364140073529,3
150.19999999999146,0.3059002782718831,3
150.29999999999146,0.3049167489161605,3
150.39999999999145,0.3039892838742815,3
150.49999999999145,0.3030776162811837,3
150.59999999999144,0.30214581871652596,3
150.69999999999143,0.3011679299403024,3
150.79999999999143,0.3007997740192057,3
150.89999999999142,0.30043161809816105,3
150.99999999999142,0.3000634621771165,3
151.0999999999914,0.29978100272808006,3
151.1999999999914,0.29910967537604377,3
151.2999999999914,0.29856740676519494,3
151.3999999999914,0.2980566079336205,3
151.4999999999914,0.29786633717066485,3
151.59999999999138,0.2972813602008887,3
151.69999999999138,0.29671068338170553,3
151.79999999999137,0.2961400065625238,3
151.89999999999137,0.2961921693262,3
151.99999999999136,0.29567042726528553,3
152.09999999999135,0.2951369292753307,3
152.19999999999135,0.2945407884234463,3
152.29999999999134,0.2941517689196632,3
152.39999999999134,0.2936826791754909,3
152.49999999999133,0.293158614734383,3
152.59999999999133,0.29225652575792593,3
152.69999999999132,0.2912917939195075,3
152.79999999999131,0.29047386212504306,3
152.8999999999913,0.28964890881508354,3
152.9999999999913,0.2887558690699078,3
153.0999999999913,0.2878628293247261,3
153.1999999999913,0.2878968502491949,3
153.2999999999913,0.28648473522006773,3
153.39999999999128,0.28507262019081425,3
153.49999999999127,0.28366050516156077,3
153.59999999999127,0.2824139720446858,3
153.69999999999126,0.2809934523819542,3
153.79999999999126,0.2795931996661281,3
153.89999999999125,0.27889373214913465,3
153.99999999999125,0.27889504983103364,3
154.09999999999124,0.27894693355193634,3
154.19999999999123,0.27904938331178597,3
154.29999999999123,0.27919417080964587,3
154.39999999999122,0.2793369786467698,3
154.49999999999122,0.2796541114492259,3
154.5999999999912,0.27988618811845906,3
154.6999999999912,0.2770647267885798,3
154.7999999999912,0.27421403433242914,3
154.8999999999912,0.2744894270499225,3
154.9999999999912,0.274778177639621,3
155.09999999999118,0.2752100575931012,3
155.19999999999118,0.27627381999947587,3
155.29999999999117,0.27733758240590595,3
155.39999999999117,0.27857243464415876,3
155.49999999999116,0.2797085531775296,3
155.59999999999116,0.2806946630966141,3
155.69999999999115,0.28183078162996283,3
155.79999999999114,0.2829203447457939,3
155.89999999999114,0.28345824688968396,3
155.99999999999113,0.28406581175809703,3
156.09999999999113,0.28476358292901954,3
156.19999999999112,0.28538335016577565,3
156.29999999999112,0.2859882891143603,3
156.3999999999911,0.28653582440720354,3
156.4999999999911,0.2872156076064224,3
156.5999999999911,0.2878793242692878,3
156.6999999999911,0.2885106526955427,3
156.7999999999911,0.2890980082649032,3
156.89999999999108,0.28968536383425986,3
156.99999999999108,0.29047425350262596,3
157.09999999999107,0.29102292530392465,3
157.19999999999106,0.29156394848204503,3
157.29999999999106,0.2921049716601645,3
157.39999999999105,0.2926508590625769,3
157.49999999999105,0.29230391795090577,3
157.59999999999104,0.2919399119066124,3
157.69999999999104,0.29153724418323546,3
157.79999999999103,0.2911785587748583,3
157.89999999999102,0.2908741997376096,3
157.99999999999102,0.2914696805300139,3
158.099999999991,0.2926606748136671,3
158.199999999991,0.2938516690973737,3
158.299999999991,0.29511492801645156,3
158.399999999991,0.29635053472841666,3
158.499999999991,0.29758614144037915,3
158.59999999999098,0.2988217481523417,3
158.69999999999098,0.3000573548643043,3
158.79999999999097,0.300679686625215,3
158.89999999999097,0.30137213995009315,3
158.99999999999096,0.29921303414533823,3
159.09999999999096,0.2971406982089712,3
159.19999999999095,0.294997999708153,3
159.29999999999094,0.2956191417280914,3
159.39999999999094,0.2961795224975572,3
159.49999999999093,0.29672410581824116,3
159.59999999999093,0.29725289169014746,3
159.69999999999092,0.2978324971603656,3
159.79999999999092,0.2985144963943058,3
159.8999999999909,0.2991675565648941,3
159.9999999999909,0.2998206167354797,3
160.0999999999909,0.30050385047551736,3
160.1999999999909,0.30115892929018717,3
160.2999999999909,0.3022430515910313,3
160.39999999999088,0.30332717389191477,3
160.49999999999088,0.3039834027475166,3
160.59999999999087,0.30464932960427643,3
160.69999999999087,0.305407688225676,3
160.79999999999086,0.3060853157776758,3
160.89999999999085,0.306714008571455,3
160.99999999999085,0.30734270136522973,3
161.09999999999084,0.3079537517250106,3
161.19999999999084,0.3086274449467182,3
161.29999999999083,0.3091601872668325,3
161.39999999999083,0.30966477749672444,3
161.49999999999082,0.31021156284783863,3
161.5999999999908,0.3112414972444136,3
161.6999999999908,0.31230716600389546,3
161.7999999999908,0.31348826848257505,3
161.8999999999908,0.3147071139926945,3
161.9999999999908,0.3160246838868646,3
162.09999999999079,0.31737297529696534,3
162.19999999999078,0.3183656571949387,3
162.29999999999077,0.31923132916007096,3
162.39999999999077,0.320259214841526,3
162.49999999999076,0.32131998702991055,3
162.59999999999076,0.32236846038152217,3
162.69999999999075,0.32267279649327096,3
162.79999999999075,0.32296509395896733,3
162.89999999999074,0.32328538292374126,3
162.99999999999073,0.3236612020477057,3
163.09999999999073,0.3236099889611,3
163.19999999999072,0.32349558710061616,3
163.29999999999072,0.323338847502121,3
163.3999999999907,0.3233113663329356,3
163.4999999999907,0.32319723002701156,3
163.5999999999907,0.3243114196252324,3
163.6999999999907,0.3254256092235675,3
163.7999999999907,0.3265322138533367,3
163.89999999999068,0.32763310899427606,3
163.99999999999068,0.3286211334338108,3
164.09999999999067,0.32952539753015114,3
164.19999999999067,0.32995800269501635,3
164.29999999999066,0.3304879138419547,3
164.39999999999065,0.33102097634893374,3
164.49999999999065,0.33166139208205797,3
164.59999999999064,0.3325248037280097,3
164.69999999999064,0.3332072092544801,3
164.79999999999063,0.33388961478093354,3
164.89999999999063,0.33504667950160094,3
164.99999999999062,0.33620374422231286,3
165.09999999999062,0.3374996839318345,3
165.1999999999906,0.3387498863355234,3
165.2999999999906,0.3399983736263165,3
165.3999999999906,0.34130426457284974,3
165.4999999999906,0.34276602120322514,3
165.5999999999906,0.3442438443699804,3
165.69999999999058,0.3457094651684083,3
165.79999999999058,0.3474094889082086,3
165.89999999999057,0.34907513415208785,3
165.99999999999056,0.35082732569992564,3
166.09999999999056,0.35271536138297765,3
166.19999999999055,0.35461104568919927,3
166.29999999999055,0.356506729995421,3
166.39999999999054,0.35872948013453193,3
166.49999999999054,0.3619643835778131,3
166.59999999999053,0.36511603773513807,3
166.69999999999052,0.3679484975655767,3
166.79999999999052,0.37081629096673635,3
166.8999999999905,0.373682806417349,3
166.9999999999905,0.3755810485297393,3
167.0999999999905,0.3768837771508726,3
167.1999999999905,0.37818650577194957,3
167.2999999999905,0.37977048652928574,3
167.39999999999048,0.3812894569003736,3
167.49999999999048,0.38280842727145536,3
167.59999999999047,0.3843212798891236,3
167.69999999999047,0.38494885352432884,3
167.79999999999046,0.38621401331837957,3
167.89999999999046,0.3873932540996929,3
167.99999999999045,0.38869670347298696,3
168.09999999999044,0.38991860956349234,3
168.19999999999044,0.39218103350114536,3
168.29999999999043,0.39444345743889714,3
168.39999999999043,0.39674174419972935,3
168.49999999999042,0.39904003096056484,3
168.59999999999042,0.4010224464331289,3
168.6999999999904,0.4029844990601574,3
168.7999999999904,0.40484415792346623,3
168.8999999999904,0.4066822381785162,3
168.9999999999904,0.40852030861523475,3
169.0999999999904,0.410476195368821,3
169.19999999999038,0.4124493876868775,3
169.29999999999038,0.41399353651876,3
169.39999999999037,0.41553768535060187,3
169.49999999999037,0.417141710519264,3
169.59999999999036,0.41873603768673506,3
169.69999999999035,0.42025167309600003,3
169.79999999999035,0.4218480395746646,3
169.89999999999034,0.4233874186184656,3
169.99999999999034,0.42494331677148406,3
170.09999999999033,0.42649921492450416,3
170.19999999999033,0.42805511307752414,3
170.29999999999032,0.42954484078403726,3
170.3999999999903,0.4304405462742875,3
170.4999999999903,0.431301078158763,3
170.5999999999903,0.4320526539025249,3
170.6999999999903,0.43283113814534196,3
170.7999999999903,0.43353431265316605,3
170.89999999999029,0.434222180197864,3
170.99999999999028,0.435121856489322,3
171.09999999999027,0.43599081126487915,3
171.19999999999027,0.43663488059347766,3
171.29999999999026,0.43706649899168964,3
171.39999999999026,0.4373377202477284,3
171.49999999999025,0.437576054996837,3
171.59999999999025,0.4378272903532954,3
171.69999999999024,0.4388758932885142,3
171.79999999999023,0.44002754926121956,3
171.89999999999023,0.441041458987004,3
171.99999999999022,0.4420278300526657,3
172.09999999999022,0.44347845418629867,3
172.1999999999902,0.4446488917918356,3
172.2999999999902,0.44584342838217705,3
172.3999999999902,0.44691068620394797,3
172.4999999999902,0.4479779440257063,3
172.5999999999902,0.4478718094996963,3
172.69999999999018,0.4477834445433393,3
172.79999999999018,0.4476616475964276,3
172.89999999999017,0.4475277039004442,3
172.99999999999017,0.4474731970221786,3
173.09999999999016,0.4473893313217985,3
173.19999999999015,0.4471630116697727,3
173.29999999999015,0.446857155605384,3
173.39999999999014,0.44656906911075517,3
173.49999999999014,0.4463113871952653,3
173.59999999999013,0.44554844473318367,3
173.69999999999013,0.44496454573806704,3
173.79999999999012,0.4443806467429683,3
173.89999999999011,0.44362642338928837,3
173.9999999999901,0.4428722000355918,3
174.0999999999901,0.441979101693086,3
174.1999999999901,0.4411583390546316,3
174.2999999999901,0.44042287855670853,3
174.3999999999901,0.4396874180587938,3
174.49999999999008,0.4387589017044915,3
174.59999999999008,0.4378303853501703,3
174.69999999999007,0.43690186899584904,3
174.79999999999006,0.4355712427612839,3
174.89999999999006,0.43423965776660295,3
174.99999999999005,0.43279584862287446,3
175.09999999999005,0.43133009504911674,3
175.19999999999004,0.4297543748066641,3
175.29999999999004,0.42817865456420084,3
175.39999999999003,0.4262710042645579,3
175.49999999999002,0.4242064392470984,3
175.59999999999002,0.4231341691502055,3
175.69999999999,0.4224925214849998,3
175.79999999999,0.42181554024908546,3
175.89999999999,0.42113983696371843,3
175.99999999999,0.42034658127825764,3
176.09999999999,0.41958583482697126,3
176.19999999998998,0.41885759760987423,3
176.29999999998998,0.4178806174907084,3
176.39999999998997,0.41608061395106816,3
176.49999999998997,0.4143208763657317,3
176.59999999998996,0.4126075224881991,3
176.69999999998996,0.4117819823733435,3
176.79999999998995,0.41092409032212,3
176.89999999998994,0.4100739549910933,3
176.99999999998994,0.4092526004148886,3
177.09999999998993,0.4084179785242663,3
177.19999999998993,0.406524172511808,3
177.29999999998992,0.40466570637663835,3
177.39999999998992,0.4024096997702225,3
177.4999999999899,0.40015369316376653,3
177.5999999999899,0.3982135578455805,3
177.6999999999899,0.39628905698618205,3
177.7999999999899,0.3943645561267859,3
177.8999999999899,0.39282624768656066,3
177.99999999998988,0.3912879490647034,3
178.09999999998988,0.3896318341259794,3
178.19999999998987,0.387913851770711,3
178.29999999998986,0.3864401185800252,3
178.39999999998986,0.3849663853893635,3
178.49999999998985,0.38377926564310805,3
178.59999999998985,0.38259316635921975,3
178.69999999998984,0.3813708339807131,3
178.79999999998984,0.3801485016022031,3
178.89999999998983,0.3789831566585644,3
178.99999999998983,0.377764197988139,3
179.09999999998982,0.3766076854779303,3
179.1999999999898,0.3757219601189672,3
179.2999999999898,0.3748362347600321,3
179.3999999999898,0.37457970522306744,3
179.4999999999898,0.37431212880916154,3
179.5999999999898,0.3740483840258511,3
179.69999999998979,0.3737846392425411,3
179.79999999998978,0.37348030927574194,3
179.89999999998977,0.3731605647561364,3
179.99999999998977,0.37265268061196455,3
180.09999999998976,0.3724720616594496,3
180.19999999998976,0.3722914427069681,3
180.29999999998975,0.3724138085618638,3
180.39999999998975,0.3725343578426099,3
180.49999999998974,0.37265490712335575,3
180.59999999998973,0.3727318342808276,3
180.69999999998973,0.3728439893679369,3
180.79999999998972,0.3729008353390973,3
180.89999999998972,0.37309542755718267,3
180.9999999999897,0.3736587941546963,3
181.0999999999897,0.3741426021568424,3
181.1999999999897,0.3749001897787498,3
181.2999999999897,0.37563367841585277,3
181.3999999999897,0.37636716705295353,3
181.49999999998968,0.3771006556900543,3
181.59999999998968,0.377811082499101,3
181.69999999998967,0.37845653372490945,3
181.79999999998967,0.3794260366844249,3
181.89999999998966,0.38045447451665204,3
181.99999999998965,0.38143339185000275,3
182.09999999998965,0.3824416680054705,3
182.19999999998964,0.3834321745911735,3
182.29999999998964,0.3844049116071067,3
182.39999999998963,0.38534121305947666,3
182.49999999998963,0.3860309597453033,3
182.59999999998962,0.386399825682291,3
182.69999999998961,0.38785773314730027,3
182.7999999999896,0.38931564061242224,3
182.8999999999896,0.3909792296464774,3
182.9999999999896,0.392642818680554,3
183.0999999999896,0.3950891049401482,3
183.1999999999896,0.39748136326384237,3
183.29999999998958,0.3997806720110582,3
183.39999999998957,0.4008527555062326,3
183.49999999998957,0.40194563248541965,3
183.59999999998956,0.4038515098883004,3
183.69999999998956,0.40581415370512164,3
183.79999999998955,0.4079445044608189,3
183.89999999998955,0.410110192472553,3
183.99999999998954,0.41223629719069016,3
184.09999999998954,0.4143624019088233,3
184.19999999998953,0.4148612283815401,3
184.29999999998952,0.41533198408280825,3
184.39999999998952,0.41580273978407356,3
184.4999999999895,0.4164095410178122,3
184.5999999999895,0.41610729661703943,3
184.6999999999895,0.4156936241114602,3
184.7999999999895,0.4153156254330888,3
184.8999999999895,0.414952617805036,3
184.99999999998948,0.4147221536273928,3
185.09999999998948,0.41474226520221547,3
185.19999999998947,0.4147448585931934,3
185.29999999998947,0.4147299338002984,3
185.39999999998946,0.4148356226364505,3
185.49999999998946,0.4149010455182292,3
185.59999999998945,0.41498352586656484,3
185.69999999998944,0.41517811537096394,3
185.79999999998944,0.41547959209145074,3
185.89999999998943,0.4158879560280246,3
185.99999999998943,0.4162503521941807,3
186.09999999998942,0.41661519086459836,3
186.19999999998942,0.41700889503416777,3
186.2999999999894,0.4173774585508121,3
186.3999999999894,0.41826786896968043,3
186.4999999999894,0.4192729233248802,3
186.5999999999894,0.420277977680092,3
186.6999999999894,0.42129182631145184,3
186.79999999998938,0.4223263815519007,3
186.89999999998938,0.4227737746810323,3
186.99999999998937,0.4232211678101016,3
187.09999999998936,0.4236754472203914,3
187.19999999998936,0.4241010748292528,3
187.29999999998935,0.42428245327352426,3
187.39999999998935,0.42446383171776964,3
187.49999999998934,0.42464521016201506,3
187.59999999998934,0.42496207498368044,3
187.69999999998933,0.4252871327429187,3
187.79999999998932,0.4249642643187766,3
187.89999999998932,0.4246554211529183,3
187.9999999999893,0.42438367260463083,3
188.0999999999893,0.4234809486071658,3
188.1999999999893,0.42230743745839544,3
188.2999999999893,0.42113392630959634,3
188.3999999999893,0.42033339237137896,3
188.49999999998929,0.4205510482360158,3
188.59999999998928,0.4207687041007618,3
188.69999999998927,0.4208129606126612,3
188.79999999998927,0.4207571843905377,3
188.89999999998926,0.42070140816840335,3
188.99999999998926,0.42055918195574216,3
189.09999999998925,0.42008969055139717,3
189.19999999998925,0.41962019914701704,3
189.29999999998924,0.41918718379843006,3
189.39999999998923,0.4186749540553604,3
189.49999999998923,0.4181302846897894,3
189.59999999998922,0.417585615324215,3
189.69999999998922,0.4175392244716645,3
189.7999999999892,0.41744508969771205,3
189.8999999999892,0.41709165504591955,3
189.9999999999892,0.4163694460146867,3
190.0999999999892,0.4155644845579669,3
190.1999999999892,0.414655889768093,3
190.29999999998918,0.4137472949782081,3
190.39999999998918,0.41283870018832297,3
190.49999999998917,0.4119301053984379,3
190.59999999998917,0.4110302601470264,3
190.69999999998916,0.41017762090908355,3
190.79999999998915,0.4092563056610686,3
190.89999999998915,0.40825828597060054,3
190.99999999998914,0.4071866474665453,3
191.09999999998914,0.406106567151723,3
191.19999999998913,0.4050180450261405,3
191.29999999998913,0.40392108108979835,3
191.39999999998912,0.4028343413364894,3
191.49999999998911,0.40193974961402684,3
191.5999999999891,0.4017389168552669,3
191.6999999999891,0.40071587213827864,3
191.7999999999891,0.39967240107779484,3
191.8999999999891,0.3986289300173085,3
191.9999999999891,0.3975854589568222,3
192.09999999998908,0.395333173898766,3
192.19999999998907,0.3930961160100113,3
192.29999999998907,0.39085905812125904,3
192.39999999998906,0.38984922548453227,3
192.49999999998906,0.38901244536001717,3
192.59999999998905,0.3875683098859551,3
192.69999999998905,0.3860674079979712,3
192.79999999998904,0.3845665061099815,3
192.89999999998903,0.3830656042219915,3
192.99999999998903,0.3816871079462228,3
193.09999999998902,0.38058852376220004,3
193.19999999998902,0.38091165864891635,3
193.299999999989,0.3815388005450959,3
193.399999999989,0.3823303044846913,3
193.499999999989,0.38330703965299584,3
193.599999999989,0.3842837748213208,3
193.699999999989,0.3852694971904849,3
193.79999999998898,0.38621954573243067,3
193.89999999998898,0.38715460322405787,3
193.99999999998897,0.3880452018760286,3
194.09999999998897,0.3886881392040779,3
194.19999999998896,0.3893160854817852,3
194.29999999998896,0.39021755295710187,3
194.39999999998895,0.3917033518572297,3
194.49999999998894,0.39318915075742217,3
194.59999999998894,0.3946176262366676,3
194.69999999998893,0.39593145777963096,3
194.79999999998893,0.3971035561675536,3
194.89999999998892,0.3981610106191855,3
194.99999999998892,0.39925667612103305,3
195.0999999999889,0.4004847325462093,3
195.1999999999889,0.4018198379133704,3
195.2999999999889,0.4028897348548957,3
195.3999999999889,0.40386412659383203,3
195.4999999999889,0.4047238743964823,3
195.59999999998888,0.4055592283522819,3
195.69999999998888,0.4063857880319311,3
195.79999999998887,0.40719164110249056,3
195.89999999998886,0.4082808844499879,3
195.99999999998886,0.40960139819935604,3
196.09999999998885,0.4109150256675293,3
196.19999999998885,0.41230186678920383,3
196.29999999998884,0.41337924228755657,3
196.39999999998884,0.41443910086441993,3
196.49999999998883,0.4155460815130048,3
196.59999999998882,0.41658595374479984,3
196.69999999998882,0.41767294804831084,3
196.7999999999888,0.41945499060692776,3
196.8999999999888,0.4211436281963583,3
196.9999999999888,0.4228793878575019,3
197.0999999999888,0.42493372191848283,3
197.1999999999888,0.4269880559794994,3
197.29999999998878,0.4290423900405154,3
197.39999999998878,0.4307237468909519,3
197.49999999998877,0.43139796081554255,3
197.59999999998877,0.43215233080823845,3
197.69999999998876,0.4329715578713382,3
197.79999999998876,0.43378975810079573,3
197.89999999998875,0.4345071668811317,3
197.99999999998875,0.4351558435647445,3
198.09999999998874,0.4358122710816787,3
198.19999999998873,0.43646869859861354,3
198.29999999998873,0.437128191476914,3
198.39999999998872,0.4378699641110666,3
198.49999999998872,0.43842614044715394,3
198.5999999999887,0.4389853821445861,3
198.6999999999887,0.43901400532789764,3
198.7999999999887,0.439013958750927,3
198.8999999999887,0.43927188279836077,3
198.9999999999887,0.4394073768609024,3
199.09999999998868,0.4395031933639559,3
199.19999999998868,0.4396074711594311,3
199.29999999998867,0.4395893189699862,3
199.39999999998867,0.4395742321418932,3
199.49999999998866,0.4396173094169475,3
199.59999999998865,0.43965999477318657,3
199.69999999998865,0.4397057454907915,3
199.79999999998864,0.4396433996996094,3
199.89999999998864,0.4395841192697807,3
199.99999999998863,0.4396015230148964,3
200.09999999998863,0.43963043393214574,3
200.19999999998862,0.4394782346588734,3
200.29999999998861,0.4394026414460627,3
200.3999999999886,0.4391279095548803,3
200.4999999999886,0.43907533068630505,3
200.5999999999886,0.43893520359802674,3
200.6999999999886,0.43853327495384636,3
200.7999999999886,0.43810661387924005,3
200.89999999998858,0.43768301816599636,3
200.99999999998857,0.4372193250679437,3
201.09999999998857,0.43688727978278236,3
201.19999999998856,0.4365582998590017,3
201.29999999998856,0.4365283515278042,3
201.39999999998855,0.4365014685580064,3
201.49999999998855,0.4360128265263632,3
201.59999999998854,0.4353216047819121,3
201.69999999998853,0.4346580863153951,3
201.79999999998853,0.43399763321024726,3
201.89999999998852,0.4332508882451857,3
201.99999999998852,0.43271406576419996,3
202.0999999999885,0.4315832483521527,3
202.1999999999885,0.4310881703455127,3
202.2999999999885,0.4300030732615636,3
202.3999999999885,0.42875667949553087,3
202.4999999999885,0.42734898904746377,3
202.59999999998848,0.42601643811240186,3
202.69999999998848,0.42467172635108197,3
202.79999999998847,0.42332701458976096,3
202.89999999998847,0.4219823028284395,3
202.99999999998846,0.4206670588564583,3
203.09999999998846,0.4193163912217606,3
203.19999999998845,0.4179647476576051,3
203.29999999998844,0.41632459184552534,3
203.39999999998844,0.41470730563151886,3
203.49999999998843,0.4130146056379447,3
203.59999999998843,0.41142737165502874,3
203.69999999998842,0.4098350550005064,3
203.79999999998842,0.40826474489311754,3
203.8999999999884,0.406689352114112,3
203.9999999999884,0.4051139593351061,3
204.0999999999884,0.40339597640830965,3
204.1999999999884,0.4015607453150604,3
204.2999999999884,0.39995467959888664,3
204.39999999998838,0.39841677708311557,3
204.49999999998838,0.3970140266353668,3
204.59999999998837,0.3956356700344715,3
204.69999999998836,0.3941570325399855,3
204.79999999998836,0.39267839504548824,3
204.89999999998835,0.3911678546378103,3
204.99999999998835,0.38942604382829066,3
205.09999999998834,0.3876617795508706,3
205.19999999998834,0.3858975152734479,3
205.29999999998833,0.38443324297339593,3
205.39999999998832,0.38323117935330675,3
205.49999999998832,0.38197252001556725,3
205.5999999999883,0.38063498860890127,3
205.6999999999883,0.3792408614845451,3
205.7999999999883,0.3777901386425018,3
205.8999999999883,0.3763891399341208,3
205.9999999999883,0.37494101915402256,3
206.09999999998828,0.3737428532630422,3
206.19999999998828,0.373095049251851,3
206.29999999998827,0.3720418410850132,3
206.39999999998827,0.3709943212081246,3
206.49999999998826,0.36995248962123345,3
206.59999999998826,0.36881766678010247,3
206.69999999998825,0.3677970745114078,3
206.79999999998824,0.366890712815174,3
206.89999999998824,0.36610981554049404,3
206.99999999998823,0.36543539800494723,3
207.09999999998823,0.36484497786292386,3
207.19999999998822,0.3641420802218858,3
207.29999999998822,0.3634418055094662,3
207.3999999999882,0.3627525659479685,3
207.4999999999882,0.3622897745293286,3
207.5999999999882,0.36183232997164033,3
207.6999999999882,0.3614216508620706,3
207.7999999999882,0.36103964151272877,3
207.89999999998818,0.3615158054239793,3
207.99999999998818,0.3621643694571266,3
208.09999999998817,0.36293536347521477,3
208.19999999998817,0.36279165936189967,3
208.29999999998816,0.3628006971845306,3
208.39999999998815,0.36280666964581404,3
208.49999999998815,0.3627544780039503,3
208.59999999998814,0.36280734370457585,3
208.69999999998814,0.3636098917201913,3
208.79999999998813,0.3643061774801712,3
208.89999999998813,0.36502306291787173,3
208.99999999998812,0.36574338811643914,3
209.0999999999881,0.3655055732919612,3
209.1999999999881,0.36548097550774944,3
209.2999999999881,0.36541187851293894,3
209.3999999999881,0.36557402704636033,3
209.4999999999881,0.36543291770308467,3
209.59999999998809,0.36531240803750586,3
209.69999999998808,0.36521249804966277,3
209.79999999998807,0.36521046786895434,3
209.89999999998807,0.3652290373659906,3
209.99999999998806,0.3651936896955224,3
210.09999999998806,0.3654764760233033,3
210.19999999998805,0.3657561969897565,3
210.29999999998805,0.3661250044007447,3
210.39999999998804,0.366490746450378,3
210.49999999998803,0.3671493893698608,3
210.59999999998803,0.3678154620758982,3
210.69999999998802,0.3684538315039794,3
210.79999999998802,0.36912967520045065,3
210.899999999988,0.36982435256549806,3
210.999999999988,0.37019815776429726,3
211.099999999988,0.3706520103144997,3
211.199999999988,0.37078564930262736,3
211.299999999988,0.3712333711300695,3
211.39999999998798,0.3716571284921817,3
211.49999999998798,0.37207208922421103,3
211.59999999998797,0.3724061791745015,3
211.69999999998797,0.3727377114814952,3
211.79999999998796,0.3730547091157243,3
211.89999999998795,0.37339176997476037,3
211.99999999998795,0.3735817895625204,3
212.09999999998794,0.3737718091502628,3
212.19999999998794,0.373947971920846,3
212.29999999998793,0.37412413469142747,3
212.39999999998793,0.37439550623051243,3
212.49999999998792,0.37474229154917893,3
212.59999999998792,0.37471017591606004,3
212.6999999999879,0.3746831429545139,3
212.7999999999879,0.3744310905788171,3
212.8999999999879,0.37450843051812593,3
212.9999999999879,0.37457163768742546,3
213.0999999999879,0.3746348448567232,3
213.19999999998788,0.37469805202602097,3
213.29999999998788,0.37482669895456694,3
213.39999999998787,0.37486748243319257,3
213.49999999998786,0.37446084475298713,3
213.59999999998786,0.37388339891677913,3
213.69999999998785,0.3734062339741433,3
213.79999999998785,0.37291547455184393,3
213.89999999998784,0.3722795493444466,3
213.99999999998784,0.3716436241370317,3
214.09999999998783,0.37103015239749015,3
214.19999999998782,0.3704166806579514,3
214.29999999998782,0.3698126825643706,3
214.3999999999878,0.3690593656992182,3
214.4999999999878,0.36830207489491934,3
214.5999999999878,0.367582744125962,3
214.6999999999878,0.3668785858381762,3
214.7999999999878,0.3661896000315594,3
214.89999999998778,0.36553596863739557,3
214.99999999998778,0.3648880360784452,3
215.09999999998777,0.363911866925634,3
215.19999999998777,0.3623910347282348,3
215.29999999998776,0.36141237266711146,3
215.39999999998776,0.36042802231605736,3
215.49999999998775,0.35957986869531466,3
215.59999999998774,0.35874455026061147,3
215.69999999998774,0.3579035435359131,3
215.79999999998773,0.35705684852121733,3
215.89999999998773,0.35600807741287843,3
215.99999999998772,0.3549536180145177,3
216.09999999998772,0.3537340996035969,3
216.1999999999877,0.3528272276746384,3
216.2999999999877,0.3519146674557216,3
216.3999999999877,0.35107225043152274,3
216.4999999999877,0.350221421185042,3
216.5999999999877,0.34936217971626976,3
216.69999999998768,0.3485029382474964,3
216.79999999998768,0.34764369677872337,3
216.89999999998767,0.34614098603817595,3
216.99999999998766,0.34454167909467365,3
217.09999999998766,0.3431018104085786,3
217.19999999998765,0.3427840054669282,3
217.29999999998765,0.3424358885742828,3
217.39999999998764,0.34193994948883016,3
217.49999999998764,0.34144401040335937,3
217.59999999998763,0.3413163483902697,3
217.69999999998763,0.3404359387008862,3
217.79999999998762,0.3394943143327322,3
217.8999999999876,0.3385290249254717,3
217.9999999999876,0.33770452814275437,3
218.0999999999876,0.3378167599477872,3
218.1999999999876,0.3379053267138376,3
218.2999999999876,0.3382216007214304,3
218.39999999998759,0.33876558197059686,3
218.49999999998758,0.33961316658714474,3
218.59999999998757,0.34043708616463175,3
218.69999999998757,0.34123734070301714,3
218.79999999998756,0.34198487420806956,3
218.89999999998756,0.34278400461288844,3
218.99999999998755,0.34317631917730784,3
219.09999999998755,0.3434864801251087,3
219.19999999998754,0.34379664107289926,3
219.29999999998753,0.3436655464610909,3
219.39999999998753,0.3434563504787799,3
219.49999999998752,0.3432471544964592,3
219.59999999998752,0.34302746336625334,3
219.6999999999875,0.34280777223604625,3
219.7999999999875,0.3425749800572815,3
219.8999999999875,0.3424370846510578,3
219.9999999999875,0.3423266129958325,3
220.0999999999875,0.342771794848582,3
220.19999999998748,0.34321697670140106,3
220.29999999998748,0.3435820933991116,3
220.39999999998747,0.3439681092008143,3
220.49999999998747,0.34435985627123405,3
220.59999999998746,0.34475733461036895,3
220.69999999998745,0.345160544218219,3
220.79999999998745,0.34554517267639717,3
220.89999999998744,0.3455174961123832,3
220.99999999998744,0.345636860819595,3
221.09999999998743,0.34575622552682533,3
221.19999999998743,0.34594597667692417,3
221.29999999998742,0.34613572782703184,3
221.39999999998741,0.34632547897713956,3
221.4999999999874,0.3465152301272474,3
221.5999999999874,0.34685764547355297,3
221.6999999999874,0.3471446646168806,3
221.7999999999874,0.3475795679574,3
221.8999999999874,0.34765236534898736,3
221.99999999998738,0.3477014992050403,3
222.09999999998738,0.34780440163346005,3
222.19999999998737,0.3478695077563487,3
222.29999999998736,0.3478572216385369,3
222.39999999998736,0.3478071392151773,3
222.49999999998735,0.34800661978691183,3
222.59999999998735,0.348209990142403,3
222.69999999998734,0.3483873522202727,3
222.79999999998734,0.348552300500193,3
222.89999999998733,0.3488364062875851,3
222.99999999998732,0.34909450379737034,3
223.09999999998732,0.34932659302953023,3
223.1999999999873,0.3495326739840649,3
223.2999999999873,0.3497127466609742,3
223.3999999999873,0.34973630426399693,3
223.4999999999873,0.3495189813461576,3
223.5999999999873,0.3492353757333655,3
223.69999999998728,0.34890827497981775,3
223.79999999998728,0.3485376790855173,3
223.89999999998727,0.348123588050464,3
223.99999999998727,0.34747943816286603,3
224.09999999998726,0.3471635248690985,3
224.19999999998726,0.3468351089153772,3
224.29999999998725,0.34624139773524987,3
224.39999999998724,0.34572565311603415,3
224.49999999998724,0.34504697237766174,3
224.59999999998723,0.34436829163926846,3
224.69999999998723,0.3436758415350784,3
224.79999999998722,0.34281903604101593,3
224.89999999998722,0.3421396336681544,3
224.9999999999872,0.3414602312953155,3
225.0999999999872,0.34080196021505865,3
225.1999999999872,0.3398913406587087,3
225.2999999999872,0.33892854160918867,3
225.3999999999872,0.3377594597405112,3
225.49999999998718,0.33643443058463,3
225.59999999998718,0.33505722193559073,3
225.69999999998717,0.3337537782724754,3
225.79999999998716,0.332398155116232,3
225.89999999998716,0.33077697773145964,3
225.99999999998715,0.32915024691951605,3
226.09999999998715,0.32736407785015337,3
226.19999999998714,0.32550890405965965,3
226.29999999998714,0.323538767970793,3
226.39999999998713,0.32171645407471355,3
226.49999999998712,0.3198941401786531,3
226.59999999998712,0.3175954265063527,3
226.6999999999871,0.315296712833991,3
226.7999999999871,0.313558618848969,3
226.8999999999871,0.3118882668427753,3
226.9999999999871,0.3100895665293025,3
227.0999999999871,0.30830921228975533,3
227.19999999998709,0.3064686976550081,3
227.29999999998708,0.3043768107396109,3
227.39999999998707,0.3020335515435379,3
227.49999999998707,0.29947623564493475,3
227.59999999998706,0.2970493894212382,3
227.69999999998706,0.29462553662647795,3
227.79999999998705,0.29218844090161694,3
227.89999999998705,0.28968522526784773,3
227.99999999998704,0.2876919820567541,3
228.09999999998703,0.28572257427692926,3
228.19999999998703,0.28384945970909364,3
228.29999999998702,0.2820386246937203,3
228.39999999998702,0.28047184846530043,3
228.499999999987,0.2789142142668774,3
228.599999999987,0.27736572209842086,3
228.699999999987,0.2758156713991519,3
228.799999999987,0.27424732414864716,3
228.899999999987,0.2723852023218298,3
228.99999999998698,0.2705054573781192,3
229.09999999998698,0.268313236444312,3
229.19999999998697,0.2663065136278405,3
229.29999999998697,0.26438899799646676,3
229.39999999998696,0.2627942507647906,3
229.49999999998695,0.2612102844963952,3
229.59999999998695,0.2596263182280012,3
229.69999999998694,0.2580423519596072,3
229.79999999998694,0.25644510785068375,3
229.89999999998693,0.25524010553913745,3
229.99999999998693,0.25403510322764244,3
230.09999999998692,0.2530254138140871,3
230.19999999998691,0.2519742769006647,3
230.2999999999869,0.2509541095519085,3
230.3999999999869,0.2500265356727469,3
230.4999999999869,0.2490989617935974,3
230.5999999999869,0.24829215865937615,3
230.6999999999869,0.24713517027717327,3
230.79999999998688,0.24606039978349425,3
230.89999999998687,0.24467517418602014,3
230.99999999998687,0.24333853890131985,3
231.09999999998686,0.24195892905153313,3
231.19999999998686,0.2416568433453445,3
231.29999999998685,0.24139255394483528,3
231.39999999998685,0.24116606084986889,3
231.49999999998684,0.24100227385061315,3
231.59999999998684,0.24093381735796685,3
231.69999999998683,0.24092482063521262,3
231.79999999998682,0.2404483177251726,3
231.89999999998682,0.2399834247769712,3
231.9999999999868,0.24020330632878797,3
232.0999999999868,0.24044919615831692,3
232.1999999999868,0.2408931461017647,3
232.2999999999868,0.24136310432286048,3
232.3999999999868,0.24192650081460298,3
232.49999999998678,0.2426441483261305,3
232.59999999998678,0.2433995921432163,3
232.69999999998677,0.24354666483550744,3
232.79999999998677,0.2434582251501963,3
232.89999999998676,0.24338103943454903,3
232.99999999998676,0.24352821373623215,3
233.09999999998675,0.24367538803794497,3
233.19999999998674,0.24381635024163884,3
233.29999999998674,0.24427290388764664,3
233.39999999998673,0.24451598486698614,3
233.49999999998673,0.24504265324373234,3
233.59999999998672,0.24647684302809938,3
233.69999999998672,0.24792480217838378,3
233.7999999999867,0.24855209427552882,3
233.8999999999867,0.24885917144487335,3
233.9999999999867,0.24916624861417525,3
234.0999999999867,0.2495255052766149,3
234.1999999999867,0.24993694143219924,3
234.29999999998668,0.25039458889499316,3
234.39999999998668,0.2509742754699374,3
234.49999999998667,0.2527199891320769,3
234.59999999998666,0.25451788228750954,3
234.69999999998666,0.2561385260473585,3
234.79999999998665,0.25781134930032096,3
234.89999999998665,0.25953635204642866,3
234.99999999998664,0.26131353428568094,3
235.09999999998664,0.2628864059647949,3
235.19999999998663,0.26444334673690073,3
235.29999999998662,0.26638473501652166,3
235.39999999998662,0.2683261232961944,3
235.4999999999866,0.27035133017494895,3
235.5999999999866,0.27233532868987065,3
235.6999999999866,0.27440314580386876,3
235.7999999999866,0.2760553765083,3
235.8999999999866,0.27772368383300167,3
235.99999999998658,0.27920349270734063,3
236.09999999998658,0.28068330158165433,3
236.19999999998657,0.2822232708511702,3
236.29999999998657,0.2840499960217466,3
236.39999999998656,0.2858767211923618,3
236.49999999998656,0.2875697395362786,3
236.59999999998655,0.28913228820524384,3
236.69999999998655,0.29020797856262215,3
236.79999999998654,0.2911370543747918,3
236.89999999998653,0.29205698815697684,3
236.99999999998653,0.2929677799091956,3
237.09999999998652,0.2943957035978623,3
237.19999999998652,0.29581036097715646,3
237.2999999999865,0.2972158763264831,3
237.3999999999865,0.29847324645651246,3
237.4999999999865,0.29972147455655657,3
237.5999999999865,0.30083151492344157,3
237.6999999999865,0.30194311382112143,3
237.79999999998648,0.30304557068883603,3
237.89999999998648,0.30442148346741305,3
237.99999999998647,0.30578825421606176,3
238.09999999998647,0.3072373123938703,3
238.19999999998646,0.3085063968505697,3
238.29999999998645,0.3096919716059114,3
238.39999999998645,0.3105547779615571,3
238.49999999998644,0.31141115668807995,3
238.59999999998644,0.31226753541460206,3
238.69999999998643,0.31312039902144734,3
238.79999999998643,0.31401965629125816,3
238.89999999998642,0.31491891356107543,3
238.99999999998641,0.31593779000550354,3
239.0999999999864,0.31676135355200913,3
239.1999999999864,0.31754734590475236,3
239.2999999999864,0.3182160247707188,3
239.3999999999864,0.31879211016707915,3
239.4999999999864,0.31936819556342694,3
239.59999999998638,0.32006639324893793,3
239.69999999998637,0.3211794291283067,3
239.79999999998637,0.3222924650077317,3
239.89999999998636,0.32375375229649855,3
239.99999999998636,0.3252840234439683,3
240.09999999998635,0.32684689736472167,3
240.19999999998635,0.32729619821415473,3
240.29999999998634,0.32774549906343564,3
240.39999999998633,0.32818586873575434,3
240.49999999998633,0.3286282658063145,3
240.59999999998632,0.3292689971227814,3
240.69999999998632,0.3298783043452606,3
240.7999999999863,0.33098315343089096,3
240.8999999999863,0.3321044282305536,3
240.9999999999863,0.33258849851939476,3
241.0999999999863,0.33309204579755913,3
241.1999999999863,0.33342556863767614,3
241.29999999998628,0.3334920060917182,3
241.39999999998628,0.3335261473620647,3
241.49999999998627,0.33366036571856045,3
241.59999999998627,0.3339190633093198,3
241.69999999998626,0.3348239283304301,3
241.79999999998626,0.33600210203468733,3
241.89999999998625,0.3371616380597007,3
241.99999999998624,0.3382728054432868,3
242.09999999998624,0.3398640982369245,3
242.19999999998623,0.3414684069534333,3
242.29999999998623,0.3428856534734015,3
242.39999999998622,0.3444384060991086,3
242.49999999998622,0.34572862242625896,3
242.5999999999862,0.34611131734579453,3
242.6999999999862,0.34649401226520493,3
242.7999999999862,0.34796276937036646,3
242.8999999999862,0.3496422441671922,3
242.9999999999862,0.35147595075184973,3
243.09999999998618,0.3533096573365287,3
243.19999999998618,0.35514336392120766,3
243.29999999998617,0.3569830386918211,3
243.39999999998616,0.35882271346243577,3
243.49999999998616,0.359568602077496,3
243.59999999998615,0.36002337620322256,3
243.69999999998615,0.36058163473856886,3
243.79999999998614,0.36137751561367826,3
243.89999999998614,0.36247450248431967,3
243.99999999998613,0.3635714893550029,3
244.09999999998612,0.36487278678583035,3
244.19999999998612,0.36617408421668624,3
244.2999999999861,0.3667683275965543,3
244.3999999999861,0.3673625709763244,3
244.4999999999861,0.3678729957570131,3
244.5999999999861,0.3687715843765113,3
244.6999999999861,0.36958635439698195,3
244.79999999998608,0.370338373313984,3
244.89999999998608,0.37100657363189615,3
244.99999999998607,0.37202189363697363,3
245.09999999998607,0.37306799598657,3
245.19999999998606,0.37395590580062593,3
245.29999999998606,0.37455705971360825,3
245.39999999998605,0.3751828978553789,3
245.49999999998604,0.37594244282385075,3
245.59999999998604,0.37670198779234126,3
245.69999999998603,0.3779434312692856,3
245.79999999998603,0.3793782321506815,3
245.89999999998602,0.3805331075294678,3
245.99999999998602,0.38187027158750103,3
246.099999999986,0.38253914497487607,3
246.199999999986,0.38346069990827986,3
246.299999999986,0.38438225484171856,3
246.399999999986,0.3852859975779564,3
246.499999999986,0.3861897403141918,3
246.59999999998598,0.387297162310092,3
246.69999999998598,0.38839036371210517,3
246.79999999998597,0.38948356511411614,3
246.89999999998597,0.3903945280456406,3
246.99999999998596,0.39135793095043714,3
247.09999999998595,0.39222990439611527,3
247.19999999998595,0.3932051966340239,3
247.29999999998594,0.3942548565433143,3
247.39999999998594,0.3954602413239625,3
247.49999999998593,0.39658520363960365,3
247.59999999998593,0.3977101659552333,3
247.69999999998592,0.39866266880087803,3
247.7999999999859,0.39968303958278345,3
247.8999999999859,0.40070341036469886,3
247.9999999999859,0.4016041619720041,3
248.0999999999859,0.40250491357929236,3
248.1999999999859,0.4034291301839538,3
248.29999999998589,0.4048145939626418,3
248.39999999998588,0.40622505917979695,3
248.49999999998587,0.40766052583535733,3
248.59999999998587,0.4088875796885749,3
248.69999999998586,0.41013037823731596,3
248.79999999998586,0.4113981782244605,3
248.89999999998585,0.4126909796500107,3
248.99999999998585,0.41392900464803456,3
249.09999999998584,0.41511395530502154,3
249.19999999998583,0.41639775263366646,3
249.29999999998583,0.41776308373829335,3
249.39999999998582,0.4190459143731069,3
249.49999999998582,0.4204848011067714,3
249.5999999999858,0.4218342580855221,3
249.6999999999858,0.42321900429136744,3
249.7999999999858,0.42459635572474674,3
249.8999999999858,0.4260089963852329,3
249.9999999999858,0.4274373919595062,3
250.09999999998578,0.4288463105443714,3
250.19999999998578,0.43033505282114654,3
250.29999999998577,0.4319438637758111,3
250.39999999998577,0.4335604417289824,3
250.49999999998576,0.4351847866806437,3
250.59999999998576,0.4366452632085059,3
250.69999999998575,0.438113506734834,3
250.79999999998574,0.439626904560016,3
250.89999999998574,0.44123063669918233,3
250.99999999998573,0.4425783890118364,3
251.09999999998573,0.4435109145362693,3
251.19999999998572,0.444508338682514,3
251.29999999998572,0.44552550715178557,3
251.3999999999857,0.446948885965807,3
251.4999999999857,0.4483920091029045,3
251.5999999999857,0.4498548765630224,3
251.6999999999857,0.45171421642470805,3
251.7999999999857,0.4535595045729736,3
251.89999999998568,0.4555340342804308,3
251.99999999998568,0.45720559412236433,3
252.09999999998567,0.45971951079476625,3
252.19999999998566,0.4622027808659297,3
252.29999999998566,0.4646860509370878,3
252.39999999998565,0.4671693210082468,3
252.49999999998565,0.4689589103445794,3
252.59999999998564,0.4710396141699933,3
252.69999999998564,0.4731832627023236,3
252.79999999998563,0.47504498258100875,3
252.89999999998562,0.47660559646415673,3
252.99999999998562,0.4780520500079362,3
253.0999999999856,0.47949850355169915,3
253.1999999999856,0.4809449570954622,3
253.2999999999856,0.4830448899710731,3
253.3999999999856,0.4851448228467787,3
253.4999999999856,0.4872447557224842,3
253.59999999998558,0.48896419091935633,3
253.69999999998558,0.49075082637503636,3
253.79999999998557,0.49246463480663744,3
253.89999999998557,0.49403491619270307,3
253.99999999998556,0.495375867373985,3
254.09999999998556,0.49674313490481725,3
254.19999999998555,0.49821683544273365,3
254.29999999998554,0.49963877645220145,3
254.39999999998554,0.5009584787693969,3
254.49999999998553,0.502226421558114,3
254.59999999998553,0.5034426048183601,3
254.69999999998552,0.5046607544527922,3
254.79999999998552,0.5062318192075071,3
254.8999999999855,0.5077574165930706,3
254.9999999999855,0.5091007252993425,3
255.0999999999855,0.5106088070760174,3
255.1999999999855,0.5117811804040531,3
255.2999999999855,0.5129535537320397,3
255.39999999998548,0.5146678538161074,3
255.49999999998548,0.5158746129884022,3
255.59999999998547,0.5170067386041509,3
255.69999999998547,0.5179817456536883,3
255.79999999998546,0.518971122473893,3
255.89999999998545,0.5203213267796362,3
255.99999999998545,0.5216190911121347,3
256.09999999998547,0.5229168554446254,3
256.19999999998544,0.5247023457671166,3
256.2999999999854,0.5264878360896778,3
256.3999999999854,0.528231447925,3
256.49999999998545,0.5300511288911847,3
256.5999999999854,0.5318347878428352,3
256.6999999999854,0.5337944213841422,3
256.7999999999854,0.5354232503500459,3
256.8999999999854,0.5370520793159023,3
256.9999999999854,0.538896732269844,3
257.09999999998536,0.540741385223817,3
257.1999999999854,0.5425860381777923,3
257.2999999999854,0.5442091516338198,3
257.39999999998537,0.5457970055566911,3
257.49999999998533,0.5473598580411548,3
257.59999999998536,0.5490090110387991,3
257.6999999999854,0.5504216882828117,3
257.79999999998535,0.5517937308667581,3
257.8999999999853,0.5531407720122979,3
257.99999999998533,0.5544628117194325,3
258.09999999998536,0.5559896037630597,3
258.1999999999853,0.5574388540302108,3
258.2999999999853,0.5588065705213815,3
258.3999999999853,0.5602657186593295,3
258.49999999998533,0.5614518324699804,3
258.5999999999853,0.5625280789786711,3
258.69999999998527,0.5635670088619963,3
258.7999999999853,0.564611306119544,3
258.8999999999853,0.5656182867517434,3
258.9999999999853,0.5668077312070667,3
259.09999999998524,0.5681147303438063,3
259.19999999998527,0.5693398783904097,3
259.2999999999853,0.5703410571374473,3
259.39999999998525,0.5712243567160659,3
259.4999999999852,0.5720855820012171,3
259.59999999998524,0.5729861964759164,3
259.69999999998527,0.573879043952133,3
259.79999999998523,0.5749659181666366,3
259.8999999999852,0.5761989243001525,3
259.9999999999852,0.5777362789016379,3
260.09999999998524,0.5790672659134326,3
260.1999999999852,0.580333354303326,3
260.2999999999852,0.5815796983701914,3
260.3999999999852,0.5820057451232424,3
260.4999999999852,0.582412047553154,3
260.5999999999852,0.5827986056600445,3
260.69999999998515,0.5832952205412264,3
260.7999999999852,0.5837048473931562,3
260.8999999999852,0.584057446900462,3
260.99999999998516,0.5843821396292408,3
261.09999999998513,0.5838644755275083,3
261.19999999998515,0.5833774580270094,3
261.2999999999852,0.583086448752078,3
261.39999999998514,0.5825500427215666,3
261.4999999999851,0.5830158547108213,3
261.59999999998513,0.5838133562603444,3
261.69999999998515,0.5843003791726734,3
261.7999999999851,0.5848317083988611,3
261.8999999999851,0.5853630376250557,3
261.9999999999851,0.586008527190575,3
262.09999999998513,0.5866540167561111,3
262.1999999999851,0.5873009249534543,3
262.29999999998506,0.5877265263501555,3
262.3999999999851,0.5885790090798996,3
262.4999999999851,0.5894134948326447,3
262.5999999999851,0.5903118406669737,3
262.69999999998504,0.5911733041201791,3
262.79999999998506,0.5921168449795712,3
262.8999999999851,0.5932342307622297,3
262.99999999998505,0.5943636707655688,3
263.099999999985,0.5954663299525853,3
263.19999999998504,0.5965896344027629,3
263.29999999998506,0.5976621554392412,3
263.399999999985,0.5988394830021683,3
263.499999999985,0.6000958221565932,3
263.599999999985,0.6014311729025136,3
263.69999999998504,0.6027937757114664,3
263.799999999985,0.6037972155340197,3
263.89999999998497,0.6051533002913763,3
263.999999999985,0.6068675272856073,3
264.099999999985,0.6085560364362049,3
264.199999999985,0.6100567327467125,3
264.29999999998495,0.6115574290571909,3
264.39999999998497,0.6125161986115929,3
264.499999999985,0.6139825090777621,3
264.59999999998496,0.6154488195440063,3
264.6999999999849,0.6170864691703666,3
264.79999999998495,0.6184290366115105,3
264.89999999998497,0.6184194928323085,3
264.99999999998494,0.6184107183349722,3
265.0999999999849,0.6184027131197057,3
265.1999999999849,0.6177989080080136,3
265.29999999998495,0.6171958721783014,3
265.3999999999849,0.6164849786991374,3
265.4999999999849,0.6157800739546105,3
265.5999999999849,0.6163601133073849,3
265.6999999999849,0.6168196401662251,3
265.7999999999849,0.6175421036641894,3
265.89999999998486,0.6182645671621936,3
265.9999999999849,0.6187712066721117,3
266.0999999999849,0.6192778461819972,3
266.19999999998487,0.6197844856918827,3
266.29999999998483,0.6201377614477935,3
266.39999999998486,0.6204797740864872,3
266.4999999999849,0.6208685800847649,3
266.59999999998485,0.6206007645521028,3
266.6999999999848,0.6205444233345837,3
266.79999999998483,0.6205037153387246,3
266.89999999998486,0.6204630073428681,3
266.9999999999848,0.6204222993470115,3
267.0999999999848,0.6201710881366008,3
267.1999999999848,0.6199724172642626,3
267.29999999998483,0.6192422320062346,3
267.3999999999848,0.6185120467481261,3
267.49999999998477,0.6176755290846782,3
267.5999999999848,0.6169115620977833,3
267.6999999999848,0.6162069161146962,3
267.7999999999848,0.6155022701316188,3
267.89999999998474,0.6147864553564455,3
267.99999999998477,0.613850860132791,3
268.0999999999848,0.6122034173710431,3
268.19999999998475,0.6105987616957759,3
268.2999999999847,0.6093650920282377,3
268.39999999998474,0.6081126435919786,3
268.49999999998477,0.6068745024506778,3
268.59999999998473,0.6056959979774179,3
268.6999999999847,0.6045174935041663,3
268.7999999999847,0.60298865918153,3
268.89999999998474,0.601234204296882,3
268.9999999999847,0.5995627018641476,3
269.0999999999847,0.5980326683992901,3
269.1999999999847,0.5965026349344527,3
269.2999999999847,0.5949657547868209,3
269.3999999999847,0.5934443551762505,3
269.49999999998465,0.5919842259334412,3
269.5999999999847,0.5904295691579285,3
269.6999999999847,0.5879720175119169,3
269.79999999998466,0.5855144658657695,3
269.89999999998463,0.5831034780107474,3
269.99999999998465,0.5808784157815229,3
270.0999999999847,0.578654502952274,3
270.19999999998464,0.5764398708925588,3
270.2999999999846,0.5741863426149825,3
270.39999999998463,0.572187491862539,3
270.49999999998465,0.5697069782203832,3
270.5999999999846,0.5668947750180369,3
270.6999999999846,0.5643301057460063,3
270.7999999999846,0.5619466840133344,3
270.89999999998463,0.5595632622806892,3
270.9999999999846,0.5571685674196054,3
271.09999999998456,0.5547738725585197,3
271.1999999999846,0.5522892325235517,3
271.2999999999846,0.5501157317343114,3
271.3999999999846,0.5475544274203615,3
271.49999999998454,0.5450111200834151,3
271.59999999998456,0.5425230783164244,3
271.6999999999846,0.5399899223075272,3
271.79999999998455,0.537426448420897,3
271.8999999999845,0.5349134845201927,3
271.99999999998454,0.5324402259273032,3
272.09999999998456,0.5300468967811267,3
272.1999999999845,0.5277583876186279,3
272.2999999999845,0.5255724213983114,3
272.3999999999845,0.5235888111220995,3
272.49999999998454,0.5215081527986285,3
272.5999999999845,0.5194002424121241,3
272.69999999998447,0.5172274704923949,3
272.7999999999845,0.5150274465096362,3
272.8999999999845,0.512945192236894,3
272.9999999999845,0.510500526902407,3
273.09999999998445,0.508102618221623,3
273.19999999998447,0.5061334210825758,3
273.2999999999845,0.5041642239435965,3
273.39999999998446,0.5021360698199185,3
273.4999999999844,0.5001079156962328,3
273.59999999998445,0.4980797615725457,3
273.69999999998447,0.49624506948610625,3
273.79999999998444,0.49488205176639416,3
273.8999999999844,0.4946742068781545,3
273.9999999999844,0.4947079424658914,3
274.09999999998445,0.49474090877159643,3
274.1999999999844,0.49469785764738505,3
274.2999999999844,0.4946540372410922,3
274.3999999999844,0.4946042281001462,3
274.4999999999844,0.4945484302245464,3
274.5999999999844,0.4933048440162418,3
274.69999999998436,0.49223022665489174,3
274.7999999999844,0.49121674304361446,3
274.8999999999844,0.49049307926038965,3
274.99999999998437,0.48976200178153223,3
275.09999999998433,0.4890920580527201,3
275.19999999998436,0.4884832480739632,3
275.2999999999844,0.48793557184526265,3
275.39999999998435,0.48745706377613013,3
275.4999999999843,0.4869928960974697,3
275.59999999998433,0.48724648369980056,3
275.69999999998436,0.48773181598948034,3
275.7999999999843,0.4881717835521573,3
275.8999999999843,0.4886728848648738,3
275.9999999999843,0.4892351199276462,3
276.09999999998433,0.4898739171790117,3
276.1999999999843,0.49055793290868865,3
276.29999999998427,0.4919493567313165,3
276.3999999999843,0.49334078055405706,3
276.4999999999843,0.4948496024239415,3
276.5999999999843,0.4964514355886826,3
276.69999999998424,0.4980114544994018,3
276.79999999998427,0.49957147341011443,3
276.8999999999843,0.5011223819298928,3
276.99999999998425,0.5029559304975367,3
277.0999999999842,0.5055124031440237,3
277.19999999998424,0.5080260887040383,3
277.29999999998427,0.510416897364133,3
277.39999999998423,0.5129365969628802,3
277.4999999999842,0.5154610320878806,3
277.5999999999842,0.5179349582338243,3
277.69999999998424,0.5204088843797615,3
277.7999999999842,0.5232888189811696,3
277.8999999999842,0.5262404422860046,3
277.9999999999842,0.5291091131389051,3
278.0999999999842,0.5318339146287961,3
278.1999999999842,0.5345587161186646,3
278.29999999998415,0.5372903642913265,3
278.3999999999842,0.5403395953618312,3
278.4999999999842,0.5433741329312148,3
278.59999999998416,0.5467922818163883,3
278.69999999998413,0.5505350955747342,3
278.79999999998415,0.5542779093331317,3
278.8999999999842,0.5578604603355636,3
278.99999999998414,0.5614337305684327,3
279.0999999999841,0.5649045321885002,3
279.19999999998413,0.5683660530390222,3
279.29999999998415,0.5724637651069983,3
279.3999999999841,0.5767979058539691,3
279.4999999999841,0.5813888785613038,3
279.5999999999841,0.5859801204664113,3
279.69999999998413,0.5897047059266144,3
279.7999999999841,0.5932551621998832,3
279.89999999998406,0.5968127368256538,3
279.9999999999841,0.6003887029323942,3
280.0999999999841,0.6039717873916651,3
280.1999999999841,0.6076130812193775,3
280.29999999998404,0.6109114657835563,3
280.39999999998406,0.6141333370132096,3
280.4999999999841,0.616947971944699,3
280.59999999998405,0.6196770234284391,3
280.699999999984,0.6224208712763524,3
280.79999999998404,0.6251647191242679,3
280.89999999998406,0.6278277391085249,3
280.999999999984,0.6305191374764142,3
281.099999999984,0.6333521652892867,3
281.199999999984,0.6360044126385102,3
281.29999999998404,0.6383259185357124,3
281.399999999984,0.6404122229297751,3
281.49999999998397,0.6425627298120943,3
281.599999999984,0.6447076431984479,3
281.699999999984,0.646884572559025,3
281.799999999984,0.649137288826739,3
281.89999999998395,0.6511689355068601,3
281.99999999998397,0.6533400813107672,3
282.099999999984,0.6555978973212967,3
282.19999999998396,0.6577014848367945,3
282.2999999999839,0.6599621968774553,3
282.39999999998395,0.6624389904280309,3
282.49999999998397,0.6650541325793861,3
282.59999999998394,0.6678263992559508,3
282.6999999999839,0.6693350691386861,3
282.7999999999839,0.6706527770690741,3
282.89999999998395,0.6719636517263,3
282.9999999999839,0.6730321766256583,3
283.0999999999839,0.6747900759403219,3
283.1999999999839,0.6766666279224317,3
283.2999999999839,0.6785431799045596,3
283.3999999999839,0.6804634590568251,3
283.49999999998386,0.6813770829251463,3
283.5999999999839,0.6822733002133977,3
283.6999999999839,0.6831647883187729,3
283.79999999998387,0.6840757701361689,3
283.89999999998383,0.6847219997938337,3
283.99999999998386,0.6853429109164596,3
284.0999999999839,0.6858699560583602,3
284.19999999998385,0.6863031352195245,3
284.2999999999838,0.6865987212298142,3
284.39999999998383,0.6867702008916274,3
284.49999999998386,0.6868805468033742,3
284.5999999999838,0.6869342159622684,3
284.6999999999838,0.6867605974311219,3
284.7999999999838,0.6866323436269771,3
284.89999999998383,0.6862586116213732,3
284.9999999999838,0.685962458906198,3
285.09999999998377,0.685605172440989,3
285.1999999999838,0.6851543644344157,3
285.2999999999838,0.6845276627205781,3
285.3999999999838,0.6839009610067125,3
285.49999999998374,0.683388191795916,3
285.59999999998377,0.6827824112902992,3
285.6999999999838,0.6823169877937065,3
285.79999999998375,0.6817452852429636,3
285.8999999999837,0.6811841924536536,3
285.99999999998374,0.6815958843547051,3
286.09999999998377,0.6818789450337842,3
286.19999999998373,0.6821620057128426,3
286.2999999999837,0.6825679432918119,3
286.3999999999837,0.683239116143719,3
286.49999999998374,0.6839055534694345,3
286.5999999999837,0.6846860289028912,3
286.6999999999837,0.6840920863849388,3
286.7999999999837,0.6833304213496226,3
286.8999999999837,0.6825314019550395,3
286.9999999999837,0.681732382560451,3
287.09999999998365,0.6810772325288578,3
287.1999999999837,0.6804651386484833,3
287.2999999999837,0.6799610406905212,3
287.39999999998366,0.6796464643659972,3
287.49999999998363,0.6792853111749162,3
287.59999999998365,0.6803769040740076,3
287.6999999999837,0.6815401977948538,3
287.79999999998364,0.6827034915157103,3
287.8999999999836,0.6840177672230011,3
287.99999999998363,0.685666617358956,3
288.09999999998365,0.6873529828589889,3
288.1999999999836,0.6890433480230448,3
288.2999999999836,0.68994040996195,3
288.3999999999836,0.6910357753244187,3
288.49999999998363,0.6921311406869196,3
288.5999999999836,0.6916857027163766,3
288.69999999998356,0.6921069211904833,3
288.7999999999836,0.692730613623605,3
288.8999999999836,0.6933740328711507,3
288.9999999999836,0.6940103337661719,3
289.09999999998354,0.6945939828909141,3
289.19999999998356,0.6952079491892799,3
289.2999999999836,0.6962192865525666,3
289.39999999998355,0.6972680594420777,3
289.4999999999835,0.6987240686297422,3
289.59999999998354,0.7002501527391621,3
289.69999999998356,0.7009912350149213,3
289.7999999999835,0.7018343587318103,3
289.8999999999835,0.7036474801685334,3
289.9999999999835,0.7055022981434554,3
290.09999999998354,0.7071753142706597,3
290.1999999999835,0.7089554051431423,3
290.29999999998347,0.7110662374676303,3
290.3999999999835,0.7131826632881523,3
290.4999999999835,0.7153437978008919,3
290.5999999999835,0.7175105258096145,3
290.69999999998345,0.7197189076783941,3
290.79999999998347,0.7200186936195717,3
290.8999999999835,0.7204005878073115,3
290.99999999998346,0.7206533121285013,3
291.0999999999834,0.7208254266753817,3
291.19999999998345,0.7209135391053471,3
291.29999999998347,0.7208505874424219,3
291.39999999998344,0.7224132601297483,3
291.4999999999834,0.723850285218406,3
291.5999999999834,0.7249957581550371,3
291.69999999998345,0.7272180064177215,3
291.7999999999834,0.7295452133135868,3
291.8999999999834,0.7318971235101909,3
291.9999999999834,0.7342556742762958,3
292.0999999999834,0.7359248506270609,3
292.1999999999834,0.737550622458225,3
292.29999999998336,0.7393160210091115,3
292.3999999999834,0.740747171663307,3
292.4999999999834,0.7430668286401975,3
292.59999999998337,0.7453427584470957,3
292.69999999998333,0.7475312960730266,3
292.79999999998336,0.7496011389788294,3
292.8999999999834,0.7516022492054822,3
292.99999999998334,0.7535924266519728,3
293.0999999999833,0.7556210691489222,3
293.19999999998333,0.7577499804481663,3
293.29999999998336,0.7572791132316631,3
293.3999999999833,0.7568410404047156,3
293.4999999999833,0.7564029675777738,3
293.5999999999833,0.7555748471059593,3
293.69999999998333,0.7547422696368757,3
293.7999999999833,0.7539096921677922,3
293.89999999998327,0.7532967195437635,3
293.9999999999833,0.7525450338792586,3
294.0999999999833,0.7544213304245706,3
294.1999999999833,0.7563459300333762,3
294.29999999998324,0.7587415941701776,3
294.39999999998327,0.7606361184450039,3
294.4999999999833,0.7625205954050734,3
294.59999999998325,0.7644050723651401,3
294.6999999999832,0.7661918512845304,3
294.79999999998324,0.7680849092580772,3
294.89999999998327,0.7700240730074118,3
294.99999999998323,0.7679808439706743,3
295.0999999999832,0.7659658536250856,3
295.1999999999832,0.7638438887478612,3
295.29999999998324,0.7615214370303027,3
295.3999999999832,0.7589340596655378,3
295.4999999999832,0.7563463726749869,3
295.5999999999832,0.7534764281452339,3
295.6999999999832,0.7518369177254911,3
295.7999999999832,0.7499111784373884,3
295.89999999998315,0.7479854391492368,3
295.9999999999832,0.749025411693014,3
296.0999999999832,0.7496694899271104,3
296.19999999998316,0.7504495605420353,3
296.29999999998313,0.7511215814042626,3
296.39999999998315,0.7517004491714516,3
296.4999999999832,0.7523724648888015,3
296.59999999998314,0.751987805746193,3
296.6999999999831,0.7516031466034064,3
296.79999999998313,0.7513016274406592,3
296.89999999998315,0.7510001082779255,3
296.9999999999831,0.7501144278713313,3
297.0999999999831,0.7494154044879634,3
297.1999999999831,0.7487123814406095,3
297.29999999998313,0.7482127161131874,3
297.3999999999831,0.7473087419287704,3
297.49999999998306,0.7464047677442855,3
297.5999999999831,0.7470413276951063,3
297.6999999999831,0.747765723424637,3
297.7999999999831,0.7480610390511182,3
297.89999999998304,0.7483282930131138,3
297.99999999998306,0.7485943304776094,3
298.0999999999831,0.7481920696213935,3
298.19999999998305,0.747788592267569,3
298.299999999983,0.7470236936797647,3
298.39999999998304,0.746257578594403,3
298.49999999998306,0.7454902470115458,3
298.599999999983,0.7447548965670805,3
298.699999999983,0.744803331458793,3
298.799999999983,0.7449465636148074,3
298.89999999998304,0.7452997833653142,3
298.999999999983,0.745596973697278,3
299.09999999998297,0.7458381346106532,3
299.199999999983,0.7460933410271275,3
299.299999999983,0.7463625929467126,3
299.399999999983,0.7466458903694083,3
299.49999999998295,0.7468621746927782,3
299.59999999998297,0.747092504519245,3
299.699999999983,0.7476368046026379,3
299.79999999998296,0.7501208623902489,3
299.8999999999829,0.7525988597458793,3
299.99999999998295,0.7550707966691967,3
300.09999999998297,0.7575366731602013,3
300.19999999998294,0.7599998815615076,3
300.2999999999829,0.7625481712716878,3
300.3999999999829,0.7632046332524066,3
300.49999999998295,0.7639483106341861,3
300.5999999999829,0.7649729807942621,3
300.6999999999829,0.7661110295954745,3
300.7999999999829,0.7671441197637018,3
300.8999999999829,0.768170569362415,3
300.9999999999829,0.7691903783916282,3
301.09999999998286,0.7702101874208404,3
301.1999999999829,0.7699280439164352,3
301.2999999999829,0.7694831464424969,3
301.39999999998287,0.7693512168835506,3
301.49999999998283,0.7708066414616691,3
301.59999999998286,0.7722620660400601,3
301.6999999999829,0.7737611556292757,3
301.79999999998284,0.7752983124765422,3
301.8999999999828,0.77687913433464,3
301.99999999998283,0.7784393655998617,3
302.09999999998286,0.7799480208211186,3
302.1999999999828,0.7813891394707562,3
302.2999999999828,0.7854547306038038,3
302.3999999999828,0.7896764072198318,3
302.49999999998283,0.7938980838358841,3
302.5999999999828,0.7985053510996017,3
302.69999999998277,0.803112618363388,3
302.7999999999828,0.807719885627174,3
302.8999999999828,0.8121092763177856,3
302.9999999999828,0.8164986670083548,3
303.09999999998274,0.818369646138739,3
303.19999999998277,0.819211851181261,3
303.2999999999828,0.8195829916956182,3
303.39999999998275,0.8204552720719485,3
303.4999999999827,0.8213275524483645,3
303.59999999998274,0.8221126593828575,3
303.69999999998277,0.8233711743013589,3
303.79999999998273,0.8246296892199405,3
303.8999999999827,0.8259406936316087,3
303.9999999999827,0.8299786274513687,3
304.09999999998274,0.8339441252597749,3
304.1999999999827,0.8380189782032654,3
304.2999999999827,0.8422966985905481,3
304.3999999999827,0.8464944528288387,3
304.4999999999827,0.8506948972963152,3
304.5999999999827,0.8549556826612527,3
304.69999999998265,0.8594245266566237,3
304.7999999999827,0.8640524623945104,3
304.8999999999827,0.8686803981324274,3
304.99999999998266,0.8701793363093416,3
305.09999999998263,0.8720741687958933,3
305.19999999998265,0.8737230891114782,3
305.2999999999827,0.8753243314413224,3
305.39999999998264,0.8769102287669218,3
305.4999999999826,0.8784462354723231,3
305.59999999998263,0.8791989420547592,3
305.69999999998265,0.8799516486370598,3
305.7999999999826,0.8804888335737644,3
305.8999999999826,0.8810724453099107,3
305.9999999999826,0.881860813852616,3
306.09999999998263,0.8824841227127066,3
306.1999999999826,0.8831074315727684,3
306.29999999998256,0.8835548077943484,3
306.3999999999826,0.8839624800008113,3
306.4999999999826,0.883969644018168,3
306.5999999999826,0.8839016512470287,3
306.69999999998254,0.8837458226974282,3
306.79999999998256,0.8841474613928288,3
306.8999999999826,0.8845176649939565,3
306.99999999998255,0.8848890850925736,3
307.0999999999825,0.8859743369296481,3
307.19999999998254,0.8870875708402326,3
307.29999999998256,0.8882020212483169,3
307.3999999999825,0.8890972069129063,3
307.4999999999825,0.8899906672294228,3
307.5999999999825,0.8908471834327546,3
307.69999999998254,0.8918659657937901,3
307.7999999999825,0.8925833257777548,3
307.89999999998247,0.8921207004473852,3
307.9999999999825,0.8916440296137006,3
308.0999999999825,0.891176769305011,3
308.1999999999825,0.8906954634932148,3
308.29999999998245,0.8901110711293486,3
308.39999999998247,0.8895126332623552,3
308.4999999999825,0.8890178507475096,3
308.59999999998246,0.8885233742504712,3
308.6999999999824,0.8876788671324339,3
308.79999999998245,0.8867274113306353,3
308.89999999998247,0.8857951564181322,3
308.99999999998244,0.8848629015056337,3
309.0999999999824,0.8839306465931349,3
309.1999999999824,0.8835563006817765,3
309.29999999998245,0.8830908130293299,3
309.3999999999824,0.8822489519942338,3
309.4999999999824,0.8813071745558793,3
309.5999999999824,0.8802188319660432,3
309.6999999999824,0.8790299319228184,3
309.7999999999824,0.877841031879577,3
309.89999999998236,0.8766521318363351,3
309.9999999999824,0.8756511657437717,3
310.0999999999824,0.8744994629475892,3
310.19999999998237,0.8747530903070624,3
310.29999999998233,0.8750701538465528,3
310.39999999998236,0.8753647701976129,3
310.4999999999824,0.8743539688371564,3
310.59999999998234,0.8733587781748348,3
310.6999999999823,0.8723635875125155,3
310.79999999998233,0.8713683968501961,3
310.89999999998236,0.8705796037885033,3
310.9999999999823,0.8699197309058454,3
311.0999999999823,0.8696313741924211,3
311.1999999999823,0.8693430174790618,3
311.29999999998233,0.8691518997300821,3
311.3999999999823,0.8688483615094186,3
311.49999999998226,0.8685448232887354,3
311.5999999999823,0.8682412850680521,3
311.6999999999823,0.8679377468473684,3
311.7999999999823,0.8675178100009123,3
311.89999999998224,0.8674037541980341,3
311.99999999998226,0.8672896983952101,3
312.0999999999823,0.8671326728190172,3
312.19999999998225,0.8680044213302421,3
312.2999999999822,0.8688761698416486,3
312.39999999998224,0.8697479183530566,3
312.49999999998226,0.8706196668644638,3
312.59999999998223,0.8717350395216176,3
312.6999999999822,0.8725196643678946,3
312.7999999999822,0.8746866053329629,3
312.89999999998224,0.8767622416023394,3
312.9999999999822,0.8788355376627913,3
313.0999999999822,0.8809506521945885,3
313.1999999999822,0.8830610072742697,3
313.2999999999822,0.8851666029018245,3
313.3999999999822,0.8873494762040012,3
313.49999999998215,0.8882935845723708,3
313.5999999999822,0.8893529854205547,3
313.6999999999822,0.8903703641122034,3
313.79999999998216,0.8913853639551775,3
313.89999999998213,0.892397984949486,3
313.99999999998215,0.8935715128242109,3
314.0999999999822,0.8947426618502989,3
314.19999999998214,0.8959782956666675,3
314.2999999999821,0.8974693709382597,3
314.39999999998213,0.8989339197776495,3
314.49999999998215,0.9020732534774861,3
314.5999999999821,0.9052842058550526,3
314.6999999999821,0.9084686318003844,3
314.7999999999821,0.9117589129790171,3
314.89999999998213,0.9149762409259427,3
314.9999999999821,0.9182118724492724,3
315.09999999998206,0.9214631840485108,3
315.1999999999821,0.9250575939476571,3
315.2999999999821,0.9287186854046366,3
315.3999999999821,0.9305751012072802,3
315.49999999998204,0.9328296463500303,3
315.59999999998206,0.9351569694326135,3
315.6999999999821,0.9374819136665454,3
315.79999999998205,0.9394664995984572,3
315.899999999982,0.9414813582735092,3
315.99999999998204,0.943721446930697,3
316.09999999998206,0.945621318892098,3
316.199999999982,0.9496669808989937,3
316.299999999982,0.9537102640576073,3
316.399999999982,0.9579716496085487,3
316.49999999998204,0.9622335981563905,3
316.599999999982,0.9664280559086715,3
316.69999999998197,0.9704590851520639,3
316.799999999982,0.9730334968469817,3
316.899999999982,0.9750421928917303,3
316.999999999982,0.977048510087709,3
317.09999999998195,0.9815526355974739,3
317.19999999998197,0.9860543822590283,3
317.299999999982,0.9906427911208734,3
317.39999999998196,0.995228821134068,3
317.4999999999819,0.9997367148495316,3
317.59999999998195,1.0042278781954213,3
317.69999999998197,1.0069984054257628,3
317.79999999998194,1.0097665538071248,3
317.8999999999819,1.0127289617602322,3
317.9999999999819,1.015810911688422,3
318.09999999998195,1.018890482767968,3
318.1999999999819,1.0214097659977093,3
318.2999999999819,1.023926670378682,3
318.3999999999819,1.026926648147645,3
318.4999999999819,1.0288656541102246,3
318.5999999999819,1.0310073391511863,3
318.69999999998186,1.0331271835862985,3
318.7999999999819,1.0364798969242528,3
318.8999999999819,1.0399584237909913,3
318.99999999998187,1.043246637858405,3
319.09999999998183,1.0466832097807708,3
319.19999999998186,1.0500140252324313,3
319.2999999999819,1.053267717648205,3
319.39999999998184,1.0566092699483522,3
319.4999999999818,1.0597846559355504,3
319.59999999998183,1.0629420523756903,3
319.69999999998186,1.06499351468118,3
319.7999999999818,1.0670425981378011,3
319.8999999999818,1.068882905145131,3
319.9999999999818,1.0706561687284666,3
320.09999999998183,1.0735687352698542,3
320.1999999999818,1.0764789229627834,3
320.29999999998176,1.0792406453343124,3
320.3999999999818,1.0819999888571517,3
320.4999999999818,1.0850226512419874,3
320.5999999999818,1.0880698604759886,3
320.69999999998174,1.0911146908613303,3
320.79999999998176,1.0942954375600848,3
320.8999999999818,1.0973505405461423,3
320.99999999998175,1.1004032646835078,3
321.0999999999817,1.1047879520878106,3
321.19999999998174,1.109170260643696,3
321.29999999998176,1.1135501903509126,3
321.39999999998173,1.1181806990635021,3
321.4999999999817,1.1223223938699673,3
321.5999999999817,1.1258370767124737,3
321.69999999998174,1.128660119757481,3
321.7999999999817,1.1296120327773478,3
321.8999999999817,1.1300775107393717,3
321.9999999999817,1.1305429887013065,3
322.0999999999817,1.1310084666632416,3
322.1999999999817,1.1316750011583379,3
322.29999999998165,1.1323415356534705,3
322.3999999999817,1.132932804963908,3
322.4999999999817,1.1347387612517055,3
322.59999999998166,1.1365257970560407,3
322.6999999999816,1.137569011282275,3
322.79999999998165,1.1386122255083728,3
322.8999999999817,1.139655439734471,3
322.99999999998164,1.1406986539605681,3
323.0999999999816,1.1418996361405167,3
323.1999999999816,1.143100618320495,3
323.29999999998165,1.1439340897355599,3
323.3999999999816,1.1447917087341406,3
323.4999999999816,1.1439289066936358,3
323.5999999999816,1.1436828514132402,3
323.6999999999816,1.1434609437165422,3
323.7999999999816,1.1432631836034324,3
323.89999999998156,1.1430659879591534,3
323.9999999999816,1.1428693567837007,3
324.0999999999816,1.142730062480993,3
324.19999999998157,1.1422452910297305,3
324.29999999998154,1.1416640340905169,3
324.39999999998156,1.1421870407290735,3
324.4999999999816,1.142710047367834,3
324.59999999998155,1.1432330540065943,3
324.6999999999815,1.1438310917657895,3
324.79999999998154,1.1444291295249982,3
324.89999999998156,1.1447634722131366,3
324.9999999999815,1.1437232856673007,3
325.0999999999815,1.1430209369683717,3
325.1999999999815,1.140143653799405,3
325.29999999998154,1.1368763270386102,3
325.3999999999815,1.133609000277743,3
325.49999999998147,1.130341673516878,3
325.5999999999815,1.1271355258886897,3
325.6999999999815,1.1238540433920072,3
325.7999999999815,1.1220560483982522,3
325.89999999998145,1.1207683062159504,3
325.99999999998147,1.1194052291652392,3
326.0999999999815,1.1151691274669926,3
326.19999999998146,1.1108576908997096,3
326.2999999999814,1.1064709194639113,3
326.39999999998145,1.1020088131595902,3
326.49999999998147,1.0974713719867533,3
326.59999999998143,1.0929339308139054,3
326.6999999999814,1.0901147469079266,3
326.7999999999814,1.0885830578688889,3
326.89999999998145,1.0868355295203653,3
326.9999999999814,1.0835020084833558,3
327.0999999999814,1.0801684874460522,3
327.1999999999814,1.0768349664087447,3
327.2999999999814,1.0732554274661805,3
327.3999999999814,1.069675888523571,3
327.49999999998136,1.0671549425387605,3
327.5999999999814,1.064444380856645,3
327.6999999999814,1.0617338191744923,3
327.79999999998137,1.057788009740838,3
327.89999999998133,1.0537140079297276,3
327.99999999998136,1.0494554562444995,3
328.0999999999814,1.0448822745137962,3
328.19999999998134,1.0402907418472827,3
328.2999999999813,1.0357152935020257,3
328.39999999998133,1.0310312554879624,3
328.49999999998136,1.026345584351346,3
328.5999999999813,1.0216415622789803,3
328.6999999999813,1.0180227445568326,3
328.7999999999813,1.0143855758991362,3
328.89999999998133,1.010537144228065,3
328.9999999999813,1.0066703616212067,3
329.09999999998126,1.0016544189206258,3
329.1999999999813,0.9966384762198245,3
329.2999999999813,0.9917231464605168,3
329.3999999999813,0.9868455269333429,3
329.49999999998124,0.9817022096955164,3
329.59999999998126,0.9765319667598521,3
329.6999999999813,0.9711444429386793,3
329.79999999998125,0.9653504545590827,3
329.8999999999812,0.9595564661794073,3
329.99999999998124,0.9539511308407644,3
330.09999999998126,0.9469448525102893,3
330.19999999998123,0.9399385741795513,3
330.2999999999812,0.9330031606749584,3
330.3999999999812,0.9258147893163331,3
330.49999999998124,0.9191128530151641,3
330.5999999999812,0.9124813345071656,3
330.6999999999812,0.9063362510566758,3
330.7999999999812,0.9006776026637769,3
330.8999999999812,0.8957168431799515,3
330.9999999999812,0.8907560836962632,3
331.09999999998115,0.8857953242125749,3
331.1999999999812,0.8805732195789329,3
331.2999999999812,0.8752908263284566,3
331.39999999998116,0.8700628694363043,3
331.4999999999811,0.8648936908389078,3
331.59999999998115,0.8597639720319471,3
331.6999999999812,0.8553931031123456,3
331.79999999998114,0.8510222341928922,3
331.8999999999811,0.8466513652734365,3
331.9999999999811,0.8422804963539807,3
332.09999999998115,0.8379003844361086,3
332.1999999999811,0.8346604805271497,3
332.2999999999811,0.8320142056382407,3
332.3999999999811,0.8293679307494406,3
332.4999999999811,0.8267216558606423,3
332.5999999999811,0.8232635398065553,3
332.69999999998106,0.8198054237523132,3
332.7999999999811,0.8163473076980713,3
332.8999999999811,0.811121304165043,3
332.99999999998107,0.8073303581170636,3
333.09999999998104,0.80351132057723,3
333.19999999998106,0.7996922830373868,3
333.2999999999811,0.7958732454975456,3
333.39999999998105,0.7927522411855851,3
333.499999999981,0.7898589349416977,3
333.59999999998104,0.7869656286978519,3
333.69999999998106,0.7824301231195759,3
333.799999999981,0.7778946175409933,3
333.899999999981,0.7737904151600153,3
333.999999999981,0.7708331331822431,3
334.09999999998104,0.7678758512046887,3
334.199999999981,0.7649185692271342,3
334.29999999998097,0.7623513308410058,3
334.399999999981,0.7599626903005955,3
334.499999999981,0.7572782959372,3
334.599999999981,0.7545327224410708,3
334.69999999998095,0.751962059232147,3
334.79999999998097,0.7494667308917599,3
334.899999999981,0.747024486541445,3
334.99999999998096,0.7446575770596465,3
335.0999999999809,0.7426400490348352,3
335.19999999998095,0.7404399304921503,3
335.29999999998097,0.7383151468179351,3
335.39999999998093,0.7363675404659779,3
335.4999999999809,0.7343592753415576,3
335.5999999999809,0.73247144384462,3
335.69999999998095,0.730583612347704,3
335.7999999999809,0.7274082859841754,3
335.8999999999809,0.7242329596203998,3
335.9999999999809,0.7223148190485706,3
336.0999999999809,0.7203966784769817,3
336.1999999999809,0.7184785379053927,3
336.29999999998086,0.7166088546433552,3
336.3999999999809,0.7147391713813249,3
336.4999999999809,0.7129624293897571,3
336.59999999998087,0.7111702451684686,3
336.69999999998083,0.7093780609471763,3
336.79999999998086,0.7075733969448178,3
336.8999999999809,0.7057562531613898,3
336.99999999998084,0.7041111794709888,3
337.0999999999808,0.7025034060755612,3
337.19999999998083,0.7008619877089762,3
337.29999999998086,0.6992264404970715,3
337.3999999999808,0.6975967644398536,3
337.4999999999808,0.6959687215051731,3
337.5999999999808,0.6942569025814488,3
337.69999999998083,0.6925634345934591,3
337.7999999999808,0.6908883175412268,3
337.89999999998076,0.6894244635023652,3
337.9999999999808,0.6877019411238489,3
338.0999999999808,0.6855977044408158,3
338.1999999999808,0.6834934677577092,3
338.29999999998074,0.6813874770416835,3
338.39999999998076,0.6792420220606195,3
338.4999999999808,0.6770948130466284,3
338.59999999998075,0.6749458499997175,3
338.6999999999807,0.6730124138053837,3
338.79999999998074,0.6719412076537171,3
338.89999999998076,0.6708682474692953,3
338.99999999998073,0.6688215058643244,3
339.0999999999807,0.6667730102262456,3
339.1999999999807,0.6647227605552436,3
339.29999999998074,0.6626016460581017,3
339.3999999999807,0.6604805315609461,3
339.4999999999807,0.6583594170637918,3
339.5999999999807,0.6572055059955823,3
339.6999999999807,0.6560515949275588,3
339.7999999999807,0.6548976838595367,3
339.89999999998065,0.6535323189400296,3
339.9999999999807,0.6513306073682558,3
340.0999999999807,0.6491288957963203,3
340.19999999998066,0.6470006002802299,3
340.2999999999806,0.6449325933809424,3
340.39999999998065,0.6428854153080242,3
340.4999999999807,0.6406299082363174,3
340.59999999998064,0.638334941374144,3
340.6999999999806,0.6360005147215342,3
340.7999999999806,0.6336660880689166,3
340.89999999998065,0.6312926520995386,3
340.9999999999806,0.6289192161301554,3
341.0999999999806,0.6264052458032862,3
341.1999999999806,0.6227510674674773,3
341.2999999999806,0.6186606823886657,3
341.3999999999806,0.6154119062244204,3
341.49999999998056,0.6121631300603402,3
341.5999999999806,0.6091335958847076,3
341.6999999999806,0.6061040617091159,3
341.79999999998057,0.6020735399186261,3
341.89999999998054,0.5998344887214718,3
341.99999999998056,0.5961839631540526,3
342.0999999999806,0.5925419611215882,3
342.19999999998055,0.5888271265316766,3
342.2999999999805,0.585112291941753,3
342.39999999998054,0.5813974573518251,3
342.49999999998056,0.577454924693961,3
342.5999999999805,0.573512392036055,3
342.6999999999805,0.5712099118430348,3
342.7999999999805,0.5689049487417794,3
342.89999999998054,0.5664323775139856,3
342.9999999999805,0.5639598062861618,3
343.09999999998047,0.561357123018181,3
343.1999999999805,0.5587544397501719,3
343.2999999999805,0.5561517564821642,3
343.3999999999805,0.55337047536851,3
343.49999999998045,0.550884948077842,3
343.59999999998047,0.5487052714055242,3
343.6999999999805,0.5465699615299128,3
343.79999999998046,0.5447405022726063,3
343.8999999999804,0.5432168936336521,3
343.99999999998045,0.5419991356130517,3
344.09999999998047,0.5408791937851001,3
344.19999999998043,0.540017177343608,3
344.2999999999804,0.5391551609021668,3
344.3999999999804,0.5379157924630731,3
344.49999999998045,0.5365369081209949,3
344.5999999999804,0.5348138386737975,3
344.6999999999804,0.5328152596826201,3
344.7999999999804,0.5305411711474769,3
344.8999999999804,0.5282670826122783,3
344.9999999999804,0.526199880149863,3
345.09999999998035,0.5240803240269227,3
345.1999999999804,0.52196076790397,3
345.2999999999804,0.5200532091538758,3
345.39999999998037,0.5181600871809747,3
345.49999999998033,0.5161806502232597,3
345.59999999998035,0.5142078395511694,3
345.6999999999804,0.5122416551647223,3
345.79999999998034,0.5102801400678362,3
345.8999999999803,0.5083232942605069,3
345.99999999998033,0.5063711177427362,3
346.09999999998035,0.5046884604839545,3
346.1999999999803,0.5030634768862342,3
346.2999999999803,0.5014566508236862,3
346.3999999999803,0.4998679822963002,3
346.49999999998033,0.4982928020145216,3
346.5999999999803,0.4968332369031438,3
346.69999999998026,0.49538716003739075,3
346.7999999999803,0.4939545714172433,3
346.8999999999803,0.4928499149736045,3
346.9999999999803,0.49203576605108035,3
347.09999999998024,0.4912851367750444,3
347.19999999998026,0.4905345074990201,3
347.2999999999803,0.4893517695207568,3
347.39999999998025,0.48817078557532895,3
347.4999999999802,0.4868956041216848,3
347.59999999998024,0.4856221767009421,3
347.69999999998026,0.4850345011154709,3
347.79999999998023,0.4840443142227118,3
347.8999999999802,0.4830558813627934,3
347.9999999999802,0.48285257688238953,3
348.09999999998024,0.4825509397828587,3
348.1999999999802,0.48225105671622903,3
348.2999999999802,0.4819511736495999,3
348.3999999999802,0.48151268320266244,3
348.4999999999802,0.481482964539863,3
348.5999999999802,0.4808838070665045,3
348.69999999998015,0.4803603281842632,3
348.7999999999802,0.47983684930203685,3
348.8999999999802,0.4793133704198101,3
348.99999999998016,0.4795713384444639,3
349.0999999999801,0.47982930646927224,3
349.19999999998015,0.478826337361316,3
349.2999999999802,0.4778233682531096,3
349.39999999998014,0.4768203991449031,3
349.4999999999801,0.47689135607976824,3
349.5999999999801,0.47696231301484643,3
349.69999999998015,0.47703326994992473,3
349.7999999999801,0.477104226885003,3
349.8999999999801,0.4787413691829921,3
349.9999999999801,0.48093882484489714,3
350.0999999999801,0.4821145806000871,3
350.1999999999801,0.483290336355074,3
350.29999999998006,0.48446609211006014,3
350.3999999999801,0.4848906654226271,3
350.4999999999801,0.48531523873504406,3
350.59999999998007,0.4857398120474607,3
350.69999999998004,0.4861817787140262,3
350.79999999998006,0.48833400107728125,3
350.8999999999801,0.4904862234408787,3
350.99999999998005,0.49245063926245086,3
351.09999999998,0.4944014337517209,3
351.19999999998004,0.49642506079843884,3
351.29999999998006,0.4984486878451702,3
351.39999999998,0.5005929631546423,3
351.49999999998,0.49954751404140557,3
351.59999999998,0.502603738970563,3
351.69999999998004,0.5055870796496402,3
351.79999999998,0.5085729032372546,3
351.89999999997997,0.5114200997636652,3
351.99999999998,0.5142672962900482,3
352.09999999998,0.5172446048565876,3
352.19999999998,0.5203214431809741,3
352.29999999997995,0.5232987517475577,3
352.39999999997997,0.5262791261386415,3
352.49999999998,0.5249476245152619,3
352.59999999997996,0.5232625262478429,3
352.6999999999799,0.521385739740106,3
352.79999999997995,0.5191553565891532,3
352.89999999997997,0.5166191228198359,3
352.99999999997993,0.5137770384321678,3
353.0999999999799,0.51083713785185,3
353.1999999999799,0.5078972372715093,3
353.29999999997995,0.5104287252035737,3
353.3999999999799,0.5145125037062671,3
353.4999999999799,0.5188717917531799,3
353.5999999999799,0.5237725916297753,3
353.6999999999799,0.5289489010503929,3
353.7999999999799,0.5344007200149705,3
353.89999999997985,0.5398525389796064,3
353.9999999999799,0.5453043579442424,3
354.0999999999799,0.5508085305694432,3
354.19999999997987,0.5495681594713804,3
354.29999999997983,0.556378746742173,3
354.39999999997985,0.5631748972374422,3
354.4999999999799,0.5698880412654791,3
354.59999999997984,0.5765945590078525,3
354.6999999999798,0.5832944504645857,3
354.79999999997983,0.5900021524128262,3
354.89999999997985,0.5967176648525804,3
354.9999999999798,0.6034409877838374,3
355.0999999999798,0.6101615414905446,3
355.1999999999798,0.6172368464819087,3
355.29999999997983,0.6248218952721845,3
355.3999999999798,0.6324012663084688,3
355.49999999997976,0.639967149099145,3
355.5999999999798,0.6475210779122518,3
355.6999999999798,0.6550615184797576,3
355.7999999999798,0.6625869365336174,3
355.89999999997974,0.6697844224109737,3
355.99999999997976,0.6681941887334798,3
356.0999999999798,0.6666698915525812,3
356.19999999997975,0.6639731688224927,3
356.2999999999797,0.6617103088273263,3
356.39999999997974,0.6594477217560422,3
356.49999999997976,0.6572808133020996,3
356.59999999997973,0.6551139048481779,3
356.6999999999797,0.6522632715157045,3
356.7999999999797,0.6493374874699743,3
356.89999999997974,0.6549225473647473,3
356.9999999999797,0.6618614037731763,3
357.0999999999797,0.6690912663153842,3
357.1999999999797,0.6761330226071317,3
357.2999999999797,0.682986672648309,3
357.3999999999797,0.6897908238192277,3
357.49999999997965,0.6959980969554419,3
357.5999999999797,0.702017263841011,3
357.6999999999797,0.7079607521353156,3
357.79999999997966,0.714511524804311,3
357.8999999999796,0.7210622974734334,3
357.99999999997965,0.7270098463244699,3
358.0999999999797,0.7329573951753838,3
358.19999999997964,0.7401527537199982,3
358.2999999999796,0.7473481122648629,3
358.3999999999796,0.7545434708097355,3
358.49999999997965,0.7608337725199023,3
358.5999999999796,0.7671240742298816,3
358.6999999999796,0.7733712631737714,3
358.7999999999796,0.7794592916554849,3
358.8999999999796,0.7838609836288568,3
358.9999999999796,0.7877588795409975,3
359.09999999997956,0.7925113242997425,3
359.1999999999796,0.7971046085964993,3
359.2999999999796,0.801538732431054,3
359.39999999997957,0.8057232693311827,3
359.49999999997954,0.809650587858267,3
359.59999999997956,0.8134187459231338,3
359.6999999999796,0.8170103501716541,3
359.79999999997955,0.8198926863383481,3
359.8999999999795,0.8229027415508002,3
359.99999999997954,0.8261006033053006,3
360.09999999997956,0.8292984650598392,3
360.1999999999795,0.8324963268143777,3
360.2999999999795,0.8356941885689148,3
360.3999999999795,0.8365272160486846,3
360.49999999997954,0.8402570277938235,3
360.5999999999795,0.8395922253396808,3
360.69999999997947,0.8389274228846383,3
360.7999999999795,0.8404413463450723,3
360.8999999999795,0.8420938968671593,3
360.9999999999795,0.8437464473892727,3
361.09999999997945,0.8453989979113863,3
361.19999999997947,0.8469520186756814,3
361.2999999999795,0.8478947450388659,3
361.39999999997946,0.8483213470693682,3
361.4999999999794,0.8530598251142024,3
361.59999999997945,0.8578460491848087,3
361.69999999997947,0.8627287916975895,3
361.79999999997943,0.8676592802352698,3
361.8999999999794,0.8725897687729623,3
361.9999999999794,0.8775202573106551,3
362.09999999997945,0.8827348926880525,3
362.1999999999794,0.8877142373472066,3
362.2999999999794,0.887289658814774,3
362.3999999999794,0.8855882992556152,3
362.4999999999794,0.8838869396961938,3
362.5999999999794,0.8818678197847477,3
362.69999999997935,0.8798986717204377,3
362.7999999999794,0.8779295236561381,3
362.8999999999794,0.8780156202772202,3
362.99999999997937,0.8781017168987262,3
363.09999999997933,0.8779345941942452,3
363.19999999997935,0.8823563731735642,3
363.2999999999794,0.8787127570065034,3
363.39999999997934,0.8750691408377782,3
363.4999999999793,0.8715019048506373,3
363.59999999997933,0.8680006580229828,3
363.69999999997935,0.8644994111953396,3
363.7999999999793,0.8609283377142102,3
363.8999999999793,0.8573572642330642,3
363.9999999999793,0.8535585306442003,3
364.09999999997933,0.8549816891009825,3
364.1999999999793,0.8560444185201032,3
364.29999999997926,0.8565917263862134,3
364.3999999999793,0.8571390342522176,3
364.4999999999793,0.857772585486905,3
364.5999999999793,0.8598547705735488,3
364.69999999997924,0.8619369556604933,3
364.79999999997926,0.8640206750154696,3
364.8999999999793,0.8648831814449768,3
364.99999999997925,0.873499930270465,3
365.0999999999792,0.881030753686284,3
365.19999999997924,0.8887140137381833,3
365.29999999997926,0.8953772848772087,3
365.39999999997923,0.9010094652141213,3
365.4999999999792,0.9066310895094106,3
365.5999999999792,0.9122418848394974,3
365.69999999997924,0.9178415782805844,3
365.7999999999792,0.9236336982634389,3
365.8999999999792,0.9209149743058647,3
365.9999999999792,0.9168424538345917,3
366.0999999999792,0.9125790138817355,3
366.1999999999792,0.908857986490429,3
366.29999999997915,0.9053250653497641,3
366.3999999999792,0.9021377121459015,3
366.4999999999792,0.8991384651926396,3
366.59999999997916,0.8958822661977915,3
366.6999999999791,0.8926260672028881,3
366.79999999997915,0.8887625838332746,3
366.8999999999792,0.8848991004635322,3
366.99999999997914,0.8821143870725324,3
367.0999999999791,0.8793296736817567,3
367.1999999999791,0.8765449602909782,3
367.29999999997915,0.8744987421647816,3
367.3999999999791,0.8724525240387395,3
367.4999999999791,0.8704816032772379,3
367.5999999999791,0.8686597692853165,3
367.6999999999791,0.8670301348290845,3
367.7999999999791,0.8657087476046267,3
367.89999999997906,0.8645465208423996,3
367.9999999999791,0.8633277767774863,3
368.0999999999791,0.862268193174728,3
368.19999999997907,0.8615740456815288,3
368.29999999997904,0.8610390586505728,3
368.39999999997906,0.86080693711519,3
368.4999999999791,0.8608320339528608,3
368.59999999997905,0.8610162912527518,3
368.699999999979,0.8615035471006746,3
368.79999999997904,0.8619908029486613,3
368.89999999997906,0.8623503397507472,3
368.999999999979,0.8627098765528061,3
369.099999999979,0.8632812425080142,3
369.199999999979,0.863855450944078,3
369.29999999997904,0.8682580835188548,3
369.399999999979,0.8744162411865185,3
369.49999999997897,0.8803786780914726,3
369.599999999979,0.886145394233315,3
369.699999999979,0.8914234494551844,3
369.799999999979,0.8940341178415449,3
369.89999999997895,0.8961561253074123,3
369.99999999997897,0.8979413336279133,3
370.099999999979,0.8992436148274922,3
370.19999999997896,0.900062968906118,3
370.2999999999789,0.9016002597912968,3
370.39999999997895,0.9036587218324147,3
370.49999999997897,0.9057252965213909,3
370.59999999997893,0.9077999838581167,3
370.6999999999789,0.9098340114253181,3
370.7999999999789,0.9118761516402595,3
370.89999999997895,0.9139264045029535,3
370.9999999999789,0.9156876506551592,3
371.0999999999789,0.9168757432571142,3
371.1999999999789,0.9184289393028013,3
371.2999999999789,0.9199170488763934,3
371.3999999999789,0.9214075372986376,3
371.49999999997885,0.9229184926360233,3
371.5999999999789,0.9243610270256178,3
371.6999999999789,0.9257224635343825,3
371.79999999997887,0.9266615530854775,3
371.89999999997883,0.925405846040693,3
371.99999999997885,0.9241525178441106,3
372.0999999999789,0.9231547878221803,3
372.19999999997884,0.9246650139974166,3
372.2999999999788,0.9261616351195984,3
372.39999999997883,0.9276446511881948,3
372.49999999997885,0.9291140622032034,3
372.5999999999788,0.9300514905277447,3
372.6999999999788,0.9309753137985899,3
372.7999999999788,0.9318609799339788,3
372.89999999997883,0.9327330410157756,3
372.9999999999788,0.9338191571517015,3
373.09999999997876,0.9296963398067346,3
373.1999999999788,0.9252305090646056,3
373.2999999999788,0.9207670571710721,3
373.3999999999788,0.9159352408241569,3
373.49999999997874,0.9110195599571488,3
373.59999999997876,0.9046560898188223,3
373.6999999999788,0.8982551781464919,3
373.79999999997875,0.8918191880099834,3
373.8999999999787,0.8866709001001566,3
373.99999999997874,0.882480869499601,3
374.09999999997876,0.8792411300266002,3
374.19999999997873,0.8768294593151867,3
374.2999999999787,0.8753128174558243,3
374.3999999999787,0.8748293723234147,3
374.49999999997874,0.8743591350050944,3
374.5999999999787,0.8739779827834387,3
374.6999999999787,0.8736100383756712,3
374.7999999999787,0.8730520462747968,3
374.8999999999787,0.8724964895234021,3
374.9999999999787,0.8717092477559011,3
375.09999999997865,0.870769571970305,3
375.1999999999787,0.8694722799783415,3
375.2999999999787,0.8681773642233556,3
375.39999999997866,0.8668019200042597,3
375.4999999999786,0.8654016225223605,3
375.59999999997865,0.8644760622025497,3
375.6999999999787,0.8635256461237172,3
375.79999999997864,0.8625819441847776,3
375.8999999999786,0.8616406210945048,3
375.9999999999786,0.8602692865577378,3
376.09999999997865,0.8588885869896966,3
376.1999999999786,0.8574929068267333,3
376.2999999999786,0.8557823777715988,3
376.3999999999786,0.8540568681214755,3
376.4999999999786,0.852246696075628,3
376.5999999999786,0.8502962216775393,3
376.69999999997856,0.8481872954786711,3
376.7999999999786,0.8458805830474181,3
376.8999999999786,0.8435645055849386,3
376.99999999997857,0.8412390630912773,3
377.09999999997854,0.838904255566431,3
377.19999999997856,0.8363572805521288,3
377.2999999999786,0.8338009405065998,3
377.39999999997855,0.8312371582171645,3
377.4999999999785,0.828640492872773,3
377.59999999997854,0.8260579805209636,3
377.69999999997856,0.8233222650521421,3
377.7999999999785,0.8205889284319561,3
377.8999999999785,0.8178933881118322,3
377.9999999999785,0.8158638929609886,3
378.09999999997854,0.8135501044749197,3
378.1999999999785,0.8112358523566442,3
378.29999999997847,0.8050437052182561,3
378.3999999999785,0.7993944475777144,3
378.4999999999785,0.7941843799758025,3
378.5999999999785,0.7895702351409742,3
378.69999999997844,0.7854918316004286,3
378.79999999997847,0.7818812038995948,3
378.8999999999785,0.7795298941553185,3
378.99999999997846,0.7775410289531836,3
379.0999999999784,0.7760530063764045,3
379.19999999997844,0.7750502897692463,3
379.29999999997847,0.7740418393631097,3
379.39999999997843,0.7730276551578886,3
379.4999999999784,0.7721683054146536,3
379.5999999999784,0.7715631362645223,3
379.69999999997844,0.7709564173292843,3
379.7999999999784,0.7708194140884554,3
379.8999999999784,0.7706808610625663,3
379.9999999999784,0.7708378776097504,3
380.0999999999784,0.7712904637300722,3
380.1999999999784,0.7716197999874949,3
380.29999999997835,0.7719585173710493,3
380.3999999999784,0.7727862861525798,3
380.4999999999784,0.7738105492823015,3
380.59999999997837,0.7751201946230887,3
380.69999999997833,0.776677927260779,3
380.79999999997835,0.7786697668309955,3
380.8999999999784,0.7808129182865494,3
380.99999999997834,0.782965450868292,3
381.0999999999783,0.7851273645761944,3
381.19999999997833,0.7864620662417923,3
381.29999999997835,0.788204674574291,3
381.3999999999783,0.789671156068312,3
381.4999999999783,0.7912179478876008,3
381.5999999999783,0.793181529669429,3
381.69999999997833,0.7952125309967254,3
381.7999999999783,0.7974053306047685,3
381.89999999997826,0.79947584249171,3
381.9999999999783,0.8016137739240006,3
382.0999999999783,0.8038031409994324,3
382.1999999999783,0.806389335962718,3
382.29999999997824,0.8090084429821115,3
382.39999999997826,0.8119982933035611,3
382.4999999999783,0.8150249370628128,3
382.59999999997825,0.8180515808220704,3
382.6999999999782,0.8208602128905435,3
382.79999999997824,0.823706302271812,3
382.89999999997826,0.8264883592719355,3
382.99999999997823,0.8294057431452192,3
383.0999999999782,0.8325610801249832,3
383.1999999999782,0.8359107161049782,3
383.29999999997824,0.8393876909946999,3
383.3999999999782,0.8425737869891553,3
383.4999999999782,0.8453608628412534,3
383.5999999999782,0.8485459192412422,3
383.6999999999782,0.8518746950260511,3
383.7999999999782,0.8552034708108875,3
383.89999999997815,0.8585321900948714,3
383.9999999999782,0.8620903744763021,3
384.0999999999782,0.8658033717244941,3
384.19999999997816,0.8692029191318419,3
384.2999999999781,0.8722833305659154,3
384.39999999997815,0.8753052911371846,3
384.4999999999782,0.8783505593351634,3
384.59999999997814,0.8813670077369062,3
384.6999999999781,0.8844073204354305,3
384.7999999999781,0.8874405757128825,3
384.89999999997815,0.8902584172988179,3
384.9999999999781,0.8930852806347066,3
385.0999999999781,0.8959211657206003,3
385.1999999999781,0.8984358768531903,3
385.2999999999781,0.9005323940308929,3
385.3999999999781,0.9026435485222443,3
385.49999999997806,0.9047637247636007,3
385.5999999999781,0.9068774954362852,3
385.6999999999781,0.9088349836664295,3
385.79999999997807,0.9108658295690515,3
385.89999999997804,0.912941552197374,3
385.99999999997806,0.915212925456577,3
386.0999999999781,0.9172315611229861,3
386.19999999997805,0.919140823173355,3
386.299999999978,0.9211148013808157,3
386.39999999997804,0.9231189662144709,3
386.49999999997806,0.9250583082793039,3
386.599999999978,0.9270190090460315,3
386.699999999978,0.9290245897858401,3
386.799999999978,0.9310633001241014,3
386.89999999997804,0.9328269699316386,3
386.999999999978,0.9339601062643447,3
387.09999999997797,0.935201218473633,3
387.199999999978,0.9364754667761735,3
387.299999999978,0.9377860999459294,3
387.399999999978,0.9389212990161963,3
387.49999999997794,0.9402056329164351,3
387.59999999997797,0.9414157918885512,3
387.699999999978,0.9425812493350921,3
387.79999999997796,0.943469805129381,3
387.8999999999779,0.9435900827357527,3
387.99999999997794,0.9436870937940158,3
388.09999999997797,0.9437685681965099,3
388.19999999997793,0.9437918753619646,3
388.2999999999779,0.9438151825274064,3
388.3999999999779,0.9433168196755313,3
388.49999999997794,0.9426578885624713,3
388.5999999999779,0.9395339919815501,3
388.6999999999779,0.936173029207712,3
388.7999999999779,0.9323366169403317,3
388.8999999999779,0.9284982558194993,3
388.9999999999779,0.9246408160376504,3
389.09999999997785,0.9207791922418745,3
389.1999999999779,0.9169133844321715,3
389.2999999999779,0.9145448960064236,3
389.39999999997787,0.911720859914233,3
389.49999999997783,0.9069259596908834,3
389.59999999997785,0.9021215307445963,3
389.6999999999779,0.8969809476583626,3
389.79999999997784,0.8918309834459022,3
389.8999999999778,0.8866713837589365,3
389.99999999997783,0.8815021485974687,3
390.09999999997785,0.8760318225570551,3
390.1999999999778,0.8722256231032266,3
390.2999999999778,0.8681918945390166,3
390.3999999999778,0.8629049923202908,3
390.49999999997783,0.8578188792084682,3
390.5999999999778,0.8525176846842898,3
390.69999999997776,0.8474312096497866,3
390.7999999999778,0.8420909835770152,3
390.8999999999778,0.8367262151360677,3
390.9999999999778,0.8313100110519945,3
391.09999999997774,0.826707833665972,3
391.19999999997776,0.8220542206369988,3
391.2999999999778,0.8162874854594703,3
391.39999999997775,0.8107708323232377,3
391.4999999999777,0.8049673037077985,3
391.59999999997774,0.7993745391644004,3
391.69999999997776,0.7940346105335835,3
391.79999999997773,0.7886946819028289,3
391.8999999999777,0.7833546752006632,3
391.9999999999777,0.7783374264354114,3
392.09999999997774,0.7731543011979903,3
392.1999999999777,0.767969202415029,3
392.2999999999777,0.76278410363207,3
392.3999999999777,0.7580447428132837,3
392.4999999999777,0.7537044021368896,3
392.5999999999777,0.7488795613591105,3
392.69999999997765,0.7439258031353696,3
392.7999999999777,0.7389720449115998,3
392.8999999999777,0.7340182866878276,3
392.99999999997766,0.7288978901176993,3
393.0999999999776,0.723805660825628,3
393.19999999997765,0.7191453967063172,3
393.2999999999777,0.7148042711719204,3
393.39999999997764,0.7104470421268703,3
393.4999999999776,0.7060937375665474,3
393.5999999999776,0.7013506592419115,3
393.69999999997765,0.6966109512281887,3
393.7999999999776,0.6917626507562832,3
393.8999999999776,0.6872482230306244,3
393.9999999999776,0.6831096433217603,3
394.0999999999776,0.6789737857428252,3
394.1999999999776,0.6751558324253667,3
394.29999999997756,0.671334805539057,3
394.3999999999776,0.6675165007825873,3
394.4999999999776,0.6637009181559652,3
394.59999999997757,0.6597675404298422,3
394.69999999997754,0.6559416128045673,3
394.79999999997756,0.6522867385174252,3
394.8999999999776,0.6485987313844849,3
394.99999999997755,0.64472681750052,3
395.0999999999775,0.6411193850891966,3
395.19999999997754,0.6376295969846723,3
395.29999999997756,0.6340868366029078,3
395.3999999999775,0.6303800056541519,3
395.4999999999775,0.6267229808049055,3
395.5999999999775,0.6230219384428527,3
395.69999999997754,0.6193071109778133,3
395.7999999999775,0.6155785049045838,3
395.89999999997747,0.6121088729009354,3
395.9999999999775,0.6086254590417626,3
