elapsed_seconds,average_HRV_LFHF,files_in_average
0.0,0.48755792319763336,5
0.09999999999999432,0.4872532710624756,5
0.19999999999998863,0.48705538959235595,5
0.29999999999998295,0.4869564666285294,5
0.39999999999997726,0.4853780599520066,5
0.4999999999999716,0.4843257888343243,5
0.5999999999999659,0.4812382739030497,5
0.6999999999999602,0.47856833018364336,5
0.7999999999999545,0.47611122307879244,5
0.8999999999999488,0.4734701389456123,5
0.9999999999999432,0.471309233099371,5
1.0999999999999375,0.46931921420277634,5
1.1999999999999318,0.466791830624007,5
1.299999999999926,0.46462551663577745,5
1.3999999999999204,0.4627129864693803,5
1.4999999999999147,0.46103950962940593,5
1.599999999999909,0.4583863213171183,5
1.6999999999999034,0.455699684612301,5
1.7999999999998977,0.452824573563945,5
1.899999999999892,0.44990098000479134,5
1.9999999999998863,0.44731930981748225,5
2.0999999999998806,0.4449723369199286,5
2.199999999999875,0.4428294486221622,5
2.2999999999998693,0.44114701495467745,5
2.3999999999998636,0.4382198589380854,5
2.499999999999858,0.435186691040923,5
2.599999999999852,0.43239764669120834,5
2.6999999999998465,0.42980781979504473,5
2.799999999999841,0.4272341652930036,5
2.899999999999835,0.4248450956563191,5
2.9999999999998295,0.4226362097070891,5
3.099999999999824,0.4203622119550364,5
3.199999999999818,0.4180257288947293,5
3.2999999999998124,0.4156175297227594,5
3.3999999999998067,0.41314382582103615,5
3.499999999999801,0.4106699545510982,5
3.5999999999997954,0.4082833891968306,5
3.6999999999997897,0.40584068529701434,5
3.799999999999784,0.4033461612013066,5
3.8999999999997783,0.400957338625783,5
3.9999999999997726,0.3986873879374941,5
4.099999999999767,0.39620010959203916,5
4.199999999999761,0.3932891292340052,5
4.299999999999756,0.3905200347589447,5
4.39999999999975,0.3878766062853021,5
4.499999999999744,0.38580258900532305,5
4.5999999999997385,0.38334655220131586,5
4.699999999999733,0.3810107817052443,5
4.799999999999727,0.3791454816734686,5
4.8999999999997215,0.37737200782642394,5
4.999999999999716,0.37536289986127774,5
5.09999999999971,0.3734164994207501,5
5.199999999999704,0.3715842713718354,5
5.299999999999699,0.3703456807341844,5
5.399999999999693,0.3690571644259956,5
5.499999999999687,0.3677951600985303,5
5.599999999999682,0.3665425600709074,5
5.699999999999676,0.3652988779138247,5
5.79999999999967,0.3640636601762376,5
5.899999999999665,0.3629092972044873,5
5.999999999999659,0.36180802234968834,5
6.099999999999653,0.36076190921472756,5
6.199999999999648,0.3598593234123636,5
6.299999999999642,0.3589975216415707,5
6.399999999999636,0.3581746215624302,5
6.4999999999996305,0.357839617669163,5
6.599999999999625,0.3575146138921145,5
6.699999999999619,0.3571991690496851,5
6.7999999999996135,0.3569661569783077,5
6.899999999999608,0.3567443596531298,5
6.999999999999602,0.3565288101399288,5
7.099999999999596,0.356136366104343,5
7.199999999999591,0.35575467396014243,5
7.299999999999585,0.355014533158753,5
7.399999999999579,0.35429412944539906,5
7.499999999999574,0.35366709315774814,5
7.599999999999568,0.3530580249031316,5
7.699999999999562,0.3523120771712918,5
7.799999999999557,0.35158499791741293,5
7.899999999999551,0.35129102193704403,5
7.999999999999545,0.35087772236936615,5
8.09999999999954,0.3504744875996225,5
8.199999999999534,0.3501095048006742,5
8.299999999999528,0.34997955837768124,5
8.399999999999523,0.34996849874809055,5
8.499999999999517,0.34996638337260993,5
8.599999999999511,0.3499643166264507,5
8.699999999999505,0.3499622968517952,5
8.7999999999995,0.3497331254776864,5
8.899999999999494,0.34983056694293935,5
8.999999999999488,0.34839662176686903,5
9.099999999999483,0.3469694466382388,5
9.199999999999477,0.3455416337124888,5
9.299999999999471,0.3441533069650261,5
9.399999999999466,0.3428238139209707,5
9.49999999999946,0.34153368307185905,5
9.599999999999454,0.34047361183276564,5
9.699999999999449,0.33941408409981055,5
9.799999999999443,0.33850609679590826,5
9.899999999999437,0.33767589600864645,5
9.999999999999432,0.33683521705608943,5
10.099999999999426,0.33606365051189463,5
10.19999999999942,0.3354166681973226,5
10.299999999999415,0.3347460120651516,5
10.399999999999409,0.33415737482498065,5
10.499999999999403,0.33365055330772353,5
10.599999999999397,0.3330125984466057,5
10.699999999999392,0.33258540580511353,5
10.799999999999386,0.3322577052295875,5
10.89999999999938,0.3320046699019799,5
10.999999999999375,0.3317409996262971,5
11.099999999999369,0.33136762172888423,5
11.199999999999363,0.33121748413187646,5
11.299999999999358,0.33099217837341244,5
11.399999999999352,0.3314729208506533,5
11.499999999999346,0.3320048508403446,5
11.59999999999934,0.33281107957288014,5
11.699999999999335,0.333680519597141,5
11.79999999999933,0.33476281711432926,5
11.899999999999324,0.3358325805880936,5
11.999999999999318,0.3368385959234984,5
12.099999999999312,0.3379086503993148,5
12.199999999999307,0.33904395136096294,5
12.2999999999993,0.3402252184077719,5
12.399999999999295,0.3414882739026929,5
12.49999999999929,0.3428541990658085,5
12.599999999999284,0.3442870382371289,5
12.699999999999278,0.34558653879057616,5
12.799999999999272,0.3465354056491684,5
12.899999999999267,0.34749272792313646,5
12.999999999999261,0.3484874256995498,5
13.099999999999255,0.3499444795702008,5
13.19999999999925,0.3516592416989847,5
13.299999999999244,0.3533546703918103,5
13.399999999999238,0.35508275801462363,5
13.499999999999233,0.3565539921679517,5
13.599999999999227,0.3582440018093106,5
13.699999999999221,0.3598185087454201,5
13.799999999999216,0.3614634677508781,5
13.89999999999921,0.36279867289600143,5
13.999999999999204,0.36435051048366396,5
14.099999999999199,0.3659107639007736,5
14.199999999999193,0.36747383884106605,5
14.299999999999187,0.3687434154211183,5
14.399999999999181,0.3699648770226745,5
14.499999999999176,0.371126432120958,5
14.59999999999917,0.37231007570328434,5
14.699999999999164,0.3734995680166081,5
14.799999999999159,0.3747524701687917,5
14.899999999999153,0.3759789184268088,5
14.999999999999147,0.37712977622538724,5
15.099999999999142,0.37826710650262757,5
15.199999999999136,0.3793136846455502,5
15.29999999999913,0.3801695896344089,5
15.399999999999125,0.3808562482983591,5
15.499999999999119,0.38118213881404645,5
15.599999999999113,0.38148676504934925,5
15.699999999999108,0.3817701270042705,5
15.799999999999102,0.38197603610639125,5
15.899999999999096,0.38215713639378346,5
15.99999999999909,0.3824021147727731,5
16.099999999999085,0.382741889827711,5
16.19999999999908,0.3829971709527275,5
16.299999999999073,0.3834468790652738,5
16.399999999999068,0.3838965871778218,5
16.499999999999062,0.3842834606578512,5
16.599999999999056,0.3846928331732968,5
16.69999999999905,0.38523695899730165,5
16.799999999999045,0.3857810991069156,5
16.89999999999904,0.38579134195734205,5
16.999999999999034,0.3859155088359062,5
17.099999999999028,0.386294006849573,5
17.199999999999022,0.3865840855159561,5
17.299999999999017,0.38665591964787094,5
17.39999999999901,0.3866183595065273,5
17.499999999999005,0.38658584519388905,5
17.599999999999,0.3863761165314219,5
17.699999999998994,0.3861880396165214,5
17.799999999998988,0.3863702170439151,5
17.899999999998983,0.3862711271609033,5
17.999999999998977,0.3861720372778886,5
18.09999999999897,0.38603872964260955,5
18.199999999998965,0.3859092708297299,5
18.29999999999896,0.3855999831729222,5
18.399999999998954,0.3853371547982393,5
18.49999999999895,0.38503496422861383,5
18.599999999998943,0.3847961604876854,5
18.699999999998937,0.3845883072424823,5
18.79999999999893,0.38432579207483875,5
18.899999999998926,0.38408909485185516,5
18.99999999999892,0.3836117146389616,5
19.099999999998914,0.38299168973351044,5
19.19999999999891,0.38236892258356214,5
19.299999999998903,0.3818239059663176,5
19.399999999998897,0.3815273694941331,5
19.49999999999889,0.38113977125165577,5
19.599999999998886,0.38109630299008934,5
19.69999999999888,0.380853790901792,5
19.799999999998875,0.3806020304648873,5
19.89999999999887,0.38040028289385236,5
19.999999999998863,0.38027213221182954,5
20.099999999998857,0.38030370201740704,5
20.19999999999885,0.3801371494198875,5
20.299999999998846,0.3799677156791115,5
20.39999999999884,0.3794724961822936,5
20.499999999998835,0.37900120173853946,5
20.59999999999883,0.37827134500288545,5
20.699999999998823,0.37746129228911934,5
20.799999999998818,0.3765050341895856,5
20.899999999998812,0.3754136706768896,5
20.999999999998806,0.3744405360367136,5
21.0999999999988,0.37351482229551586,5
21.199999999998795,0.3725534458484407,5
21.29999999999879,0.3716251179152833,5
21.399999999998784,0.3706939911327397,5
21.499999999998778,0.36965493707213115,5
21.599999999998772,0.3687588459967082,5
21.699999999998766,0.3681037653212488,5
21.79999999999876,0.36797522074072886,5
21.899999999998755,0.36806656978215535,5
21.99999999999875,0.3681443159952116,5
22.099999999998744,0.36791846125588645,5
22.199999999998738,0.36769260651655744,5
22.299999999998732,0.36753921015747004,5
22.399999999998727,0.3674041461925941,5
22.49999999999872,0.36721123106085163,5
22.599999999998715,0.36713470642255075,5
22.69999999999871,0.3671847688898014,5
22.799999999998704,0.3669601402681694,5
22.8999999999987,0.36708449687660993,5
22.999999999998693,0.36705695416133494,5
23.099999999998687,0.367029411446058,5
23.19999999999868,0.3670495184725679,5
23.299999999998676,0.367235743302217,5
23.39999999999867,0.36753527310877415,5
23.499999999998664,0.3680321710726123,5
23.59999999999866,0.3686073413600744,5
23.699999999998653,0.3691833282108833,5
23.799999999998647,0.3697635061670662,5
23.89999999999864,0.3703652887069119,5
23.999999999998636,0.37133034935758163,5
24.09999999999863,0.37229541000825633,5
24.199999999998624,0.3729431024625385,5
24.29999999999862,0.37377252355514756,5
24.399999999998613,0.374907522969002,5
24.499999999998607,0.3761725031349413,5
24.5999999999986,0.37769129217037517,5
24.699999999998596,0.3794521199380411,5
24.79999999999859,0.38126812084683426,5
24.899999999998585,0.383222521393768,5
24.99999999999858,0.38506635594491934,5
25.099999999998573,0.3875853922829583,5
25.199999999998568,0.3901889225509289,5
25.299999999998562,0.3928234812003909,5
25.399999999998556,0.39558035362672805,5
25.49999999999855,0.3983372260530671,5
25.599999999998545,0.4011283718070591,5
25.69999999999854,0.40408982818889855,5
25.799999999998533,0.4070747913883597,5
25.899999999998528,0.41030475760138874,5
25.999999999998522,0.41353472381442125,5
26.099999999998516,0.41720358443928296,5
26.19999999999851,0.4209382508026779,5
26.299999999998505,0.4251581065012136,5
26.3999999999985,0.4293779621997566,5
26.499999999998494,0.4336414273913067,5
26.599999999998488,0.43823799726933615,5
26.699999999998482,0.44273153288219325,5
26.799999999998477,0.4479207334773402,5
26.89999999999847,0.4528664858375878,5
26.999999999998465,0.45781223819783146,5
27.09999999999846,0.46279220831033935,5
27.199999999998454,0.4678064898278114,5
27.299999999998448,0.47302066329027437,5
27.399999999998442,0.47896903679647085,5
27.499999999998437,0.48509410547586623,5
27.59999999999843,0.49114171966518444,5
27.699999999998425,0.4972236452594652,5
27.79999999999842,0.5032810521732963,5
27.899999999998414,0.5093442103029344,5
27.99999999999841,0.5158615769950126,5
28.099999999998403,0.52261698211715,5
28.199999999998397,0.5297072912322542,5
28.29999999999839,0.5361392868378856,5
28.399999999998386,0.5422466264136598,5
28.49999999999838,0.5480284360230472,5
28.599999999998374,0.5534529950211978,5
28.69999999999837,0.5585649860853931,5
28.799999999998363,0.5633197265383517,5
28.899999999998357,0.5676971442373517,5
28.99999999999835,0.5728164740560313,5
29.099999999998346,0.5779855258888744,5
29.19999999999834,0.5831015520603456,5
29.299999999998334,0.5882204593750704,5
29.39999999999833,0.5933422478330497,5
29.499999999998323,0.6003025201041533,5
29.599999999998317,0.6074787345660122,5
29.69999999999831,0.6143453442174688,5
29.799999999998306,0.6215859064242799,5
29.8999999999983,0.6285193976552442,5
29.999999999998295,0.6361229996486074,5
30.09999999999829,0.6438125175126974,5
30.199999999998283,0.6514742195970349,5
30.299999999998278,0.6591494071729025,5
30.399999999998272,0.6668380802403017,5
30.499999999998266,0.6745733849875685,5
30.59999999999826,0.682131380718089,5
30.699999999998255,0.6899486309346344,5
30.79999999999825,0.6957975315035652,5
30.899999999998244,0.7013818929673791,5
30.999999999998238,0.7069948230106136,5
31.099999999998232,0.7124457392875916,5
31.199999999998226,0.7179626146820499,5
31.29999999999822,0.724990151888914,5
31.399999999998215,0.7319654002036773,5
31.49999999999821,0.7391280372374899,5
31.599999999998204,0.7459676461377942,5
31.699999999998198,0.7528819895599469,5
31.799999999998192,0.7599003067734544,5
31.899999999998187,0.7667847585783047,5
31.99999999999818,0.7736713717363998,5
32.099999999998175,0.7805579848944952,5
32.19999999999817,0.7861300665336696,5
32.299999999998164,0.791948145247895,5
32.39999999999816,0.7985424904887657,5
32.49999999999815,0.80524690861767,5
32.59999999999815,0.8119143537245153,5
32.69999999999814,0.8173634657223795,5
32.799999999998136,0.8227670652600316,5
32.89999999999813,0.8279795285128527,5
32.999999999998124,0.832421305088636,5
33.09999999999812,0.8368630816644048,5
33.19999999999811,0.8431404386140047,5
33.29999999999811,0.8494205869869302,5
33.3999999999981,0.855555458847788,5
33.499999999998096,0.8615816142369441,5
33.59999999999809,0.8667927009898092,5
33.699999999998084,0.8719518211483906,5
33.79999999999808,0.877183671467488,5
33.89999999999807,0.8822983864288284,5
33.99999999999807,0.886553532210878,5
34.09999999999806,0.8900932538079814,5
34.199999999998056,0.8932325290775479,5
34.29999999999805,0.8964495554771993,5
34.399999999998045,0.8995442680999775,5
34.49999999999804,0.9026431084458941,5
34.59999999999803,0.9069540172626118,5
34.69999999999803,0.9110240815989403,5
34.79999999999802,0.9151841539403913,5
34.899999999998016,0.9196414143434766,5
34.99999999999801,0.9240827320853544,5
35.099999999998005,0.9270369285190169,5
35.199999999998,0.930034993800945,5
35.29999999999799,0.9326024290112317,5
35.39999999999799,0.9352174355058956,5
35.49999999999798,0.9387407308531619,5
35.599999999997976,0.9423118274961896,5
35.69999999999797,0.9454393165262303,5
35.799999999997965,0.9472735091118102,5
35.89999999999796,0.949319116146168,5
35.999999999997954,0.9513647231805301,5
36.09999999999795,0.953410330214892,5
36.19999999999794,0.9545653213940166,5
36.29999999999794,0.9556947415111416,5
36.39999999999793,0.9562503941048714,5
36.499999999997925,0.9566293515254026,5
36.59999999999792,0.9577094345823685,5
36.699999999997914,0.9587552062343863,5
36.79999999999791,0.9595398059500996,5
36.8999999999979,0.9605810739181819,5
36.9999999999979,0.9614192967802582,5
37.09999999999789,0.9621182486997675,5
37.199999999997885,0.9625223863468955,5
37.29999999999788,0.9635890897919088,5
37.399999999997874,0.9647381833460879,5
37.49999999999787,0.9662278807916758,5
37.59999999999786,0.9681404413866777,5
37.69999999999786,0.970454893130561,5
37.79999999999785,0.9731525223564133,5
37.899999999997846,0.9762036146534726,5
37.99999999999784,0.9784611726987027,5
38.099999999997834,0.9806604288175302,5
38.19999999999783,0.983016928104871,5
38.29999999999782,0.9850815867299602,5
38.39999999999782,0.9871629238771688,5
38.49999999999781,0.9876421224109423,5
38.599999999997806,0.9879004874919548,5
38.6999999999978,0.9888020775625609,5
38.799999999997794,0.989229105237875,5
38.89999999999779,0.9901065073794305,5
38.99999999999778,0.990382734096696,5
39.09999999999778,0.9906115879478575,5
39.19999999999777,0.990912118361891,5
39.299999999997766,0.9912670846800873,5
39.39999999999776,0.9916085655067544,5
39.499999999997755,0.9919908864906463,5
39.59999999999775,0.9924904105238312,5
39.69999999999774,0.992727829404585,5
39.79999999999774,0.994903055208125,5
39.89999999999773,0.997313188548695,5
39.999999999997726,0.9996574688080757,5
40.09999999999772,1.0022419508085147,5
40.199999999997715,1.0047604736914764,5
40.29999999999771,1.0057105318384831,5
40.3999999999977,1.0067264354749286,5
40.4999999999977,1.0076373654957753,5
40.59999999999769,1.0087617454704516,5
40.69999999999769,1.0086178965755197,5
40.79999999999768,1.0096790628061532,5
40.899999999997675,1.0108313483193612,5
40.99999999999767,1.0120517702381284,5
41.099999999997664,1.013254287060197,5
41.19999999999766,1.01639259536063,5
41.29999999999765,1.0197925336093825,5
41.39999999999765,1.0231047624356147,5
41.49999999999764,1.0261228803194844,5
41.599999999997635,1.0289548374807027,5
41.69999999999763,1.0328935946162066,5
41.799999999997624,1.0348279706249819,5
41.89999999999762,1.036783851197813,5
41.99999999999761,1.0390643742237795,5
42.09999999999761,1.0433598224387697,5
42.1999999999976,1.0460196930176815,5
42.299999999997596,1.0464740991567982,5
42.39999999999759,1.0467662946089769,5
42.499999999997584,1.047167860818286,5
42.59999999999758,1.0483195847281128,5
42.69999999999757,1.049413290053717,5
42.79999999999757,1.050779617791508,5
42.89999999999756,1.0523067891489635,5
42.999999999997556,1.0549010612095508,5
43.09999999999755,1.0577479082190062,5
43.199999999997544,1.0613327884651813,5
43.29999999999754,1.064780543098601,5
43.39999999999753,1.0706741674913045,5
43.49999999999753,1.076571632632064,5
43.59999999999752,1.0812067868993371,5
43.699999999997516,1.085923198250208,5
43.79999999999751,1.0905394075875958,5
43.899999999997505,1.0918768763807727,5
43.9999999999975,1.0935533615939013,5
44.09999999999749,1.0959217336218716,5
44.19999999999749,1.0981893627196526,5
44.29999999999748,1.1004042324080863,5
44.399999999997476,1.1019191859651385,5
44.49999999999747,1.1024637062607467,5
44.599999999997465,1.1033422404330442,5
44.69999999999746,1.104740576610985,5
44.79999999999745,1.1065857743605219,5
44.89999999999745,1.1084083966798215,5
44.99999999999744,1.1102965093186774,5
45.099999999997436,1.1121781437761318,5
45.19999999999743,1.1161660234545712,5
45.299999999997425,1.120119924125864,5
45.39999999999742,1.1238924911189696,5
45.499999999997414,1.1272108637740763,5
45.59999999999741,1.129339605049779,5
45.6999999999974,1.1295660743743703,5
45.7999999999974,1.1294547917126334,5
45.89999999999739,1.130054281828642,5
45.999999999997385,1.1306556335492066,5
46.09999999999738,1.131256985269771,5
46.199999999997374,1.1318194244987496,5
46.29999999999737,1.1323247096519808,5
46.39999999999736,1.1327487819250546,5
46.49999999999736,1.132786032282,5
46.59999999999735,1.1327680956783601,5
46.699999999997345,1.1328470413379343,5
46.79999999999734,1.1317614595332768,5
46.899999999997334,1.130650901774467,5
46.99999999999733,1.1295153680615357,5
47.09999999999732,1.1287643632834898,5
47.19999999999732,1.1278852003300044,5
47.29999999999731,1.1273188524707545,5
47.399999999997306,1.127499807028328,5
47.4999999999973,1.127620552497169,5
47.599999999997294,1.1270243601595091,5
47.69999999999729,1.1254468229714105,5
47.79999999999728,1.1239567613491004,5
47.89999999999728,1.1224678769557888,5
47.99999999999727,1.1208466036564628,5
48.099999999997266,1.1191328775460885,5
48.19999999999726,1.117472007618117,5
48.299999999997254,1.1156277741707386,5
48.39999999999725,1.113807319728285,5
48.49999999999724,1.111959489203712,5
48.59999999999724,1.109706659023513,5
48.69999999999723,1.1074100122460866,5
48.799999999997226,1.1050620130508633,5
48.89999999999722,1.1029186094589818,5
48.999999999997215,1.1007870427143707,5
49.09999999999721,1.098733149124743,5
49.1999999999972,1.0966936804294165,5
49.2999999999972,1.0946542069212812,5
49.39999999999719,1.0922536883342737,5
49.499999999997186,1.0894177068169024,5
49.59999999999718,1.0866642051949034,5
49.699999999997175,1.085150009381134,5
49.79999999999717,1.0823268246504578,5
49.89999999999716,1.0795651375833593,5
49.99999999999716,1.0770099111000733,5
50.09999999999715,1.0748588766935006,5
50.19999999999715,1.0720651799000689,5
50.29999999999714,1.0685848064364327,5
50.399999999997135,1.064390383490623,5
50.49999999999713,1.0602637103612504,5
50.599999999997124,1.05629093471691,5
50.69999999999712,1.052402511158503,5
50.79999999999711,1.0505175711684198,5
50.89999999999711,1.0489556068874903,5
50.9999999999971,1.047540772185209,5
51.099999999997095,1.0441526787567592,5
51.19999999999709,1.0408307893418225,5
51.299999999997084,1.0401089572088469,5
51.39999999999708,1.0395484382044082,5
51.49999999999707,1.0390565616210055,5
51.59999999999707,1.038396153825842,5
51.69999999999706,1.0376240591989152,5
51.799999999997056,1.0365328687811437,5
51.89999999999705,1.0361474267960709,5
51.999999999997044,1.0355142861902493,5
52.09999999999704,1.0348354782489602,5
52.19999999999703,1.033818185840055,5
52.29999999999703,1.0331782029750127,5
52.39999999999702,1.0300914527922835,5
52.499999999997016,1.0271855560179326,5
52.59999999999701,1.0240349917289706,5
52.699999999997004,1.0208997471098522,5
52.799999999997,1.0180278722555776,5
52.89999999999699,1.0180923881175743,5
52.99999999999699,1.0178624992458658,5
53.09999999999698,1.0174502866170736,5
53.199999999996976,1.0171314720236815,5
53.29999999999697,1.0170659889723468,5
53.399999999996965,1.0178991339476666,5
53.49999999999696,1.0189837502276282,5
53.59999999999695,1.0197769441781495,5
53.69999999999695,1.0207920793957421,5
53.79999999999694,1.022033391805953,5
53.899999999996936,1.0233021326409157,5
53.99999999999693,1.0245087215234305,5
54.099999999996925,1.0257251269544532,5
54.19999999999692,1.0256929347143755,5
54.29999999999691,1.0260457175945275,5
54.39999999999691,1.026401838841799,5
54.4999999999969,1.0272154927941697,5
54.599999999996896,1.0284866794516536,5
54.69999999999689,1.0316528916028143,5
54.799999999996885,1.034772357929209,5
54.89999999999688,1.0377827545715865,5
54.999999999996874,1.0407861904244222,5
55.09999999999687,1.0437845270922554,5
55.19999999999686,1.0467765873460908,5
55.29999999999686,1.049030291710397,5
55.39999999999685,1.0512777196606822,5
55.499999999996845,1.0547700018966901,5
55.59999999999684,1.0580781224318099,5
55.699999999996834,1.0614182827655372,5
55.79999999999683,1.0659053944829453,5
55.89999999999682,1.0705534562346781,5
55.99999999999682,1.0751994431989964,5
56.09999999999681,1.0792419360386984,5
56.199999999996805,1.083282354090962,5
56.2999999999968,1.0868357037267278,5
56.399999999996794,1.0897276574164347,5
56.49999999999679,1.0924563931218803,5
56.59999999999678,1.095877745238024,5
56.69999999999678,1.098627953368094,5
56.79999999999677,1.1013693413954795,5
56.899999999996766,1.1042415844147246,5
56.99999999999676,1.1072458596548294,5
57.099999999996754,1.110281601935569,5
57.19999999999675,1.1127358308705106,5
57.29999999999674,1.1154381093805081,5
57.39999999999674,1.1181202030423614,5
57.49999999999673,1.12079522906105,5
57.599999999996726,1.123737498551375,5
57.69999999999672,1.1266884336071834,5
57.799999999996714,1.1291238998768884,5
57.89999999999671,1.1313097606408091,5
57.9999999999967,1.132486102910057,5
58.0999999999967,1.133991523463119,5
58.19999999999669,1.1354816215634698,5
58.299999999996686,1.136176548863284,5
58.39999999999668,1.1373622207461875,5
58.499999999996675,1.138985009074321,5
58.59999999999667,1.1405224676974708,5
58.69999999999666,1.141995278445354,5
58.79999999999666,1.1434651586560025,5
58.89999999999665,1.1439727743015233,5
58.999999999996646,1.1442446357213647,5
59.09999999999664,1.144120236326731,5
59.199999999996635,1.143932812750362,5
59.29999999999663,1.143726379275583,5
59.39999999999662,1.1435270425057456,5
59.49999999999662,1.1429071777299247,5
59.59999999999661,1.1421601354875084,5
59.69999999999661,1.14144572364908,5
59.7999999999966,1.1405062024200399,5
59.899999999996595,1.1393803107943605,5
59.99999999999659,1.1381845119114504,5
60.099999999996584,1.1369372389048489,5
60.19999999999658,1.1353815017954962,5
60.29999999999657,1.133418572759774,5
60.39999999999657,1.131445119457863,5
60.49999999999656,1.1292397109088985,5
60.599999999996555,1.1270204707451839,5
60.69999999999655,1.1247511076933965,5
60.799999999996544,1.1220758269273001,5
60.89999999999654,1.1185108081889914,5
60.99999999999653,1.1150066501504141,5
61.09999999999653,1.1113801506992111,5
61.19999999999652,1.107747383677994,5
61.299999999996515,1.1038681651556685,5
61.39999999999651,1.0997681472446215,5
61.499999999996504,1.0955024937362778,5
61.5999999999965,1.0914187539888254,5
61.69999999999649,1.0873070304855879,5
61.79999999999649,1.0829455003034691,5
61.89999999999648,1.078546772013389,5
61.999999999996476,1.0733534604195425,5
62.09999999999647,1.069118435605992,5
62.199999999996464,1.0648671811670565,5
62.29999999999646,1.0603343155353453,5
62.39999999999645,1.0555551667239704,5
62.49999999999645,1.050418360904369,5
62.59999999999644,1.0444493234195789,5
62.699999999996436,1.0382635327926388,5
62.79999999999643,1.0318567530980398,5
62.899999999996425,1.025436901363293,5
62.99999999999642,1.0190611657008524,5
63.09999999999641,1.0134509474643876,5
63.19999999999641,1.0079483527784023,5
63.2999999999964,1.0022699282932843,5
63.399999999996396,0.9964859950797568,5
63.49999999999639,0.9906987234991181,5
63.599999999996385,0.9849081135513721,5
63.69999999999638,0.9792962736728729,5
63.79999999999637,0.974295792136816,5
63.89999999999637,0.9685469567099521,5
63.99999999999636,0.9630085178785135,5
64.09999999999636,0.9574415041484148,5
64.19999999999635,0.9519545081092599,5
64.29999999999634,0.9473241791008977,5
64.39999999999634,0.9426937205942545,5
64.49999999999633,0.9371941754582798,5
64.59999999999633,0.9318723861108887,5
64.69999999999632,0.9265701400545086,5
64.79999999999632,0.9212157440094897,5
64.89999999999631,0.9158024477140184,5
64.9999999999963,0.9103900489769676,5
65.0999999999963,0.9052999881074537,5
65.1999999999963,0.9002108247963758,5
65.29999999999629,0.8957663392012822,5
65.39999999999628,0.8913174543260924,5
65.49999999999628,0.8865992848450732,5
65.59999999999627,0.881926945766382,5
65.69999999999627,0.8785935569273949,5
65.79999999999626,0.8759058013566058,5
65.89999999999625,0.8729383484550036,5
65.99999999999625,0.8698388633325355,5
66.09999999999624,0.8663096120630582,5
66.19999999999624,0.8633090179569567,5
66.29999999999623,0.8609168597213277,5
66.39999999999623,0.8584330471099871,5
66.49999999999622,0.8559136068128821,5
66.59999999999621,0.8533754237735769,5
66.69999999999621,0.8509788524507744,5
66.7999999999962,0.8490280188196223,5
66.8999999999962,0.8473788696357081,5
66.99999999999619,0.8466873845603015,5
67.09999999999619,0.8455081696339743,5
67.19999999999618,0.8442773907019625,5
67.29999999999617,0.8437438081195854,5
67.39999999999617,0.8433799368227037,5
67.49999999999616,0.842917779783537,5
67.59999999999616,0.8424260115457534,5
67.69999999999615,0.8419324318872043,5
67.79999999999615,0.8415108019151315,5
67.89999999999614,0.8420963573012503,5
67.99999999999613,0.8427491119818085,5
68.09999999999613,0.8434118404968306,5
68.19999999999612,0.8440411367846125,5
68.29999999999612,0.8446843085379673,5
68.39999999999611,0.8452396453386193,5
68.4999999999961,0.845578715628492,5
68.5999999999961,0.8460246275759552,5
68.6999999999961,0.8464692136128488,5
68.79999999999609,0.8471789580720632,5
68.89999999999608,0.8478888246108507,5
68.99999999999608,0.8490515300518936,5
69.09999999999607,0.8502127434087754,5
69.19999999999607,0.8516836391885082,5
69.29999999999606,0.8531530428840742,5
69.39999999999606,0.854197155366968,5
69.49999999999605,0.8547606494277258,5
69.59999999999604,0.8557956553358006,5
69.69999999999604,0.8568859247109367,5
69.79999999999603,0.8583106464127421,5
69.89999999999603,0.859747214289363,5
69.99999999999602,0.8611984767222992,5
70.09999999999602,0.861981409398284,5
70.19999999999601,0.8625628480444734,5
70.299999999996,0.8629418951024628,5
70.399999999996,0.8635313393625446,5
70.49999999999599,0.8640601665914642,5
70.59999999999599,0.8645335461997844,5
70.69999999999598,0.8654010359482897,5
70.79999999999598,0.8662303500565545,5
70.89999999999597,0.8669959442358929,5
70.99999999999596,0.8685161529489293,5
71.09999999999596,0.8691266943229771,5
71.19999999999595,0.8688089367228627,5
71.29999999999595,0.8690445654947923,5
71.39999999999594,0.8692688945217093,5
71.49999999999594,0.8696418638291338,5
71.59999999999593,0.8705894818770477,5
71.69999999999592,0.8709767687735173,5
71.79999999999592,0.8713178959597462,5
71.89999999999591,0.8718616867890997,5
71.99999999999591,0.872281634964145,5
72.0999999999959,0.8718647118848797,5
72.1999999999959,0.8713663009751329,5
72.29999999999589,0.8707003708620382,5
72.39999999999588,0.8701322346516994,5
72.49999999999588,0.8697433031520385,5
72.59999999999587,0.8693178321010222,5
72.69999999999587,0.8685611526456727,5
72.79999999999586,0.8673340789891203,5
72.89999999999586,0.8659937549609446,5
72.99999999999585,0.8647864304853761,5
73.09999999999584,0.8636127800934819,5
73.19999999999584,0.8624101532363326,5
73.29999999999583,0.8606544830382598,5
73.39999999999583,0.858808087056059,5
73.49999999999582,0.8568241714882516,5
73.59999999999582,0.8550024553079254,5
73.69999999999581,0.8529713632525816,5
73.7999999999958,0.8510148460377568,5
73.8999999999958,0.8489540487973629,5
73.9999999999958,0.8469000547945585,5
74.09999999999579,0.8446138419814859,5
74.19999999999578,0.8423276291684039,5
74.29999999999578,0.8398326410394977,5
74.39999999999577,0.8370267302599055,5
74.49999999999577,0.8344449344073412,5
74.59999999999576,0.8318646057753856,5
74.69999999999575,0.8292293673727344,5
74.79999999999575,0.825956138575602,5
74.89999999999574,0.8228805939530595,5
74.99999999999574,0.8197111054749223,5
75.09999999999573,0.8169546030878365,5
75.19999999999573,0.8142034688946543,5
75.29999999999572,0.8104851454429115,5
75.39999999999571,0.8069082845625145,5
75.49999999999571,0.8031950988787147,5
75.5999999999957,0.7995077235802721,5
75.6999999999957,0.7956858042084927,5
75.79999999999569,0.7919375684440209,5
75.89999999999569,0.7877423960809182,5
75.99999999999568,0.7836142167398971,5
76.09999999999567,0.7792419068274405,5
76.19999999999567,0.7749108582408896,5
76.29999999999566,0.7706440571368203,5
76.39999999999566,0.7659504812656396,5
76.49999999999565,0.7613680690798794,5
76.59999999999565,0.7566307679425088,5
76.69999999999564,0.751906579872666,5
76.79999999999563,0.747127904111592,5
76.89999999999563,0.7447117248015434,5
76.99999999999562,0.7422744569825361,5
77.09999999999562,0.7398161006544666,5
77.19999999999561,0.7346580580429019,5
77.2999999999956,0.7294982866047897,5
77.3999999999956,0.7244165016533993,5
77.4999999999956,0.7199235030395837,5
77.59999999999559,0.7154056352927661,5
77.69999999999558,0.7110370770137694,5
77.79999999999558,0.7064386444356133,5
77.89999999999557,0.7018304230934217,5
77.99999999999557,0.696819079155562,5
78.09999999999556,0.6917798841900474,5
78.19999999999555,0.6867830738005436,5
78.29999999999555,0.6816497541496401,5
78.39999999999554,0.6769379113047307,5
78.49999999999554,0.6727378677673863,5
78.59999999999553,0.6681418728751892,5
78.69999999999553,0.6635206048880092,5
78.79999999999552,0.6589105782112197,5
78.89999999999552,0.6542209761482776,5
78.99999999999551,0.6495426738303663,5
79.0999999999955,0.6454490921693672,5
79.1999999999955,0.6415830609956567,5
79.29999999999549,0.6378780379951494,5
79.39999999999549,0.6341238567277828,5
79.49999999999548,0.6303632264411322,5
79.59999999999548,0.6267590613409193,5
79.69999999999547,0.6227284599059911,5
79.79999999999546,0.618677145473054,5
79.89999999999546,0.6146919817181027,5
79.99999999999545,0.6106856571691347,5
80.09999999999545,0.606744230412053,5
80.19999999999544,0.6037111367892786,5
80.29999999999544,0.6001496135475689,5
80.39999999999543,0.5965506591403512,5
80.49999999999542,0.5927966603099846,5
80.59999999999542,0.5890323710373426,5
80.69999999999541,0.5858158709692391,5
80.7999999999954,0.58268794247726,5
80.8999999999954,0.579344808395234,5
80.9999999999954,0.5760104019927004,5
81.09999999999539,0.5727367399694515,5
81.19999999999538,0.5694355991265934,5
81.29999999999538,0.5660195818547157,5
81.39999999999537,0.5626118706718248,5
81.49999999999537,0.55900987004398,5
81.59999999999536,0.5555288184490376,5
81.69999999999536,0.5521910953088842,5
81.79999999999535,0.549291275876322,5
81.89999999999534,0.5461342369721782,5
81.99999999999534,0.5426074301443241,5
82.09999999999533,0.5398894279608358,5
82.19999999999533,0.5371254837367008,5
82.29999999999532,0.5339073811688886,5
82.39999999999532,0.5307756486327586,5
82.49999999999531,0.52764864654156,5
82.5999999999953,0.5244642509310234,5
82.6999999999953,0.5212816736462869,5
82.7999999999953,0.5180538690607298,5
82.89999999999529,0.5155780566535428,5
82.99999999999528,0.5131113784632891,5
83.09999999999528,0.510721067902139,5
83.19999999999527,0.5076401436925566,5
83.29999999999526,0.5046054490295561,5
83.39999999999526,0.5053899296657787,5
83.49999999999525,0.5062274533026561,5
83.59999999999525,0.5033453903004689,5
83.69999999999524,0.5004731015753958,5
83.79999999999524,0.497578686777561,5
83.89999999999523,0.4946121268423288,5
83.99999999999523,0.4916706448016693,5
84.09999999999522,0.4887242459846398,5
84.19999999999521,0.48633697255100505,5
84.29999999999521,0.4847037477855104,5
84.3999999999952,0.4835816142449018,5
84.4999999999952,0.48327635352310205,5
84.59999999999519,0.48352246095070106,5
84.69999999999519,0.48081018321658603,5
84.79999999999518,0.4780634549292622,5
84.89999999999517,0.47530424178812236,5
84.99999999999517,0.47263476468897087,5
85.09999999999516,0.4702061015590127,5
85.19999999999516,0.46774945095403914,5
85.29999999999515,0.4686751140823528,5
85.39999999999515,0.4696953594611438,5
85.49999999999514,0.4706721325543984,5
85.59999999999513,0.4719036473681239,5
85.69999999999513,0.4731220491143279,5
85.79999999999512,0.47097575524804425,5
85.89999999999512,0.4665452087018204,5
85.99999999999511,0.4621283129544538,5
86.0999999999951,0.45769443508807645,5
86.1999999999951,0.4559962118567896,5
86.2999999999951,0.45421408831449395,5
86.39999999999509,0.45247269087172254,5
86.49999999999508,0.4508136111568793,5
86.59999999999508,0.44917777232820494,5
86.69999999999507,0.44740392377674676,5
86.79999999999507,0.4460490521697798,5
86.89999999999506,0.44699358042958204,5
86.99999999999505,0.44795584128737714,5
87.09999999999505,0.4489572529178451,5
87.19999999999504,0.4506261062792419,5
87.29999999999504,0.4525115130418106,5
87.39999999999503,0.4544099257317152,5
87.49999999999503,0.4540743852879543,5
87.59999999999502,0.4535832588176059,5
87.69999999999501,0.4532412733525894,5
87.79999999999501,0.45277522785476093,5
87.899999999995,0.4523053027809305,5
87.999999999995,0.45169866794660096,5
88.09999999999499,0.45100030540030833,5
88.19999999999499,0.4501882968177656,5
88.29999999999498,0.4493314148169823,5
88.39999999999498,0.448543234370685,5
88.49999999999497,0.44780717723513047,5
88.59999999999496,0.44823967361692496,5
88.69999999999496,0.44848817842589456,5
88.79999999999495,0.4485719760126597,5
88.89999999999495,0.44831518673189097,5
88.99999999999494,0.4478941380249399,5
89.09999999999494,0.447447199108704,5
89.19999999999493,0.4470551084821611,5
89.29999999999492,0.4467012338859135,5
89.39999999999492,0.44653698966429534,5
89.49999999999491,0.44647094398081394,5
89.5999999999949,0.4464264884846406,5
89.6999999999949,0.44644410187824335,5
89.7999999999949,0.4463393469462179,5
89.89999999999489,0.4462471339611123,5
89.99999999999488,0.44622258151140537,5
90.09999999999488,0.4462116683774811,5
90.19999999999487,0.4461961421797275,5
90.29999999999487,0.44634455945257195,5
90.39999999999486,0.4464966749957873,5
90.49999999999486,0.4466793889164392,5
90.59999999999485,0.4466647202950531,5
90.69999999999484,0.4466504333326958,5
90.79999999999484,0.4466914125766722,5
90.89999999999483,0.44696579487319815,5
90.99999999999483,0.44728852585026146,5
91.09999999999482,0.4468328499914259,5
91.19999999999482,0.4461022386343078,5
91.29999999999481,0.4462634232404237,5
91.3999999999948,0.44665175675624613,5
91.4999999999948,0.44717810809606895,5
91.5999999999948,0.4476048822510664,5
91.69999999999479,0.44807540526884304,5
91.79999999999478,0.4485558120324308,5
91.89999999999478,0.4482280523965899,5
91.99999999999477,0.44759788581084897,5
92.09999999999476,0.4470479745249774,5
92.19999999999476,0.4472077372413267,5
92.29999999999475,0.447242686632858,5
92.39999999999475,0.4437977932576197,5
92.49999999999474,0.4403462845818612,5
92.59999999999474,0.4405683229435657,5
92.69999999999473,0.44082601505054964,5
92.79999999999472,0.4409397605013258,5
92.89999999999472,0.44127356199546364,5
92.99999999999471,0.4416762294506388,5
93.09999999999471,0.44198119125053614,5
93.1999999999947,0.44172165947315073,5
93.2999999999947,0.44086071485643874,5
93.39999999999469,0.4394951574769824,5
93.49999999999469,0.43747307634536653,5
93.59999999999468,0.43507490426961065,5
93.69999999999467,0.43519451843640544,5
93.79999999999467,0.4353555147025693,5
93.89999999999466,0.43547985022162194,5
93.99999999999466,0.4349272182224784,5
94.09999999999465,0.4344069547941114,5
94.19999999999465,0.43395903283006676,5
94.29999999999464,0.4301956826650965,5
94.39999999999463,0.42643242248868596,5
94.49999999999463,0.42273894557449926,5
94.59999999999462,0.41899093218753103,5
94.69999999999462,0.4152157501005821,5
94.79999999999461,0.4147841836854285,5
94.8999999999946,0.4141553578809932,5
94.9999999999946,0.41387480145754807,5
95.0999999999946,0.4137264780068092,5
95.19999999999459,0.4135855922661696,5
95.29999999999458,0.4135264340319883,5
95.39999999999458,0.413342312904987,5
95.49999999999457,0.4125839122841394,5
95.59999999999457,0.4117731553060134,5
95.69999999999456,0.4109445445588095,5
95.79999999999455,0.40989601854103713,5
95.89999999999455,0.406577520013628,5
95.99999999999454,0.4032707162453272,5
96.09999999999454,0.39970816613192417,5
96.19999999999453,0.3954455126327465,5
96.29999999999453,0.3912152264719041,5
96.39999999999452,0.3869861438269638,5
96.49999999999451,0.38501274871109226,5
96.59999999999451,0.3831595355067979,5
96.6999999999945,0.3811782113715897,5
96.7999999999945,0.3793191941410591,5
96.89999999999449,0.3775296948289216,5
96.99999999999449,0.3758750937145092,5
97.09999999999448,0.37441626526421795,5
97.19999999999447,0.3736146322839487,5
97.29999999999447,0.37310141916132916,5
97.39999999999446,0.3725931853275412,5
97.49999999999446,0.3720953511361811,5
97.59999999999445,0.3703959539756238,5
97.69999999999445,0.3689254486905022,5
97.79999999999444,0.3676516633706114,5
97.89999999999444,0.3664916399034843,5
97.99999999999443,0.365492546020261,5
98.09999999999442,0.36444506632162404,5
98.19999999999442,0.36381143776303704,5
98.29999999999441,0.3631376195349648,5
98.3999999999944,0.3626914200754759,5
98.4999999999944,0.36219532533256477,5
98.5999999999944,0.3616992305896509,5
98.69999999999439,0.36070798279065414,5
98.79999999999438,0.35979669145137894,5
98.89999999999438,0.35888956995157,5
98.99999999999437,0.35810029989269393,5
99.09999999999437,0.35743048773948594,5
99.19999999999436,0.35691146504529486,5
99.29999999999436,0.3564691107226344,5
99.39999999999435,0.3561883364091244,5
99.49999999999434,0.3560612563624357,5
99.59999999999434,0.3560435363169338,5
99.69999999999433,0.35605541177373107,5
99.79999999999433,0.3551987535497753,5
99.89999999999432,0.3543608494636777,5
99.99999999999432,0.35353208386517676,5
100.09999999999431,0.352698936665682,5
100.1999999999943,0.3521636932031612,5
100.2999999999943,0.35163606762925526,5
100.3999999999943,0.35091127048178916,5
100.49999999999429,0.3502068662346938,5
100.59999999999428,0.34952285488798196,5
100.69999999999428,0.3488476581326305,5
100.79999999999427,0.3482037522243279,5
100.89999999999426,0.3476114502427271,5
100.99999999999426,0.347299994449392,5
101.09999999999425,0.34691370559881174,5
101.19999999999425,0.3464444425363412,5
101.29999999999424,0.34623744349770214,5
101.39999999999424,0.3457278716024178,5
101.49999999999423,0.34530007166801635,5
101.59999999999422,0.3434539347036399,5
101.69999999999422,0.34155163040070197,5
101.79999999999421,0.3398107592128532,5
101.89999999999421,0.33786633474730643,5
101.9999999999942,0.33592254725970855,5
102.0999999999942,0.33410886835734344,5
102.19999999999419,0.33228956614788513,5
102.29999999999418,0.33054122505573,5
102.39999999999418,0.3287196803920136,5
102.49999999999417,0.32862491070897953,5
102.59999999999417,0.32826413838550506,5
102.69999999999416,0.32833834167406667,5
102.79999999999416,0.32839195985736336,5
102.89999999999415,0.3284891003344857,5
102.99999999999415,0.32915331752270005,5
103.09999999999414,0.329864080824582,5
103.19999999999413,0.33052030435054136,5
103.29999999999413,0.33120698763990153,5
103.39999999999412,0.33173679337858464,5
103.49999999999412,0.3322201333754625,5
103.59999999999411,0.3327125778294312,5
103.6999999999941,0.33323415017245545,5
103.7999999999941,0.3338004088768814,5
103.8999999999941,0.3343751752530476,5
103.99999999999409,0.3346687090251145,5
104.09999999999408,0.33498412660231003,5
104.19999999999408,0.3352616061549434,5
104.29999999999407,0.3338201059912675,5
104.39999999999407,0.332499305808165,5
104.49999999999406,0.331717231688356,5
104.59999999999405,0.33100823409986413,5
104.69999999999405,0.33032488246259123,5
104.79999999999404,0.32964070195349066,5
104.89999999999404,0.32901114664306824,5
104.99999999999403,0.3284829808801766,5
105.09999999999403,0.32959178767259545,5
105.19999999999402,0.3307598938011588,5
105.29999999999401,0.33183243736879753,5
105.39999999999401,0.33290834794258795,5
105.499999999994,0.3338976383566098,5
105.599999999994,0.334887050747931,5
105.69999999999399,0.33588201231140047,5
105.79999999999399,0.3370129759552308,5
105.89999999999398,0.33816696525124196,5
105.99999999999397,0.3378815275381277,5
106.09999999999397,0.33758836827338623,5
106.19999999999396,0.336736313095332,5
106.29999999999396,0.3356939116350202,5
106.39999999999395,0.33466700314145503,5
106.49999999999395,0.33362700063502554,5
106.59999999999394,0.3325793244693419,5
106.69999999999393,0.33292172923862096,5
106.79999999999393,0.3334083698299812,5
106.89999999999392,0.33385662420035567,5
106.99999999999392,0.3343546897742334,5
107.09999999999391,0.33511188195093883,5
107.1999999999939,0.33541036459575174,5
107.2999999999939,0.3357248736660651,5
107.3999999999939,0.33568313629853075,5
107.49999999999389,0.33574452453409814,5
107.59999999999388,0.335815874702048,5
107.69999999999388,0.3363666409439235,5
107.79999999999387,0.33692136364378966,5
107.89999999999387,0.3375057064648876,5
107.99999999999386,0.3380059878057483,5
108.09999999999386,0.33838613125333483,5
108.19999999999385,0.3384642714556382,5
108.29999999999384,0.338380738373265,5
108.39999999999384,0.33809023368008423,5
108.49999999999383,0.3376488501134677,5
108.59999999999383,0.33721662877830216,5
108.69999999999382,0.33677633579166405,5
108.79999999999382,0.3371594917270083,5
108.89999999999381,0.3374948494720003,5
108.9999999999938,0.3378137128358135,5
109.0999999999938,0.3381145350511277,5
109.19999999999379,0.3384034576213371,5
109.29999999999379,0.3385551082540192,5
109.39999999999378,0.338972807242607,5
109.49999999999378,0.33937963515713643,5
109.59999999999377,0.3397719260893616,5
109.69999999999376,0.34014090274694414,5
109.79999999999376,0.34042602832292507,5
109.89999999999375,0.3407223263781498,5
109.99999999999375,0.34103348169900555,5
110.09999999999374,0.34126969959470843,5
110.19999999999374,0.34140664557148004,5
110.29999999999373,0.34154636667737365,5
110.39999999999372,0.341865950864431,5
110.49999999999372,0.34211460052282067,5
110.59999999999371,0.34379242464339865,5
110.69999999999371,0.3455891079701007,5
110.7999999999937,0.3473698311127747,5
110.8999999999937,0.34912741129952674,5
110.99999999999369,0.350796689921911,5
111.09999999999368,0.35265385946011885,5
111.19999999999368,0.3545222014775877,5
111.29999999999367,0.3564002524854858,5
111.39999999999367,0.35829717542253353,5
111.49999999999366,0.3584570609604922,5
111.59999999999366,0.35874095447290594,5
111.69999999999365,0.35903602046457694,5
111.79999999999364,0.35928223798604064,5
111.89999999999364,0.3595233669734973,5
111.99999999999363,0.35999317424425054,5
112.09999999999363,0.3603920750368445,5
112.19999999999362,0.3608052338103128,5
112.29999999999362,0.36115681100325264,5
112.39999999999361,0.3616341439297402,5
112.4999999999936,0.3621191320973301,5
112.5999999999936,0.3625959797013344,5
112.6999999999936,0.3630761383102479,5
112.79999999999359,0.36355020397319443,5
112.89999999999358,0.3642741596681882,5
112.99999999999358,0.3649440654685396,5
113.09999999999357,0.3655267700946537,5
113.19999999999357,0.3661559444565383,5
113.29999999999356,0.3685096477068726,5
113.39999999999355,0.3708479088140142,5
113.49999999999355,0.3733209692744338,5
113.59999999999354,0.37575932360387476,5
113.69999999999354,0.38043700720475343,5
113.79999999999353,0.3851394143327752,5
113.89999999999353,0.3898110909172886,5
113.99999999999352,0.3943785882783717,5
114.09999999999351,0.3976247125756478,5
114.19999999999351,0.39890269263661227,5
114.2999999999935,0.4001801932453309,5
114.3999999999935,0.40143684475011954,5
114.49999999999349,0.40278669237486725,5
114.59999999999349,0.40645635688957665,5
114.69999999999348,0.4101260214044367,5
114.79999999999347,0.4136676766061022,5
114.89999999999347,0.4172452287251699,5
114.99999999999346,0.4200519874257984,5
115.09999999999346,0.42285874612637653,5
115.19999999999345,0.42565730207670305,5
115.29999999999345,0.42827767064408845,5
115.39999999999344,0.4311112924703763,5
115.49999999999343,0.43394491429667853,5
115.59999999999343,0.43696029353528587,5
115.69999999999342,0.4385779181796954,5
115.79999999999342,0.43993941960952815,5
115.89999999999341,0.44165167929405047,5
115.9999999999934,0.4434145615136137,5
116.0999999999934,0.4451638842394533,5
116.1999999999934,0.44677378689943464,5
116.29999999999339,0.45037524824731756,5
116.39999999999338,0.4541087087428644,5
116.49999999999338,0.45718871953992196,5
116.59999999999337,0.4602643175767083,5
116.69999999999337,0.46335574053411077,5
116.79999999999336,0.4665116200864425,5
116.89999999999336,0.4696503904900188,5
116.99999999999335,0.47303997834588873,5
117.09999999999334,0.4764294271276966,5
117.19999999999334,0.478672781875486,5
117.29999999999333,0.4806356233742545,5
117.39999999999333,0.48264177774598255,5
117.49999999999332,0.484643476337022,5
117.59999999999332,0.4866921905754767,5
117.69999999999331,0.4887409048139343,5
117.7999999999933,0.49074233300177206,5
117.8999999999933,0.4926959480758709,5
117.99999999999329,0.4947634121963505,5
118.09999999999329,0.4965598865676636,5
118.19999999999328,0.4983548129463203,5
118.29999999999328,0.5002808598971338,5
118.39999999999327,0.5019260147638094,5
118.49999999999326,0.5035763336954675,5
118.59999999999326,0.5052497368794321,5
118.69999999999325,0.5069468804073936,5
118.79999999999325,0.5087396899475973,5
118.89999999999324,0.5105340493439132,5
118.99999999999324,0.5123073118156519,5
119.09999999999323,0.5141847172912811,5
119.19999999999322,0.5162134455778965,5
119.29999999999322,0.5180740471080993,5
119.39999999999321,0.5199188998532052,5
119.49999999999321,0.5217085274890713,5
119.5999999999932,0.523514714315021,5
119.6999999999932,0.5252289908156886,5
119.79999999999319,0.5269359303307587,5
119.89999999999318,0.5286771852809978,5
119.99999999999318,0.5305116539897929,5
120.09999999999317,0.5321343545843713,5
120.19999999999317,0.533757055178935,5
120.29999999999316,0.535378144945853,5
120.39999999999316,0.5366577552965657,5
120.49999999999315,0.537938189604273,5
120.59999999999314,0.539188550109297,5
120.69999999999314,0.5404409938691445,5
120.79999999999313,0.5417047136903169,5
120.89999999999313,0.5429830423530694,5
120.99999999999312,0.5440422130401033,5
121.09999999999312,0.5450046218375405,5
121.19999999999311,0.5459780556793723,5
121.2999999999931,0.546915633733179,5
121.3999999999931,0.5485938285875938,5
121.4999999999931,0.5502434758613381,5
121.59999999999309,0.5518829488841368,5
121.69999999999308,0.5535004936779033,5
121.79999999999308,0.5550696379134439,5
121.89999999999307,0.5557224545124103,5
121.99999999999307,0.5563533663137121,5
122.09999999999306,0.5567286617756312,5
122.19999999999305,0.5571009746984676,5
122.29999999999305,0.5575134440687787,5
122.39999999999304,0.5579151924069747,5
122.49999999999304,0.5581635607126489,5
122.59999999999303,0.5584095822920234,5
122.69999999999303,0.556397693920726,5
122.79999999999302,0.55430654080781,5
122.89999999999301,0.5521803385458048,5
122.99999999999301,0.5499603814949825,5
123.099999999993,0.5476872613484725,5
123.199999999993,0.5474853338321323,5
123.29999999999299,0.5473013643158731,5
123.39999999999299,0.5469911057285813,5
123.49999999999298,0.5466808471412807,5
123.59999999999297,0.5440307716546109,5
123.69999999999297,0.5413806961677772,5
123.79999999999296,0.5387299886487029,5
123.89999999999296,0.5359678387413501,5
123.99999999999295,0.5353966689518833,5
124.09999999999295,0.5348270019102433,5
124.19999999999294,0.5342675419414911,5
124.29999999999293,0.5338862693556793,5
124.39999999999293,0.5332685768849558,5
124.49999999999292,0.5326733487001318,5
124.59999999999292,0.5318963631030054,5
124.69999999999291,0.5311654332003614,5
124.7999999999929,0.5305965085283083,5
124.8999999999929,0.5299316102450325,5
124.9999999999929,0.5291887996377784,5
125.09999999999289,0.5284453221662372,5
125.19999999999288,0.5278327931105158,5
125.29999999999288,0.5252287127753151,5
125.39999999999287,0.522450738864995,5
125.49999999999287,0.520224985090748,5
125.59999999999286,0.5180014267533302,5
125.69999999999285,0.5159101178292816,5
125.79999999999285,0.5137985262980046,5
125.89999999999284,0.5116896562656333,5
125.99999999999284,0.5092687159676952,5
126.09999999999283,0.506842226497586,5
126.19999999999283,0.5056859927593065,5
126.29999999999282,0.5048099532150904,5
126.39999999999281,0.5039175169428394,5
126.49999999999281,0.5031882479867431,5
126.5999999999928,0.5024440512640213,5
126.6999999999928,0.5016818322409847,5
126.79999999999279,0.5010485273061406,5
126.89999999999279,0.5004100188514758,5
126.99999999999278,0.49963729196821394,5
127.09999999999278,0.4990079716128582,5
127.19999999999277,0.49837112833554753,5
127.29999999999276,0.4977311608844349,5
127.39999999999276,0.4972525883083697,5
127.49999999999275,0.496761349094888,5
127.59999999999275,0.49621049421754737,5
127.69999999999274,0.4956323475030853,5
127.79999999999274,0.495051422613622,5
127.89999999999273,0.4944654093671665,5
127.99999999999272,0.4940144349394389,5
128.09999999999272,0.49354399639981184,5
128.1999999999927,0.4930895389859592,5
128.2999999999927,0.4927668060781666,5
128.3999999999927,0.4923080373297911,5
128.4999999999927,0.491994273112887,5
128.5999999999927,0.491691823936962,5
128.69999999999268,0.49139169587250187,5
128.79999999999268,0.491087633270544,5
128.89999999999267,0.49077802149643734,5
128.99999999999267,0.4905336088625116,5
129.09999999999266,0.49033773863406055,5
129.19999999999266,0.49047888925067723,5
129.29999999999265,0.4907036879149566,5
129.39999999999264,0.49118638426600547,5
129.49999999999264,0.491686820724999,5
129.59999999999263,0.4922100936397439,5
129.69999999999263,0.4927184085167754,5
129.79999999999262,0.49325672731858566,5
129.89999999999262,0.4937911491199234,5
129.9999999999926,0.49365505574903984,5
130.0999999999926,0.49361171015754,5
130.1999999999926,0.49364676810139657,5
130.2999999999926,0.4937229225699259,5
130.3999999999926,0.4930637009744928,5
130.49999999999258,0.4924172986749352,5
130.59999999999258,0.4917735556500336,5
130.69999999999257,0.49113277430937885,5
130.79999999999256,0.4903302281899804,5
130.89999999999256,0.4901711914645812,5
130.99999999999255,0.49010477539377184,5
131.09999999999255,0.4901279447127087,5
131.19999999999254,0.49015629350833906,5
131.29999999999254,0.4901418282657447,5
131.39999999999253,0.49013961494047614,5
131.49999999999253,0.49003082257881847,5
131.59999999999252,0.4898897750800314,5
131.6999999999925,0.4897267401570328,5
131.7999999999925,0.4897919969370551,5
131.8999999999925,0.48986006936295967,5
131.9999999999925,0.49001634740553046,5
132.0999999999925,0.49011405507593614,5
132.19999999999249,0.49010272056432813,5
132.29999999999248,0.4900668266791464,5
132.39999999999247,0.490102719105344,5
132.49999999999247,0.49013379252291306,5
132.59999999999246,0.4901600469318481,5
132.69999999999246,0.49017369705517033,5
132.79999999999245,0.4901679996375714,5
132.89999999999245,0.4902330037139994,5
132.99999999999244,0.49031387793053316,5
133.09999999999243,0.4903806451137835,5
133.19999999999243,0.49039966822406394,5
133.29999999999242,0.4903673666787448,5
133.39999999999242,0.4902950448464467,5
133.4999999999924,0.49018984426786594,5
133.5999999999924,0.49007909451713455,5
133.6999999999924,0.48991673989975953,5
133.7999999999924,0.48970426744428136,5
133.8999999999924,0.48946402234345976,5
133.99999999999238,0.4889787059692027,5
134.09999999999238,0.48830431717157374,5
134.19999999999237,0.488110299406037,5
134.29999999999237,0.4875677330626941,5
134.39999999999236,0.48705478935192836,5
134.49999999999235,0.4865746203576868,5
134.59999999999235,0.48608117188354133,5
134.69999999999234,0.4857586492964191,5
134.79999999999234,0.4853812699381578,5
134.89999999999233,0.4851192912699858,5
134.99999999999233,0.4849002086572991,5
135.09999999999232,0.484083142695388,5
135.19999999999231,0.48329774188570845,5
135.2999999999923,0.48247870077760135,5
135.3999999999923,0.48173907559600826,5
135.4999999999923,0.4807020975959234,5
135.5999999999923,0.47972113415904205,5
135.6999999999923,0.478658992234178,5
135.79999999999228,0.4775301800138375,5
135.89999999999227,0.4766017734196149,5
135.99999999999227,0.4756631633023513,5
136.09999999999226,0.47545980416864164,5
136.19999999999226,0.47525444735596284,5
136.29999999999225,0.4750466655449369,5
136.39999999999225,0.4746892715062142,5
136.49999999999224,0.4743490795695348,5
136.59999999999224,0.4740559934929497,5
136.69999999999223,0.47284840837615205,5
136.79999999999222,0.47161551859642803,5
136.89999999999222,0.4704169655946589,5
136.9999999999922,0.4689858476305161,5
137.0999999999922,0.4675670418732468,5
137.1999999999922,0.46616054832287046,5
137.2999999999922,0.4648046582030146,5
137.3999999999922,0.46379647065027524,5
137.49999999999218,0.4628608730829801,5
137.59999999999218,0.46208795078236375,5
137.69999999999217,0.46147044801620385,5
137.79999999999217,0.46088379715272393,5
137.89999999999216,0.4602922783469284,5
137.99999999999216,0.4595993487846223,5
138.09999999999215,0.45865713262389785,5
138.19999999999214,0.4573336033347072,5
138.29999999999214,0.45591948088196393,5
138.39999999999213,0.45458339098650447,5
138.49999999999213,0.45319963137595076,5
138.59999999999212,0.45181218435019604,5
138.69999999999212,0.45043206293518256,5
138.7999999999921,0.44905681468303793,5
138.8999999999921,0.44768156643089335,5
138.9999999999921,0.4466768714191368,5
139.0999999999921,0.44549703030385235,5
139.1999999999921,0.4442874878206333,5
139.29999999999208,0.44300283959267367,5
139.39999999999208,0.4417110519254558,5
139.49999999999207,0.44039560778364495,5
139.59999999999206,0.43905637393585695,5
139.69999999999206,0.43768642303563715,5
139.79999999999205,0.43628330671978527,5
139.89999999999205,0.43487863184772435,5
139.99999999999204,0.4333976919465748,5
140.09999999999204,0.4320535433099228,5
140.19999999999203,0.4306229710179955,5
140.29999999999202,0.4292258659327207,5
140.39999999999202,0.4274921317494308,5
140.499999999992,0.4263967639902848,5
140.599999999992,0.4253769393159873,5
140.699999999992,0.4243030751009771,5
140.799999999992,0.4223004746581961,5
140.899999999992,0.4205495725434081,5
140.99999999999199,0.4186421821165581,5
141.09999999999198,0.41678667201115227,5
141.19999999999197,0.41493160652165456,5
141.29999999999197,0.413109827445539,5
141.39999999999196,0.41133526441902013,5
141.49999999999196,0.4095599712289908,5
141.59999999999195,0.4075784955373455,5
141.69999999999195,0.40562566552329393,5
141.79999999999194,0.403320794164937,5
141.89999999999193,0.4010229779200153,5
141.99999999999193,0.39873034340742625,5
142.09999999999192,0.3963748933662858,5
142.19999999999192,0.39431185192298873,5
142.2999999999919,0.3922740839203199,5
142.3999999999919,0.39025190516492114,5
142.4999999999919,0.3880344538739221,5
142.5999999999919,0.3860538263070173,5
142.6999999999919,0.38403632925691045,5
142.79999999999188,0.3820989905454891,5
142.89999999999188,0.37985550817691627,5
142.99999999999187,0.37821470894330833,5
143.09999999999187,0.37678082668671553,5
143.19999999999186,0.3748610242258875,5
143.29999999999185,0.37320987468114586,5
143.39999999999185,0.3717213063659974,5
143.49999999999184,0.37029631391898754,5
143.59999999999184,0.368876856342951,5
143.69999999999183,0.3671046085852152,5
143.79999999999183,0.3652467942172718,5
143.89999999999182,0.36325417684838757,5
143.99999999999181,0.3613343812609471,5
144.0999999999918,0.3600109292881665,5
144.1999999999918,0.3584778981545266,5
144.2999999999918,0.3578391799656837,5
144.3999999999918,0.35713025367173323,5
144.4999999999918,0.3565399998896968,5
144.59999999999178,0.35590717436435265,5
144.69999999999177,0.3554106621533418,5
144.79999999999177,0.3549165642657123,5
144.89999999999176,0.35385959334969697,5
144.99999999999176,0.3523684499131525,5
145.09999999999175,0.35040973961486516,5
145.19999999999175,0.34847223290374635,5
145.29999999999174,0.34653472619263,5
145.39999999999173,0.34457988766201486,5
145.49999999999173,0.34255322587831444,5
145.59999999999172,0.34055307595933115,5
145.69999999999172,0.34150110491714514,5
145.7999999999917,0.34250097459913303,5
145.8999999999917,0.3416078763609785,5
145.9999999999917,0.34086358028741626,5
146.0999999999917,0.3400648875835592,5
146.1999999999917,0.3392474196617482,5
146.29999999999168,0.3383589337650016,5
146.39999999999168,0.33726554638825734,5
146.49999999999167,0.3361089485142561,5
146.59999999999167,0.33494680072677707,5
146.69999999999166,0.3336719574304606,5
146.79999999999166,0.33254123918635115,5
146.89999999999165,0.33154216747191584,5
146.99999999999164,0.33053196056692885,5
147.09999999999164,0.3296647651181931,5
147.19999999999163,0.3287775554086278,5
147.29999999999163,0.32790625614500096,5
147.39999999999162,0.32711423195519446,5
147.49999999999162,0.326308219576815,5
147.5999999999916,0.32547984942129005,5
147.6999999999916,0.32467823362872594,5
147.7999999999916,0.32383870970235207,5
147.8999999999916,0.32299918577597475,5
147.9999999999916,0.3224055597001916,5
148.09999999999158,0.32205923622957433,5
148.19999999999158,0.32166145847195693,5
148.29999999999157,0.3213326586693212,5
148.39999999999156,0.32100487051619064,5
148.49999999999156,0.3206168374911861,5
148.59999999999155,0.32010222438662594,5
148.69999999999155,0.31965636657361396,5
148.79999999999154,0.3193965500723128,5
148.89999999999154,0.3191278102068728,5
148.99999999999153,0.3189012753274617,5
149.09999999999152,0.3186762800385474,5
149.19999999999152,0.31864062420108996,5
149.2999999999915,0.3185252507943694,5
149.3999999999915,0.31880064062146946,5
149.4999999999915,0.31847207120111026,5
149.5999999999915,0.3181294745081596,5
149.6999999999915,0.317873693277238,5
149.79999999999148,0.31837486627857287,5
149.89999999999148,0.3188499979548797,5
149.99999999999147,0.32122527052508754,5
150.09999999999147,0.32372987824471927,5
150.19999999999146,0.326396560183034,5
150.29999999999146,0.3275014307923555,5
150.39999999999145,0.3286499665299275,5
150.49999999999145,0.32981637180001433,5
150.59999999999144,0.33120609894071407,5
150.69999999999143,0.3319849330172088,5
150.79999999999143,0.33312960680672954,5
150.89999999999142,0.3343593034480599,5
150.99999999999142,0.3355890000893976,5
151.0999999999914,0.33687046323107966,5
151.1999999999914,0.33791860563096177,5
151.2999999999914,0.33895249914458836,5
151.3999999999914,0.3400052745257721,5
151.4999999999914,0.3412798790753796,5
151.59999999999138,0.34230571977397917,5
151.69999999999138,0.3433770100461546,5
151.79999999999137,0.34436814197964616,5
151.89999999999137,0.34573297766284583,5
151.99999999999136,0.3467797859780383,5
152.09999999999135,0.3478750415659863,5
152.19999999999135,0.3489327114367814,5
152.29999999999134,0.3501890006060039,5
152.39999999999134,0.35125473644748934,5
152.49999999999133,0.3522874874708012,5
152.59999999999133,0.3527735057775707,5
152.69999999999132,0.35363438538172287,5
152.79999999999131,0.3546103152572506,5
152.8999999999913,0.35558203222348417,5
152.9999999999913,0.3564246924844919,5
153.0999999999913,0.35726899248005917,5
153.1999999999913,0.35867116861198756,5
153.2999999999913,0.358549369594648,5
153.39999999999128,0.3584292103117466,5
153.49999999999127,0.35831069076341615,5
153.59999999999127,0.3581669035538701,5
153.69999999999126,0.3579187244167993,5
153.79999999999126,0.3576827054478716,5
153.89999999999125,0.35858758044358763,5
153.99999999999125,0.3600512715320444,5
154.09999999999124,0.3613543616842409,5
154.19999999999123,0.3626616508920197,5
154.29999999999123,0.3639943427426021,5
154.39999999999122,0.3653258467967432,5
154.49999999999122,0.366749939804777,5
154.5999999999912,0.3681087921895099,5
154.6999999999912,0.36752624421228697,5
154.7999999999912,0.366890648832675,5
154.8999999999912,0.36810069938904527,5
154.9999999999912,0.3693211095200657,5
155.09999999999118,0.37066056269897646,5
155.19999999999118,0.37239965109616785,5
155.29999999999117,0.3740574533930115,5
155.39999999999117,0.3757184625933486,5
155.49999999999116,0.37722078457515434,5
155.59999999999116,0.3785336543927861,5
155.69999999999115,0.3798153439236305,5
155.79999999999114,0.3809580797513191,5
155.89999999999114,0.38167217907963735,5
155.99999999999113,0.38243222797338816,5
156.09999999999113,0.38324640064864496,5
156.19999999999112,0.3841383767510111,5
156.29999999999112,0.38502145588048514,5
156.3999999999911,0.38418437625818547,5
156.4999999999911,0.38342664537956117,5
156.5999999999911,0.3826568710998683,5
156.6999999999911,0.3834472079176385,5
156.7999999999911,0.3842681762272348,5
156.89999999999108,0.3850867410575775,5
156.99999999999108,0.38597995902387755,5
157.09999999999107,0.3867254979097944,5
157.19999999999106,0.38746289926166533,5
157.29999999999106,0.3881967522533966,5
157.39999999999105,0.3888693927434724,5
157.49999999999105,0.38903233894831946,5
157.59999999999104,0.3893593512894436,5
157.69999999999104,0.38807865424656235,5
157.79999999999103,0.38682320171165735,5
157.89999999999102,0.385599200118547,5
157.99999999999102,0.3849139575423461,5
158.099999999991,0.38457768296539674,5
158.199999999991,0.3841315020512711,5
158.299999999991,0.3837333895234587,5
158.399999999991,0.3833233952764789,5
158.499999999991,0.38299733288361704,5
158.59999999999098,0.38267224198806504,5
158.69999999999098,0.3823481225898155,5
158.79999999999097,0.381670967554541,5
158.89999999999097,0.38083463625754677,5
158.99999999999096,0.3781814706390622,5
159.09999999999096,0.3754605102616052,5
159.19999999999095,0.37257747566547117,5
159.29999999999094,0.37124063022694354,5
159.39999999999094,0.3701464498676076,5
159.49999999999093,0.3693219128685137,5
159.59999999999093,0.36876701922966443,5
159.69999999999092,0.3690873219991771,5
159.79999999999092,0.3694690610269996,5
159.8999999999909,0.3697484137650332,5
159.9999999999909,0.3700277665030575,5
160.0999999999909,0.370287116991634,5
160.1999999999909,0.3704914681338674,5
160.2999999999909,0.37097120479696877,5
160.39999999999088,0.3714128350689764,5
160.49999999999088,0.3716233509921726,5
160.59999999999087,0.37185162584298415,5
160.69999999999087,0.3721353597525806,5
160.79999999999086,0.3722245693618341,5
160.89999999999085,0.37228441811614177,5
160.99999999999085,0.3723179513436997,5
161.09999999999084,0.37170468236699317,5
161.19999999999084,0.3711289991073844,5
161.29999999999083,0.3704971270513931,5
161.39999999999083,0.3698721229301497,5
161.49999999999082,0.36971254731401926,5
161.5999999999908,0.3701627791205365,5
161.6999999999908,0.3702112508509262,5
161.7999999999908,0.3702912588885116,5
161.8999999999908,0.3703831590656411,5
161.9999999999908,0.370523170781172,5
162.09999999999079,0.37067086172694386,5
162.19999999999078,0.3705944332861222,5
162.29999999999077,0.37112539451256427,5
162.39999999999077,0.37174293028954664,5
162.49999999999076,0.3723801979706857,5
162.59999999999076,0.3730100863497611,5
162.69999999999075,0.3731934923849188,5
162.79999999999075,0.3733654375657443,5
162.89999999999074,0.37273206388472513,5
162.99999999999073,0.37201162090649975,5
163.09999999999073,0.3710811790095218,5
163.19999999999072,0.3701128238482213,5
163.29999999999072,0.3691533686802605,5
163.3999999999907,0.36827146856988835,5
163.4999999999907,0.3673361315792657,5
163.5999999999907,0.3671305123735401,5
163.6999999999907,0.366823338256644,5
163.7999999999907,0.3665043354010094,5
163.89999999999068,0.36621425687160714,5
163.99999999999068,0.3658564559213652,5
164.09999999999067,0.3654175781869156,5
164.19999999999067,0.36467754419836707,5
164.29999999999066,0.363952782251428,5
164.39999999999065,0.3632769363342152,5
164.49999999999065,0.3626655023526939,5
164.59999999999064,0.36218786591886915,5
164.69999999999064,0.36162336427309927,5
164.79999999999063,0.3610547106965943,5
164.89999999999063,0.36076670070588973,5
164.99999999999062,0.3604908193337621,5
165.09999999999062,0.3613973047504157,5
165.1999999999906,0.36226462314964253,5
165.2999999999906,0.3631309124811307,5
165.3999999999906,0.3656430007083723,5
165.4999999999906,0.36824860834607087,5
165.5999999999906,0.3697380497045391,5
165.69999999999058,0.3696406256024837,5
165.79999999999058,0.3698034388250725,5
165.89999999999057,0.36994205617203113,5
165.99999999999056,0.37013403095150116,5
166.09999999999056,0.37040394343401134,5
166.19999999999055,0.3706748763123343,5
166.29999999999055,0.3709058051147919,5
166.39999999999054,0.37150885509133635,5
166.49999999999054,0.3727191970503997,5
166.59999999999053,0.37387958943788924,5
166.69999999999052,0.37640410777295485,5
166.79999999999052,0.3789498262506002,5
166.8999999999905,0.38149477795791753,5
166.9999999999905,0.38462951765751485,5
167.0999999999905,0.3863033832395428,5
167.1999999999905,0.3879734295509878,5
167.2999999999905,0.3898075175390875,5
167.39999999999048,0.3915737217043658,5
167.49999999999048,0.39333895437233535,5
167.59999999999047,0.3950995448909543,5
167.69999999999047,0.3963627885640104,5
167.79999999999046,0.39799365459877123,5
167.89999999999046,0.39955803989228283,5
167.99999999999045,0.4011829925046782,5
168.09999999999044,0.40276463229485493,5
168.19999999999044,0.4049525424351522,5
168.29999999999043,0.40712431998710324,5
168.39999999999043,0.40903116711743037,5
168.49999999999042,0.41065050135500236,5
168.59999999999042,0.41179279992685436,5
168.6999999999904,0.41263982391514603,5
168.7999999999904,0.4134254116451789,5
168.8999999999904,0.4141821584868809,5
168.9999999999904,0.4162299318593525,5
169.0999999999904,0.4170691932305881,5
169.19999999999038,0.41795694433150177,5
169.29999999999038,0.4186040608406262,5
169.39999999999037,0.41928928374084656,5
169.49999999999037,0.42001196157862636,5
169.59999999999036,0.4207288206156917,5
169.69999999999035,0.42137430219726085,5
169.79999999999035,0.4223297132723177,5
169.89999999999034,0.4233663370796295,5
169.99999999999034,0.42453785209804396,5
170.09999999999033,0.4264054882233051,5
170.19999999999033,0.4283885295417812,5
170.29999999999032,0.43041889204093886,5
170.3999999999903,0.43220824640349526,5
170.4999999999903,0.4336409508497835,5
170.5999999999903,0.43500828161161104,5
170.6999999999903,0.436402511152188,5
170.7999999999903,0.4377623085310861,5
170.89999999999029,0.439123675411426,5
170.99999999999028,0.43954331127583945,5
171.09999999999027,0.4399552679099246,5
171.19999999999027,0.4401680679282867,5
171.29999999999026,0.44022773507311924,5
171.39999999999026,0.4402019176119614,5
171.49999999999025,0.4401563682466466,5
171.59999999999025,0.4400770424583357,5
171.69999999999024,0.44047613721727685,5
171.79999999999023,0.44087193457587703,5
171.89999999999023,0.4412933445851325,5
171.99999999999022,0.4416982313983248,5
172.09999999999022,0.44237337726423914,5
172.1999999999902,0.44288041121329497,5
172.2999999999902,0.4433246238813022,5
172.3999999999902,0.44369246928815953,5
172.4999999999902,0.4440046888731898,5
172.5999999999902,0.4436134417276675,5
172.69999999999018,0.4432401340815266,5
172.79999999999018,0.4428540449986434,5
172.89999999999017,0.44244896510756515,5
172.99999999999017,0.44206473085358244,5
173.09999999999016,0.4416360648527947,5
173.19999999999015,0.44109511002748303,5
173.29999999999015,0.4405313840071732,5
173.39999999999014,0.43992535647797054,5
173.49999999999014,0.43933757169624627,5
173.59999999999013,0.4384220088907515,5
173.69999999999013,0.4375892504696184,5
173.79999999999012,0.4367318703526785,5
173.89999999999011,0.43574767392477226,5
173.9999999999901,0.43475084970887384,5
174.0999999999901,0.43257531146549805,5
174.1999999999901,0.43095776015241033,5
174.2999999999901,0.42939139012369276,5
174.3999999999901,0.4278201048771725,5
174.49999999999008,0.4255426627012514,5
174.59999999999008,0.4243934302055692,5
174.69999999999007,0.4232441977099988,5
174.79999999999006,0.4217365072055702,5
174.89999999999006,0.42021178894563177,5
174.99999999999005,0.4186257084536081,5
175.09999999999005,0.41704013597801043,5
175.19999999999004,0.4153709223004114,5
175.29999999999004,0.4137441161779261,5
175.39999999999003,0.4118052565021288,5
175.49999999999002,0.4097698163991139,5
175.59999999999002,0.4083241626318701,5
175.69999999999,0.40716460727561066,5
175.79999999999,0.405983851776929,5
175.89999999999,0.4047990469691071,5
175.99999999999,0.40237295872602097,5
176.09999999999,0.40108517064801424,5
176.19999999998998,0.3998828178972854,5
176.29999999998998,0.39859102357974396,5
176.39999999998997,0.39689543181990133,5
176.49999999998997,0.39528984825665586,5
176.59999999998996,0.39377794354210505,5
176.69999999998996,0.3928297836679556,5
176.79999999998995,0.39192806125599444,5
176.89999999998994,0.39109684150016355,5
176.99999999998994,0.3902828901972325,5
177.09999999998993,0.3894562913112948,5
177.19999999998993,0.38801222231042337,5
177.29999999998992,0.38658935723592724,5
177.39999999998992,0.3845106320900468,5
177.4999999999899,0.38249522398881386,5
177.5999999999899,0.3806693386605494,5
177.6999999999899,0.3788528340075574,5
177.7999999999899,0.3770286960863366,5
177.8999999999899,0.3754521673399928,5
177.99999999998988,0.37259248116380494,5
178.09999999998988,0.37102684974532807,5
178.19999999998987,0.369935308775715,5
178.29999999998986,0.36899031730490317,5
178.39999999998986,0.3680453258341059,5
178.49999999998985,0.36726286734743363,5
178.59999999998985,0.3664810211381808,5
178.69999999998984,0.36570159747272946,5
178.79999999998984,0.36439588953007535,5
178.89999999998983,0.36312803924737314,5
178.99999999998983,0.36170304098303874,5
179.09999999998982,0.36020010522167445,5
179.1999999999898,0.35874423655789855,5
179.2999999999898,0.35715943113603166,5
179.3999999999898,0.3558367380141863,5
179.4999999999898,0.35443003760127245,5
179.5999999999898,0.3531353800971268,5
179.69999999998979,0.35188354055505366,5
179.79999999998978,0.3506073499028918,5
179.89999999998977,0.34932191051904565,5
179.99999999998977,0.3489486949192544,5
180.09999999998976,0.34877183843456205,5
180.19999999998976,0.3487916522538342,5
180.29999999998975,0.34899325695755257,5
180.39999999998975,0.34919377171678123,5
180.49999999998974,0.34945342084229186,5
180.59999999998973,0.34972841348125006,5
180.69999999998973,0.34994680230347164,5
180.79999999998972,0.35020137254564926,5
180.89999999998972,0.35058214164533885,5
180.9999999999897,0.3512374632606746,5
181.0999999999897,0.35184504971879527,5
181.1999999999897,0.35261690394877265,5
181.2999999999897,0.3534172768236526,5
181.3999999999897,0.35418990621743685,5
181.49999999998968,0.3550794867379582,5
181.59999999998968,0.355993800214098,5
181.69999999998967,0.3569147543415673,5
181.79999999998967,0.3580301395092654,5
181.89999999998966,0.35919258835934315,5
181.99999999998965,0.36035214136363003,5
182.09999999998965,0.36155612611472365,5
182.19999999998964,0.36271139789839746,5
182.29999999998964,0.36378045820088023,5
182.39999999998963,0.364851070540834,5
182.49999999998963,0.365791225359436,5
182.59999999998962,0.36658094876312325,5
182.69999999998961,0.3680661941180146,5
182.7999999999896,0.36959353650736454,5
182.8999999999896,0.37128638487246585,5
182.9999999999896,0.3729911510255549,5
183.0999999999896,0.37518476161484604,5
183.1999999999896,0.376831369934636,5
183.29999999998958,0.3784222085084854,5
183.39999999998957,0.37927671193110996,5
183.49999999998957,0.3807340148597069,5
183.59999999998956,0.38266259712856826,5
183.69999999998956,0.38462523924579217,5
183.79999999998955,0.3866882193827189,5
183.89999999998955,0.38878976761388906,5
183.99999999998954,0.39086250685275037,5
184.09999999998954,0.39292248465835844,5
184.19999999998953,0.3940297289748461,5
184.29999999998952,0.3946604903189967,5
184.39999999998952,0.39529125166309764,5
184.4999999999895,0.3964271513185017,5
184.5999999999895,0.3970232142098119,5
184.6999999999895,0.3975524202382389,5
184.7999999999895,0.39810303056299023,5
184.8999999999895,0.3986674515974013,5
184.99999999998948,0.3992654322528112,5
185.09999999998948,0.3999863619641691,5
185.19999999998947,0.4000821939766559,5
185.29999999998947,0.40010771090433295,5
185.39999999998946,0.4001397473854265,5
185.49999999998946,0.40008177566988345,5
185.59999999998945,0.40043816724246656,5
185.69999999998944,0.4007959756847249,5
185.79999999998944,0.4011520678326235,5
185.89999999998943,0.40147791653713005,5
185.99999999998943,0.4017653752035503,5
186.09999999998942,0.40205337341942676,5
186.19999999998942,0.4023586909347941,5
186.2999999999894,0.40257959830600826,5
186.3999999999894,0.403529884829925,5
186.4999999999894,0.4044856406709715,5
186.5999999999894,0.40541183409727244,5
186.6999999999894,0.4063433040892591,5
186.79999999998938,0.40729483131492944,5
186.89999999998938,0.4078926548708582,5
186.99999999998937,0.40836532996255415,5
187.09999999998936,0.4086774210943032,5
187.19999999998936,0.40834383088322956,5
187.29999999998935,0.4077464118100374,5
187.39999999998935,0.4070964584363462,5
187.49999999998934,0.40633866078186964,5
187.59999999998934,0.4055448755905354,5
187.69999999998933,0.4047618294063004,5
187.79999999998932,0.4040009065960919,5
187.89999999998932,0.403129328548668,5
187.9999999999893,0.4023325433104758,5
188.0999999999893,0.40118185580805726,5
188.1999999999893,0.39992123205356006,5
188.2999999999893,0.39872667590270244,5
188.3999999999893,0.3978084421169027,5
188.49999999998929,0.39752647173685524,5
188.59999999998928,0.39719689105818734,5
188.69999999998927,0.3967825864374751,5
188.79999999998927,0.3963703958080808,5
188.89999999998926,0.3959582051786866,5
188.99999999998926,0.39548497264656246,5
189.09999999998925,0.394815380999427,5
189.19999999998925,0.3940240980751917,5
189.29999999998924,0.39325470078441926,5
189.39999999998923,0.3924478877085104,5
189.49999999998923,0.39154904063710244,5
189.59999999998922,0.3906018798183083,5
189.69999999998922,0.39003142668184604,5
189.7999999999892,0.38943232719255116,5
189.8999999999892,0.38862752718433835,5
189.9999999999892,0.38754817466047153,5
190.0999999999892,0.38641917068130677,5
190.1999999999892,0.3846884721101772,5
190.29999999998918,0.3834650793186061,5
190.39999999998918,0.38226943000818814,5
190.49999999998917,0.38102590521636653,5
190.59999999998917,0.37975576917466103,5
190.69999999998916,0.37846833073976505,5
190.79999999998915,0.37713968669882114,5
190.89999999998915,0.37576382952238957,5
190.99999999998914,0.3743422562611546,5
191.09999999998914,0.37290946652126317,5
191.19999999998913,0.371536479374012,5
191.29999999998913,0.3702339768796371,5
191.39999999998912,0.3689201335565185,5
191.49999999998911,0.36770410371333406,5
191.5999999999891,0.36690582514373904,5
191.6999999999891,0.36560852478214645,5
191.7999999999891,0.3642814932758844,5
191.8999999999891,0.3629369864310469,5
191.9999999999891,0.36156155803175205,5
192.09999999998908,0.3594379623717238,5
192.19999999998907,0.3573324101952084,5
192.29999999998907,0.3552268580186956,5
192.39999999998906,0.35385794799109344,5
192.49999999998906,0.35261851965027435,5
192.59999999998905,0.3510315060114389,5
192.69999999998905,0.3494107395219477,5
192.79999999998904,0.3478103456982188,5
192.89999999998903,0.34621501089064405,5
192.99999999998903,0.3446981784665551,5
193.09999999998902,0.3433523586875179,5
193.19999999998902,0.3428753288230143,5
193.299999999989,0.3430561021457482,5
193.399999999989,0.3433512511666737,5
193.499999999989,0.3433522180016157,5
193.599999999989,0.3433531848365253,5
193.699999999989,0.34335998415638724,5
193.79999999998898,0.34337581407304774,5
193.89999999998898,0.34315275834507053,5
193.99999999998897,0.3429489937625214,5
194.09999999998897,0.34267544693387697,5
194.19999999998896,0.342941643639589,5
194.29999999998896,0.34337195306392715,5
194.39999999998895,0.34415286134315204,5
194.49999999998894,0.34493216563700063,5
194.59999999998894,0.34520709844607894,5
194.69999999998893,0.34575285107167597,5
194.79999999998893,0.3462135638042863,5
194.89999999998892,0.3466340173241536,5
194.99999999998892,0.3470882068499792,5
195.0999999999889,0.3476218309298032,5
195.1999999999889,0.3482196843748181,5
195.2999999999889,0.3487594803307027,5
195.3999999999889,0.3492627802898286,5
195.4999999999889,0.3497181010119689,5
195.59999999998888,0.3502091549655304,5
195.69999999998888,0.3507157394781909,5
195.79999999998887,0.3512307071501835,5
195.89999999998886,0.3519379225160769,5
195.99999999998886,0.35292198661117646,5
196.09999999998885,0.35401919830087203,5
196.19999999998885,0.35528396124701195,5
196.29999999998884,0.35648032418247,5
196.39999999998884,0.357718711265518,5
196.49999999998883,0.3591026509549024,5
196.59999999998882,0.3605636049575235,5
196.69999999998882,0.3621244060934155,5
196.7999999999888,0.3641022361823788,5
196.8999999999888,0.366058082272263,5
196.9999999999888,0.36795553504289197,5
197.0999999999888,0.37001944944813925,5
197.1999999999888,0.37203082781470354,5
197.29999999998878,0.3739896701425597,5
197.39999999998878,0.3754386651533407,5
197.49999999998877,0.3762308383698804,5
197.59999999998877,0.37700897159554814,5
197.69999999998876,0.3777839618103037,5
197.79999999998876,0.37845117089256675,5
197.89999999998875,0.37905790510534476,5
197.99999999998875,0.37968740376571375,5
198.09999999998874,0.38067645844084186,5
198.19999999998873,0.3816655131160105,5
198.29999999998873,0.38265640700799836,5
198.39999999998872,0.3836928409174256,5
198.49999999998872,0.38463135290373096,5
198.5999999999887,0.38560790374569226,5
198.6999999999887,0.3862685017490485,5
198.7999999999887,0.3869099503711789,5
198.8999999999887,0.38770859963781507,5
198.9999999999887,0.3884362091833794,5
199.09999999998868,0.38914243046311414,5
199.19999999998868,0.39039324311037193,5
199.29999999998867,0.3910632919871178,5
199.39999999998867,0.391737064277733,5
199.49999999998866,0.3924347718972533,5
199.59999999998865,0.3931322443654832,5
199.69999999998865,0.3938315560505326,5
199.79999999998864,0.39446600983030955,5
199.89999999998864,0.3950820937338303,5
199.99999999998863,0.39574573293896637,5
200.09999999998863,0.3964152427862882,5
200.19999999998862,0.39695521258057137,5
200.29999999998861,0.39754178027026166,5
200.3999999999886,0.3980016796996386,5
200.4999999999886,0.3985876858892885,5
200.5999999999886,0.39909500685988375,5
200.6999999999886,0.39943346617542397,5
200.7999999999886,0.3996144933118432,5
200.89999999998858,0.3997845168223684,5
200.99999999998857,0.39994583290719354,5
201.09999999998857,0.4002023177046931,5
201.19999999998856,0.40045173453708854,5
201.29999999998856,0.4008805703250327,5
201.39999999998855,0.40139520532506906,5
201.49999999998855,0.40158429742743734,5
201.59999999998854,0.40164062223792774,5
201.69999999998853,0.4017132620174818,5
201.79999999998853,0.4017676544917143,5
201.89999999998852,0.40179032955033944,5
201.99999999998852,0.4019389580994125,5
202.0999999999885,0.40163063557442225,5
202.1999999999885,0.4016879982205749,5
202.2999999999885,0.40136882886163444,5
202.3999999999885,0.4009371230213515,5
202.4999999999885,0.40039270720774034,5
202.59999999998848,0.39989354859394644,5
202.69999999998848,0.39938665331994905,5
202.79999999998847,0.3986639724342435,5
202.89999999998847,0.3981711825629614,5
202.99999999998846,0.3977106207501349,5
203.09999999998846,0.3971693531997991,5
203.19999999998845,0.39662750009178166,5
203.29999999998844,0.39591253963500966,5
203.39999999998844,0.3952113009370816,5
203.49999999998843,0.3944585830866906,5
203.59999999998843,0.3937691448426938,5
203.69999999998842,0.39277289536330284,5
203.79999999998842,0.39199775645338014,5
203.8999999999884,0.3912195679405116,5
203.9999999999884,0.39044137942764273,5
204.0999999999884,0.3895776368260996,5
204.1999999999884,0.38868170196749424,5
204.2999999999884,0.3878812200267849,5
204.39999999998838,0.38710082888152886,5
204.49999999998838,0.3862515508251321,5
204.59999999998837,0.38539610195204643,5
204.69999999998836,0.3844596774180205,5
204.79999999998836,0.38350244575920184,5
204.89999999998835,0.38256770483896013,5
204.99999999998835,0.38147540470523567,5
205.09999999998834,0.3803696324907687,5
205.19999999998834,0.3792575165752673,5
205.29999999998833,0.37839002458320076,5
205.39999999998832,0.3776798577991195,5
205.49999999998832,0.376935733584448,5
205.5999999999883,0.3762328779464079,5
205.6999999999883,0.3756484220635511,5
205.7999999999883,0.3748128984720986,5
205.8999999999883,0.3741902606563869,5
205.9999999999883,0.37376986350738506,5
206.09999999998828,0.37354205502510485,5
206.19999999998828,0.37380908473810237,5
206.29999999998827,0.373832871957731,5
206.39999999998827,0.3740935971033482,5
206.49999999998826,0.374382763151332,5
206.59999999998826,0.37461589811184837,5
206.69999999998825,0.37489749503724484,5
206.79999999998824,0.3753330913115674,5
206.89999999998824,0.37575921479734725,5
206.99999999998823,0.3763028304302698,5
207.09999999998823,0.3765955432882281,5
207.19999999998822,0.37687437395041495,5
207.29999999998822,0.37715477836977895,5
207.3999999999882,0.377435518864215,5
207.4999999999882,0.3778764701572529,5
207.5999999999882,0.3781298041197756,5
207.6999999999882,0.37843312099417165,5
207.7999999999882,0.37875558724976344,5
207.89999999998818,0.3796269042340053,5
207.99999999998818,0.3805989134759822,5
208.09999999998817,0.3816422919846041,5
208.19999999998817,0.3823970134161569,5
208.29999999998816,0.3832844069092817,5
208.39999999998815,0.38426350075358806,5
208.49999999998815,0.3852596861689745,5
208.59999999998814,0.38635993288983467,5
208.69999999998814,0.38790998899969353,5
208.79999999998813,0.38939628775617086,5
208.89999999998813,0.39108056154255755,5
208.99999999998812,0.39276689918548646,5
209.0999999999881,0.39388553786787867,5
209.1999999999881,0.3952105437841273,5
209.2999999999881,0.39656391699088883,5
209.3999999999881,0.39806322256788695,5
209.4999999999881,0.3993877584721583,5
209.59999999998809,0.40087094857773203,5
209.69999999998808,0.40236649848996464,5
209.79999999998807,0.40406336900734086,5
209.89999999998807,0.40578544217407686,5
209.99999999998806,0.40752672839291204,5
210.09999999998806,0.4095050138707901,5
210.19999999998805,0.411481460131877,5
210.29999999998805,0.4143123487400014,5
210.39999999998804,0.4171003962826833,5
210.49999999998803,0.4200870216283845,5
210.59999999998803,0.4230890173125131,5
210.69999999998802,0.4260743910298692,5
210.79999999998802,0.4289028916394731,5
210.899999999988,0.4314963472155961,5
210.999999999988,0.43367099195767755,5
211.099999999988,0.4360250378119462,5
211.199999999988,0.43818695552898557,5
211.299999999988,0.4405440850362291,5
211.39999999998798,0.44288683586427613,5
211.49999999998798,0.4452187526281427,5
211.59999999998797,0.44749624385280284,5
211.69999999998797,0.4497664709133377,5
211.79999999998796,0.4522021232175101,5
211.89999999998795,0.4546386087853086,5
211.99999999998795,0.4569611175342356,5
212.09999999998794,0.4592724216118693,5
212.19999999998794,0.4616220944071757,5
212.29999999998793,0.4639605625312065,5
212.39999999998793,0.4663364799661432,5
212.49999999998792,0.46874580458876836,5
212.59999999998792,0.47090811269012545,5
212.6999999999879,0.4730179498983206,5
212.7999999999879,0.47476519286660046,5
212.8999999999879,0.47669039527366125,5
212.9999999999879,0.47859591334743445,5
213.0999999999879,0.48034260479116897,5
213.19999999998788,0.4820399349207952,5
213.29999999998788,0.4837756287291849,5
213.39999999998787,0.48544739979634316,5
213.49999999998786,0.4869686845240893,5
213.59999999998786,0.4883762796869687,5
213.69999999998785,0.4898656296619695,5
213.79999999998785,0.4911428867349389,5
213.89999999998784,0.49225940005427454,5
213.99999999998784,0.4933626985499105,5
214.09999999998783,0.4944682644549891,5
214.19999999998782,0.4955626256887885,5
214.29999999998782,0.4965868377018684,5
214.3999999999878,0.4972624872246903,5
214.4999999999878,0.4983947617096217,5
214.5999999999878,0.49945001572654746,5
214.6999999999878,0.5002734142403031,5
214.7999999999878,0.5013118218494508,5
214.89999999998778,0.5021431271568162,5
214.99999999998778,0.5027702637078695,5
215.09999999998777,0.5024669423853196,5
215.19999999998777,0.5019892567357076,5
215.29999999998776,0.5018256684965999,5
215.39999999998776,0.5016474626122529,5
215.49999999998775,0.5015147421664713,5
215.59999999998774,0.5013787544959557,5
215.69999999998774,0.5012281491801623,5
215.79999999998773,0.5010224966142103,5
215.89999999998773,0.5002235653262936,5
215.99999999998772,0.4993564120893538,5
216.09999999998772,0.49832541446991785,5
216.1999999999877,0.4974171957646991,5
216.2999999999877,0.4965055640854977,5
216.3999999999877,0.49563601832312676,5
216.4999999999877,0.49473708331449906,5
216.5999999999877,0.49384778593832274,5
216.69999999998768,0.49294773443104944,5
216.79999999998768,0.4920612707055646,5
216.89999999998767,0.49076594815664915,5
216.99999999998766,0.48942658521329124,5
217.09999999998766,0.4881961434606253,5
217.19999999998765,0.4873923659346455,5
217.29999999998765,0.48640886755417057,5
217.39999999998764,0.48525483987468104,5
217.49999999998764,0.48407337307698645,5
217.59999999998763,0.48308543340453297,5
217.69999999998763,0.4816594329080893,5
217.79999999998762,0.48021029138617494,5
217.8999999999876,0.4785963229623957,5
217.9999999999876,0.47707553177508516,5
218.0999999999876,0.4761254794021875,5
218.1999999999876,0.47511236659669276,5
218.2999999999876,0.4741888787218837,5
218.39999999998759,0.47341071685377434,5
218.49999999998758,0.4728234186678564,5
218.59999999998757,0.4720779259970828,5
218.69999999998757,0.4712504554563626,5
218.79999999998756,0.47039135229563456,5
218.89999999998756,0.4695632072747659,5
218.99999999998755,0.4684394093970575,5
219.09999999998755,0.46720402046434695,5
219.19999999998754,0.4659753288089662,5
219.29999999998753,0.4636570960303299,5
219.39999999998753,0.4612965253165619,5
219.49999999998752,0.45894265188013234,5
219.59999999998752,0.4565891786323163,5
219.6999999999875,0.454242402661844,5
219.7999999999875,0.4520738210083669,5
219.8999999999875,0.45019516223004274,5
219.9999999999875,0.4485569830045647,5
220.0999999999875,0.44727360245797776,5
220.19999999998748,0.44599691918877893,5
220.29999999998748,0.44467889410386013,5
220.39999999998747,0.4433801057586807,5
220.49999999998747,0.4420971830302225,5
220.59999999998746,0.4408301259184853,5
220.69999999998745,0.43958857681237173,5
220.79999999998745,0.4384510691896259,5
220.89999999998744,0.43708408050220215,5
220.99999999998744,0.43582321852613937,5
221.09999999998743,0.43458025849871323,5
221.19999999998743,0.43333954480638487,5
221.29999999998742,0.43207958623349746,5
221.39999999998741,0.43084600088814645,5
221.4999999999874,0.4297349940603062,5
221.5999999999874,0.42874195897773915,5
221.6999999999874,0.4277420594009277,5
221.7999999999874,0.426857263569974,5
221.8999999999874,0.42578157739720324,5
221.99999999998738,0.42470782240437355,5
222.09999999998738,0.4238300798149807,5
222.19999999998737,0.42294578874354843,5
222.29999999998736,0.42203119162895686,5
222.39999999998736,0.42111181867966163,5
222.49999999998735,0.42036008547604836,5
222.59999999998735,0.41962858809131454,5
222.69999999998734,0.4188877682190622,5
222.79999999998734,0.4183501335596195,5
222.89999999998733,0.4179018953533095,5
222.99999999998732,0.4174781743959863,5
223.09999999998732,0.4170500531433725,5
223.1999999999873,0.41661753159546455,5
223.2999999999873,0.4161806097522625,5
223.3999999999873,0.4159230309612247,5
223.4999999999873,0.41506191453207775,5
223.5999999999873,0.41417223315718027,5
223.69999999998728,0.41322811817028554,5
223.79999999998728,0.4122691107702153,5
223.89999999998727,0.4112854871447572,5
223.99999999998727,0.41016530906683535,5
224.09999999998726,0.40992849737733306,5
224.19999999998726,0.40935740571255214,5
224.29999999998725,0.40862861777094894,5
224.39999999998724,0.4079604058281848,5
224.49999999998724,0.4071959130729913,5
224.59999999998723,0.4064329011768482,5
224.69999999998723,0.4056654544421338,5
224.79999999998722,0.4048032212544033,5
224.89999999998722,0.40460656036849213,5
224.9999999999872,0.4044234500757895,5
225.0999999999872,0.40423364905302617,5
225.1999999999872,0.4039059895377278,5
225.2999999999872,0.4035470223265293,5
225.3999999999872,0.4030642854238362,5
225.49999999998718,0.40247994873832715,5
225.59999999998718,0.40205255894670844,5
225.69999999998717,0.40165584036487856,5
225.79999999998716,0.4012186460428472,5
225.89999999998716,0.4006378690368857,5
225.99999999998715,0.4000445919303006,5
226.09999999998715,0.39934648382494,5
226.19999999998714,0.3985869446603335,5
226.29999999998714,0.3978833546380608,5
226.39999999998713,0.39725928988715364,5
226.49999999998712,0.3966260570919339,5
226.59999999998712,0.39573545110660485,5
226.6999999999871,0.39483125733945335,5
226.7999999999871,0.39424984760291415,5
226.8999999999871,0.39368545953647155,5
226.9999999999871,0.3930353608238969,5
227.0999999999871,0.39238756809391495,5
227.19999999998709,0.3916949774650503,5
227.29999999998708,0.3908428618060329,5
227.39999999998707,0.38984440729029063,5
227.49999999998707,0.3887235833014345,5
227.59999999998706,0.3877032968375608,5
227.69999999998706,0.3867525852775192,5
227.79999999998705,0.38579390454545354,5
227.89999999998705,0.3847955752820154,5
227.99999999998704,0.3841032060582103,5
228.09999999998703,0.38349120578704615,5
228.19999999998703,0.38293028416574043,5
228.29999999998702,0.3824328727513344,5
228.39999999998702,0.3819948935289522,5
228.499999999987,0.3815559608951609,5
228.599999999987,0.3811155575540572,5
228.699999999987,0.3806675218171215,5
228.799999999987,0.38027866432081936,5
228.899999999987,0.3797068448013953,5
228.99999999998698,0.3791383532059014,5
229.09999999998698,0.37833214448247576,5
229.19999999998697,0.3776305373521013,5
229.29999999998697,0.37697575725544075,5
229.39999999998696,0.3765079409212545,5
229.49999999998695,0.37603164484575996,5
229.59999999998695,0.37562623440513415,5
229.69999999998694,0.3738148925698114,5
229.79999999998694,0.3718833474861681,5
229.89999999998693,0.3701721991616604,5
229.99999999998693,0.3684461025179059,5
230.09999999998692,0.3668222452936374,5
230.19999999998691,0.36515857125017104,5
230.2999999999869,0.3635445591954243,5
230.3999999999869,0.361988287685109,5
230.4999999999869,0.3603215436149815,5
230.5999999999869,0.35870411298193017,5
230.6999999999869,0.3568534221902206,5
230.79999999998688,0.35502891312175644,5
230.89999999998687,0.35299498198114554,5
230.99999999998687,0.3525380222025789,5
231.09999999998686,0.352033901322662,5
231.19999999998686,0.3521701429704731,5
231.29999999998685,0.3523076860391893,5
231.39999999998685,0.3524447578813623,5
231.49999999998684,0.3525963043710925,5
231.59999999998684,0.3527983518874415,5
231.69999999998683,0.35308453286551333,5
231.79999999998682,0.35307919795563575,5
231.89999999998682,0.35307772967286677,5
231.9999999999868,0.3534582085458394,5
232.0999999999868,0.3538542923854355,5
232.1999999999868,0.35436921229338286,5
232.2999999999868,0.354899737167919,5
232.3999999999868,0.35546225408098997,5
232.49999999998678,0.35611042334078724,5
232.59999999998678,0.3552909240737394,5
232.69999999998677,0.35414594333044264,5
232.79999999998677,0.35285965516059,5
232.89999999998676,0.3515898431847521,5
232.99999999998676,0.35084689714227535,5
233.09999999998675,0.35049095296252625,5
233.19999999998674,0.3505235314469786,5
233.29999999998674,0.35113018586274947,5
233.39999999998673,0.3515370763581161,5
233.49999999998673,0.3521238431041338,5
233.59999999998672,0.35326484650694207,5
233.69999999998672,0.3544796000609153,5
233.7999999999867,0.35520933127338644,5
233.8999999999867,0.3557445876073345,5
233.9999999999867,0.35624575682833254,5
234.0999999999867,0.3568088079220997,5
234.1999999999867,0.3574008207899138,5
234.29999999998668,0.3580205604420533,5
234.39999999998668,0.358766149534854,5
234.49999999998667,0.36021938629047245,5
234.59999999998666,0.3616437797280173,5
234.69999999998666,0.36292823357692894,5
234.79999999998665,0.3642386747232957,5
234.89999999998665,0.3655501852696296,5
234.99999999998664,0.36693250830688584,5
235.09999999998664,0.3668421658637463,5
235.19999999998663,0.3680925634059659,5
235.29999999998662,0.3695683090544664,5
235.39999999998662,0.3710070380746118,5
235.4999999999866,0.37249073785579284,5
235.5999999999866,0.37390765816124827,5
235.6999999999866,0.3741344254572664,5
235.7999999999866,0.3740883849161537,5
235.8999999999866,0.37406202608260913,5
235.99999999998658,0.3739225681788483,5
236.09999999998658,0.375039001532117,5
236.19999999998657,0.3761958707096732,5
236.29999999998657,0.3775748930751694,5
236.39999999998656,0.3789407292672526,5
236.49999999998656,0.3802115751531498,5
236.59999999998655,0.3813867696340646,5
236.69999999998655,0.3822698491280248,5
236.79999999998654,0.3830568174492235,5
236.89999999998653,0.3838431348552801,5
236.99999999998653,0.3847006777038372,5
237.09999999998652,0.385802432020394,5
237.19999999998652,0.3868962265513183,5
237.2999999999865,0.38798219069602324,5
237.3999999999865,0.3890184827578068,5
237.4999999999865,0.39004903095365684,5
237.5999999999865,0.3910183552552978,5
237.6999999999865,0.3920925465853039,5
237.79999999998648,0.39308439924862537,5
237.89999999998648,0.3942348135785617,5
237.99999999998647,0.39536810312851733,5
238.09999999998647,0.39655076513596726,5
238.19999999998646,0.39762544291075164,5
238.29999999998645,0.3987004700600616,5
238.39999999998645,0.39973555179978987,5
238.49999999998644,0.40077502800399734,5
238.59999999998644,0.40173692129599214,5
238.69999999998643,0.40408629724462336,5
238.79999999998643,0.406453408836306,5
238.89999999998642,0.4088287714699237,5
238.99999999998641,0.4118885118988545,5
239.0999999999864,0.41361287433676014,5
239.1999999999864,0.41532294510017487,5
239.2999999999864,0.41696199707344184,5
239.3999999999864,0.41853661122493085,5
239.4999999999864,0.4201187953689193,5
239.59999999998638,0.42179069861892904,5
239.69999999998637,0.4231881213093631,5
239.79999999998637,0.4264323550100396,5
239.89999999998636,0.4299019912890959,5
239.99999999998636,0.4318602760790222,5
240.09999999998635,0.4338545742652292,5
240.19999999998635,0.43518195593709547,5
240.29999999998634,0.43652578934139263,5
240.39999999998633,0.4378843972433982,5
240.49999999998633,0.4378589051636008,5
240.59999999998632,0.43795241363115817,5
240.69999999998632,0.4379507412875035,5
240.7999999999863,0.43822090214823783,5
240.8999999999863,0.4384973205100374,5
240.9999999999863,0.4383914161653436,5
241.0999999999863,0.438294867848228,5
241.1999999999863,0.4406294864205328,5
241.29999999998628,0.44280385376153897,5
241.39999999998628,0.4449686334469917,5
241.49999999998627,0.4472003576492768,5
241.59999999998627,0.45099711570229256,5
241.69999999998626,0.45518157421372346,5
241.79999999998626,0.45953001793504145,5
241.89999999998625,0.46431077393678144,5
241.99999999998624,0.4694587813629044,5
242.09999999998624,0.4739880166287758,5
242.19999999998623,0.4781425353375021,5
242.29999999998623,0.481809819474591,5
242.39999999998622,0.48562749620451406,5
242.49999999998622,0.48928765115531264,5
242.5999999999862,0.4923971911489075,5
242.6999999999862,0.4931046573973208,5
242.7999999999862,0.49446376095685346,5
242.8999999999862,0.4959492951313848,5
242.9999999999862,0.49755910956969523,5
243.09999999998618,0.49916892400802293,5
243.19999999998618,0.5008973358590323,5
243.29999999998617,0.5027479260343001,5
243.39999999998616,0.5080609742435092,5
243.49999999998616,0.5096354901203688,5
243.59999999998615,0.511095488317252,5
243.69999999998615,0.51265116711119,5
243.79999999998614,0.514350319969932,5
243.89999999998614,0.5162310370869354,5
243.99999999998613,0.5180678296714581,5
244.09999999998612,0.5249816815265296,5
244.19999999998612,0.5305452350701759,5
244.2999999999861,0.5356790166168147,5
244.3999999999861,0.540838954827146,5
244.4999999999861,0.5459430623118058,5
244.5999999999861,0.5512736278725822,5
244.6999999999861,0.557579166349665,5
244.79999999998608,0.5636553300628848,5
244.89999999998608,0.5696747623894576,5
244.99999999998607,0.5758960263011603,5
245.09999999998607,0.5808734281353671,5
245.19999999998606,0.5857451346339079,5
245.29999999998606,0.5903882477173307,5
245.39999999998605,0.5950397311108516,5
245.49999999998604,0.5997590192773489,5
245.59999999998604,0.6044718672166877,5
245.69999999998603,0.6094674140339293,5
245.79999999998603,0.6148087374924449,5
245.89999999998602,0.6199708077054381,5
245.99999999998602,0.6251591236523028,5
246.099999999986,0.6299400249695927,5
246.199999999986,0.634594544936504,5
246.299999999986,0.6392426246762284,5
246.399999999986,0.6438735768704642,5
246.499999999986,0.6484980888375296,5
246.59999999998598,0.6532169380354862,5
246.69999999998598,0.6578168827400537,5
246.79999999998597,0.6626073139193982,5
246.89999999998597,0.6670697232645002,5
246.99999999998596,0.6715635965935346,5
247.09999999998595,0.676002612247098,5
247.19999999998595,0.680530603352268,5
247.29999999998594,0.6850527598649299,5
247.39999999998594,0.6895146356701722,5
247.49999999998593,0.6939282579963887,5
247.59999999998593,0.6977992398571653,5
247.69999999998592,0.7015667460358748,5
247.7999999999859,0.7055382565381774,5
247.8999999999859,0.7094705440897675,5
247.9999999999859,0.7127267048879753,5
248.0999999999859,0.7172093069803686,5
248.1999999999859,0.7217059880713583,5
248.29999999998589,0.7258261720933102,5
248.39999999998588,0.7299613569782512,5
248.49999999998587,0.7341115427262352,5
248.59999999998587,0.7381366807928137,5
248.69999999998586,0.7426732524389862,5
248.79999999998586,0.7454045209905782,5
248.89999999998585,0.7481507904049571,5
248.99999999998585,0.7504703958942918,5
249.09999999998584,0.7527581567789485,5
249.19999999998583,0.7551052256666001,5
249.29999999998583,0.7575012148198403,5
249.39999999998582,0.7579928353696285,5
249.49999999998582,0.75997985773173,5
249.5999999999858,0.761913222241082,5
249.6999999999858,0.7652555110126239,5
249.7999999999858,0.7686231697326144,5
249.8999999999858,0.7720120019888739,5
249.9999999999858,0.7754102871934054,5
250.09999999998578,0.778860567762952,5
250.19999999998578,0.7798255609954173,5
250.29999999998577,0.7808625954342564,5
250.39999999998577,0.7805779916793204,5
250.49999999998576,0.7803007609250632,5
250.59999999998576,0.7799279219183005,5
250.69999999998575,0.7795624559123914,5
250.79999999998574,0.7792267952875691,5
250.89999999998574,0.7795753637980649,5
250.99999999998573,0.7789942584945997,5
251.09999999998573,0.7784091601687881,5
251.19999999998572,0.7778630010160985,5
251.29999999998572,0.7773286884572254,5
251.3999999999857,0.7771437702744114,5
251.4999999999857,0.7769706986854583,5
251.5999999999857,0.7769480647774244,5
251.6999999999857,0.7795072774142044,5
251.7999999999857,0.7821415502746435,5
251.89999999998568,0.7848729217121999,5
251.99999999998568,0.7874420648720348,5
252.09999999998567,0.7905361757717435,5
252.19999999998566,0.7935128549396205,5
252.29999999998566,0.7963904903363886,5
252.39999999998565,0.7957298999881931,5
252.49999999998565,0.7977353982824595,5
252.59999999998564,0.7999789806888927,5
252.69999999998564,0.8022603663638701,5
252.79999999998563,0.8043726312910454,5
252.89999999998562,0.8063042690652843,5
252.99999999998562,0.8081674470802873,5
253.0999999999856,0.8064218480120605,5
253.1999999999856,0.8046098720864718,5
253.2999999999856,0.80294731956586,5
253.3999999999856,0.801605266410137,5
253.4999999999856,0.80020471853699,5
253.59999999998558,0.7985823122837024,5
253.69999999998558,0.797215406278847,5
253.79999999998557,0.7963545121103663,5
253.89999999998557,0.7954083015810073,5
253.99999999998556,0.7943309331559462,5
254.09999999998556,0.7933344202837713,5
254.19999999998555,0.7924082074430245,5
254.29999999998554,0.7914573791123782,5
254.39999999998554,0.7903618665986486,5
254.49999999998553,0.7897458580768972,5
254.59999999998553,0.7891393592178513,5
254.69999999998552,0.788574605563037,5
254.79999999998552,0.7880341297939495,5
254.8999999999855,0.787525593387403,5
254.9999999999855,0.7869669035573501,5
255.0999999999855,0.7865662973536074,5
255.1999999999855,0.7862950359155744,5
255.2999999999855,0.7860829942616199,5
255.39999999998548,0.786255328445382,5
255.49999999998548,0.7861823578661487,5
255.59999999998547,0.7861681939306713,5
255.69999999998547,0.7861189786395417,5
255.79999999998546,0.7857947865380945,5
255.89999999998545,0.78596406111669,5
255.99999999998545,0.7867117181469292,5
256.09999999998547,0.7874593751772525,5
256.19999999998544,0.7884726836253078,5
256.2999999999854,0.7895131719677334,5
256.3999999999854,0.7905285332178196,5
256.49999999998545,0.7915895359464231,5
256.5999999999854,0.7932629731165696,5
256.6999999999854,0.7950422127913959,5
256.7999999999854,0.7964782555067842,5
256.8999999999854,0.7977118534422936,5
256.9999999999854,0.7992070725503339,5
257.09999999998536,0.8007025094092057,5
257.1999999999854,0.8021981640188727,5
257.2999999999854,0.804214358054014,5
257.39999999998537,0.8062096141201508,5
257.49999999998533,0.8081900870740357,5
257.59999999998536,0.810222558086623,5
257.6999999999854,0.8121512098439579,5
257.79999999998535,0.8140604880358785,5
257.8999999999853,0.8158536828506131,5
257.99999999998533,0.8180258926216094,5
258.09999999998536,0.8203211715453527,5
258.1999999999853,0.8225701431540038,5
258.2999999999853,0.8247704122478595,5
258.3999999999853,0.8288769449307717,5
258.49999999998533,0.8327233875509557,5
258.5999999999853,0.836504127540741,5
258.69999999998527,0.8388749445801768,5
258.7999999999853,0.8412491997947351,5
258.8999999999853,0.8436202972676176,5
258.9999999999853,0.846101090785169,5
259.09999999998524,0.8485912834697201,5
259.19999999998527,0.8510262254354608,5
259.2999999999853,0.8533206457567386,5
259.39999999998525,0.8568644969051148,5
259.4999999999852,0.8603862506111082,5
259.59999999998524,0.8639227849643353,5
259.69999999998527,0.8674458062519778,5
259.79999999998523,0.8710763907160924,5
259.8999999999852,0.8737149908320063,5
259.9999999999852,0.8765337049775621,5
260.09999999998524,0.8795079945649892,5
260.1999999999852,0.8824435627301105,5
260.2999999999852,0.8853675020522072,5
260.3999999999852,0.8876938125676022,5
260.4999999999852,0.8900084942398898,5
260.5999999999852,0.8922187491421265,5
260.69999999998515,0.8944952558597189,5
260.7999999999852,0.896636296259177,5
260.8999999999852,0.8987237878446074,5
260.99999999998516,0.9006948683947135,5
261.09999999998513,0.9022215265495545,5
261.19999999998515,0.9036616793135714,5
261.2999999999852,0.905310810369568,5
261.39999999998514,0.9068360628606973,5
261.4999999999851,0.9089626097193031,5
261.59999999998513,0.9112247548957961,5
261.69999999998515,0.9131180063158746,5
261.7999999999851,0.9150378050798537,5
261.8999999999851,0.9169575673994528,5
261.9999999999851,0.9188829792948223,5
262.09999999998513,0.9207950234267516,5
262.1999999999851,0.9227807358217737,5
262.29999999998506,0.924850388260892,5
262.3999999999851,0.9268944906589909,5
262.4999999999851,0.9287859839793813,5
262.5999999999851,0.9305090475125958,5
262.69999999998504,0.9320032357810017,5
262.79999999998506,0.9328196410661661,5
262.8999999999851,0.9337479268904983,5
262.99999999998505,0.9346815120227273,5
263.099999999985,0.9355404031491759,5
263.19999999998504,0.9362797667856103,5
263.29999999998506,0.9369886603738052,5
263.399999999985,0.9378891226291579,5
263.499999999985,0.9384729192459549,5
263.599999999985,0.9390860422316896,5
263.69999999998504,0.9398665826011389,5
263.799999999985,0.9403975000262251,5
263.89999999998497,0.9410400240817237,5
263.999999999985,0.9418446539224403,5
264.099999999985,0.9424164021463921,5
264.199999999985,0.9421677320724864,5
264.29999999998495,0.9418662824415662,5
264.39999999998497,0.9411868972000997,5
264.499999999985,0.9407592569487948,5
264.59999999998496,0.9402344701470214,5
264.6999999999849,0.9397514461681752,5
264.79999999998495,0.9394756983307436,5
264.89999999998497,0.9383259730454252,5
264.99999999998494,0.9365569317348262,5
265.0999999999849,0.934778420834531,5
265.1999999999849,0.9326324988375317,5
265.29999999998495,0.9304499273565423,5
265.3999999999849,0.9281927101270313,5
265.4999999999849,0.9259390861383021,5
265.5999999999849,0.9241527094717886,5
265.6999999999849,0.9222097186620333,5
265.7999999999849,0.9204242720849486,5
265.89999999998486,0.9188514365437312,5
265.9999999999849,0.9170169798299854,5
266.0999999999849,0.9153243744429117,5
266.19999999998487,0.9136315513050656,5
266.29999999998483,0.9118856966699875,5
266.39999999998486,0.9109331886861852,5
266.4999999999849,0.9100085389674621,5
266.59999999998485,0.9086896985793823,5
266.6999999999848,0.9074975250295945,5
266.79999999998483,0.905648126898331,5
266.89999999998486,0.9038998112811102,5
266.9999999999848,0.9021965749746595,5
267.0999999999848,0.9003200325559826,5
267.1999999999848,0.8984709594109604,5
267.29999999998483,0.8962989227053455,5
267.3999999999848,0.8941228310705018,5
267.49999999998477,0.8922149464372466,5
267.5999999999848,0.8903465372807936,5
267.6999999999848,0.8885096657974442,5
267.7999999999848,0.8866159674255354,5
267.89999999998474,0.8846963355448271,5
267.99999999998477,0.8826446176442337,5
268.0999999999848,0.8801655734699908,5
268.19999999998475,0.8777625783409787,5
268.2999999999847,0.8755702231412368,5
268.39999999998474,0.8734169774736008,5
268.49999999998477,0.871322692976291,5
268.59999999998473,0.8692703305445354,5
268.6999999999847,0.8672241081775068,5
268.7999999999847,0.8649738279655701,5
268.89999999998474,0.8630183286677795,5
268.9999999999847,0.8611123830904104,5
269.0999999999847,0.859291101142974,5
269.1999999999847,0.8571452700468669,5
269.2999999999847,0.8549951131902404,5
269.3999999999847,0.8528540269050578,5
269.49999999998465,0.8507494850897388,5
269.5999999999847,0.8485757538927672,5
269.6999999999847,0.8458875039589042,5
269.79999999998466,0.8432393163695326,5
269.89999999998463,0.8406462817566982,5
269.99999999998465,0.8382723517821636,5
270.0999999999847,0.8358671563845477,5
270.19999999998464,0.8335803050948358,5
270.2999999999846,0.8311866250123847,5
270.39999999998463,0.8289455336942059,5
270.49999999998465,0.8264154446422001,5
270.5999999999846,0.8236863418540807,5
270.6999999999846,0.8211088925263483,5
270.7999999999846,0.8185837269514551,5
270.89999999998463,0.8160585613765685,5
270.9999999999846,0.8135894421080586,5
271.09999999998456,0.8111994426418742,5
271.1999999999846,0.8087500604708854,5
271.2999999999846,0.8065143265436652,5
271.3999999999846,0.8038106067881428,5
271.49999999998454,0.801319015454404,5
271.59999999998456,0.7990619136982859,5
271.6999999999846,0.796979073632672,5
271.79999999998455,0.7952537506308919,5
271.8999999999845,0.7935568003962123,5
271.99999999998454,0.7918856065707341,5
272.09999999998456,0.7902623704132841,5
272.1999999999845,0.7886303072157832,5
272.2999999999845,0.7870597697835808,5
272.3999999999845,0.7855717423614407,5
272.49999999998454,0.7838252077436547,5
272.5999999999845,0.7820462773213774,5
272.69999999998447,0.7799994675292375,5
272.7999999999845,0.7779363064992444,5
272.8999999999845,0.7757884309347023,5
272.9999999999845,0.7734231087330901,5
273.09999999998445,0.7712505118773842,5
273.19999999998447,0.7698399134001226,5
273.2999999999845,0.7684293149229805,5
273.39999999998446,0.7670271374355717,5
273.4999999999844,0.7656249599481653,5
273.59999999998445,0.7642227824607579,5
273.69999999998447,0.7627582189997257,5
273.79999999998444,0.7612854469040828,5
273.8999999999844,0.7604555497771658,5
273.9999999999844,0.7595988455310169,5
274.09999999998445,0.7587516108744669,5
274.1999999999844,0.7578686969188138,5
274.2999999999844,0.7570350202778521,5
274.3999999999844,0.7560382336563869,5
274.4999999999844,0.7550378537941053,5
274.5999999999844,0.7535371128835313,5
274.69999999998436,0.7520409159650703,5
274.7999999999844,0.7505813992966377,5
274.8999999999844,0.7493060242127024,5
274.99999999998437,0.7480262009113898,5
275.09999999998433,0.7464868109105028,5
275.19999999998436,0.7449841011596015,5
275.2999999999844,0.7435248540224585,5
275.39999999998435,0.741126711149241,5
275.4999999999843,0.7387371725101545,5
275.59999999998433,0.7367782870396618,5
275.69999999998436,0.7349584483815772,5
275.7999999999843,0.7337629328510837,5
275.8999999999843,0.7324951999725559,5
275.9999999999843,0.7312188502824983,5
276.09999999998433,0.7300352243382965,5
276.1999999999843,0.7287299020256058,5
276.29999999998427,0.7278528617470494,5
276.3999999999843,0.7269796586469455,5
276.4999999999843,0.7259411573969586,5
276.5999999999843,0.724848023492006,5
276.69999999998424,0.723733638213008,5
276.79999999998427,0.722652221482964,5
276.8999999999843,0.7214271701168714,5
276.99999999998425,0.7204231682267885,5
277.0999999999842,0.7198529207840199,5
277.19999999998424,0.7192127643607448,5
277.29999999998427,0.7184247582604656,5
277.39999999998423,0.717669849994746,5
277.4999999999842,0.7168735463161521,5
277.5999999999842,0.7159345130079948,5
277.69999999998424,0.7149620724339985,5
277.7999999999842,0.7142332369332821,5
277.8999999999842,0.7131234014679915,5
277.9999999999842,0.7119353530184339,5
278.0999999999842,0.7106609829510665,5
278.1999999999842,0.7097109442815719,5
278.29999999998415,0.7086838407712349,5
278.3999999999842,0.7078472869995878,5
278.4999999999842,0.7070019171272696,5
278.59999999998416,0.7064665477732275,5
278.69999999998413,0.7060525641533177,5
278.79999999998415,0.7055983004380671,5
278.8999999999842,0.705020443133025,5
278.99999999998414,0.7042774785499559,5
279.0999999999841,0.7033759454881159,5
279.19999999998413,0.7024414080283259,5
279.29999999998415,0.7018611493628015,5
279.3999999999841,0.7014180064316691,5
279.4999999999841,0.7010913595140709,5
279.5999999999841,0.7007601326421278,5
279.69999999998413,0.700083607457743,5
279.7999999999841,0.6993309065029985,5
279.89999999998406,0.698577735086757,5
279.9999999999841,0.6978308570860958,5
280.0999999999841,0.6970177201406901,5
280.1999999999841,0.6962900138684172,5
280.29999999998404,0.6954070670901129,5
280.39999999998406,0.6946867878988325,5
280.4999999999841,0.6937726719807674,5
280.59999999998405,0.6928126215945488,5
280.699999999984,0.6918668646273193,5
280.79999999998404,0.6909379013389282,5
280.89999999998406,0.689960441332343,5
280.999999999984,0.6887298111945168,5
281.099999999984,0.6875841587236373,5
281.199999999984,0.6865549889163314,5
281.29999999998404,0.6853273742378501,5
281.399999999984,0.683958638657485,5
281.49999999998397,0.6826629879736815,5
281.599999999984,0.6813639811923029,5
281.699999999984,0.6800508271965471,5
281.799999999984,0.6787831453450709,5
281.89999999998395,0.6777829364827501,5
281.99999999998397,0.6768658505749988,5
282.099999999984,0.6760007667912208,5
282.19999999998396,0.675193325493922,5
282.2999999999839,0.6744801589117462,5
282.39999999998395,0.6738528460549646,5
282.49999999998397,0.6731063595526254,5
282.59999999998394,0.6724412834607654,5
282.6999999999839,0.6712047736048125,5
282.7999999999839,0.6698536865774811,5
282.89999999998395,0.668558659475208,5
282.9999999999839,0.6673085106163879,5
283.0999999999839,0.6664719864067817,5
283.1999999999839,0.6657727297700131,5
283.2999999999839,0.6649332522072675,5
283.3999999999839,0.6642894588451447,5
283.49999999998386,0.6630416723126835,5
283.5999999999839,0.6617843682360817,5
283.6999999999839,0.6607051528618852,5
283.79999999998387,0.6596376337149322,5
283.89999999998383,0.6584997390835552,5
283.99999999998386,0.6573466533311689,5
284.0999999999839,0.656206039393399,5
284.19999999998385,0.6550126626661891,5
284.2999999999838,0.6536942999777777,5
284.39999999998383,0.6524851046386857,5
284.49999999998386,0.651318977787803,5
284.5999999999838,0.6501224016842128,5
284.6999999999838,0.6487930097655885,5
284.7999999999838,0.6474966044647188,5
284.89999999998383,0.6461675776226861,5
284.9999999999838,0.6448908661364834,5
285.09999999998377,0.6435832421818145,5
285.1999999999838,0.6423779377177481,5
285.2999999999838,0.6410706538283399,5
285.3999999999838,0.639766926737906,5
285.49999999998374,0.6385315591493145,5
285.59999999998377,0.6373154070750824,5
285.6999999999838,0.6361829844272372,5
285.79999999998375,0.6349955440585908,5
285.8999999999837,0.6339526379482968,5
285.99999999998374,0.6334419372049325,5
286.09999999998377,0.6328540577283763,5
286.19999999998373,0.6322661782518078,5
286.2999999999837,0.6318442401923294,5
286.3999999999837,0.6315678629157129,5
286.49999999998374,0.6310943525186189,5
286.5999999999837,0.6308016892282587,5
286.6999999999837,0.6297177824328873,5
286.7999999999837,0.628718822860477,5
286.8999999999837,0.6276974506725365,5
286.9999999999837,0.6267045199976321,5
287.09999999998365,0.6261191974522748,5
287.1999999999837,0.6257055047219436,5
287.2999999999837,0.6254394083060634,5
287.39999999998366,0.6252870248702593,5
287.49999999998363,0.6251351150444809,5
287.59999999998365,0.6257475832078064,5
287.6999999999837,0.6264606708583614,5
287.79999999998364,0.6271004135754572,5
287.8999999999836,0.6280862032220642,5
287.99999999998363,0.6294048404059953,5
288.09999999998365,0.630794483837897,5
288.1999999999836,0.6321865270682204,5
288.2999999999836,0.6331025883634533,5
288.3999999999836,0.6338922315203195,5
288.49999999998363,0.6346357137906085,5
288.5999999999836,0.6347302035555653,5
288.69999999998356,0.6356243720914792,5
288.7999999999836,0.6366681880318543,5
288.8999999999836,0.6377285815338898,5
288.9999999999836,0.6387894454974113,5
289.09999999998354,0.639823459871767,5
289.19999999998356,0.6408305750987057,5
289.2999999999836,0.6422231222717831,5
289.39999999998355,0.6436324785895466,5
289.4999999999835,0.6452410872346077,5
289.59999999998354,0.6468917408327153,5
289.69999999998356,0.6480713933306268,5
289.7999999999835,0.6493048240095878,5
289.8999999999835,0.6511145539709957,5
289.9999999999835,0.6523096519260487,5
290.09999999998354,0.6533882220887379,5
290.1999999999835,0.6545022731513573,5
290.29999999998347,0.6558073224015478,5
290.3999999999835,0.6571082810657299,5
290.4999999999835,0.6584602654327343,5
290.5999999999835,0.6608656797070783,5
290.69999999998345,0.663365767564394,5
290.79999999998347,0.6648440958542909,5
290.8999999999835,0.6661709784460139,5
290.99999999998346,0.667420935637539,5
291.0999999999834,0.6686225269644783,5
291.19999999998345,0.66977371702127,5
291.29999999998347,0.6708469593381379,5
291.39999999998344,0.6728955762651586,5
291.4999999999834,0.6751719565569027,5
291.5999999999834,0.6772671098501474,5
291.69999999998345,0.6800083283390237,5
291.7999999999834,0.6828125220078072,5
291.8999999999834,0.6855890047062492,5
291.9999999999834,0.6883608702118775,5
292.0999999999834,0.6907459895785385,5
292.1999999999834,0.6931140325067406,5
292.29999999998336,0.6956663046676829,5
292.3999999999834,0.6980180280906285,5
292.4999999999834,0.7009028553071905,5
292.59999999998337,0.7037605198178541,5
292.69999999998333,0.7066038034122178,5
292.79999999998336,0.709375870174511,5
292.8999999999834,0.7107630418769344,5
292.99999999998334,0.7120444541151307,5
293.0999999999833,0.7135295850601563,5
293.19999999998333,0.7150713204875985,5
293.29999999998336,0.7150496320066012,5
293.3999999999833,0.7150440633603463,5
293.4999999999833,0.7162922717550082,5
293.5999999999833,0.7159637969580893,5
293.69999999998333,0.7156290911635941,5
293.7999999999833,0.7152886175875449,5
293.89999999998327,0.7150741391369747,5
293.9999999999833,0.7147706650805647,5
294.0999999999833,0.7160382125684907,5
294.1999999999833,0.7187619014338344,5
294.29999999998324,0.7217756358167089,5
294.39999999998327,0.7244851294834107,5
294.4999999999833,0.7271885947612572,5
294.59999999998325,0.7299313143580782,5
294.6999999999832,0.7326158999095399,5
294.79999999998324,0.7353791437706221,5
294.89999999998327,0.738206978375036,5
294.99999999998323,0.73709275829915,5
295.0999999999832,0.7359954814376934,5
295.1999999999832,0.7348340198572558,5
295.29999999998324,0.7335427986091517,5
295.3999999999832,0.7321099371771141,5
295.4999999999832,0.7308711817743673,5
295.5999999999832,0.7310581386217788,5
295.6999999999832,0.7303486470908037,5
295.7999999999832,0.7292818375051643,5
295.89999999998315,0.7282150279194644,5
295.9999999999832,0.7289276454329217,5
296.0999999999832,0.7290814398488268,5
296.19999999998316,0.729171033568933,5
296.29999999998313,0.7308645302186805,5
296.39999999998315,0.7308696301471789,5
296.4999999999832,0.7309021991155387,5
296.59999999998314,0.7303007631679188,5
296.6999999999831,0.7296877054795761,5
296.79999999998313,0.7291978767127294,5
296.89999999998315,0.7284525902082413,5
296.9999999999831,0.7289696907221691,5
297.0999999999831,0.7279829923658794,5
297.1999999999831,0.7269938942109244,5
297.29999999998313,0.7261908934069982,5
297.3999999999831,0.7253954489543905,5
297.49999999998306,0.7246964861336245,5
297.5999999999831,0.7246383781899589,5
297.6999999999831,0.7258679160656902,5
297.7999999999831,0.726885273088654,5
297.89999999998304,0.7278857931129347,5
297.99999999998306,0.7288855832387153,5
298.0999999999831,0.7294843943720689,5
298.19999999998305,0.7300824756068576,5
298.299999999983,0.7302716053424718,5
298.39999999998304,0.730309945914837,5
298.49999999998306,0.7291600971212355,5
298.599999999983,0.7280294370104684,5
298.699999999983,0.7273690481014075,5
298.799999999983,0.7268131552970957,5
298.89999999998304,0.7263889543989394,5
298.999999999983,0.7268409829403502,5
299.09999999998297,0.7282383169243889,5
299.199999999983,0.7297110418171956,5
299.299999999983,0.7311996406955067,5
299.399999999983,0.7327041135593129,5
299.49999999998295,0.7341758252471517,5
299.59999999998297,0.7346405588396243,5
299.699999999983,0.7353011212697071,5
299.79999999998296,0.7369241098276005,5
299.8999999999829,0.7384301498315219,5
299.99999999998295,0.7399325535760363,5
300.09999999998297,0.7414313210611629,5
300.19999999998294,0.7429284876924704,5
300.2999999999829,0.7444640123932915,5
300.3999999999829,0.7448644404564333,5
300.49999999998295,0.744941883521885,5
300.5999999999829,0.7452608927380058,5
300.6999999999829,0.7456479291388206,5
300.7999999999829,0.7459220408913105,5
300.8999999999829,0.746255016374248,5
300.9999999999829,0.7465857326096941,5
301.09999999998286,0.746645992471812,5
301.1999999999829,0.7458500385680438,5
301.2999999999829,0.7453612045467757,5
301.39999999998287,0.7450601512745723,5
301.49999999998283,0.7457115104846078,5
301.59999999998286,0.7463628696948066,5
301.6999999999829,0.7470023735192205,5
301.79999999998284,0.7471181091874063,5
301.8999999999828,0.7485033024099838,5
301.99999999998283,0.7499668870221745,5
302.09999999998286,0.751295818749697,5
302.1999999999828,0.7525757744834505,5
302.2999999999828,0.7554219596564682,5
302.3999999999828,0.7583533420684936,5
302.49999999998283,0.7599427446506256,5
302.5999999999828,0.7630941453762169,5
302.69999999998277,0.7662370920512981,5
302.7999999999828,0.7693764271416477,5
302.8999999999828,0.7723814247033618,5
302.9999999999828,0.7753828106803192,5
303.09999999998274,0.7770756332790045,5
303.19999999998277,0.7770124994377686,5
303.2999999999828,0.7769499986135809,5
303.39999999998275,0.7774824170402549,5
303.4999999999827,0.778014835467031,5
303.59999999998274,0.7784949498286535,5
303.69999999998277,0.7779605398440312,5
303.79999999998273,0.7774261298592344,5
303.8999999999827,0.7768862862924333,5
303.9999999999827,0.7795352193791342,5
304.09999999998274,0.7820998883000161,5
304.1999999999827,0.7847032570208861,5
304.2999999999827,0.7874469604938031,5
304.3999999999827,0.7901389494538515,5
304.4999999999827,0.7928325525514104,5
304.5999999999827,0.7939672934138075,5
304.69999999998265,0.7969096901202807,5
304.7999999999827,0.7999475418725551,5
304.8999999999827,0.8029853936248479,5
304.99999999998266,0.8041578370180916,5
305.09999999998263,0.8055678169971197,5
305.19999999998265,0.8067978975215071,5
305.2999999999827,0.8063290125627589,5
305.39999999998264,0.8075238977089831,5
305.4999999999826,0.8087350920911197,5
305.59999999998263,0.8094725077552001,5
305.69999999998265,0.8102061247749136,5
305.7999999999826,0.8108066301629829,5
305.8999999999826,0.8114311929864317,5
305.9999999999826,0.8105619274847639,5
306.09999999998263,0.8112465459273297,5
306.1999999999826,0.8120116746714366,5
306.29999999998256,0.8126033624691142,5
306.3999999999826,0.8131865835219632,5
306.4999999999826,0.813532137743004,5
306.5999999999826,0.8138453154735471,5
306.69999999998254,0.8126381873170938,5
306.79999999998256,0.8118411477651206,5
306.8999999999826,0.8110252471565961,5
306.99999999998255,0.8102100764465663,5
307.0999999999825,0.8098232047796111,5
307.19999999998254,0.8094531223567607,5
307.29999999998256,0.8090837698324107,5
307.3999999999825,0.8089147262913897,5
307.4999999999825,0.8099321070090199,5
307.5999999999825,0.8109273212589467,5
307.69999999998254,0.8120198952034963,5
307.7999999999825,0.8128834739027951,5
307.89999999998247,0.813039061413485,5
307.9999999999825,0.8145714591092114,5
308.0999999999825,0.8139683884071387,5
308.1999999999825,0.8132973734797144,5
308.29999999998245,0.812564506621038,5
308.39999999998247,0.8119471999774633,5
308.4999999999825,0.8113920865451995,5
308.59999999998246,0.8109549947251381,5
308.6999999999824,0.8103078845324975,5
308.79999999998245,0.8097270047502467,5
308.89999999998247,0.8092131760283617,5
308.99999999998244,0.808699347306489,5
309.0999999999824,0.8081855185846163,5
309.1999999999824,0.8081346558791603,5
309.29999999998245,0.808029108129074,5
309.3999999999824,0.8077980832295572,5
309.4999999999824,0.8078320727748695,5
309.5999999999824,0.8077243127575449,5
309.6999999999824,0.8075562182681777,5
309.7999999999824,0.8074380732473336,5
309.89999999998236,0.8073846338922535,5
309.9999999999824,0.8074422298133939,5
310.0999999999824,0.8076529615754519,5
310.19999999998237,0.8087698350766723,5
310.29999999998233,0.8095199980216836,5
310.39999999998236,0.810256692653566,5
310.4999999999824,0.8104493463106801,5
310.59999999998234,0.8106513663867168,5
310.6999999999823,0.8109611694672955,5
310.79999999998233,0.8118175810589427,5
310.89999999998236,0.8126902456306977,5
310.9999999999823,0.8136563242084615,5
311.0999999999823,0.8147558320401004,5
311.1999999999823,0.8158714017703723,5
311.29999999998233,0.8170613767778828,5
311.3999999999823,0.8181999614009945,5
311.49999999998226,0.8193546079227051,5
311.5999999999823,0.8206811589925532,5
311.6999999999823,0.8219371375656672,5
311.7999999999823,0.823047862000489,5
311.89999999998224,0.8242667000986298,5
311.99999999998226,0.8254101232339751,5
312.0999999999823,0.8262461349918366,5
312.19999999998225,0.8274983667219511,5
312.2999999999822,0.828369728723137,5
312.39999999998224,0.828946855390629,5
312.49999999998226,0.829523982058068,5
312.59999999998223,0.8302472832129549,5
312.6999999999822,0.832070704817958,5
312.7999999999822,0.8347235160944668,5
312.89999999998224,0.8376734458525232,5
312.9999999999822,0.8406648506445535,5
313.0999999999822,0.8437221490786732,5
313.1999999999822,0.8466863943022075,5
313.2999999999822,0.8496386371321385,5
313.3999999999822,0.8528460936142942,5
313.49999999998215,0.855158748468203,5
313.5999999999822,0.857540578809974,5
313.6999999999822,0.8598857381619966,5
313.79999999998216,0.8622294702048107,5
313.89999999998213,0.8645717749384264,5
313.99999999998215,0.8669986336227391,5
314.0999999999822,0.8692556010286143,5
314.19999999998214,0.8715836114606887,5
314.2999999999821,0.8738223376795748,5
314.39999999998213,0.8760046757957893,5
314.49999999998215,0.8791093863210596,5
314.5999999999821,0.8822246117977744,5
314.6999999999821,0.8852914651599653,5
314.7999999999821,0.888389375406953,5
314.89999999998213,0.8914473123591964,5
314.9999999999821,0.8945200301015671,5
315.09999999998206,0.897565029219817,5
315.1999999999821,0.9007398266411839,5
315.2999999999821,0.9038079135056052,5
315.3999999999821,0.9056856596427177,5
315.49999999998204,0.9077869277196218,5
315.59999999998206,0.9099318625604234,5
315.6999999999821,0.9120330867286262,5
315.79999999998205,0.9138092204490202,5
315.899999999982,0.9155957340677453,5
315.99999999998204,0.917394168612136,5
316.09999999998206,0.918988473139032,5
316.199999999982,0.9218702516932252,5
316.299999999982,0.9247506029384487,5
316.399999999982,0.927580007054327,5
316.49999999998204,0.9303670678070531,5
316.599999999982,0.9330026246481896,5
316.69999999998197,0.9354701199051311,5
316.799999999982,0.9370716153894435,5
316.899999999982,0.9383336814836557,5
316.999999999982,0.9382090827815872,5
317.09999999998195,0.9406740727777783,5
317.19999999998197,0.9431376354652397,5
317.299999999982,0.9456495084322057,5
317.39999999998196,0.9480322795323335,5
317.4999999999819,0.9503644818131306,5
317.59999999998195,0.9525304524174821,5
317.69999999998197,0.9536603543118067,5
317.79999999998194,0.9546270450978673,5
317.8999999999819,0.9557712464334805,5
317.9999999999819,0.9570183946030554,5
318.09999999998195,0.958264115463449,5
318.1999999999819,0.9590454429982284,5
318.2999999999819,0.9597712773354952,5
318.3999999999819,0.9606866088253868,5
318.4999999999819,0.9609147380650841,5
318.5999999999819,0.9612644747518017,5
318.69999999998186,0.961698315242332,5
318.7999999999819,0.9627873983024591,5
318.8999999999819,0.9639727988332478,5
318.99999999998187,0.9650213287600712,5
319.09999999998183,0.9661588733998618,5
319.19999999998186,0.9671700205115024,5
319.2999999999819,0.9681348938015996,5
319.39999999998184,0.969152483022321,5
319.4999999999818,0.9701850377732774,5
319.59999999998183,0.9712067987960186,5
319.69999999998186,0.9713980207490026,5
319.7999999999818,0.9715878153926362,5
319.8999999999818,0.9717906578470904,5
319.9999999999818,0.9719359598482911,5
320.09999999998183,0.9728941095575474,5
320.1999999999818,0.9738745555447043,5
320.29999999998176,0.9747583144911968,5
320.3999999999818,0.9756330382806443,5
320.4999999999818,0.9766581455394603,5
320.5999999999818,0.9776829063874132,5
320.69999999998174,0.9787588501153361,5
320.79999999998176,0.979995370178861,5
320.8999999999818,0.9813137999772591,5
320.99999999998175,0.9827098290140158,5
321.0999999999817,0.9849863396833192,5
321.19999999998174,0.98732785435064,5
321.29999999998176,0.9897545761041455,5
321.39999999998173,0.9923316452608907,5
321.4999999999817,0.9946154260739611,5
321.5999999999817,0.9965229997086563,5
321.69999999998174,0.9985068367481513,5
321.7999999999817,0.9995577884831356,5
321.8999999999817,0.9999649778844889,5
321.9999999999817,1.000329288126457,5
322.0999999999817,1.000693598368417,5
322.1999999999817,1.0013010857073228,5
322.29999999998165,1.0016915763463694,5
322.3999999999817,1.0016056317705342,5
322.4999999999817,1.0024000420490344,5
322.59999999998166,1.0031831000374851,5
322.6999999999816,1.0034832109534642,5
322.79999999998165,1.0037833218693544,5
322.8999999999817,1.0042061609645765,5
322.99999999998164,1.0046290000598208,5
323.0999999999816,1.0053149638966283,5
323.1999999999816,1.0058535541030802,5
323.29999999998165,1.0064141869368828,5
323.3999999999816,1.007081233470262,5
323.4999999999816,1.0067421748229253,5
323.5999999999816,1.006809419131122,5
323.6999999999816,1.0069274068890075,5
323.7999999999816,1.0070961380965149,5
323.89999999998156,1.0070662510684596,5
323.9999999999816,1.0070908799940566,5
324.0999999999816,1.0071499110433104,5
324.19999999998157,1.0069972061789831,5
324.29999999998154,1.0069371281578008,5
324.39999999998156,1.0076647103170768,5
324.4999999999816,1.0083922924764983,5
324.59999999998155,1.0089172426114088,5
324.6999999999815,1.009484486927116,5
324.79999999998154,1.0100490067514039,5
324.89999999998156,1.0104603687891538,5
324.9999999999815,1.0101675058587072,5
325.0999999999815,1.0100898205790374,5
325.1999999999815,1.0087044501259208,5
325.29999999998154,1.0070823290262794,5
325.3999999999815,1.0051859895416757,5
325.49999999998147,1.0033323312182816,5
325.5999999999815,1.001626389808746,5
325.6999999999815,0.9999352368375323,5
325.7999999999815,0.9991976518252903,5
325.89999999998145,0.9987662184999323,5
325.99999999998147,0.9982895842535287,5
326.0999999999815,0.9960003239786838,5
326.19999999998146,0.9934983169496805,5
326.2999999999814,0.9909547960402062,5
326.39999999998145,0.9883100793103676,5
326.49999999998147,0.9856238487000784,5
326.59999999998143,0.9829413051304527,5
326.6999999999814,0.9812934029616187,5
326.7999999999814,0.9801490551616718,5
326.89999999998145,0.9788752037759831,5
326.9999999999814,0.9766185351283028,5
327.0999999999814,0.9743612544897122,5
327.1999999999814,0.9721033618603915,5
327.2999999999814,0.9697092419974389,5
327.3999999999814,0.9673145101437335,5
327.49999999998136,0.9652475951331179,5
327.5999999999814,0.9630662987133345,5
327.6999999999814,0.9607871821354781,5
327.79999999998137,0.9578507836881013,5
327.89999999998133,0.9546683303501136,5
327.99999999998136,0.951397218021271,5
328.0999999999814,0.94793671567442,5
328.19999999998134,0.9441747586977843,5
328.2999999999813,0.9404224523138496,5
328.39999999998133,0.9365432506841141,5
328.49999999998136,0.9323091942106935,5
328.5999999999813,0.9280641271757577,5
328.6999999999813,0.9245293783353793,5
328.7999999999813,0.9209836189336823,5
328.89999999998133,0.9172187369242696,5
328.9999999999813,0.9130896164232075,5
329.09999999998126,0.9082396684310658,5
329.1999999999813,0.9033583890040037,5
329.2999999999813,0.8985374773418325,5
329.3999999999813,0.8937294127930169,5
329.49999999998124,0.8888548814674024,5
329.59999999998126,0.8838158187461103,5
329.6999999999813,0.8784980274002434,5
329.79999999998125,0.8729363573192972,5
329.8999999999812,0.8672861564810045,5
329.99999999998124,0.861542003105974,5
330.09999999998126,0.8549551262190457,5
330.19999999998123,0.848208627171427,5
330.2999999999812,0.8415046470194667,5
330.3999999999812,0.8346488921550845,5
330.49999999998124,0.8281399503472523,5
330.5999999999812,0.8216866257704687,5
330.6999999999812,0.8150339149448949,5
330.7999999999812,0.8084832724433003,5
330.8999999999812,0.8023513632871122,5
330.9999999999812,0.7962194541310103,5
331.09999999998115,0.7900402207692899,5
331.1999999999812,0.7836987479609154,5
331.2999999999812,0.7775076898972031,5
331.39999999998116,0.7715717227050921,5
331.4999999999811,0.765671022489878,5
331.59999999998115,0.7597939981489236,5
331.6999999999812,0.7541908428988258,5
331.79999999998114,0.7485876876487862,5
331.8999999999811,0.7428152133293415,5
331.9999999999811,0.7370427390098647,5
332.09999999998115,0.7314513231624831,5
332.1999999999811,0.7266968505541211,5
332.2999999999811,0.7222985553578194,5
332.3999999999811,0.717808335012158,5
332.4999999999811,0.7133282221232261,5
332.5999999999811,0.7083610045351245,5
332.69999999998106,0.7033937869469281,5
332.7999999999811,0.698451311212415,5
332.8999999999811,0.6926718017611834,5
332.99999999998107,0.6877556553901493,5
333.09999999998104,0.6828148607072311,5
333.19999999998106,0.6778988078779856,5
333.2999999999811,0.6730074969024304,5
333.39999999998105,0.6685020835002676,5
333.499999999981,0.6641332889389441,5
333.59999999998104,0.6601272773565088,5
333.69999999998106,0.6551386706649102,5
333.799999999981,0.6502315452254065,5
333.899999999981,0.6455856945058767,5
333.999999999981,0.6416309522097277,5
334.09999999998104,0.6376899672746547,5
334.199999999981,0.633731554907453,5
334.29999999998097,0.630009893186532,5
334.399999999981,0.6270607567550518,5
334.499999999981,0.623934168029908,5
334.599999999981,0.6207708718251248,5
334.69999999998095,0.6177225369121079,5
334.79999999998097,0.6146559274630103,5
334.899999999981,0.6117575481825038,5
334.99999999998096,0.6089043698231346,5
335.0999999999809,0.6065593382454495,5
335.19999999998095,0.6044077728845407,5
335.29999999998097,0.6024318247150315,5
335.39999999998093,0.600774102266519,5
335.4999999999809,0.5992109566293419,5
335.5999999999809,0.5977200711686792,5
335.69999999998095,0.5962291857080292,5
335.7999999999809,0.5943441605625077,5
335.8999999999809,0.5931562342626542,5
335.9999999999809,0.5929984516059872,5
336.0999999999809,0.5928412809402446,5
336.1999999999809,0.5926847222652295,5
336.29999999998086,0.5925902583747085,5
336.3999999999809,0.5924964064749269,5
336.4999999999809,0.5930437058251506,5
336.59999999998087,0.5946758354956498,5
336.69999999998083,0.5963085771570849,5
336.79999999998086,0.5979344429406079,5
336.8999999999809,0.5996161101791029,5
336.99999999998084,0.6014016314641506,5
337.0999999999808,0.6035343635763792,5
337.19999999998083,0.605937352774276,5
337.29999999998086,0.6083709932988492,5
337.3999999999808,0.6122805403753843,5
337.4999999999808,0.6161910673257206,5
337.5999999999808,0.6200315382533199,5
337.69999999998083,0.6238836799217922,5
337.7999999999808,0.627747492331147,5
337.89999999998076,0.6318310875276503,5
337.9999999999808,0.6361230763810249,5
338.0999999999808,0.6401866968311929,5
338.1999999999808,0.6442509774607502,5
338.29999999998074,0.6483456574260469,5
338.39999999998076,0.652427098037691,5
338.4999999999808,0.6564151945594181,5
338.59999999998075,0.6603729477047942,5
338.6999999999807,0.664665404728774,5
338.79999999998074,0.6694720414310384,5
338.89999999998076,0.6742847287086625,5
338.99999999998073,0.6787171331479367,5
339.0999999999807,0.68314532682003,5
339.1999999999807,0.68756930972502,5
339.29999999998074,0.6919476153869669,5
339.3999999999807,0.6963227627015499,5
339.4999999999807,0.7006436181734881,5
339.5999999999807,0.7055320893270849,5
339.6999999999807,0.7104212206602276,5
339.7999999999807,0.715311012172798,5
339.89999999998065,0.7200960463306837,5
339.9999999999807,0.7243799326766467,5
340.0999999999807,0.7287118034075646,5
340.19999999998066,0.7330883839514318,5
340.2999999999806,0.7375322066299519,5
340.39999999998065,0.7419589441379097,5
340.4999999999807,0.7462613444260189,5
340.59999999998064,0.7505407290192785,5
340.6999999999806,0.7549785387592692,5
340.7999999999806,0.7594170086787239,5
340.89999999998065,0.7638706849809495,5
340.9999999999806,0.7683250214626061,5
341.0999999999806,0.7725090932380607,5
341.1999999999806,0.7760042555843227,5
341.2999999999806,0.7792383540642123,5
341.3999999999806,0.7829731955624191,5
341.49999999998056,0.7867080370607206,5
341.5999999999806,0.789475983561319,5
341.6999999999806,0.792243930061731,5
341.79999999998057,0.794386542139516,5
341.89999999998054,0.7975720204055075,5
341.99999999998056,0.7995896663136881,5
342.0999999999806,0.8016202197595514,5
342.19999999998055,0.8035823318172651,5
342.2999999999805,0.8045112425316947,5
342.39999999998054,0.8054401532459243,5
342.49999999998056,0.8062149953746307,5
342.5999999999805,0.8068228149233727,5
342.6999999999805,0.8084146659510155,5
342.7999999999805,0.8099209393385935,5
342.89999999998054,0.8113268795402637,5
342.9999999999805,0.8117096801603608,5
343.09999999998047,0.8118264765330879,5
343.1999999999805,0.8119634248293215,5
343.2999999999805,0.8121003731255587,5
343.3999999999805,0.8117390145173156,5
343.49999999998045,0.8115551082027872,5
343.59999999998047,0.8113926482356101,5
343.6999999999805,0.8106065754021292,5
343.79999999998046,0.810024202629906,5
343.8999999999804,0.8094575139386336,5
343.99999999998045,0.8090743356183406,5
344.09999999998047,0.8086188749388649,5
344.19999999998043,0.8080593528474298,5
344.2999999999804,0.8073694144857155,5
344.3999999999804,0.8057981526642927,5
344.49999999998045,0.804012209226179,5
344.5999999999804,0.8020197547249686,5
344.6999999999804,0.7997724484564874,5
344.7999999999804,0.7973598364616091,5
344.8999999999804,0.7942712685387945,5
344.9999999999804,0.7910310000916352,5
345.09999999998035,0.787379808031208,5
345.1999999999804,0.7836996416973104,5
345.2999999999804,0.7800971188548892,5
345.39999999998037,0.7765032580787741,5
345.49999999998033,0.7725795607556332,5
345.59999999998035,0.7675663555365475,5
345.6999999999804,0.7625571260886305,5
345.79999999998034,0.7572958580199243,5
345.8999999999803,0.7520373915249001,5
345.99999999998033,0.7467773623581249,5
346.09999999998035,0.7413548260872742,5
346.1999999999803,0.7359668940129966,5
346.2999999999803,0.7305627278260106,5
346.3999999999803,0.7237016653816927,5
346.49999999998033,0.7167157601583973,5
346.5999999999803,0.7098243018402511,5
346.69999999998026,0.7029402762900481,5
346.7999999999803,0.6960636835077748,5
346.8999999999803,0.6893755405742461,5
346.9999999999803,0.6828610419739579,5
347.09999999998024,0.6763839949821291,5
347.19999999998026,0.6698703520778887,5
347.2999999999803,0.6630659921968074,5
347.39999999998025,0.6562620245559877,5
347.4999999999802,0.6494143489029203,5
347.59999999998024,0.6425970166261712,5
347.69999999998026,0.6361605241351423,5
347.79999999998023,0.6295018244254311,5
347.8999999999802,0.6228946082604583,5
347.9999999999802,0.6167616274705592,5
348.09999999998024,0.6106060792665561,5
348.1999999999802,0.6044547418296562,5
348.2999999999802,0.5983065627401157,5
348.3999999999802,0.5920761555224235,5
348.4999999999802,0.5860903511957845,5
348.5999999999802,0.579931941397303,5
348.69999999998015,0.5738182785740886,5
348.7999999999802,0.5676999207468024,5
348.8999999999802,0.5615594479633093,5
348.99999999998016,0.5558871831445132,5
349.0999999999801,0.5502142581463764,5
349.19999999998015,0.5438488380936071,5
349.2999999999802,0.5376524929483301,5
349.39999999998014,0.5315171886890073,5
349.4999999999801,0.5260255798761097,5
349.5999999999801,0.5205333108839031,5
349.69999999998015,0.5150403817122599,5
349.7999999999801,0.5096407259886467,5
349.8999999999801,0.5051394991199071,5
349.9999999999801,0.5011647478547835,5
350.0999999999801,0.4965763164662351,5
350.1999999999801,0.4919872248981316,5
350.29999999998006,0.48751122843502015,5
350.3999999999801,0.48268308906867335,5
350.4999999999801,0.477854949702259,5
350.59999999998007,0.47430947134508095,5
350.69999999998004,0.47077442900064526,5
350.79999999998006,0.46826554007422316,5
350.8999999999801,0.4658911924010273,5
350.99999999998005,0.46367748454818836,5
351.09999999998,0.46146448576743493,5
351.19999999998004,0.4593040683925607,5
351.29999999998006,0.45870439577877853,5
351.39999999998,0.45818599399436477,5
351.49999999998,0.4555659125221614,5
351.59999999998,0.4554137071009345,5
351.69999999998004,0.4552177711296598,5
351.79999999998,0.4550286560377851,5
351.89999999997997,0.45475636470918807,5
351.99999999998,0.45568361685045,5
352.09999999998,0.4570611422856567,5
352.19999999998,0.45849838557564626,5
352.29999999997995,0.4598759110109542,5
352.39999999997997,0.4612552759409619,5
352.49999999998,0.46004751526229165,5
352.59999999997996,0.45880200046192493,5
352.6999999999799,0.4582151241631247,5
352.79999999997995,0.4573959001881479,5
352.89999999997997,0.45642461235765364,5
352.99999999997993,0.45526981415615475,5
353.0999999999799,0.45405632623906583,5
353.1999999999799,0.45350053830254095,5
353.29999999997995,0.4562551033995271,5
353.3999999999799,0.4604712376382256,5
353.4999999999799,0.4648801975294975,5
353.5999999999799,0.4696415844445214,5
353.6999999999799,0.47472296608590464,5
353.7999999999799,0.47999717337962877,5
353.89999999997985,0.48527775768149245,5
353.9999999999799,0.49058586190929354,5
354.0999999999799,0.49634224987245856,5
354.19999999997987,0.49809856560488497,5
354.29999999997983,0.5047830824516395,5
354.39999999997985,0.5114864571590385,5
354.4999999999799,0.5181675479120387,5
354.59999999997984,0.5248446628936445,5
354.6999999999798,0.5315178021038678,5
354.79999999997983,0.538498922417452,5
354.89999999997985,0.5454847290260074,5
354.9999999999798,0.5524795861749473,5
355.0999999999798,0.5600295003345078,5
355.1999999999798,0.5677922652649787,5
355.29999999997983,0.5758591527284379,5
355.3999999999798,0.5839815056496551,5
355.49999999997976,0.5922259921995088,5
355.5999999999798,0.6004580189892315,5
355.6999999999798,0.6077434807117545,5
355.7999999999798,0.615019928925897,5
355.89999999997974,0.6221072671118627,5
355.99999999997976,0.6239719697916777,5
356.0999999999798,0.6258762343694599,5
356.19999999997975,0.6271129793507068,5
356.2999999999797,0.6282385266975249,5
356.39999999997974,0.6293642377986002,5
356.49999999997976,0.6305338853979671,5
356.59999999997973,0.6317035329973423,5
356.6999999999797,0.6324486364165625,5
356.7999999999797,0.6331325081894913,5
356.89999999997974,0.6385073777929217,5
356.9999999999797,0.6446945253044588,5
357.0999999999797,0.6510230026862474,5
357.1999999999797,0.6572386163177555,5
357.2999999999797,0.6633921980610681,5
357.3999999999797,0.6695183025295519,5
357.49999999997965,0.6758273218083952,5
357.5999999999797,0.6810058224452803,5
357.6999999999797,0.6861180753930225,5
357.79999999997966,0.6915987337902204,5
357.8999999999796,0.6970793921874965,5
357.99999999997965,0.7021981162939206,5
358.0999999999797,0.7071489208204975,5
358.19999999997964,0.7127550545340279,5
358.2999999999796,0.7181914531606297,5
358.3999999999796,0.7236502641333912,5
358.49999999997965,0.7285660410053331,5
358.5999999999796,0.7334818178771617,5
358.6999999999796,0.7387640165997619,5
358.7999999999796,0.7433877789817771,5
358.8999999999796,0.7470521570407375,5
358.9999999999796,0.7502264660001907,5
359.09999999997956,0.7539166605694975,5
359.1999999999796,0.7575145151635421,5
359.2999999999796,0.7608858433040925,5
359.39999999997957,0.7640701286841524,5
359.49999999997954,0.7671032393423068,5
359.59999999997956,0.7698566329046689,5
359.6999999999796,0.7725040941771856,5
359.79999999997955,0.774725994600606,5
359.8999999999795,0.7769287237485742,5
359.99999999997954,0.7793506703307566,5
360.09999999997956,0.7817637350415714,5
360.1999999999795,0.7841266937894946,5
360.2999999999795,0.7859373672659116,5
360.3999999999795,0.7863202583059425,5
360.49999999997954,0.7889325052305511,5
360.5999999999795,0.7888804840363194,5
360.69999999997947,0.7888284628415423,5
360.7999999999795,0.790083677196051,5
360.8999999999795,0.7914220677875518,5
360.9999999999795,0.7925838228007102,5
361.09999999997945,0.7937800493573095,5
361.19999999997947,0.7949290072834321,5
361.2999999999795,0.7957117885688906,5
361.39999999997946,0.7961452528480799,5
361.4999999999794,0.7991658427358599,5
361.59999999997945,0.8022027403980354,5
361.69999999997947,0.8051004623910675,5
361.79999999997943,0.8080268319989985,5
361.8999999999794,0.8109860524561728,5
361.9999999999794,0.8139452729133542,5
362.09999999997945,0.8170749814743583,5
362.1999999999794,0.8195291575729261,5
362.2999999999794,0.8188325267693859,5
362.3999999999794,0.8173423074238922,5
362.4999999999794,0.8161266042554678,5
362.5999999999794,0.8146927249499489,5
362.69999999997935,0.813223685793649,5
362.7999999999794,0.8117271267114061,5
362.8999999999794,0.8114676159235665,5
362.99999999997937,0.8111805852100465,5
363.09999999997933,0.8107413106512318,5
363.19999999997935,0.8130376973729465,5
363.2999999999794,0.8104564378259997,5
363.39999999997934,0.8078218120454912,5
363.4999999999793,0.8051460241245939,5
363.59999999997933,0.8024802245604675,5
363.69999999997935,0.7998424678402253,5
363.7999999999793,0.7971143605139701,5
363.8999999999793,0.7944096535850208,5
363.9999999999793,0.7915683505914457,5
364.09999999997933,0.7909800604386963,5
364.1999999999793,0.7901755128631682,5
364.29999999997926,0.789246856848122,5
364.3999999999793,0.7883164770866922,5
364.4999999999793,0.787440552496536,5
364.5999999999793,0.7874338082175547,5
364.69999999997924,0.7880257347613433,5
364.79999999997926,0.7885939176319867,5
364.8999999999793,0.7885952029632147,5
364.99999999997925,0.7931990375053088,5
365.0999999999792,0.7971513168015909,5
365.19999999997924,0.8011950580795204,5
365.29999999997926,0.8042080686958892,5
365.39999999997923,0.8066024248309034,5
365.4999999999792,0.8095500608232327,5
365.5999999999792,0.8124911994365563,5
365.69999999997924,0.8154399861695051,5
365.7999999999792,0.8184830877787637,5
365.8999999999792,0.8161776942162321,5
365.9999999999792,0.8130600227454311,5
366.0999999999792,0.8102530338456218,5
366.1999999999792,0.8077714924828306,5
366.29999999997915,0.805351983008277,5
366.3999999999792,0.8031398142957936,5
366.4999999999792,0.8002082435246278,5
366.59999999997916,0.7979704384260939,5
366.6999999999791,0.7957163678603703,5
366.79999999997915,0.7930626700509158,5
366.8999999999792,0.7903737156224747,5
366.99999999997914,0.7882967665623706,5
367.0999999999791,0.7863524804632652,5
367.1999999999791,0.7844386729715607,5
367.29999999997915,0.7830281485281305,5
367.3999999999791,0.7815637533190928,5
367.4999999999791,0.7801445365287683,5
367.5999999999791,0.7788147718001917,5
367.6999999999791,0.7769902452041259,5
367.7999999999791,0.7758510599017547,5
367.89999999997906,0.7748042145748969,5
367.9999999999791,0.7737203025644976,5
368.0999999999791,0.7727287305294616,5
368.19999999997907,0.7719532638582312,5
368.29999999997904,0.7710029486588893,5
368.39999999997906,0.7701602167327455,5
368.4999999999791,0.7694558911164538,5
368.59999999997905,0.7688342933654557,5
368.699999999979,0.7683817263312378,5
368.79999999997904,0.767912076904935,5
368.89999999997906,0.767317249422962,5
368.999999999979,0.7667812996311281,5
369.099999999979,0.7663724473311959,5
369.199999999979,0.7660065246112534,5
369.29999999997904,0.7679376563745478,5
369.399999999979,0.7709221031935742,5
369.49999999997897,0.773439870991387,5
369.599999999979,0.7759440796283713,5
369.699999999979,0.7781550917133935,5
369.799999999979,0.7788320582451501,5
369.89999999997895,0.7792158282246244,5
369.99999999997897,0.7793346006804186,5
370.099999999979,0.7790129085121402,5
370.19999999997896,0.7783890108470515,5
370.2999999999789,0.7781958752658926,5
370.39999999997895,0.7783550847849556,5
370.49999999997897,0.7785191618927427,5
370.59999999997893,0.7786668920593665,5
370.6999999999789,0.7788949021380429,5
370.7999999999789,0.7791277798053856,5
370.89999999997895,0.7792933731726462,5
370.9999999999789,0.7792855625135997,5
371.0999999999789,0.7789338597244029,5
371.1999999999789,0.7789649994810686,5
371.2999999999789,0.7788422095781684,5
371.3999999999789,0.7787208469844356,5
371.49999999997885,0.7783097284366216,5
371.5999999999789,0.7778957918786771,5
371.6999999999789,0.7773949620336336,5
371.79999999997887,0.7766680730513504,5
371.89999999997883,0.7749399299008543,5
371.99999999997885,0.7732132140593462,5
372.0999999999789,0.7716028092502044,5
372.19999999997884,0.7714971781593547,5
372.2999999999788,0.7713833840366728,5
372.39999999997883,0.7713714931890918,5
372.49999999997885,0.7714109096327741,5
372.5999999999788,0.7714276360088956,5
372.6999999999788,0.7714081565089781,5
372.7999999999788,0.7713657827277809,5
372.89999999997883,0.7711857801478417,5
372.9999999999788,0.7711078797906171,5
373.09999999997876,0.7682280231860642,5
373.1999999999788,0.765142358543282,5
373.2999999999788,0.7618747004637276,5
373.3999999999788,0.7583860237121053,5
373.49999999997874,0.7551336443040692,5
373.59999999997876,0.7512786129992767,5
373.6999999999788,0.747740918071382,5
373.79999999997875,0.7442004337271552,5
373.8999999999787,0.7412667405030705,5
373.99999999997874,0.7389080016645134,5
374.09999999997876,0.7370855283762774,5
374.19999999997873,0.735790720754377,5
374.2999999999787,0.7358231830329316,5
374.3999999999787,0.7364755633478272,5
374.49999999997874,0.7365762548688897,5
374.5999999999787,0.7362155909588481,5
374.6999999999787,0.7358628517370299,5
374.7999999999787,0.7354206329333566,5
374.8999999999787,0.735593507888275,5
374.9999999999787,0.7356307798189147,5
375.09999999997865,0.7351547650640136,5
375.1999999999787,0.733776625131412,5
375.2999999999787,0.7324033189261048,5
375.39999999997866,0.7317375138586386,5
375.4999999999786,0.7305956107804615,5
375.59999999997865,0.7297385499994389,5
375.6999999999787,0.7288810051294026,5
375.79999999997864,0.7275934669563371,5
375.8999999999786,0.7263426127112802,5
375.9999999999786,0.7248690082172357,5
376.09999999997865,0.7234250413233354,5
376.1999999999786,0.7219702366898809,5
376.2999999999786,0.7200029755831058,5
376.3999999999786,0.7180267261192672,5
376.4999999999786,0.7159996792179946,5
376.5999999999786,0.7139072664447452,5
376.69999999997856,0.7119082513212913,5
376.7999999999786,0.711986962489309,5
376.8999999999786,0.7096855298488299,5
376.99999999997857,0.7073784781891339,5
377.09999999997854,0.7050658075107268,5
377.19999999997856,0.7026258363386452,5
377.2999999999786,0.7004678658450342,5
377.39999999997855,0.6983174268347399,5
377.4999999999785,0.6960743033643668,5
377.59999999997854,0.6938524401015627,5
377.69999999997856,0.6915162809271763,5
377.7999999999785,0.689240111047243,5
377.8999999999785,0.6870029902671079,5
377.9999999999785,0.6849912035179642,5
378.09999999997854,0.6827553280936204,5
378.1999999999785,0.6805191744899413,5
378.29999999997847,0.6759562838741949,5
378.3999999999785,0.6717191269571556,5
378.4999999999785,0.6677725283974002,5
378.5999999999785,0.6641357389829088,5
378.69999999997844,0.660771538921874,5
378.79999999997847,0.6576148722009842,5
378.8999999999785,0.6552989713948911,5
378.99999999997846,0.6532567097349292,5
379.0999999999784,0.6514206891081347,5
379.19999999997844,0.6498521731621776,5
379.29999999997847,0.6482802169368289,5
379.39999999997843,0.6467048204320298,5
379.4999999999784,0.6451344341620661,5
379.5999999999784,0.6453395766239637,5
379.69999999997844,0.6454183170976415,5
379.7999999999784,0.6453971223087969,5
379.8999999999784,0.6450325340091906,5
379.9999999999784,0.6444635227742139,5
380.0999999999784,0.643690088603897,5
380.1999999999784,0.642719872761983,5
380.29999999997835,0.6417393024688295,5
380.3999999999784,0.641052163014457,5
380.4999999999784,0.6404829201689999,5
380.59999999997837,0.6400466720915744,5
380.69999999997833,0.6397607172368815,5
380.79999999997835,0.6397078775043361,5
380.8999999999784,0.6393906857318679,5
380.99999999997834,0.6390791226350377,5
381.0999999999783,0.6387731882139036,5
381.19999999997833,0.6379736304582958,5
381.29999999997835,0.63741881670283,5
381.3999999999783,0.636619713877095,5
381.4999999999783,0.6368615295383205,5
381.5999999999783,0.6370921318029332,5
381.69999999997833,0.6363728587042174,5
381.7999999999783,0.635750664573737,5
381.89999999997826,0.6351611631798542,5
381.9999999999783,0.6346384443229398,5
382.0999999999783,0.6341173494322797,5
382.1999999999783,0.6338343512743256,5
382.29999999997824,0.6335994877924711,5
382.39999999997826,0.6335870702918543,5
382.4999999999783,0.6333101127982795,5
382.59999999997825,0.6328044486009097,5
382.6999999999782,0.6321401056399356,5
382.79999999997824,0.6315333072818995,5
382.89999999997826,0.6308880894951828,5
382.99999999997823,0.6303240678323649,5
383.0999999999782,0.6299367271596467,5
383.1999999999782,0.6296082266507866,5
383.29999999997824,0.6293561294877513,5
383.3999999999782,0.6302442429267925,5
383.4999999999782,0.630892944280706,5
383.5999999999782,0.6322952404523343,5
383.6999999999782,0.6339281366473658,5
383.7999999999782,0.6342457421199662,5
383.89999999997815,0.6345896131974996,5
383.9999999999782,0.635067755348252,5
384.0999999999782,0.6356353772338058,5
384.19999999997816,0.6367024846686393,5
384.2999999999781,0.6375747025344038,5
384.39999999997815,0.6376605920317915,5
384.4999999999782,0.6385128763360889,5
384.59999999997814,0.6393478687628097,5
384.6999999999781,0.6401194161643733,5
384.7999999999781,0.6413560075191441,5
384.89999999997815,0.6425025233420414,5
384.9999999999781,0.6436600231307562,5
385.0999999999781,0.6448229359694755,5
385.1999999999781,0.6457931444362117,5
385.2999999999781,0.6467757977785145,5
385.3999999999781,0.6477672335090638,5
385.49999999997806,0.6487685262273932,5
385.5999999999781,0.649749338377952,5
385.6999999999781,0.6506704920806011,5
385.79999999997807,0.6494078758370371,5
385.89999999997804,0.6505467104186236,5
385.99999999997806,0.6518029353792592,5
386.0999999999781,0.6555645962633351,5
386.19999999997805,0.6566115002466452,5
386.299999999978,0.6576972339236292,5
386.39999999997804,0.6588061651388513,5
386.49999999997806,0.6599619257319247,5
386.599999999978,0.6636430658260853,5
386.699999999978,0.664885555637254,5
386.799999999978,0.666106443613797,5
386.89999999997804,0.6671630183442684,5
386.999999999978,0.6678412729898411,5
387.09999999997797,0.6686378258353904,5
387.199999999978,0.6711421180363197,5
387.299999999978,0.671930652387646,5
387.399999999978,0.6726139262788967,5
387.49999999997794,0.6734228927511826,5
387.59999999997797,0.6741587250838548,5
387.699999999978,0.6749218089932234,5
387.79999999997796,0.6755149592960217,5
387.8999999999779,0.6755645919234194,5
387.99999999997794,0.6756096346157954,5
388.09999999997797,0.6756479796929407,5
388.19999999997793,0.6756777277070046,5
388.2999999999779,0.6756623682496542,5
388.3999999999779,0.6753340067819037,5
388.49999999997794,0.675002370308382,5
388.5999999999779,0.671589948707967,5
388.6999999999779,0.6681297519681976,5
388.7999999999779,0.6647709432019027,5
388.8999999999779,0.6617229008346317,5
388.9999999999779,0.6590451759499589,5
389.09999999997785,0.6567177603935799,5
389.1999999999779,0.6543468857030746,5
389.2999999999779,0.6528871816619664,5
389.39999999997787,0.6511551340756813,5
389.49999999997783,0.6481509232380469,5
389.59999999997785,0.6451419802213161,5
389.6999999999779,0.6419691234893117,5
389.79999999997784,0.6387906380815798,5
389.8999999999778,0.6356612110407728,5
389.99999999997783,0.6325260027152765,5
390.09999999997785,0.6292101398624128,5
390.1999999999778,0.6268900490705892,5
390.2999999999778,0.6244334408125363,5
390.3999999999778,0.6211767994989639,5
390.49999999997783,0.616964167756869,5
390.5999999999778,0.6126168801336713,5
390.69999999997776,0.6093887512948232,5
390.7999999999778,0.6060083718332343,5
390.8999999999778,0.6025643794587169,5
390.9999999999778,0.5990983833367002,5
391.09999999997774,0.5961500406531517,5
391.19999999997776,0.5931708365838393,5
391.2999999999778,0.58949537178296,5
391.39999999997775,0.5858884993148272,5
391.4999999999777,0.5820707456168501,5
391.59999999997774,0.5783458478537681,5
391.69999999997776,0.574804235841224,5
391.79999999997773,0.5712376726393579,5
391.8999999999777,0.5676540643495287,5
391.9999999999777,0.5642678232757583,5
392.09999999997774,0.5607820563186874,5
392.1999999999777,0.5573220200611869,5
392.2999999999777,0.5537941263994437,5
392.3999999999777,0.5492189375769592,5
392.4999999999777,0.5448831608396172,5
392.5999999999777,0.5402231546742604,5
392.69999999997765,0.5353414296489197,5
392.7999999999777,0.5317715873607477,5
392.8999999999777,0.5281881307573137,5
392.99999999997766,0.5245004138688518,5
393.0999999999776,0.5208237433542439,5
393.19999999997765,0.5174019746660781,5
393.2999999999777,0.5141674118516482,5
393.39999999997764,0.5109143492880033,5
393.4999999999776,0.5076223652070351,5
393.5999999999776,0.5040965168674697,5
393.69999999997765,0.5006717017896144,5
393.7999999999776,0.49718030207369984,5
393.8999999999776,0.4938486241594264,5
393.9999999999776,0.4907388998224623,5
394.0999999999776,0.48762937960028224,5
394.1999999999776,0.48473052085152857,5
394.29999999997756,0.4818298179614689,5
394.3999999999776,0.4789307483493125,5
394.4999999999776,0.47602886807728834,5
394.59999999997757,0.47305413243276406,5
394.69999999997754,0.4701390791793486,5
394.79999999997756,0.46733889723568184,5
394.8999999999776,0.46451883558453844,5
394.99999999997755,0.4616009886995676,5
395.0999999999775,0.4561847522190832,5
395.19999999997754,0.453488235053789,5
395.29999999997756,0.45076062138002115,5
395.3999999999775,0.4479352522233322,5
395.4999999999775,0.4451397667263494,5
395.5999999999775,0.4398053064417636,5
395.69999999997754,0.4369632958156128,5
395.7999999999775,0.4341130180251117,5
395.89999999997747,0.43142291154324386,5
395.9999999999775,0.4287403076208066,5
396.0999999999775,0.29504059257112747,4
396.1999999999775,0.2897400601250385,4
396.29999999997744,0.2866011796851987,4
396.39999999997747,0.283569500765587,4
396.4999999999775,0.2804826534874825,4
396.59999999997746,0.27741346009927903,4
396.6999999999774,0.2743220751217838,4
396.79999999997744,0.2712421511922386,4
396.89999999997747,0.2681572350492838,4
396.99999999997743,0.2650743587733377,4
397.0999999999774,0.26201034188344774,4
397.1999999999774,0.25898913102768184,4
397.29999999997744,0.2561113806765406,4
397.3999999999774,0.2536253119490641,4
397.4999999999774,0.2511638655743844,4
397.5999999999774,0.25038057872404185,4
397.6999999999774,0.24961450717313954,4
397.7999999999774,0.2488313406179985,4
397.89999999997735,0.24815099920164105,4
397.9999999999774,0.24748787308436784,4
398.0999999999774,0.24689566344934707,4
398.19999999997736,0.24632308746442005,4
398.29999999997733,0.2446192547785629,4
398.39999999997735,0.2431241795921355,4
398.4999999999774,0.24306558328593877,4
398.59999999997734,0.24285457539238203,4
398.6999999999773,0.2426449461801512,4
398.79999999997733,0.242422181337043,4
398.89999999997735,0.242140984395265,4
398.9999999999773,0.24185562877259967,4
399.0999999999773,0.24180103310690246,4
399.1999999999773,0.24078961943726193,4
399.29999999997733,0.2396544872017666,4
399.3999999999773,0.23975247573696537,4
399.49999999997726,0.2397845507518589,4
399.5999999999773,0.24002556784161355,4
399.6999999999773,0.24007955820800536,4
399.7999999999773,0.24037877211800546,4
399.89999999997724,0.24087985903566203,4
399.99999999997726,0.24137472490554845,4
400.0999999999773,0.24122049401954543,4
400.19999999997725,0.2410562355015293,4
400.2999999999772,0.24170609998666276,4
400.39999999997724,0.24228005473269568,4
400.49999999997726,0.24308803850423338,4
400.59999999997723,0.24383930903756829,4
400.6999999999772,0.24452923705904853,4
400.7999999999772,0.24526911892294007,4
400.89999999997724,0.24589252083231516,4
400.9999999999772,0.24625836187571545,4
401.0999999999772,0.24660144154698807,4
401.1999999999772,0.24692324000531427,4
401.2999999999772,0.24730874424152624,4
401.3999999999772,0.24767148710568357,4
401.49999999997715,0.24808693443554464,4
401.5999999999772,0.24859542252697292,4
401.6999999999772,0.2490811492463536,4
401.79999999997716,0.24959184728648978,4
401.8999999999771,0.2501074001781014,4
401.99999999997715,0.25064688129105006,4
402.0999999999772,0.2511237106792074,4
402.19999999997714,0.25165216780768557,4
402.2999999999771,0.2521859715326903,4
402.3999999999771,0.2527251218542119,4
402.49999999997715,0.25331586743593176,4
402.5999999999771,0.25392965305599163,4
402.6999999999771,0.25447629667081684,4
402.7999999999771,0.25506574835813384,4
402.8999999999771,0.25543805997984226,4
402.9999999999771,0.2558616931499499,4
403.09999999997706,0.2562871127740349,4
403.1999999999771,0.25670310560400716,4
403.2999999999771,0.2571100899714451,4
403.39999999997707,0.2575105436991989,4
403.49999999997704,0.2579109974269511,4
403.59999999997706,0.25831145115470344,4
403.6999999999771,0.25897237907428344,4
403.79999999997705,0.25901834241236604,4
403.899999999977,0.25906430575030787,4
403.99999999997704,0.25910741270040033,4
404.09999999997706,0.2594426621955659,4
404.199999999977,0.25977791169079856,4
404.299999999977,0.2601123026144389,4
404.399999999977,0.2604294466682157,4
404.49999999997704,0.26078429965166644,4
404.599999999977,0.2611378169674652,4
404.69999999997697,0.26147938285583455,4
404.799999999977,0.261815956782451,4
404.899999999977,0.26213289698764625,4
404.999999999977,0.26237789141755424,4
405.09999999997694,0.2625988541880874,4
405.19999999997697,0.262807795278771,4
405.299999999977,0.26301174440770153,4
405.39999999997696,0.2632107015748807,4
405.4999999999769,0.263401384556574,4
405.59999999997694,0.2635283848133729,4
405.69999999997697,0.26367203492254276,4
405.79999999997693,0.26358980229630047,4
405.8999999999769,0.26350075890227737,4
405.9999999999769,0.2633978726601072,4
406.09999999997694,0.26326432405073913,4
406.1999999999769,0.263094521447573,4
406.2999999999769,0.2628291201706979,4
406.3999999999769,0.26256173636895797,4
406.4999999999769,0.2622846852878099,4
406.5999999999769,0.261979346282553,4
406.69999999997685,0.2616528752717078,4
406.7999999999769,0.2613224526113771,4
406.8999999999769,0.2609729911689862,4
406.99999999997686,0.26061507980590054,4
407.09999999997683,0.26022060029894944,4
407.19999999997685,0.2597994530510347,4
407.2999999999769,0.25904416406070657,4
407.39999999997684,0.25804291474740415,4
407.4999999999768,0.25703262096721796,4
407.59999999997683,0.2563157594598218,4
407.69999999997685,0.25561460603403857,4
407.7999999999768,0.25494490632040046,4
407.8999999999768,0.2542935246880323,4
407.9999999999768,0.25362875712332117,4
408.09999999997683,0.25297013923623257,4
408.1999999999768,0.2524363833465238,4
408.29999999997676,0.25163212485155584,4
408.3999999999768,0.25111087345449873,4
408.4999999999768,0.25061862943366753,4
408.5999999999768,0.25007338875810736,4
408.69999999997674,0.24951536769505042,4
408.79999999997676,0.2489533642962117,4
408.8999999999768,0.24837270774842682,4
408.99999999997675,0.24778720020047107,4
409.0999999999767,0.24720169265251407,4
409.19999999997674,0.24662621273642193,4
409.29999999997676,0.24601549400309475,4
409.3999999999767,0.24556328884433942,4
409.4999999999767,0.24508215445020176,4
409.5999999999767,0.24452706533981305,4
409.69999999997674,0.24402970948566344,4
409.7999999999767,0.24347316973544247,4
409.89999999997667,0.2430142149024144,4
409.9999999999767,0.24255192849855192,4
410.0999999999767,0.2421123959073917,4
410.1999999999767,0.2416956246883057,4
410.29999999997665,0.2414857573725279,4
410.39999999997667,0.24129865142886714,4
410.4999999999767,0.24102297338794984,4
410.59999999997666,0.24070085044552664,4
410.6999999999766,0.24040268439306642,4
410.79999999997665,0.24008074253775574,4
410.89999999997667,0.2396994933077842,4
410.99999999997664,0.23943191756560464,4
411.0999999999766,0.23921701285826452,4
411.1999999999766,0.2391658489523058,4
411.29999999997665,0.23911116808585345,4
411.3999999999766,0.23905911897885843,4
411.4999999999766,0.23900970163132215,4
411.5999999999766,0.23894953998388233,4
411.6999999999766,0.23892193204540713,4
411.7999999999766,0.23899031120950984,4
411.89999999997656,0.23918877260215043,4
411.9999999999766,0.23928742758479396,4
412.0999999999766,0.2394144801888187,4
412.19999999997657,0.2395699304142547,4
412.29999999997654,0.23969396785969718,4
412.39999999997656,0.23986753157094098,4
412.4999999999766,0.2400406647536589,4
412.59999999997655,0.24020661007110283,4
412.6999999999765,0.2401570828343143,4
412.79999999997654,0.24067278656805585,4
412.89999999997656,0.24119607269568882,4
412.9999999999765,0.24174843530813722,4
413.0999999999765,0.24191947314770876,4
413.1999999999765,0.24210032135648224,4
413.29999999997654,0.24229097993454907,4
413.3999999999765,0.2425078371801809,4
413.49999999997647,0.2427345047951099,4
413.5999999999765,0.2429902637886926,4
413.6999999999765,0.2432434609670226,4
413.7999999999765,0.2434983053858752,4
413.89999999997644,0.24367946553879682,4
413.99999999997647,0.2438010981401447,4
414.0999999999765,0.24391320946054,4
414.19999999997646,0.2440805167778479,4
414.2999999999764,0.24421606462551587,4
414.39999999997644,0.2443369141283606,4
414.49999999997647,0.24444824235026308,4
414.59999999997643,0.24458256835447115,4
414.6999999999764,0.24463280186308323,4
414.7999999999764,0.24485724454146943,4
414.89999999997644,0.24517357403348242,4
414.9999999999764,0.24558937181231733,4
415.0999999999764,0.24606507884026865,4
415.1999999999764,0.246566661116897,4
415.2999999999764,0.2470512243923198,4
415.3999999999764,0.2474767809716258,4
415.49999999997635,0.24827903362080841,4
415.5999999999764,0.24878583452328848,4
415.6999999999764,0.24919224504675264,4
415.79999999997636,0.24991295443917844,4
415.89999999997633,0.25036191467845964,4
415.99999999997635,0.250756134713269,4
416.0999999999764,0.2512314294440055,4
416.19999999997634,0.25143397548026336,4
416.2999999999763,0.25196887492419523,4
416.39999999997633,0.2524427193894795,4
416.49999999997635,0.25300930588212317,4
416.5999999999763,0.2532645063568513,4
416.6999999999763,0.253501388750243,4
416.7999999999763,0.253614328492792,4
416.89999999997633,0.25370895015404876,4
416.9999999999763,0.25381731114848327,4
417.09999999997626,0.25390354878161914,4
417.1999999999763,0.2540254083822946,4
417.2999999999763,0.2544141978720511,4
417.3999999999763,0.2544974320701868,4
417.49999999997624,0.2544505354200018,4
417.59999999997626,0.2544475004605403,4
417.6999999999763,0.25444865332312777,4
417.79999999997625,0.2544171366960553,4
417.8999999999762,0.254385620068975,4
417.99999999997624,0.25435410344189474,4
418.09999999997626,0.2544811252989516,4
418.1999999999762,0.2546081471560462,4
418.2999999999762,0.25477389106605186,4
418.3999999999762,0.25516573226893285,4
418.49999999997624,0.2554271105329298,4
418.5999999999762,0.25571767107078414,4
418.69999999997617,0.25583738852390314,4
418.7999999999762,0.2559359446595478,4
418.8999999999762,0.2560729192438533,4
418.9999999999762,0.2560632686317064,4
419.09999999997615,0.2560519011838477,4
419.19999999997617,0.2560388093409456,4
419.2999999999762,0.25583820517711986,4
419.39999999997616,0.2555062367878484,4
419.4999999999761,0.25521013603009873,4
419.59999999997615,0.25546314312784846,4
419.69999999997617,0.25614157717907593,4
419.79999999997614,0.25681881571249904,4
419.8999999999761,0.25753039029981617,4
419.9999999999761,0.25823813760977826,4
420.09999999997615,0.2589420576423764,4
420.1999999999761,0.26010993945298994,4
420.2999999999761,0.26123903027622974,4
420.3999999999761,0.26235824030019905,4
420.4999999999761,0.2634748185647072,4
420.5999999999761,0.26458876506975604,4
420.69999999997606,0.2646180995611596,4
420.7999999999761,0.26459391127221676,4
420.8999999999761,0.2660358003079842,4
420.99999999997607,0.2675622834722239,4
421.09999999997603,0.2689391030135876,4
421.19999999997606,0.2702875249335126,4
421.2999999999761,0.2719521616851219,4
421.39999999997605,0.2735778743609366,4
421.499999999976,0.2739330524537553,4
421.59999999997603,0.2741619445651649,4
421.69999999997606,0.2742942195624376,4
421.799999999976,0.27442098455082986,4
421.899999999976,0.27453465713660535,4
421.999999999976,0.27459197764878335,4
422.09999999997603,0.2750525496797859,4
422.199999999976,0.2754981549560017,4
422.29999999997597,0.27592222037374486,4
422.399999999976,0.2763809238987595,4
422.499999999976,0.2768298170544911,4
422.599999999976,0.2772066532182657,4
422.69999999997594,0.2775118444620917,4
422.79999999997597,0.27878628154681667,4
422.899999999976,0.280133539792832,4
422.99999999997596,0.2817434470603922,4
423.0999999999759,0.28339037195954137,4
423.19999999997594,0.2849712402693163,4
423.29999999997597,0.28656597773816256,4
423.39999999997593,0.2880346121625758,4
423.4999999999759,0.28950559748211596,4
423.5999999999759,0.291237692943256,4
423.69999999997594,0.2929724986213306,4
423.7999999999759,0.29476068960564894,4
423.8999999999759,0.2964655162847495,4
423.9999999999759,0.2980793971853832,4
424.0999999999759,0.29960118133504965,4
424.1999999999759,0.3013508173756497,4
424.29999999997585,0.303140171184911,4
424.3999999999759,0.30499620149319673,4
424.4999999999759,0.3064504157630355,4
424.59999999997586,0.3081650934632625,4
424.69999999997583,0.30989121869915404,4
424.79999999997585,0.31155035172690604,4
424.8999999999759,0.3134830573908587,4
424.99999999997584,0.3155255344375802,4
425.0999999999758,0.3174887696282195,4
425.19999999997583,0.3197317876042151,4
425.29999999997585,0.3221351085329919,4
425.3999999999758,0.32459361966455214,4
425.4999999999758,0.3269818764532112,4
425.5999999999758,0.3293854820272247,4
425.69999999997583,0.33178848854061277,4
425.7999999999758,0.33429652056294235,4
425.89999999997576,0.3369562773566817,4
425.9999999999758,0.3396372698703361,4
426.0999999999758,0.34232424058590144,4
426.1999999999758,0.344933335176856,4
426.29999999997574,0.3475456359871987,4
426.39999999997576,0.3501913037679791,4
426.4999999999758,0.35299089785297194,4
426.59999999997575,0.3558049093945101,4
426.6999999999757,0.3586454751841156,4
426.79999999997574,0.3615160090385856,4
426.89999999997576,0.3644065011511743,4
426.9999999999757,0.3673014886702104,4
427.0999999999757,0.3700379377051111,4
427.1999999999757,0.3727982921505927,4
427.29999999997574,0.3755551079106479,4
427.3999999999757,0.37794127660496607,4
427.49999999997567,0.38047828414325235,4
427.5999999999757,0.3830902705927149,4
427.6999999999757,0.3859657136948915,4
427.7999999999757,0.38886690760082987,4
427.89999999997565,0.391768333033102,4
427.99999999997567,0.39469326482915923,4
428.0999999999757,0.39763755581292626,4
428.19999999997566,0.4006502702298856,4
428.2999999999756,0.4037804006863043,4
428.39999999997565,0.4069359870191415,4
428.49999999997567,0.4100800333913099,4
428.59999999997564,0.412517115043417,4
428.6999999999756,0.41451164996726414,4
428.7999999999756,0.41648298356973235,4
428.89999999997565,0.4184622280286159,4
428.9999999999756,0.42041423398574707,4
429.0999999999756,0.4223599891665913,4
429.1999999999756,0.42359928996477747,4
429.2999999999756,0.4250349345962407,4
429.3999999999756,0.4264047829213752,4
429.49999999997556,0.4277299654712727,4
429.5999999999756,0.42905514802116,4
429.6999999999756,0.4315013173349262,4
429.79999999997557,0.43377071030991843,4
429.89999999997553,0.4345692243623038,4
429.99999999997556,0.43538295069623356,4
430.0999999999756,0.4363175657773579,4
430.19999999997555,0.4372404323017072,4
430.2999999999755,0.4378875052368946,4
430.39999999997553,0.4384025745207137,4
430.49999999997556,0.4402622519324888,4
430.5999999999755,0.44225540319096973,4
430.6999999999755,0.44428395611674065,4
430.7999999999755,0.44631801905137736,4
430.89999999997553,0.4483575919948737,4
430.9999999999755,0.45026276161278855,4
431.09999999997547,0.45180778287062184,4
431.1999999999755,0.4533629297654129,4
431.2999999999755,0.4548726492962061,4
431.3999999999755,0.45633792035042114,4
431.49999999997544,0.4578031914046244,4
431.59999999997547,0.45927412242496923,4
431.6999999999755,0.4607831625353766,4
431.79999999997546,0.46129666339007996,4
431.8999999999754,0.4618101642445398,4
431.99999999997544,0.4618934599021297,4
432.09999999997547,0.46194802297921717,4
432.19999999997543,0.4622929862952469,4
432.2999999999754,0.46262608270539307,4
432.3999999999754,0.46307022328826913,4
432.49999999997544,0.46349177704043365,4
432.5999999999754,0.4636174002924216,4
432.6999999999754,0.4638031902882124,4
432.7999999999754,0.46396270919274823,4
432.8999999999754,0.46411619294158857,4
432.9999999999754,0.4642424879223723,4
433.09999999997535,0.4643827799403176,4
433.1999999999754,0.464292524968772,4
433.2999999999754,0.4642236010210465,4
433.39999999997536,0.4641400530288894,4
433.49999999997533,0.4640577280462304,4
433.59999999997535,0.46399678276624884,4
433.6999999999754,0.464068178497059,4
433.79999999997534,0.4639181760531212,4
433.8999999999753,0.46375064828898105,4
433.99999999997533,0.4635168514681261,4
434.09999999997535,0.46332031544754404,4
434.1999999999753,0.46309632367754894,4
434.2999999999753,0.4627473923387868,4
434.3999999999753,0.4624151694824289,4
434.49999999997533,0.462110621449832,4
434.5999999999753,0.4618060683773,4
434.69999999997526,0.4615076559705696,4
434.7999999999753,0.4611836920719148,4
434.8999999999753,0.46070800384353544,4
434.9999999999753,0.4603273210093269,4
435.09999999997524,0.46002216360603293,4
435.19999999997526,0.4597008882151299,4
435.2999999999753,0.4594224300442337,4
435.39999999997525,0.45912967562303764,4
435.4999999999752,0.45877338745765284,4
435.59999999997524,0.4583897949107488,4
435.69999999997526,0.45799317876897944,4
435.7999999999752,0.45755782995503363,4
435.8999999999752,0.4571324408898643,4
435.9999999999752,0.4568708409664522,4
436.09999999997524,0.4566092410430806,4
436.1999999999752,0.4563237357090933,4
436.29999999997517,0.4586486987535084,4
436.3999999999752,0.46094986732002635,4
436.4999999999752,0.4632253783306653,4
436.5999999999752,0.46295056889816316,4
436.69999999997515,0.4625821145852686,4
436.79999999997517,0.4622918019472128,4
436.8999999999752,0.4620053980687348,4
436.99999999997516,0.46191406883147174,4
437.0999999999751,0.4618051048015962,4
437.19999999997515,0.46166303649293733,4
437.29999999997517,0.4614593489308941,4
437.39999999997514,0.46139516447721474,4
437.4999999999751,0.46137611474360873,4
437.5999999999751,0.4615144584870434,4
437.69999999997515,0.4617363479591749,4
437.7999999999751,0.46215244254585375,4
437.8999999999751,0.46262975940490725,4
437.9999999999751,0.4631343147657279,4
438.0999999999751,0.4636413669634418,4
438.1999999999751,0.464170935324723,4
438.29999999997506,0.4645464678005755,4
438.3999999999751,0.465627812281021,4
438.4999999999751,0.4673646910814301,4
438.59999999997507,0.4696451240878631,4
438.69999999997503,0.4725364256390005,4
438.79999999997506,0.47575972945317246,4
438.8999999999751,0.4789878348652795,4
438.99999999997505,0.480233650331837,4
439.099999999975,0.4814810201739528,4
439.19999999997503,0.48279305233361164,4
439.29999999997506,0.48410318118962775,4
439.399999999975,0.4855679712669261,4
439.499999999975,0.4869357461279121,4
439.599999999975,0.48857742769192974,4
439.69999999997503,0.49029156286566433,4
439.799999999975,0.4920056980394151,4
439.89999999997497,0.4937015550351203,4
439.999999999975,0.49546744700132883,4
440.099999999975,0.4972719843771902,4
440.199999999975,0.49933444592290543,4
440.29999999997494,0.5014466306624731,4
440.39999999997497,0.503556723438484,4
440.499999999975,0.5055651836115123,4
440.59999999997495,0.5075833126597833,4
440.6999999999749,0.5096275438785407,4
440.79999999997494,0.5118887905905969,4
440.89999999997497,0.5143519279026627,4
440.99999999997493,0.5172441303746299,4
441.0999999999749,0.5202923112868689,4
441.1999999999749,0.5232227244811225,4
441.29999999997494,0.5261701704099099,4
441.3999999999749,0.5285691957270173,4
441.4999999999749,0.5309852537785508,4
441.5999999999749,0.5333892958714648,4
441.6999999999749,0.5358049925351774,4
441.7999999999749,0.5381607335979057,4
441.89999999997485,0.5405225098163092,4
441.9999999999749,0.5430583551798029,4
442.0999999999749,0.5456973687681059,4
442.19999999997486,0.548331873723845,4
442.29999999997483,0.5508631595440153,4
442.39999999997485,0.553408849689466,4
442.4999999999749,0.5558869166603451,4
442.59999999997484,0.5583612518304767,4
442.6999999999748,0.5608048169205654,4
442.79999999997483,0.5632374039402595,4
442.89999999997485,0.5656875162800996,4
442.9999999999748,0.5680212070389584,4
443.0999999999748,0.5703390570924206,4
443.1999999999748,0.5726761422510255,4
443.29999999997483,0.5748618504088567,4
443.3999999999748,0.5770399942514131,4
443.49999999997476,0.579161587781302,4
443.5999999999748,0.5813411232009369,4
443.6999999999748,0.5833410444978552,4
443.7999999999748,0.5853671163472817,4
443.89999999997474,0.5873432235367795,4
443.99999999997476,0.5891971340357526,4
444.0999999999748,0.5909733461819368,4
444.19999999997475,0.5926665874666757,4
444.2999999999747,0.5941655696770457,4
444.39999999997474,0.5955607714820284,4
444.49999999997476,0.5969386842057385,4
444.5999999999747,0.5983238205609578,4
444.6999999999747,0.5996792359731876,4
444.7999999999747,0.6010289880919302,4
444.89999999997474,0.6018372042702866,4
444.9999999999747,0.602701286159644,4
445.09999999997467,0.6035292364612397,4
445.1999999999747,0.604345970649556,4
445.2999999999747,0.6025483264754655,4
445.3999999999747,0.6007506823007137,4
445.49999999997465,0.5988346462325942,4
445.59999999997467,0.5992541166974776,4
445.6999999999747,0.5996735871629536,4
445.79999999997466,0.6000149159535673,4
445.8999999999746,0.6003309856470934,4
445.99999999997465,0.6005358706333432,4
446.09999999997467,0.6005549498775772,4
446.19999999997464,0.6003276743827015,4
446.2999999999746,0.6000433505991841,4
446.3999999999746,0.5997284079538415,4
446.49999999997465,0.599376894651571,4
446.5999999999746,0.5990162120865343,4
446.6999999999746,0.5985005277079088,4
446.7999999999746,0.5976820158807681,4
446.8999999999746,0.5967943709248043,4
446.9999999999746,0.5960004975582811,4
447.09999999997456,0.5951991267958753,4
447.1999999999746,0.5944077105293571,4
447.2999999999746,0.593611474579674,4
447.39999999997457,0.5919786616722256,4
447.49999999997453,0.5897349802200008,4
447.59999999997456,0.5869546580869871,4
447.6999999999746,0.5835533121650901,4
447.79999999997455,0.5799967403192017,4
447.8999999999745,0.5763716150758073,4
447.99999999997453,0.5745241852977677,4
448.09999999997456,0.5726755783984295,4
448.1999999999745,0.5707740577383545,4
448.2999999999745,0.5688595970853126,4
448.3999999999745,0.5668831395880856,4
448.49999999997453,0.5646609016809352,4
448.5999999999745,0.5622325960294731,4
448.69999999997447,0.5598097974101027,4
448.7999999999745,0.5575780923639004,4
448.8999999999745,0.5553946429565086,4
448.9999999999745,0.5533199728205673,4
449.09999999997444,0.5512736496009832,4
449.19999999997447,0.5486243238006097,4
449.2999999999745,0.5459787445335615,4
449.39999999997445,0.5433352572300861,4
449.4999999999744,0.5408020291696264,4
449.59999999997444,0.5383062063649282,4
449.69999999997447,0.5364363336586221,4
449.79999999997443,0.5344274420350829,4
449.8999999999744,0.5322166598115543,4
449.9999999999744,0.5298453561245317,4
450.09999999997444,0.5273060469183244,4
450.1999999999744,0.5244852822750762,4
450.2999999999744,0.5216757262150251,4
450.3999999999744,0.5195409279253819,4
450.4999999999744,0.5168473472997904,4
450.5999999999744,0.5143165718778349,4
450.69999999997435,0.5117943778206995,4
450.7999999999744,0.5095180006671449,4
450.8999999999744,0.5072416235136522,4
450.99999999997436,0.5047522996675988,4
451.09999999997433,0.5021865205697633,4
451.19999999997435,0.49963008234137596,4
451.2999999999744,0.49713883699163997,4
451.39999999997434,0.49488146136731004,4
451.4999999999743,0.4927146105782845,4
451.59999999997433,0.49058927527830176,4
451.69999999997435,0.48845522859745116,4
451.7999999999743,0.48632118191660073,4
451.8999999999743,0.48449618371878045,4
451.9999999999743,0.4827900802841661,4
452.09999999997433,0.48105104952403227,4
452.1999999999743,0.4792953874976194,4
452.29999999997426,0.47766211525343977,4
452.3999999999743,0.47606576390270405,4
452.4999999999743,0.4747769962049492,4
452.5999999999743,0.4734302859354144,4
452.69999999997424,0.4722576481834244,4
452.79999999997426,0.4710716538839624,4
452.8999999999743,0.4699356238027682,4
452.99999999997425,0.46880963219889726,4
453.0999999999742,0.4677561305654466,4
453.19999999997424,0.4670474929620793,4
453.29999999997426,0.4666193051910861,4
453.3999999999742,0.4661281001566384,4
453.4999999999742,0.4656364657281778,4
453.5999999999742,0.46541131798366286,4
453.69999999997424,0.4652720366361577,4
453.7999999999742,0.4651066760666685,4
453.89999999997417,0.46553429157784665,4
453.9999999999742,0.4656520537216172,4
454.0999999999742,0.4657734100698985,4
454.1999999999742,0.4659288822728495,4
454.29999999997415,0.4660704150567917,4
454.39999999997417,0.46625830539845564,4
454.4999999999742,0.46669501747653014,4
454.59999999997416,0.46734097106337846,4
454.6999999999741,0.4679869246502812,4
454.79999999997415,0.4688328232249146,4
454.89999999997417,0.4697663081983473,4
454.99999999997414,0.47069979317180144,4
455.0999999999741,0.47170493357204357,4
455.1999999999741,0.47293461934873926,4
455.29999999997415,0.47423716867177085,4
455.3999999999741,0.4755890295604078,4
455.4999999999741,0.47695565174334964,4
455.5999999999741,0.47834698952527327,4
455.6999999999741,0.4795145483907948,4
455.7999999999741,0.4807759569094048,4
455.89999999997406,0.4823041180294385,4
455.9999999999741,0.48377154015674956,4
456.0999999999741,0.4852502136193452,4
456.19999999997407,0.48650729103170925,4
456.29999999997403,0.487549882488467,4
456.39999999997406,0.48888252851397845,4
456.4999999999741,0.490277233265918,4
456.59999999997405,0.4916647087771462,4
456.699999999974,0.4930247729292086,4
456.79999999997403,0.4943848370812638,4
456.89999999997406,0.4959189760185876,4
456.999999999974,0.49753915228895623,4
457.099999999974,0.49912365563008376,4
457.199999999974,0.5006724860419408,4
457.29999999997403,0.502200486821137,4
457.399999999974,0.5037280823950059,4
457.49999999997397,0.5054891576493972,4
457.599999999974,0.5068912408335277,4
457.699999999974,0.5082985086026554,4
457.799999999974,0.5094962649616919,4
457.89999999997394,0.5106349814242238,4
457.99999999997397,0.5116606375643038,4
458.099999999974,0.5123521176347116,4
458.19999999997395,0.5133600686053487,4
458.2999999999739,0.5143532888650517,4
458.39999999997394,0.5153280912878266,4
458.49999999997397,0.5163296166994168,4
458.59999999997393,0.5173075731181516,4
458.6999999999739,0.517100884101709,4
458.7999999999739,0.5170301607736741,4
458.89999999997394,0.5169100455304534,4
458.9999999999739,0.5167677704224439,4
459.0999999999739,0.5166292373422793,4
459.1999999999739,0.5165547450264683,4
459.2999999999739,0.5165104874988186,4
459.3999999999739,0.5160741024400417,4
459.49999999997385,0.5164772832071436,4
459.5999999999739,0.5167786697670693,4
459.6999999999739,0.5170881723034912,4
459.79999999997386,0.5171809628981152,4
459.89999999997383,0.5172818694692056,4
459.99999999997385,0.5171650140083472,4
460.0999999999739,0.5170708115785697,4
460.19999999997384,0.5169672682793277,4
460.2999999999738,0.516823164147428,4
460.39999999997383,0.5164076456270923,4
460.49999999997385,0.515967417509208,4
460.5999999999738,0.5153164374704866,4
460.6999999999738,0.5146654574317095,4
460.7999999999738,0.5140563596628088,4
460.89999999997383,0.5131133913986002,4
460.9999999999738,0.5121704224522043,4
461.09999999997376,0.5112145063708877,4
461.1999999999738,0.5102028746189428,4
461.2999999999738,0.5090927406110651,4
461.3999999999738,0.507872417873766,4
461.49999999997374,0.5063524675577026,4
461.59999999997376,0.5050067099925889,4
461.6999999999738,0.50366095242752,4
461.79999999997375,0.5023285514099696,4
461.8999999999737,0.500770327870487,4
461.99999999997374,0.49925589722489544,4
462.09999999997376,0.4976826085278653,4
462.1999999999737,0.4958474266621802,4
462.2999999999737,0.49387205456618594,4
462.3999999999737,0.4920457616637758,4
462.49999999997374,0.49014068813845607,4
462.5999999999737,0.48796239410516135,4
462.69999999997367,0.4857220389765915,4
462.7999999999737,0.483493389420476,4
462.8999999999737,0.4811951845511639,4
462.9999999999737,0.4788888355534796,4
463.09999999997365,0.47659982145724733,4
463.19999999997367,0.4744336643923105,4
463.2999999999737,0.47227732969191144,4
463.39999999997366,0.4700705203792772,4
463.4999999999736,0.4682235937025403,4
463.59999999997365,0.4662355184572912,4
463.69999999997367,0.46434020878868565,4
463.79999999997364,0.4623129026188663,4
463.8999999999736,0.4603136188331728,4
463.9999999999736,0.45841613033724604,4
464.09999999997365,0.4567255577332259,4
464.1999999999736,0.45502622013373534,4
464.2999999999736,0.4531994737413226,4
464.3999999999736,0.45150821331775576,4
464.4999999999736,0.4495131285780647,4
464.5999999999736,0.44750625844155695,4
464.69999999997356,0.44595448712536095,4
464.7999999999736,0.44458462937349635,4
464.8999999999736,0.44346488903474257,4
464.99999999997357,0.44236464442851375,4
465.09999999997353,0.44126439982229,4
465.19999999997356,0.44063860022344065,4
465.2999999999736,0.4402278430275603,4
465.39999999997355,0.4398478721927409,4
465.4999999999735,0.43961440185219314,4
465.59999999997353,0.4393927968449616,4
465.69999999997356,0.4395425649925771,4
465.7999999999735,0.4396923331402908,4
465.8999999999735,0.43968426864801513,4
465.9999999999735,0.4398055273250574,4
466.09999999997353,0.44016996522046586,4
466.1999999999735,0.44057007604520193,4
466.29999999997347,0.4414174885578901,4
466.3999999999735,0.4423084142118653,4
466.4999999999735,0.44301796238666663,4
466.5999999999735,0.444216217078051,4
466.69999999997344,0.44567607135044124,4
466.79999999997347,0.4474132324464939,4
466.8999999999735,0.4491794553538275,4
466.99999999997345,0.4510814246534067,4
467.0999999999734,0.45322011847731586,4
467.19999999997344,0.4554542845147686,4
467.29999999997347,0.458495822709727,4
467.39999999997343,0.46155577874182496,4
467.4999999999734,0.46458038514507277,4
467.5999999999734,0.46762829122522787,4
467.69999999997344,0.4712903677429782,4
467.7999999999734,0.47475360688961443,4
467.8999999999734,0.4783273570400315,4
467.9999999999734,0.4818183500035099,4
468.0999999999734,0.485331865449753,4
468.1999999999734,0.488893497253853,4
468.29999999997335,0.4924186217983896,4
468.3999999999734,0.49590809442273576,4
468.4999999999734,0.49973671839740796,4
468.59999999997336,0.5035529006038079,4
468.69999999997333,0.5073845021519313,4
468.79999999997335,0.5112749583413563,4
468.8999999999734,0.5153159124568348,4
468.99999999997334,0.5196937534253833,4
469.0999999999733,0.5242279564217419,4
469.19999999997333,0.5289411744770061,4
469.29999999997335,0.5335463154834678,4
469.3999999999733,0.5382421018913751,4
469.4999999999733,0.5428707802635044,4
469.5999999999733,0.5476185637156534,4
469.69999999997333,0.5523287990344944,4
469.7999999999733,0.5569951412027901,4
469.89999999997326,0.5616847358774513,4
469.9999999999733,0.5662008426782605,4
470.0999999999733,0.5707583817069922,4
470.1999999999733,0.5754134661793265,4
470.29999999997324,0.5801454872144364,4
470.39999999997326,0.5846550468676915,4
470.4999999999733,0.5891090542277204,4
470.59999999997325,0.5933888695188045,4
470.6999999999732,0.5977125018682706,4
470.79999999997324,0.6021025811858136,4
470.89999999997326,0.6066999037426365,4
470.9999999999732,0.6108060904674723,4
471.0999999999732,0.6148376651561067,4
471.1999999999732,0.618828100528425,4
471.29999999997324,0.622766649629971,4
471.3999999999732,0.6268100569696244,4
471.49999999997317,0.6308473208149212,4
471.5999999999732,0.6345172676995836,4
471.6999999999732,0.6380272479620634,4
471.7999999999732,0.6415770423277828,4
471.89999999997315,0.6450775140872729,4
471.99999999997317,0.6486803062796678,4
472.0999999999732,0.6522524964268198,4
472.19999999997316,0.6556985671146163,4
472.2999999999731,0.6583269607113093,4
472.39999999997315,0.6609793884232358,4
472.49999999997317,0.6632595102499681,4
472.59999999997314,0.6656328757176265,4
472.6999999999731,0.6678125733630812,4
472.7999999999731,0.6698619355526145,4
472.89999999997315,0.6716353590923804,4
472.9999999999731,0.6732244585956182,4
473.0999999999731,0.674775184683493,4
473.1999999999731,0.6762956703225755,4
473.2999999999731,0.6779333102865293,4
473.3999999999731,0.6793767038612679,4
473.49999999997306,0.6811534856235115,4
473.5999999999731,0.6824359375780974,4
473.6999999999731,0.6835444254173099,4
473.79999999997307,0.6844919443560068,4
473.89999999997303,0.6849845027231922,4
473.99999999997306,0.6854247870365824,4
474.0999999999731,0.6858653256254075,4
474.19999999997304,0.6856785893617079,4
474.299999999973,0.6854885715647838,4
474.39999999997303,0.6851972689934493,4
474.49999999997306,0.6847131530575578,4
474.599999999973,0.6842168740840872,4
474.699999999973,0.6833869930323649,4
474.799999999973,0.6822116298624072,4
474.89999999997303,0.6810201833078959,4
474.999999999973,0.6798780825135693,4
475.09999999997297,0.6785284754301885,4
475.199999999973,0.6771935528260179,4
475.299999999973,0.6754008975622443,4
475.399999999973,0.6736287218406474,4
475.49999999997294,0.6719635461882163,4
475.59999999997297,0.6701898356575824,4
475.699999999973,0.6682057191122562,4
475.79999999997295,0.6659651876736146,4
475.8999999999729,0.6637261534597323,4
475.99999999997294,0.6614344557153298,4
476.09999999997297,0.6592192962593184,4
476.19999999997293,0.6566091801693485,4
476.2999999999729,0.653258275600204,4
476.3999999999729,0.6499073710308554,4
476.49999999997294,0.6466058034157248,4
476.5999999999729,0.6433235188691758,4
476.6999999999729,0.6399739098126535,4
476.7999999999729,0.6369743558374326,4
476.8999999999729,0.6339302513405906,4
476.9999999999729,0.6309238441339613,4
477.09999999997285,0.6278949144445558,4
477.1999999999729,0.6247468118469393,4
477.2999999999729,0.6216036733988154,4
477.39999999997286,0.6189935478917253,4
477.49999999997283,0.6158226567886985,4
477.59999999997285,0.6126186909520931,4
477.6999999999729,0.6094233279113658,4
477.79999999997284,0.6062583700739586,4
477.8999999999728,0.6030176127535808,4
477.99999999997283,0.5997256430421299,4
478.09999999997285,0.5964416709349799,4
478.1999999999728,0.5931222319870464,4
478.2999999999728,0.5898877919884279,4
478.3999999999728,0.5866875601850073,4
478.49999999997283,0.5836905910420243,4
478.5999999999728,0.5806331599597809,4
478.69999999997276,0.5779377545848164,4
478.7999999999728,0.5751277308047569,4
478.8999999999728,0.5725402294744102,4
478.9999999999728,0.5702559618129951,4
479.09999999997274,0.5677943446587181,4
479.19999999997276,0.5654761212724955,4
479.2999999999728,0.5631748757487327,4
479.39999999997275,0.5618645629853763,4
479.4999999999727,0.5609469344579436,4
479.59999999997274,0.5598689343000927,4
479.69999999997276,0.5588343398967951,4
479.7999999999727,0.5577332985254457,4
479.8999999999727,0.556565970113128,4
479.9999999999727,0.5555967381607083,4
480.09999999997274,0.5548256452713922,4
480.1999999999727,0.5540779504718699,4
480.29999999997267,0.5534068269649235,4
480.3999999999727,0.5526614901553235,4
480.4999999999727,0.5527332757460612,4
480.5999999999727,0.5528818653122689,4
480.69999999997265,0.553180052713687,4
480.79999999997267,0.5538891209042665,4
480.8999999999727,0.5546357088672113,4
480.99999999997266,0.5555535688023121,4
481.0999999999726,0.5566643905737534,4
481.19999999997265,0.5579027323411994,4
481.29999999997267,0.5600897166146392,4
481.39999999997264,0.5623422207497497,4
481.4999999999726,0.5645975903398668,4
481.5999999999726,0.5669178664718938,4
481.69999999997265,0.569371466222774,4
481.7999999999726,0.5715646768012804,4
481.8999999999726,0.5740257441818156,4
481.9999999999726,0.5767278366894251,4
482.0999999999726,0.5795554125828132,4
482.1999999999726,0.582568227209536,4
482.29999999997256,0.5855778444698295,4
482.3999999999726,0.5886167109858154,4
482.4999999999726,0.5917676877186624,4
482.59999999997257,0.5963024874334996,4
482.69999999997253,0.6007481389655543,4
482.79999999997256,0.6052037873040164,4
482.8999999999726,0.6097251013282721,4
482.99999999997254,0.6144035632791398,4
483.0999999999725,0.6185049997508774,4
483.19999999997253,0.6229871906736164,4
483.29999999997256,0.6274769263653855,4
483.3999999999725,0.631950916201071,4
483.4999999999725,0.6364091601806638,4
483.5999999999725,0.6403384163040255,4
483.69999999997253,0.6444930445730508,4
483.7999999999725,0.6491122671569861,4
483.89999999997247,0.6541298489913948,4
483.9999999999725,0.6590873190435271,4
484.0999999999725,0.664125192309124,4
484.1999999999725,0.6693838113832437,4
484.29999999997244,0.6743292015748615,4
484.39999999997247,0.6792480811843827,4
484.4999999999725,0.6841719606049292,4
484.59999999997245,0.6890740769237537,4
484.6999999999724,0.6940366499491998,4
484.79999999997244,0.6989985580534454,4
484.89999999997247,0.7035022542887882,4
484.99999999997243,0.7080077596961882,4
485.0999999999724,0.7125682954243651,4
485.1999999999724,0.7174537630044319,4
485.29999999997244,0.7222928739152918,4
485.3999999999724,0.7270426422042274,4
485.4999999999724,0.7308879465538136,4
485.5999999999724,0.7350909422383816,4
485.6999999999724,0.7389523998000451,4
485.7999999999724,0.742444600079927,4
485.89999999997235,0.7459010559809567,4
485.9999999999724,0.7493608847008376,4
486.0999999999724,0.752386909827377,4
486.19999999997236,0.7555180988330171,4
486.29999999997233,0.7586235469258583,4
486.39999999997235,0.761805611307673,4
486.4999999999724,0.7649208246247768,4
486.59999999997234,0.7676645623648565,4
486.6999999999723,0.7704182793847376,4
486.79999999997233,0.7731114812850386,4
486.89999999997235,0.775693491760297,4
486.9999999999723,0.7782452791155725,4
487.0999999999723,0.7805543548150737,4
487.1999999999723,0.7828420708974586,4
487.29999999997233,0.7847634298774476,4
487.3999999999723,0.7865683180391471,4
487.49999999997226,0.7881283785878997,4
487.5999999999723,0.789991608143259,4
487.6999999999723,0.7915070949097482,4
487.7999999999723,0.79304952275185,4
487.89999999997224,0.7942746022341259,4
487.99999999997226,0.7953699359213033,4
488.0999999999723,0.7963730151603239,4
488.19999999997225,0.7971921207960515,4
488.2999999999722,0.7979257232087816,4
488.39999999997224,0.7979716863941879,4
488.49999999997226,0.7976807822069611,4
488.5999999999722,0.7973435707112192,4
488.6999999999722,0.7964765346953668,4
488.7999999999722,0.7956094986793673,4
488.89999999997224,0.7948273289869906,4
488.9999999999722,0.794222866632939,4
489.09999999997217,0.7934175099606192,4
489.1999999999722,0.793010654884723,4
489.2999999999722,0.7925908961000515,4
489.3999999999722,0.7921404923799297,4
489.49999999997215,0.7909578903767772,4
489.59999999997217,0.7899108854883223,4
489.6999999999722,0.7880621407022282,4
489.79999999997216,0.7869477311969616,4
489.8999999999721,0.7858333216918981,4
489.99999999997215,0.7846845214465424,4
490.09999999997217,0.7833885638918844,4
490.19999999997214,0.7820443046591752,4
490.2999999999721,0.7801154893864852,4
490.3999999999721,0.7780258354786536,4
490.49999999997215,0.7758279781129162,4
490.5999999999721,0.7735219172892877,4
490.6999999999721,0.7711955826185819,4
490.7999999999721,0.7690769948524248,4
490.8999999999721,0.7667586941200459,4
490.9999999999721,0.7623093963232972,4
491.09999999997206,0.7576802229788755,4
491.1999999999721,0.7531112524884946,4
491.2999999999721,0.7489152437728439,4
491.39999999997207,0.7450667830368616,4
491.49999999997203,0.7414254541883164,4
491.59999999997206,0.7371843511462061,4
491.6999999999721,0.7331430261376308,4
491.79999999997204,0.7291947579401649,4
491.899999999972,0.7249926426696846,4
491.99999999997203,0.720466809756904,4
492.09999999997206,0.71661205642535,4
492.199999999972,0.7127149973255921,4
492.299999999972,0.7089369044145601,4
492.399999999972,0.7051588115035573,4
492.49999999997203,0.7014007754690308,4
492.599999999972,0.6981723407104895,4
492.69999999997196,0.6947183293330386,4
492.799999999972,0.691033524582526,4
492.899999999972,0.6870187552182512,4
492.999999999972,0.6830039858538888,4
493.09999999997194,0.6789088132760449,4
493.19999999997196,0.6746192632479,4
493.299999999972,0.6702253187459303,4
493.39999999997195,0.6662510384973137,4
493.4999999999719,0.6623386492486951,4
493.59999999997194,0.6583590042842502,4
493.69999999997196,0.6541359071945484,4
493.79999999997193,0.6499110009325942,4
493.8999999999719,0.6457968528770237,4
493.9999999999719,0.6421358087177876,4
494.09999999997194,0.6384146761154568,4
494.1999999999719,0.6346866762184745,4
494.2999999999719,0.6309392654520654,4
494.3999999999719,0.6269170565077945,4
494.4999999999719,0.6237490335882658,4
494.5999999999719,0.6207068182529698,4
494.69999999997185,0.6180349716540301,4
494.7999999999719,0.6154802635198191,4
494.8999999999719,0.6130753448781321,4
494.99999999997186,0.6107559518607962,4
495.0999999999718,0.606852435090587,4
495.19999999997185,0.6029679621724078,4
495.2999999999719,0.5991025331067171,4
495.39999999997184,0.5971617575357182,4
495.4999999999718,0.5952150162336812,4
495.5999999999718,0.5937034359294888,4
495.69999999997185,0.5904191743313778,4
495.7999999999718,0.5872244805254905,4
495.8999999999718,0.5842477960555612,4
495.9999999999718,0.5831937644148052,4
496.0999999999718,0.5819956804840072,4
496.1999999999718,0.5806763368800602,4
496.29999999997176,0.5799595294501837,4
496.3999999999718,0.5792659872354781,4
496.4999999999718,0.5788544090349641,4
496.59999999997177,0.5782715122398239,4
496.69999999997174,0.577744684997242,4
496.79999999997176,0.5773028182868787,4
496.8999999999718,0.5768609011693105,4
496.99999999997175,0.5766061254212829,4
497.0999999999717,0.5766039757519517,4
497.19999999997174,0.576787742160913,4
497.29999999997176,0.5771003711065914,4
497.3999999999717,0.5774383237106879,4
497.4999999999717,0.5777827130525359,4
497.5999999999717,0.5783620650348085,4
497.69999999997174,0.5794093423826016,4
497.7999999999717,0.5804836863447635,4
497.89999999997167,0.5816025132599214,4
497.9999999999717,0.5827674069630802,4
498.0999999999717,0.5841708997581458,4
498.1999999999717,0.5852541783685514,4
498.29999999997165,0.5862307806505326,4
498.39999999997167,0.5872073829324848,4
498.4999999999717,0.5882239479554705,4
498.59999999997166,0.5893392974515554,4
498.6999999999716,0.5915569247724977,4
498.79999999997165,0.5925754427779729,4
498.89999999997167,0.5935100297072051,4
498.99999999997164,0.5942503281125329,4
499.0999999999716,0.5951661664684259,4
499.1999999999716,0.5958534441161056,4
499.29999999997165,0.5969986990627124,4
499.3999999999716,0.5985991145994352,4
499.4999999999716,0.6002021502707575,4
499.5999999999716,0.6018496052652395,4
499.6999999999716,0.6027811714930201,4
499.7999999999716,0.6043886783606038,4
499.89999999997156,0.6059263146703512,4
499.9999999999716,0.6094582918950419,4
500.0999999999716,0.6130641991625277,4
500.19999999997157,0.615811735229022,4
500.29999999997153,0.618588283344497,4
500.39999999997156,0.6209945071819555,4
500.4999999999716,0.6230542971311697,4
500.59999999997154,0.6248248128599856,4
500.6999999999715,0.6265284360151796,4
500.79999999997153,0.6280135766852352,4
500.89999999997156,0.6296715154612667,4
500.9999999999715,0.6313224532771377,4
501.0999999999715,0.6328567719745448,4
501.1999999999715,0.6344047571436712,4
501.29999999997153,0.6352638455251333,4
501.3999999999715,0.6362378800667979,4
501.49999999997146,0.637045988705192,4
501.5999999999715,0.6379381206375081,4
501.6999999999715,0.6385708501038732,4
501.7999999999715,0.6392231730044717,4
501.89999999997144,0.6398445730386462,4
501.99999999997146,0.6407959799078456,4
502.0999999999715,0.6417607231713395,4
502.19999999997145,0.6426844135973447,4
502.2999999999714,0.6440718312805949,4
502.39999999997144,0.6452942317193405,4
502.49999999997146,0.6465374203929435,4
502.59999999997143,0.6473554119748831,4
502.6999999999714,0.648141785039393,4
502.7999999999714,0.6489181148488876,4
502.89999999997144,0.6495950594607798,4
502.9999999999714,0.6498186681099701,4
503.0999999999714,0.6499490735883638,4
503.1999999999714,0.6499459082454939,4
503.2999999999714,0.6498217156561409,4
503.3999999999714,0.6499099322087132,4
503.49999999997135,0.6498226140938779,4
503.5999999999714,0.649251981676763,4
503.6999999999714,0.6486453563720572,4
503.79999999997136,0.6480177602828009,4
503.8999999999713,0.6472331051702038,4
503.99999999997135,0.6464160516909179,4
504.0999999999714,0.6475904802151514,4
504.19999999997134,0.6484773374809065,4
504.2999999999713,0.6495906823738876,4
504.3999999999713,0.6484221593409465,4
504.49999999997135,0.6472455169783488,4
504.5999999999713,0.6456857058728294,4
504.6999999999713,0.6458645426053904,4
504.7999999999713,0.646219579442268,4
504.8999999999713,0.6462818223984663,4
504.9999999999713,0.6444578734691249,4
505.09999999997126,0.6428444053859039,4
505.1999999999713,0.6409006613080785,4
505.2999999999713,0.6387721589009565,4
505.39999999997127,0.6368971310115498,4
505.49999999997124,0.6347401456928463,4
505.59999999997126,0.632470213533736,4
505.6999999999713,0.6296936400636156,4
505.79999999997125,0.6272653104649524,4
505.8999999999712,0.6245770363577681,4
505.99999999997124,0.6217206171437125,4
506.09999999997126,0.6188588886471522,4
506.1999999999712,0.6158561728462975,4
506.2999999999712,0.6128047884492286,4
506.3999999999712,0.6097812676005975,4
506.49999999997124,0.6071527460567541,4
506.5999999999712,0.6049306180895102,4
506.69999999997117,0.6031178437419625,4
506.7999999999712,0.6017126800582573,4
506.8999999999712,0.6000216142784295,4
506.9999999999712,0.5983557432295566,4
507.09999999997115,0.594970577235288,4
507.19999999997117,0.5922904193095377,4
507.2999999999712,0.5897050346220176,4
507.39999999997116,0.5868338409215025,4
507.4999999999711,0.5839226844798728,4
507.59999999997115,0.5813941367670492,4
507.69999999997117,0.5785674615585834,4
507.79999999997113,0.37246132337448284,3
507.8999999999711,0.37137316744528115,3
507.9999999999711,0.37035025697701623,3
508.09999999997115,0.368290181642549,3
508.1999999999711,0.3662082864238662,3
508.2999999999711,0.3641282786440632,3
508.3999999999711,0.36154416019221713,3
508.4999999999711,0.3589909976898322,3
508.5999999999711,0.35636734084121696,3
508.69999999997106,0.3539300152549834,3
508.7999999999711,0.3514451176565045,3
508.8999999999711,0.3488102672941967,3
508.99999999997107,0.34616557590519953,3
509.09999999997103,0.34433004957203384,3
509.19999999997106,0.3424945232391001,3
509.2999999999711,0.3406589969061675,3
509.39999999997104,0.338823470573235,3
509.499999999971,0.33731053300337965,3
509.59999999997103,0.3351920317580908,3
509.69999999997106,0.3330552468807609,3
509.799999999971,0.3309380966697453,3
509.899999999971,0.32863659173078025,3
509.999999999971,0.326563401777704,3
510.09999999997103,0.32533052794512785,3
510.199999999971,0.3240884280838918,3
510.29999999997096,0.32288084047171733,3
510.399999999971,0.3215336660140502,3
510.499999999971,0.3203497875724027,3
510.599999999971,0.3190126569571159,3
510.69999999997094,0.31796435559222413,3
510.79999999997096,0.3169976073948176,3
510.899999999971,0.3160673548557254,3
510.99999999997095,0.31513710231664493,3
511.0999999999709,0.31426872916829235,3
511.19999999997094,0.3134003560199568,3
511.29999999997096,0.31253198287162165,3
511.39999999997093,0.3116571315927752,3
511.4999999999709,0.31080960290250226,3
511.5999999999709,0.30997687402510404,3
511.69999999997094,0.309330867502611,3
511.7999999999709,0.30869574618413315,3
511.8999999999709,0.30802845429118036,3
511.9999999999709,0.30735655378774773,3
512.0999999999709,0.30685444150641245,3
512.1999999999709,0.30648576452086135,3
512.2999999999709,0.30627989120915894,3
512.3999999999709,0.30620207256724985,3
512.4999999999709,0.3062808364642539,3
512.5999999999708,0.30614714503148416,3
512.6999999999708,0.30601345359865245,3
512.7999999999709,0.30574188106926414,3
512.8999999999709,0.30550706578135367,3
512.9999999999709,0.30549605802188423,3
513.0999999999708,0.30496650278011767,3
513.1999999999708,0.30532045416763487,3
513.2999999999709,0.30569381826267056,3
513.3999999999708,0.3061088137503023,3
513.4999999999708,0.3065811088285361,3
513.5999999999708,0.3070801176058637,3
513.6999999999708,0.30758289277331097,3
513.7999999999709,0.30811238093150317,3
513.8999999999708,0.3087527048326147,3
513.9999999999708,0.309365547319777,3
514.0999999999708,0.30989463010545387,3
514.1999999999707,0.3104567598404809,3
514.2999999999707,0.3110385391270705,3
514.3999999999708,0.31165566450523824,3
514.4999999999708,0.3124428891654572,3
514.5999999999708,0.31336120611788254,3
514.6999999999707,0.31452699366590947,3
514.7999999999707,0.31526756651012683,3
514.8999999999708,0.31637649763388315,3
514.9999999999707,0.3174663079952749,3
515.0999999999707,0.31858676495958027,3
515.1999999999707,0.3196890615302982,3
515.2999999999707,0.32079135810101195,3
515.3999999999708,0.32189238008387083,3
515.4999999999707,0.3229730524725905,3
515.5999999999707,0.3239890946651122,3
515.6999999999707,0.32494048613882337,3
515.7999999999706,0.325766078425743,3
515.8999999999706,0.326928786720432,3
515.9999999999707,0.32849853428201914,3
516.0999999999707,0.330077600228795,3
516.1999999999707,0.3307345092722384,3
516.2999999999706,0.33142748092705426,3
516.3999999999706,0.3321411402884915,3
516.4999999999707,0.3328500197289111,3
516.5999999999706,0.3335636790903523,3
516.6999999999706,0.3342289059770441,3
516.7999999999706,0.3348793384108886,3
516.8999999999706,0.33557497512663526,3
516.9999999999707,0.33626569087016844,3
517.0999999999706,0.33778145754011657,3
517.1999999999706,0.3392972181682006,3
517.2999999999706,0.3408498139097493,3
517.3999999999705,0.3424001777439006,3
517.4999999999706,0.344002437972813,3
517.5999999999706,0.3456473264221902,3
517.6999999999706,0.3471054601966685,3
517.7999999999706,0.3485763478094796,3
517.8999999999705,0.35044372383680894,3
517.9999999999706,0.3522918205829539,3
518.0999999999706,0.3532321762932645,3
518.1999999999705,0.3542696521112995,3
518.2999999999705,0.35527700295853054,3
518.3999999999705,0.3563024791425177,3
518.4999999999706,0.35695636494701605,3
518.5999999999706,0.35787699190102956,3
518.6999999999705,0.3587892838124866,3
518.7999999999705,0.35975432161012016,3
518.8999999999705,0.3608331415092196,3
518.9999999999704,0.36191473495625903,3
519.0999999999705,0.3622129116969907,3
519.1999999999705,0.36287168610702597,3
519.2999999999705,0.36348088472892526,3
519.3999999999705,0.3640764086491131,3
519.4999999999704,0.3646735046128194,3
519.5999999999705,0.36538506861230763,3
519.6999999999705,0.3661274596192153,3
519.7999999999704,0.36688495641810626,3
519.8999999999704,0.367621018850581,3
519.9999999999704,0.3683515151807835,3
520.0999999999705,0.3690174115531934,3
520.1999999999705,0.3696983247173506,3
520.2999999999704,0.37042657413559993,3
520.3999999999704,0.37116134618447855,3
520.4999999999704,0.37183832788632093,3
520.5999999999704,0.3724778922571903,3
520.6999999999704,0.37312029578155803,3
520.7999999999704,0.3737278978642003,3
520.8999999999704,0.37435952518015075,3
520.9999999999704,0.37509819405796274,3
521.0999999999704,0.3758071929179216,3
521.1999999999704,0.37651909735691064,3
521.2999999999704,0.37717620730207146,3
521.3999999999703,0.37785868189673694,3
521.4999999999703,0.37857097729641104,3
521.5999999999704,0.3793942285591492,3
521.6999999999704,0.38033065168219043,3
521.7999999999704,0.3812576798572853,3
521.8999999999703,0.38213357400442277,3
521.9999999999703,0.3828626912119711,3
522.0999999999704,0.3841103559018358,3
522.1999999999703,0.38485793435867316,3
522.2999999999703,0.3856160985259043,3
522.3999999999703,0.3864719045163167,3
522.4999999999703,0.38728294682279535,3
522.5999999999704,0.388036860571364,3
522.6999999999703,0.38880664420435734,3
522.7999999999703,0.38954971484661405,3
522.8999999999703,0.3893958600794814,3
522.9999999999702,0.38925870814179936,3
523.0999999999702,0.38918224554423225,3
523.1999999999703,0.38909005914681144,3
523.2999999999703,0.38898897591002407,3
523.3999999999703,0.3888226437722455,3
523.4999999999702,0.3886368081395058,3
523.5999999999702,0.38961027642375184,3
523.6999999999703,0.3908449257963536,3
523.7999999999702,0.3920388010414256,3
523.8999999999702,0.3933494074354422,3
523.9999999999702,0.3946357466689671,3
524.0999999999702,0.395875890516235,3
524.1999999999703,0.39677177210220965,3
524.2999999999702,0.39728168787272927,3
524.3999999999702,0.39739505407851716,3
524.4999999999702,0.3978700402730945,3
524.5999999999701,0.39838010172010874,3
524.6999999999701,0.39991612790797,3
524.7999999999702,0.4015056076800612,3
524.8999999999702,0.4036329872072531,3
524.9999999999702,0.4053145767487492,3
525.0999999999701,0.40695231924360814,3
525.1999999999701,0.4087316901849308,3
525.2999999999702,0.4107310798504747,3
525.3999999999701,0.41279510571361583,3
525.4999999999701,0.41503991282607827,3
525.5999999999701,0.4172792602659132,3
525.6999999999701,0.41957628297070687,3
525.7999999999702,0.4218253056048005,3
525.8999999999701,0.42407432823887464,3
525.9999999999701,0.4263282718451782,3
526.0999999999701,0.4290306686810035,3
526.19999999997,0.4317364692591556,3
526.29999999997,0.434406585492511,3
526.3999999999701,0.4370800968355792,3
526.4999999999701,0.4397020196601626,3
526.5999999999701,0.4423273401848185,3
526.69999999997,0.44503509246869233,3
526.79999999997,0.4477312541165331,3
526.8999999999701,0.45030360669814695,3
526.99999999997,0.4526018245160018,3
527.09999999997,0.45491078265003687,3
527.19999999997,0.45711867835036085,3
527.29999999997,0.45936009672157985,3
527.3999999999701,0.4615867874561283,3
527.49999999997,0.4638436031615045,3
527.59999999997,0.46643864837906884,3
527.69999999997,0.46931539630822644,3
527.7999999999699,0.47232648531358873,3
527.89999999997,0.4757030222630827,3
527.99999999997,0.4789847210047664,3
528.09999999997,0.48214442977887173,3
528.19999999997,0.48498251456679936,3
528.2999999999699,0.487816697343826,3
528.39999999997,0.4906639768799166,3
528.49999999997,0.49303259351246026,3
528.5999999999699,0.49529982949463225,3
528.6999999999699,0.4972524477974017,3
528.7999999999699,0.4992827946952896,3
528.89999999997,0.5013909146885133,3
528.99999999997,0.5035605576383286,3
529.0999999999699,0.5057884398748955,3
529.1999999999699,0.5080656711808168,3
529.2999999999699,0.510375303860788,3
529.3999999999699,0.5126815939165987,3
529.4999999999699,0.5150783979454959,3
529.5999999999699,0.5172578199852799,3
529.6999999999699,0.5194369086742042,3
529.7999999999699,0.5216533046075726,3
529.8999999999699,0.5236148556269425,3
529.9999999999699,0.5254819921168233,3
530.0999999999699,0.5272766277500563,3
530.1999999999698,0.5290416086196494,3
530.2999999999698,0.5307906224832216,3
530.3999999999699,0.5325086969403805,3
530.4999999999699,0.5336899342858938,3
530.5999999999699,0.5349174591966458,3
530.6999999999698,0.5366272915611646,3
530.7999999999698,0.5383465188738136,3
530.8999999999699,0.5403780465638152,3
530.9999999999698,0.5423065867509855,3
531.0999999999698,0.5442351269381269,3
531.1999999999698,0.5464045915334272,3
531.2999999999698,0.5485624088414042,3
531.3999999999699,0.550306972802659,3
531.4999999999698,0.5520722943001163,3
531.5999999999698,0.5538533387247561,3
531.6999999999698,0.5556821318713239,3
531.7999999999697,0.5575109250179063,3
531.8999999999697,0.5593965890131879,3
531.9999999999698,0.5614024572325015,3
532.0999999999698,0.5633595210151648,3
532.1999999999698,0.5652029139792291,3
532.2999999999697,0.5670552037826206,3
532.3999999999697,0.5689309019486314,3
532.4999999999698,0.5708066001146496,3
532.5999999999697,0.5716176301934904,3
532.6999999999697,0.5721541869656739,3
532.7999999999697,0.573798623416667,3
532.8999999999697,0.5754331575485051,3
532.9999999999698,0.5768638525303088,3
533.0999999999697,0.5781858941350527,3
533.1999999999697,0.5798348436164523,3
533.2999999999697,0.5806859628245565,3
533.3999999999696,0.5819367956550161,3
533.4999999999696,0.5826285193540881,3
533.5999999999697,0.5834442153968246,3
533.6999999999697,0.5830364370335644,3
533.7999999999697,0.5827954216727537,3
533.8999999999696,0.5818210339002733,3
533.9999999999696,0.5808853968466282,3
534.0999999999697,0.579945918856804,3
534.1999999999696,0.5793264924415914,3
534.2999999999696,0.5784668554777324,3
534.3999999999696,0.5775218946096551,3
534.4999999999696,0.5764009324132764,3
534.5999999999697,0.5752824450061323,3
534.6999999999696,0.574149588837452,3
534.7999999999696,0.5723237685950413,3
534.8999999999696,0.5702726667667656,3
534.9999999999695,0.5682215867034142,3
535.0999999999696,0.5655932212680239,3
535.1999999999696,0.5629625914055251,3
535.2999999999696,0.5603285638429346,3
535.3999999999696,0.5576718610335701,3
535.4999999999695,0.5550171422422566,3
535.5999999999696,0.5523141235888548,3
535.6999999999696,0.5495622048217816,3
535.7999999999695,0.5468068883546054,3
535.8999999999695,0.5451699215437883,3
535.9999999999695,0.5438070894970296,3
536.0999999999696,0.5424171324887085,3
536.1999999999696,0.541031117806101,3
536.2999999999695,0.5396524528961257,3
536.3999999999695,0.5371905901350569,3
536.4999999999695,0.5347308188993877,3
536.5999999999694,0.532271047663722,3
536.6999999999695,0.5295379087591973,3
536.7999999999695,0.5265654732063128,3
536.8999999999695,0.5231599500202978,3
536.9999999999695,0.5198332808215476,3
537.0999999999694,0.5165796773247796,3
537.1999999999695,0.513304301322065,3
537.2999999999695,0.5100812404870636,3
537.3999999999694,0.5068260456448382,3
537.4999999999694,0.5040384436280104,3
537.5999999999694,0.501212343978746,3
537.6999999999695,0.49868638165132523,3
537.7999999999695,0.49606812137105627,3
537.8999999999694,0.4933564335033953,3
537.9999999999694,0.49058819558121575,3
538.0999999999694,0.48784284458482213,3
538.1999999999694,0.4849952114362297,3
538.2999999999694,0.4821045705502179,3
538.3999999999694,0.47921663458807223,3
538.4999999999694,0.47653437927672,3
538.5999999999694,0.47406950595457004,3
538.6999999999694,0.4716046326324895,3
538.7999999999694,0.46907318464702313,3
538.8999999999694,0.4667865168000817,3
538.9999999999693,0.4661388832522934,3
539.0999999999693,0.46556121839688136,3
539.1999999999694,0.46506840925258913,3
539.2999999999694,0.46461949903280764,3
539.3999999999694,0.46396170632368544,3
539.4999999999693,0.4636009367657012,3
539.5999999999693,0.46303390586262566,3
539.6999999999694,0.4616726160303779,3
539.7999999999693,0.4600214699450687,3
539.8999999999693,0.4578325863083231,3
539.9999999999693,0.45564370267141224,3
540.0999999999693,0.45341327065778764,3
540.1999999999694,0.4509111994767187,3
540.2999999999693,0.4496077344939131,3
540.3999999999693,0.4474914991454304,3
540.4999999999693,0.44537526379669834,3
540.5999999999692,0.44327372037961377,3
540.6999999999692,0.4410942620683036,3
540.7999999999693,0.43909565210684204,3
540.8999999999693,0.4379638096968536,3
540.9999999999693,0.4373872763065592,3
541.0999999999692,0.43613456705839293,3
541.1999999999692,0.4349968948763547,3
541.2999999999693,0.43385785644659736,3
541.3999999999692,0.4327201842645954,3
541.4999999999692,0.4315825120825925,3
541.5999999999692,0.43035037434532103,3
541.6999999999692,0.4293749508603335,3
541.7999999999693,0.4272996149364754,3
541.8999999999692,0.4251107523732811,3
541.9999999999692,0.4231367094894787,3
542.0999999999692,0.4212868687660703,3
542.1999999999691,0.4194370280427023,3
542.2999999999691,0.41876018807370713,3
542.3999999999692,0.4180225469970005,3
542.4999999999692,0.4174631948122565,3
542.5999999999692,0.41672555373558606,3
542.6999999999691,0.4162437515142487,3
542.7999999999691,0.4155875792369665,3
542.8999999999692,0.4156112728473482,3
542.9999999999691,0.41564958903450816,3
543.0999999999691,0.415717371746177,3
543.1999999999691,0.4152248923345041,3
543.2999999999691,0.4147326155515669,3
543.3999999999692,0.4142405413975399,3
543.4999999999691,0.414463187732268,3
543.5999999999691,0.4146897612849465,3
543.6999999999691,0.4149339625004547,3
543.799999999969,0.415892333648491,3
543.899999999969,0.4170671128173942,3
543.9999999999691,0.418199511462132,3
544.0999999999691,0.419481488430072,3
544.1999999999691,0.4207623321249027,3
544.299999999969,0.4210278295861269,3
544.399999999969,0.42151460601782653,3
544.4999999999691,0.4219348721044828,3
544.599999999969,0.42246116898008457,3
544.699999999969,0.42292095551060793,3
544.799999999969,0.4233000404635865,3
544.899999999969,0.4227239554146241,3
544.9999999999691,0.42204423964941057,3
545.099999999969,0.4213809111199133,3
545.199999999969,0.42036583117625465,3
545.299999999969,0.41969466688732343,3
545.3999999999689,0.42010437986057686,3
545.499999999969,0.4204953427552504,3
545.599999999969,0.4209882938816522,3
545.699999999969,0.421461800459007,3
545.799999999969,0.42198751672233303,3
545.8999999999689,0.4225032907086796,3
545.999999999969,0.4225269839013331,3
546.099999999969,0.42257243954939844,3
546.1999999999689,0.4227934796452981,3
546.2999999999689,0.4230132369167385,3
546.3999999999689,0.4232520314363606,3
546.499999999969,0.4234574655949362,3
546.599999999969,0.4236179260001038,3
546.6999999999689,0.4237778592973534,3
546.7999999999689,0.4239313870465818,3
546.8999999999689,0.4237547934212334,3
546.9999999999688,0.4235710813740144,3
547.0999999999689,0.4234110982349229,3
547.1999999999689,0.4232813197649939,3
547.2999999999689,0.42310709978238226,3
547.3999999999689,0.4229257613779886,3
547.4999999999688,0.42250765715941635,3
547.5999999999689,0.42208955294077016,3
547.6999999999689,0.4216714487221238,3
547.7999999999688,0.4210320920186757,3
547.8999999999688,0.4206498025754168,3
547.9999999999688,0.4186183576034454,3
548.0999999999689,0.4165796901907414,3
548.1999999999689,0.41443336435943273,3
548.2999999999688,0.4123170458121397,3
548.3999999999688,0.4104618609609166,3
548.4999999999688,0.40881320411223004,3
548.5999999999688,0.4072515254881938,3
548.6999999999688,0.4058116173265474,3
548.7999999999688,0.4045470248973506,3
548.8999999999688,0.4035278397242597,3
548.9999999999688,0.4025142478468639,3
549.0999999999688,0.40154779764180315,3
549.1999999999688,0.40061766344079214,3
549.2999999999688,0.39847893337246565,3
549.3999999999687,0.3975437454028406,3
549.4999999999687,0.3966604918967114,3
549.5999999999688,0.3957772383905985,3
549.6999999999688,0.3947782553543943,3
549.7999999999688,0.3936192863858537,3
549.8999999999687,0.3924603027412314,3
549.9999999999687,0.39062580585316914,3
550.0999999999688,0.3895263895327461,3
550.1999999999687,0.38838020409907065,3
550.2999999999687,0.3872353849131313,3
550.3999999999687,0.3859317252923149,3
550.4999999999687,0.3847553876021554,3
550.5999999999688,0.3835983831324363,3
550.6999999999687,0.3821871640130268,3
550.7999999999687,0.3808130698492928,3
550.8999999999687,0.3795896272803316,3
550.9999999999686,0.378393944346788,3
551.0999999999686,0.3771705017778826,3
551.1999999999687,0.3759470592089684,3
551.2999999999687,0.3745877117057637,3
551.3999999999687,0.3733575755466052,3
551.4999999999686,0.37213025155878005,3
551.5999999999686,0.3709569282448337,3
551.6999999999687,0.36970605496749864,3
551.7999999999686,0.3684512628541803,3
551.8999999999686,0.3671925519049018,3
551.9999999999686,0.365999853522774,3
552.0999999999686,0.3652007182965085,3
552.1999999999687,0.36432545026329044,3
552.2999999999686,0.3631511300924622,3
552.3999999999686,0.36190798222328785,3
552.4999999999686,0.36001873893468356,3
552.5999999999685,0.35812377339051843,3
552.6999999999686,0.3562216660484557,3
552.7999999999686,0.35433894259177534,3
552.8999999999686,0.3524844765854984,3
552.9999999999686,0.3505380895679206,3
553.0999999999685,0.3487532424728738,3
553.1999999999686,0.3469655733138608,3
553.2999999999686,0.3462170441823306,3
553.3999999999685,0.3452769994919633,3
553.4999999999685,0.3443847754995541,3
553.5999999999685,0.34343142288019113,3
553.6999999999686,0.3425391988877778,3
553.7999999999686,0.3415650670092955,3
553.8999999999685,0.3405515619522084,3
553.9999999999685,0.33963715201584493,3
554.0999999999685,0.3389521701976949,3
554.1999999999684,0.33864750672482646,3
554.2999999999685,0.33801674705556733,3
554.3999999999685,0.3373849102751311,3
554.4999999999685,0.3367697320478793,3
554.5999999999685,0.33605256558889907,3
554.6999999999684,0.3351573478928635,3
554.7999999999685,0.3342754583697613,3
554.8999999999685,0.33338024067367283,3
554.9999999999684,0.33397599789308496,3
555.0999999999684,0.3345717651633679,3
555.1999999999684,0.33496190607335685,3
555.2999999999685,0.33466484827561255,3
555.3999999999685,0.3350361685419749,3
555.4999999999684,0.3344795019051467,3
555.5999999999684,0.33399333187532027,3
555.6999999999684,0.3335071525191718,3
555.7999999999683,0.33302672029641406,3
555.8999999999684,0.33312330487551195,3
555.9999999999684,0.333227588386147,3
556.0999999999684,0.3332290376524423,3
556.1999999999684,0.3332381985406586,3
556.2999999999683,0.33325507105083096,3
556.3999999999684,0.3335635272138837,3
556.4999999999684,0.333822463180707,3
556.5999999999683,0.3341317866838891,3
556.6999999999683,0.33444111018708744,3
556.7999999999683,0.33473991814632376,3
556.8999999999684,0.33472233577727656,3
556.9999999999684,0.3347042033949514,3
557.0999999999683,0.3347481071939655,3
557.1999999999683,0.3347644965119369,3
557.2999999999683,0.3344713038129811,3
557.3999999999683,0.4192094777077843,2
557.4999999999683,0.41890909402695753,2
557.5999999999683,0.41879124495861914,2
557.6999999999683,0.41859711489577067,2
557.7999999999683,0.4191013301157609,2
557.8999999999683,0.4195971553925437,2
557.9999999999683,0.4198359345378264,2
558.0999999999683,0.42006632373959996,2
558.1999999999682,0.4203136522934224,2
558.2999999999682,0.4204293384145247,2
558.3999999999683,0.42057231412086493,2
558.4999999999683,0.4206296256308042,2
558.5999999999683,0.42067917463898935,2
558.6999999999682,0.4206486124181791,2
558.7999999999682,0.4205771920069769,2
558.8999999999683,0.42049618501770636,2
558.9999999999682,0.42040559145037726,2
559.0999999999682,0.41992873004195835,2
559.1999999999682,0.419510386353956,2
559.2999999999682,0.41908245608791617,2
559.3999999999683,0.4188811505245055,2
559.4999999999682,0.41847927548705277,2
559.5999999999682,0.4182290007604112,2
559.6999999999682,0.4179787260338179,2
559.7999999999681,0.4176727638735877,2
559.8999999999681,0.41727286627147714,2
559.9999999999682,0.41650770004283266,2
560.0999999999682,0.41578417326712575,2
560.1999999999682,0.41506064649143204,2
560.2999999999681,0.41455717011871634,2
560.3999999999681,0.41384679896166676,2
560.4999999999682,0.4132290084165888,2
560.5999999999681,0.4125541144249658,2
560.6999999999681,0.4118553228690806,2
560.7999999999681,0.4112125966397239,2
560.8999999999681,0.4103586123357053,2
560.9999999999682,0.4093904288210055,2
561.0999999999681,0.40782817041598063,2
561.1999999999681,0.40638011122137874,2
561.2999999999681,0.40525005125067437,2
561.399999999968,0.40444215913113246,2
561.499999999968,0.40340151476971314,2
561.5999999999681,0.4023604100070354,2
561.6999999999681,0.4013197656455415,2
561.7999999999681,0.40005632151495996,2
561.899999999968,0.3987927219802247,2
561.999999999968,0.39774627089871645,2
562.0999999999681,0.396409210468259,2
562.199999999968,0.3951631001204599,2
562.299999999968,0.3938970278792629,2
562.399999999968,0.39263095563806094,2
562.499999999968,0.39139504403907066,2
562.5999999999681,0.39016933118887753,2
562.699999999968,0.3887528553163074,2
562.799999999968,0.38757954838422376,2
562.899999999968,0.3864154687515261,2
562.9999999999679,0.38535255639892635,2
563.099999999968,0.38395472916839285,2
563.199999999968,0.3825232788404915,2
563.299999999968,0.38105820541531704,2
563.399999999968,0.3796023592894401,2
563.4999999999679,0.3781465131635678,2
563.599999999968,0.37651028740082404,2
563.699999999968,0.3751702995569221,2
563.7999999999679,0.3738103252138811,2
563.8999999999679,0.37247033737006774,2
563.9999999999679,0.36981977620728235,2
564.099999999968,0.3671692150440766,2
564.199999999968,0.36461721658724805,2
564.2999999999679,0.36306297094695483,2
564.3999999999679,0.3605061582105016,2
564.4999999999679,0.35941959704904924,2
564.5999999999678,0.35830380219793884,2
564.6999999999679,0.35726311204179595,2
564.7999999999679,0.35622221821845096,2
564.8999999999679,0.35481186335969706,2
564.9999999999679,0.35340151984195545,2
565.0999999999678,0.35196555307192245,2
565.1999999999679,0.35056471855307797,2
565.2999999999679,0.34898909705605985,2
565.3999999999678,0.34705340227414444,2
565.4999999999678,0.34525902355821253,2
565.5999999999678,0.3433890635377643,2
565.6999999999679,0.3415323892657961,2
565.7999999999679,0.3401452736949734,2
565.8999999999678,0.33887062983236466,2
565.9999999999678,0.33761885565248867,2
566.0999999999678,0.3362970490508888,2
566.1999999999678,0.33514656939222864,2
566.2999999999678,0.33444537584916484,2
566.3999999999678,0.33364165745295093,2
566.4999999999678,0.3327580171557474,2
566.5999999999678,0.33186049611538054,2
566.6999999999678,0.3311950423480491,2
566.7999999999678,0.3300017929448442,2
566.8999999999678,0.3288085722978994,2
566.9999999999677,0.3277070542848459,2
567.0999999999677,0.32658547479563693,2
567.1999999999678,0.32620221365828733,2
567.2999999999678,0.32582672663713114,2
567.3999999999678,0.32545897617986624,2
567.4999999999677,0.3250989506722643,2
567.5999999999677,0.3246809787431253,2
567.6999999999678,0.3244505552809229,2
567.7999999999677,0.32422971839683656,2
567.8999999999677,0.3238580647876401,2
567.9999999999677,0.323527096972889,2
568.0999999999677,0.32361349621567476,2
568.1999999999678,0.32374046376507526,2
568.2999999999677,0.3238653460877759,2
568.3999999999677,0.3239881431837631,2
568.4999999999677,0.32407775583659815,2
568.5999999999676,0.3239729971573411,2
568.6999999999676,0.3238660462543336,2
568.7999999999677,0.3237607367751431,2
568.8999999999677,0.323693675304179,2
568.9999999999677,0.32395024300667585,2
569.0999999999676,0.3242068107092771,2
569.1999999999676,0.32446337841187856,2
569.2999999999677,0.32501509591589106,2
569.3999999999676,0.3255668134199979,2
569.4999999999676,0.3259475604435812,2
569.5999999999676,0.32631976374767224,2
569.6999999999676,0.32671586461600377,2
569.7999999999677,0.3270559001578067,2
569.8999999999676,0.32763784140436836,2
569.9999999999676,0.3282197826510088,2
570.0999999999676,0.3288017238976493,2
570.1999999999675,0.32938366514428896,2
570.2999999999676,0.33009588143007956,2
570.3999999999676,0.33080152198609786,2
570.4999999999676,0.33163697718007934,2
570.5999999999676,0.3324728927752869,2
570.6999999999675,0.33329583504250415,2
570.7999999999676,0.3343760384515408,2
570.8999999999676,0.33544305023406684,2
570.9999999999675,0.33651006201658756,2
571.0999999999675,0.33735421265886534,2
571.1999999999675,0.3380841687779653,2
571.2999999999676,0.3388156597345724,2
571.3999999999676,0.3397415781205504,2
571.4999999999675,0.3406572977578028,2
571.5999999999675,0.3415628186462654,2
571.6999999999675,0.34265910255710563,2
571.7999999999674,0.3436704648603107,2
571.8999999999675,0.34467259986418164,2
571.9999999999675,0.3452988575839615,2
572.0999999999675,0.34531023252383486,2
572.1999999999675,0.34531238016420185,2
572.2999999999674,0.34552240055543626,2
572.3999999999675,0.34558280757592974,2
572.4999999999675,0.3459409113656385,2
572.5999999999674,0.34618169802304866,2
572.6999999999674,0.34642249044067397,2
572.7999999999674,0.34666327709804656,2
572.8999999999675,0.3469040695156719,2
572.9999999999675,0.3478054096744498,2
573.0999999999674,0.34870674983344147,2
573.1999999999674,0.34958724891370496,2
573.2999999999674,0.3505313191947708,2
573.3999999999673,0.3514753894758554,2
573.4999999999674,0.35214951630266844,2
573.5999999999674,0.3528526938489495,2
573.6999999999674,0.3534807667002623,2
573.7999999999674,0.35417716755231776,2
573.8999999999673,0.3548993747218654,2
573.9999999999674,0.3556473882088932,2
574.0999999999674,0.35642120031863334,2
574.1999999999673,0.35718567879988655,2
574.2999999999673,0.35811139637455197,2
574.3999999999673,0.3588353897857609,2
574.4999999999674,0.3596296378373338,2
574.5999999999674,0.3602878964869607,2
574.6999999999673,0.36098410778563,2
574.7999999999673,0.3616582744213822,2
574.8999999999673,0.36231039639419527,2
574.9999999999673,0.3629785170087621,2
575.0999999999673,0.36366263626509654,2
575.1999999999673,0.3643341962421902,2
575.2999999999673,0.36497719829827296,2
575.3999999999673,0.3656055580588553,2
575.4999999999673,0.366232113291214,2
575.5999999999673,0.36687391536194464,2
575.6999999999673,0.3675049785565663,2
575.7999999999672,0.3681360705076133,2
575.8999999999672,0.36877314608205447,2
575.9999999999673,0.3695731875904984,2
576.0999999999673,0.3703993029550024,2
576.1999999999673,0.37040798909677175,2
576.2999999999672,0.37042267600386786,2
576.3999999999672,0.3704434012286275,2
576.4999999999673,0.3705116787790246,2
576.5999999999672,0.3706456652527029,2
576.6999999999672,0.37084543575380247,2
576.7999999999672,0.3710452062549241,2
576.8999999999672,0.3714053800592132,2
576.9999999999673,0.3717344546471164,2
577.0999999999672,0.37070327318646146,2
577.1999999999672,0.3696411099969356,2
577.2999999999672,0.36859061861216663,2
577.3999999999671,0.36889385097631877,2
577.4999999999671,0.3693074732870374,2
577.5999999999672,0.36976395028146086,2
577.6999999999672,0.37022261949958607,2
577.7999999999672,0.3707372519195781,2
577.8999999999671,0.3712518843395874,2
577.9999999999671,0.3716932316690675,2
578.0999999999672,0.3721345789985234,2
578.1999999999671,0.3726140632977806,2
578.2999999999671,0.37276122160618413,2
578.3999999999671,0.37290837991447784,2
578.4999999999671,0.37312970983432114,2
578.5999999999672,0.3733356859093826,2
578.6999999999671,0.3740409229461288,2
578.7999999999671,0.37468841438028794,2
578.8999999999671,0.3752799751242565,2
578.999999999967,0.37584625280813333,2
579.099999999967,0.3763872474319298,2
579.1999999999671,0.37690295899564524,2
579.2999999999671,0.37741866372841054,2
579.3999999999671,0.3778617055602267,2
579.499999999967,0.37830474739201836,2
579.599999999967,0.37867550499237673,2
579.6999999999671,0.3789808299482955,2
579.799999999967,0.3792383465007789,2
579.899999999967,0.37949586305324645,2
579.999999999967,0.379753379605714,2
580.099999999967,0.3792974390629952,2
580.1999999999671,0.37884512087785194,2
580.299999999967,0.3783912678551665,2
580.399999999967,0.3777429874031106,2
580.499999999967,0.37709470695099045,2
580.5999999999669,0.37664549331567154,2
580.699999999967,0.3763258508220349,2
580.799999999967,0.37636043768298677,2
580.899999999967,0.3765940913608564,2
580.999999999967,0.3770557890800956,2
581.0999999999669,0.37812314227988386,2
581.199999999967,0.37919049547987294,2
581.299999999967,0.3800407486296873,2
581.3999999999669,0.3809903651851553,2
581.4999999999669,0.38159538241203916,2
581.5999999999669,0.38254499896742705,2
581.699999999967,0.38343780544807776,2
581.799999999967,0.38433752605905913,2
581.8999999999669,0.3852372466700406,2
581.9999999999669,0.3853126280069207,2
582.0999999999669,0.385331199268677,2
582.1999999999668,0.38534977053041464,2
582.2999999999669,0.3853769001746335,2
582.3999999999669,0.38540402981885524,2
582.4999999999669,0.3856720675873273,2
582.5999999999669,0.38599878085278805,2
582.6999999999668,0.38632549411826783,2
582.7999999999669,0.38658426602078166,2
582.8999999999669,0.38674086177452854,2
582.9999999999668,0.3868922536187696,2
583.0999999999668,0.3869911298720723,2
583.1999999999668,0.38706420750265386,2
583.2999999999669,0.3871848897836506,2
583.3999999999669,0.387452401982092,2
583.4999999999668,0.3875839247786135,2
583.5999999999668,0.38785143697705826,2
583.6999999999668,0.38806771077795676,2
583.7999999999668,0.3882932101662032,2
583.8999999999668,0.3885187095544529,2
583.9999999999668,0.3888166983528872,2
584.0999999999668,0.3890766438466531,2
584.1999999999668,0.3892971799404794,2
584.2999999999668,0.38952002980740397,2
584.3999999999668,0.3897280005013543,2
584.4999999999668,0.38991035314621064,2
584.5999999999667,0.3900778266180832,2
584.6999999999667,0.3902425258883242,2
584.7999999999668,0.39050184073674943,2
584.8999999999668,0.3907743966453784,2
584.9999999999668,0.3910722468796723,2
585.0999999999667,0.39147333382524363,2
585.1999999999667,0.39192837614845244,2
585.2999999999668,0.39226340141689797,2
585.3999999999667,0.39270641898043857,2
585.4999999999667,0.3929879170954884,2
585.5999999999667,0.3932694152104844,2
585.6999999999667,0.39361077888305696,2
585.7999999999668,0.3939521425556497,2
585.8999999999667,0.39440210434748946,2
585.9999999999667,0.39485206613936574,2
586.0999999999667,0.3965566928979572,2
586.1999999999666,0.3982613196569647,2
586.2999999999666,0.39996594641597605,2
586.3999999999667,0.40032852123084495,2
586.4999999999667,0.40064154040673433,2
586.5999999999667,0.40095458671746137,2
586.6999999999666,0.4012676330281881,2
586.7999999999666,0.4016232333106903,2
586.8999999999667,0.4019788335932063,2
586.9999999999666,0.4024266995137655,2
587.0999999999666,0.40287456543435607,2
587.1999999999666,0.403284294385145,2
587.2999999999666,0.40373119952538,2
587.3999999999667,0.40371146193436713,2
587.4999999999666,0.4039356981797184,2
587.5999999999666,0.4040631463364164,2
587.6999999999666,0.4038206533998141,2
587.7999999999665,0.4036359060658403,2
587.8999999999666,0.40347644179195863,2
587.9999999999666,0.4033813052293064,2
588.0999999999666,0.4033114517267481,2
588.1999999999666,0.4032130773153087,2
588.2999999999665,0.403114709734802,2
588.3999999999666,0.40293081027001043,2
588.4999999999666,0.4028013705371851,2
588.5999999999665,0.4026965835554976,2
588.6999999999665,0.4026697421450387,2
588.7999999999665,0.4027518201985959,2
588.8999999999666,0.4028928030617198,2
588.9999999999666,0.40294466515529814,2
589.0999999999665,0.4039500286579982,2
589.1999999999665,0.4049949761369867,2
589.2999999999665,0.40601318111000595,2
589.3999999999664,0.4070581285889977,2
589.4999999999665,0.4081346147700494,2
589.5999999999665,0.4090864029114992,2
589.6999999999665,0.40990861991129085,2
589.7999999999665,0.41046227441905664,2
589.8999999999664,0.41073740612567966,2
589.9999999999665,0.4110820335073929,2
590.0999999999665,0.4114266608891295,2
590.1999999999664,0.41177128827086573,2
590.2999999999664,0.41223425163518757,2
590.3999999999664,0.4127382376653224,2
590.4999999999665,0.4132891262548264,2
590.5999999999665,0.41371278013072477,2
590.6999999999664,0.4139225129992728,2
590.7999999999664,0.4142056638916674,2
590.8999999999664,0.41440848262982033,2
590.9999999999663,0.4147217506927993,2
591.0999999999664,0.4150918288306663,2
591.1999999999664,0.41544786616019175,2
591.2999999999664,0.41589316354192096,2
591.3999999999664,0.41633846092367965,2
591.4999999999663,0.4167837583054379,2
591.5999999999664,0.4170965533515531,2
591.6999999999664,0.41740934839762367,2
591.7999999999663,0.41798538512658545,2
591.8999999999663,0.4185991260469171,2
591.9999999999663,0.41919227225402966,2
592.0999999999664,0.4198508087641274,2
592.1999999999664,0.42021312323429993,2
592.2999999999663,0.42064489510176173,2
592.3999999999663,0.4210658264537864,2
592.4999999999663,0.4214868009150771,2
592.5999999999663,0.42190777537636737,2
592.6999999999663,0.4225224052238369,2
592.7999999999663,0.42310751847486305,2
592.8999999999663,0.4236723407167342,2
592.9999999999663,0.4241063392345773,2
593.0999999999663,0.424411248675167,2
593.1999999999663,0.42464894316345525,2
593.2999999999663,0.424862666774231,2
593.3999999999662,0.425089903462739,2
593.4999999999662,0.42533065322899233,2
593.5999999999663,0.42558491607299087,2
593.6999999999663,0.4258526919947347,2
593.7999999999663,0.42602585233829887,2
593.8999999999662,0.4262383601426394,2
593.9999999999662,0.4264243224638316,2
594.0999999999663,0.42650579691624446,2
594.1999999999662,0.4265836462384452,2
594.2999999999662,0.42677204890762827,2
594.3999999999662,0.4268429955739155,2
594.4999999999662,0.42703270813744276,2
594.5999999999663,0.4272273164228313,2
594.6999999999662,0.42736668587346704,2
594.7999999999662,0.42744567828691243,2
594.8999999999662,0.4274813853236252,2
594.9999999999661,0.4275943623814402,2
595.0999999999661,0.4277818313046689,2
595.1999999999662,0.42785465722534155,2
595.2999999999662,0.42804212614855686,2
595.3999999999662,0.42822959507181074,2
595.4999999999661,0.42824768349239817,2
595.5999999999661,0.42830827409087924,2
595.6999999999662,0.42851602114648246,2
595.7999999999661,0.42862360960467794,2
595.8999999999661,0.42873119806283955,2
595.9999999999661,0.42881980597348696,2
596.0999999999661,0.4289084138841279,2
596.1999999999662,0.4290327294355241,2
596.2999999999661,0.42915704498693225,2
596.3999999999661,0.42979974758065526,2
596.4999999999661,0.43019847633803543,2
596.599999999966,0.43093922577848104,2
596.699999999966,0.43143251939118094,2
596.7999999999661,0.4319258130037972,2
596.8999999999661,0.43242535530144527,2
596.9999999999661,0.4328229699315783,2
597.099999999966,0.43337610466956694,2
597.199999999966,0.4338275232686804,2
597.2999999999661,0.43427624109554674,2
597.399999999966,0.4346704991904166,2
597.499999999966,0.4352827731279437,2
597.599999999966,0.4358762811891315,2
597.699999999966,0.43646978925031304,2
597.7999999999661,0.4368719670863346,2
597.899999999966,0.43721524011276,2
597.999999999966,0.4376476339087306,2
598.099999999966,0.43806284453100425,2
598.1999999999659,0.438392602286615,2
598.299999999966,0.438950062497159,2
598.399999999966,0.43948078020179626,2
598.499999999966,0.43997995920437466,2
598.599999999966,0.4404047694297557,2
598.6999999999659,0.44082957965511094,2
598.799999999966,0.44125438988046706,2
598.899999999966,0.4417586560900745,2
598.9999999999659,0.44220793936025393,2
599.0999999999659,0.4426572226304152,2
599.1999999999659,0.4432694921548273,2
599.299999999966,0.44376342569671134,2
599.399999999966,0.44425735923855453,2
599.4999999999659,0.4447512927803971,2
599.5999999999659,0.4453255584765058,2
599.6999999999659,0.44606203576382036,2
599.7999999999658,0.44682670038790284,2
599.8999999999659,0.44755513251476686,2
599.9999999999659,0.4480630716388777,2
600.0999999999659,0.44864487036251083,2
600.1999999999659,0.4492407098945297,2
600.2999999999658,0.4496960008697862,2
600.3999999999659,0.4501310898058838,2
600.4999999999659,0.45056375564592643,2
600.5999999999658,0.45106782522865396,2
600.6999999999658,0.4514670772500695,2
600.7999999999658,0.4516006644925117,2
600.8999999999659,0.45185110707266296,2
600.9999999999659,0.45209912655680595,2
601.0999999999658,0.4523060496101412,2
601.1999999999658,0.45280677160736027,2
601.2999999999658,0.4532015563455892,2
601.3999999999658,0.4535939179877328,2
601.4999999999658,0.45398623652060616,2
601.5999999999658,0.45423948817261983,2
601.6999999999658,0.45433226658704196,2
601.7999999999658,0.4544725648948079,2
601.8999999999658,0.4545934240842459,2
601.9999999999658,0.4547741264786477,2
602.0999999999658,0.4550446308887792,2
602.1999999999657,0.4554216373126982,2
602.2999999999657,0.4558190804864781,2
602.3999999999658,0.4561173667978395,2
602.4999999999658,0.4563669103609485,2
602.5999999999658,0.4566172720547702,2
602.6999999999657,0.4568846318383944,2
602.7999999999657,0.4571540869245017,2
602.8999999999658,0.4573649411098055,2
602.9999999999657,0.4575710340727676,2
603.0999999999657,0.45779009055949693,2
603.1999999999657,0.4580122563776357,2
603.2999999999657,0.4581350744727621,2
603.3999999999658,0.4585325193634806,2
603.4999999999657,0.45892520303197115,2
603.5999999999657,0.4592278029383995,2
603.6999999999657,0.459525776121975,2
603.7999999999656,0.4598841263427205,2
603.8999999999656,0.4601771638209521,2
603.9999999999657,0.46039293127804465,2
604.0999999999657,0.4605401529460186,2
604.1999999999657,0.4608019463913784,2
604.2999999999656,0.4608724348833678,2
604.3999999999656,0.46094299460046284,2
604.4999999999657,0.4609827817570291,2
604.5999999999656,0.4610566178891471,2
604.6999999999656,0.4609066356133411,2
604.7999999999656,0.46075665333745774,2
604.8999999999656,0.4607934427447977,2
604.9999999999657,0.4608302321522017,2
605.0999999999656,0.4610423414861307,2
605.1999999999656,0.4612187431793651,2
605.2999999999656,0.46121982494606245,2
605.3999999999655,0.4611397103843232,2
605.4999999999656,0.4610595958225562,2
605.5999999999656,0.460734248666376,2
605.6999999999656,0.46052703746955426,2
605.7999999999656,0.460257797600613,2
605.8999999999655,0.45998230904661863,2
605.9999999999656,0.4595112552721854,2
606.0999999999656,0.4588846813897951,2
606.1999999999655,0.4584136276152415,2
606.2999999999655,0.17094589723402073,1
606.3999999999655,0.170754294651853,1
606.4999999999656,0.17056199960796437,1
606.5999999999656,0.17050319173925077,1
606.6999999999655,0.17044438387058322,1
606.7999999999655,0.17055039752425738,1
606.8999999999655,0.17065641117798827,1
606.9999999999654,0.17076242483171916,1
607.0999999999655,0.17086843848545016,1
607.1999999999655,0.17102831217003875,1
607.2999999999655,0.17118953732362327,1
607.3999999999655,0.17145502629319564,1
607.4999999999654,0.17172051526280363,1
607.5999999999655,0.17198600423241184,1
607.6999999999655,0.17225149320202013,1
607.7999999999654,0.17251698217162845,1
607.8999999999654,0.17278247114123674,1
607.9999999999654,0.17303924533879148,1
608.0999999999655,0.17328730476428966,1
608.1999999999655,0.17358941783384838,1
608.2999999999654,0.1738828161313723,1
608.3999999999654,0.17417621442889322,1
608.4999999999654,0.17446961272641412,1
608.5999999999653,0.17482306833982483,1
608.6999999999654,0.17539356293521188,1
608.7999999999654,0.17574701854871944,1
608.8999999999654,0.1760621773150081,1
608.9999999999654,0.17659414574533475,1
609.0999999999653,0.17725780484368978,1
609.1999999999654,0.17788299600790153,1
609.2999999999654,0.17851075057205754,1
609.3999999999653,0.17918147261439193,1
609.4999999999653,0.17985960424879505,1
609.5999999999653,0.1805451454752537,1
609.6999999999654,0.18123809629376803,1
609.7999999999654,0.18193589330438192,1
609.8999999999653,0.18263853650709197,1
609.9999999999653,0.18334965600905562,1
610.0999999999653,0.18403353091816416,1
610.1999999999653,0.18472234000659019,1
610.2999999999653,0.1854479980848383,1
610.3999999999653,0.18614641157024042,1
610.4999999999653,0.18684302100610725,1
610.5999999999653,0.18760419068971557,1
610.6999999999653,0.18829719202655162,1
610.7999999999653,0.1889901933633656,1
610.8999999999653,0.18976265495515485,1
610.9999999999652,0.1904560121553192,1
611.0999999999652,0.19122794347845437,1
611.1999999999653,0.19189824349981302,1
611.2999999999653,0.1925916006999435,1
611.3999999999653,0.1932619007212749,1
611.4999999999652,0.1940296862390339,1
611.5999999999652,0.19479583549536886,1
611.6999999999653,0.19546613551672554,1
611.7999999999652,0.19613224493309597,1
611.8999999999652,0.19679835434946497,1
611.9999999999652,0.19746490406509173,1
612.0999999999652,0.19809435364461944,1
612.1999999999653,0.1987244872172738,1
612.2999999999652,0.199389386288969,1
612.3999999999652,0.19952975035048348,1
612.4999999999652,0.19965229848670796,1
612.5999999999651,0.1997926625480337,1
612.6999999999651,0.19991521068425822,1
612.7999999999652,0.2000555747455842,1
612.8999999999652,0.20022638432535067,1
612.9999999999652,0.19980455871335545,1
613.0999999999651,0.1993827331011543,1
613.1999999999651,0.19896090748895282,1
613.2999999999652,0.1986924057784082,1
613.3999999999651,0.1984239040679176,1
613.4999999999651,0.19806238041889968,1
613.5999999999651,0.19764055480671922,1
613.6999999999651,0.1973720530961748,1
613.7999999999652,0.19773070637078993,1
613.8999999999651,0.1976942532156222,1
613.9999999999651,0.1976578000603171,1
614.0999999999651,0.1972707070519635,1
614.199999999965,0.19688361404348792,1
614.299999999965,0.19690065836646836,1
614.3999999999651,0.19573476060947254,1
614.4999999999651,0.19540116507913313,1
614.5999999999651,0.19506756954908425,1
614.699999999965,0.19473397401903572,1
614.799999999965,0.19440037848898653,1
614.8999999999651,0.19406678295893753,1
614.999999999965,0.19425008390249582,1
615.099999999965,0.19448222855366382,1
615.199999999965,0.19474655792567022,1
615.299999999965,0.19501297403558102,1
615.3999999999651,0.19527730340759933,1
615.499999999965,0.1956017715626462,1
615.599999999965,0.19586610093468493,1
615.699999999965,0.19618987662801063,1
615.7999999999649,0.196513652321357,1
615.899999999965,0.19691758448223357,1
615.999999999965,0.19732151664313816,1
616.099999999965,0.19772544880404275,1
616.199999999965,0.19819635343189002,1
616.2999999999649,0.1986540965822208,1
616.399999999965,0.1990193859251228,1
616.499999999965,0.1993846752679924,1
616.5999999999649,0.19990515171981288,1
616.6999999999649,0.20042562817168819,1
616.7999999999649,0.20103613556507924,1
616.899999999965,0.20155661201698616,1
616.999999999965,0.20217583418243007,1
617.0999999999649,0.2028037711199613,1
617.1999999999649,0.20344042282954994,1
617.2999999999649,0.20408578931119573,1
617.3999999999648,0.2047311557928432,1
617.4999999999649,0.2049586039935275,1
617.5999999999649,0.2047080765972114,1
617.6999999999649,0.20403963091976351,1
617.7999999999649,0.20295326696120378,1
617.8999999999648,0.20190519984964267,1
617.9999999999649,0.20086041042981803,1
618.0999999999649,0.20161769851585837,1
618.1999999999648,0.20241345453672016,1
618.2999999999648,0.20320664715764036,1
618.3999999999648,0.20399727637860204,1
618.4999999999649,0.20478534219960587,1
618.5999999999649,0.20557084462065175,1
618.6999999999648,0.20635378364173917,1
618.7999999999648,0.20555524338076692,1
618.8999999999648,0.20475670311923813,1
618.9999999999648,0.20553601203261426,1
619.0999999999648,0.2047659324494407,1
619.1999999999648,0.20399576487848953,1
619.2999999999648,0.203193594509815,1
619.3999999999648,0.20242351492608412,1
619.4999999999648,0.20165523939189126,1
619.5999999999648,0.20088876790722401,1
619.6999999999648,0.2001241004720833,1
619.7999999999647,0.19935943303694317,1
619.8999999999647,0.19877053403943107,1
619.9999999999648,0.19818163504198086,1
620.0999999999648,0.19890443686496787,1
620.1999999999648,0.19965029586722344,1
620.2999999999647,0.20037309769068085,1
620.3999999999647,0.20111895669293642,1
620.4999999999648,0.20186481569520012,1
620.5999999999647,0.202610674697463,1
620.6999999999647,0.2033565336997267,1
620.7999999999647,0.20399485570050313,1
620.8999999999647,0.20474071470272892,1
620.9999999999648,0.20541727382839886,1
621.0999999999647,0.20609548359796262,1
621.1999999999647,0.20663058236397502,1
621.2999999999647,0.20730879213349027,1
621.3999999999646,0.20776605832492492,1
621.4999999999646,0.2082411404413896,1
621.5999999999647,0.2086894421729677,1
621.6999999999647,0.2093676519424514,1
621.7999999999647,0.2098159536741018,1
621.8999999999646,0.21023380988723556,1
621.9999999999646,0.21124430129212812,1
622.0999999999647,0.21225479269723024,1
622.1999999999646,0.21326528410233117,1
622.2999999999646,0.21427577550743454,1
622.3999999999646,0.2151854112416176,1
622.4999999999646,0.21623422892272998,1
622.5999999999647,0.21709780748964205,1
622.6999999999646,0.21787797580265847,1
622.7999999999646,0.2180309891305443,1
622.8999999999646,0.21818400245820752,1
622.9999999999645,0.21833701578587053,1
623.0999999999646,0.21849002911353374,1
623.1999999999646,0.21860995810257125,1
623.2999999999646,0.21867638961318892,1
623.3999999999646,0.21949890012938927,1
623.4999999999645,0.21956533164025513,1
623.5999999999646,0.21963176315085384,1
623.6999999999646,0.2196760229365265,1
623.7999999999645,0.2197202827221913,1
623.8999999999645,0.21976454250785618,1
623.9999999999645,0.21980880229352098,1
624.0999999999646,0.21980421837175693,1
624.1999999999646,0.21976744972915443,1
624.2999999999645,0.21973068108654045,1
624.3999999999645,0.21970436285621311,1
624.4999999999645,0.21961859830458183,1
624.5999999999644,0.21959228007423715,1
624.6999999999645,0.2194253641832753,1
624.7999999999645,0.2192158602992717,1
624.8999999999645,0.21904993928004574,1
624.9999999999645,0.21888401826083514,1
625.0999999999644,0.21871809724162475,1
625.1999999999645,0.21848520375547198,1
625.2999999999645,0.21826412027785771,1
625.3999999999644,0.21831465925083182,1
625.4999999999644,0.21836519822390232,1
625.5999999999644,0.21826055008802245,1
625.6999999999645,0.21815590195208714,1
625.7999999999645,0.21796122287463715,1
625.8999999999644,0.21785657473867015,1
625.9999999999644,0.21766189566122038,1
626.0999999999644,0.21725862149437938,1
626.1999999999643,0.2170639424168235,1
626.2999999999644,0.2168692633393416,1
626.3999999999644,0.21646847415303042,1
626.4999999999644,0.2164856032476079,1
626.5999999999644,0.21712676073212525,1
626.6999999999643,0.2181427885419899,1
626.7999999999644,0.21956566750331089,1
626.8999999999644,0.2209885464647754,1
626.9999999999643,0.22248606631935153,1
627.0999999999643,0.22213993412923536,1
627.1999999999643,0.22179380193846107,1
627.2999999999644,0.22144766974768637,1
627.3999999999644,0.22110153755691217,1
627.4999999999643,0.22075540536613827,1
627.5999999999643,0.22053121062323922,1
627.6999999999643,0.22030701588038382,1
627.7999999999643,0.22166430041957988,1
627.8999999999643,0.22302158495934057,1
627.9999999999643,0.2229277191663904,1
628.0999999999643,0.22428500370563306,1
628.1999999999643,0.22564228824539376,1
628.2999999999643,0.22712018302713802,1
628.3999999999643,0.22877696831613706,1
628.4999999999643,0.23043375360519996,1
628.5999999999642,0.23191164838704945,1
628.6999999999642,0.23356843367604818,1
628.7999999999643,0.23522521896511295,1
628.8999999999643,0.2367062358165487,1
628.9999999999643,0.23826277851812777,1
629.0999999999642,0.23858637304373692,1
629.1999999999642,0.23883121492447162,1
629.2999999999643,0.23894517710836782,1
629.3999999999642,0.2391900189890273,1
629.4999999999642,0.2393039811729234,1
629.5999999999642,0.2395488230535829,1
629.6999999999642,0.2397936649342894,1
629.7999999999643,0.2401460438164836,1
629.8999999999642,0.2403908856972281,1
629.9999999999642,0.24070458715527024,1
630.0999999999642,0.24111294042124976,1
630.1999999999641,0.2418411015278507,1
630.2999999999641,0.24242615163101588,1
630.3999999999642,0.24321432938715026,1
630.4999999999642,0.24400250714335744,1
630.5999999999642,0.2445587941523197,1
630.6999999999641,0.24490298904839186,1
630.7999999999641,0.24545927605719559,1
630.8999999999642,0.2460155630660749,1
630.9999999999641,0.24657185007495347,1
631.0999999999641,0.24712813708383277,1
631.1999999999641,0.24768445399370093,1
631.2999999999641,0.2482409253759937,1
631.3999999999642,0.2488982524292045,1
631.4999999999641,0.24950941947401242,1
631.5999999999641,0.250361101001329,1
631.6999999999641,0.2512961927825608,1
631.799999999964,0.25223128456382266,1
631.899999999964,0.25316637634508454,1
631.9999999999641,0.25361122248942797,1
632.0999999999641,0.2540560686335953,1
632.1999999999641,0.2545339991163882,1
632.299999999964,0.2554612618892977,1
632.399999999964,0.2560154155937273,1
632.4999999999641,0.2564933460765595,1
632.599999999964,0.2568227254877169,1
632.699999999964,0.2571471656364319,1
632.799999999964,0.2574444947978302,1
632.899999999964,0.257714712971903,1
632.9999999999641,0.2579578201586509,1
633.099999999964,0.25817381635807335,1
633.199999999964,0.25836270157017105,1
633.299999999964,0.258524475794944,1
633.3999999999639,0.2588397779024479,1
633.499999999964,0.25931905830503493,1
633.599999999964,0.2599623170027088,1
633.699999999964,0.2606867270397719,1
633.799999999964,0.2612372671333728,1
633.8999999999639,0.2614476099581052,1
633.999999999964,0.2614414948462323,1
634.099999999964,0.26142007215235663,1
634.1999999999639,0.2613833418765509,1
634.2999999999639,0.26133130401881477,1
634.3999999999639,0.2609805261200035,1
634.499999999964,0.2606297482210846,1
634.599999999964,0.2602789703221657,1
634.6999999999639,0.25992729036484374,1
634.7999999999639,0.25957561040752064,1
634.8999999999639,0.2592239304501979,1
634.9999999999638,0.2588722504928757,1
635.0999999999639,0.25872916562491105,1
635.1999999999639,0.2583774856676637,1
635.2999999999639,0.2580258057103406,1
635.3999999999639,0.2578802358618464,1
635.4999999999638,0.25773466601342643,1
635.5999999999639,0.25740661903540085,1
635.6999999999639,0.25712162001314465,1
635.7999999999638,0.25684768812054515,1
635.8999999999638,0.2565737562279498,1
635.9999999999638,0.2562251834422415,1
636.0999999999639,0.2558766106565062,1
636.1999999999639,0.255528037870771,1
636.2999999999638,0.2551794650850357,1
636.3999999999638,0.2548308922993005,1
636.4999999999638,0.25410014958562016,1
636.5999999999638,0.25324746942392795,1
636.6999999999638,0.2524033998598718,1
636.7999999999638,0.25155071969813664,1
636.8999999999638,0.2506979227011412,1
636.9999999999638,0.250833197343882,1
637.0999999999638,0.25109880093631987,1
637.1999999999638,0.2513644045288051,1
637.2999999999638,0.2515093978793076,1
637.3999999999637,0.25028082317341516,1
637.4999999999637,0.24905224846702476,1
637.5999999999638,0.2491972418169851,1
637.6999999999638,0.2491633446602331,1
637.7999999999638,0.24788371623907313,1
637.8999999999637,0.24803535097627752,1
637.9999999999637,0.24811145986379401,1
638.0999999999638,0.24810881610684857,1
638.1999999999637,0.248184924994309,1
638.2999999999637,0.2484124221606271,1
638.3999999999637,0.24852954821220963,1
638.4999999999637,0.24879806254258102,1
638.5999999999638,0.2489356971761977,1
638.6999999999637,0.24907333180976673,1
638.7999999999637,0.2492109664433361,1
638.8999999999637,0.2493486010769052,1
638.9999999999636,0.24948623571047424,1
639.0999999999636,0.2479416551305519,1
639.1999999999637,0.24780794111856144,1
639.2999999999637,0.24608666370150314,1
639.3999999999637,0.24436538628386925,1
639.4999999999636,0.2426441088662373,1
639.5999999999636,0.24116368665563226,1
639.6999999999637,0.23968326444511487,1
639.7999999999636,0.23818442458471759,1
639.8999999999636,0.23668558472431347,1
639.9999999999636,0.2351867448639094,1
640.0999999999636,0.2336879050035054,1
640.1999999999637,0.23219121766721587,1
640.2999999999636,0.23069655828360686,1
640.3999999999636,0.22920408132510225,1
640.4999999999636,0.22771378679170198,1
640.5999999999635,0.22607971378320643,1
640.6999999999636,0.22445015960636008,1
640.7999999999636,0.222825124261217,1
640.8999999999636,0.22120460774778083,1
640.9999999999636,0.22007885570296584,1
641.0999999999635,0.21895762249003548,1
641.1999999999636,0.21784090810880893,1
641.2999999999636,0.21627938026918359,1
641.3999999999635,0.2151632461635124,1
641.4999999999635,0.21404317350201285,1
641.5999999999635,0.21307165191215804,1
641.6999999999636,0.21212724130967253,1
641.7999999999636,0.2112099416945111,1
641.8999999999635,0.21031975306667675,1
641.9999999999635,0.20945667542616647,1
642.0999999999635,0.20862070877298117,1
642.1999999999634,0.20781185310712189,1
642.2999999999635,0.20703010842858577,1
642.3999999999635,0.20621552304360327,1
642.4999999999635,0.2052369593635819,1
642.5999999999635,0.20409441738847364,1
642.6999999999634,0.20295187541330695,1
642.7999999999635,0.20202821457454295,1
642.8999999999635,0.20132101167234237,1
642.9999999999634,0.20083026670670373,1
643.0999999999634,0.20048023911349405,1
643.1999999999634,0.20014551910226033,1
643.2999999999635,0.19982610667295647,1
643.3999999999635,0.19952200182558316,1
643.4999999999634,0.19921789697821593,1
643.5999999999634,0.1989225928941087,1
643.6999999999634,0.1986281908684082,1
643.7999999999633,0.19841747407530783,1
643.8999999999634,0.19820675728223813,1
643.9999999999634,0.19799604048916844,1
644.0999999999634,0.19778532369609872,1
644.1999999999634,0.19757460690302903,1
644.2999999999633,0.19736389010995922,1
644.3999999999634,0.19715317331688953,1
644.4999999999634,0.19694245652381984,1
644.5999999999633,0.1967313113983407,1
644.6999999999633,0.196543370919674,1
644.7999999999633,0.1963554304410155,1
644.8999999999634,0.1961726659794305,1
644.9999999999634,0.1959950775349208,1
645.0999999999633,0.19580589875596838,1
645.1999999999633,0.19561671997701147,1
645.2999999999633,0.19542754119805444,1
645.3999999999633,0.19523836241909778,1
645.4999999999633,0.19543135356808383,1
645.5999999999633,0.19562434471721013,1
645.6999999999633,0.1958087252686554,1
645.7999999999633,0.19599352829053285,1
645.8999999999633,0.1961866362749141,1
645.9999999999633,0.19555286706091243,1
646.0999999999633,0.19491909784660713,1
646.1999999999632,0.19428532863230244,1
646.2999999999632,0.19365155941799633,1
646.3999999999633,0.19388476796058757,1
646.4999999999633,0.19411797650349719,1
646.5999999999633,0.19315650749727195,1
646.6999999999632,0.19219503849060926,1
646.7999999999632,0.1924793007482802,1
646.8999999999633,0.191332299847603,1
646.9999999999632,0.1901852989464015,1
647.0999999999632,0.1890382980451986,1
647.1999999999632,0.18783177316506441,1
647.2999999999632,0.18654521572395633,1
647.3999999999633,0.18523814970080096,1
647.4999999999632,0.1839105750956205,1
647.5999999999632,0.182583000490431,1
647.6999999999632,0.18118717296415754,1
647.7999999999631,0.17985959835894288,1
647.8999999999631,0.1785320237537533,1
647.9999999999632,0.1772044491485638,1
648.0999999999632,0.17746443794894623,1
648.1999999999632,0.1761368633443414,1
648.2999999999631,0.17639685214472384,1
648.3999999999631,0.1765246927795899,1
648.4999999999632,0.17678468158050833,1
648.5999999999631,0.17704467038147523,1
648.6999999999631,0.17733713321051245,1
648.7999999999631,0.17764801368944177,1
648.8999999999631,0.1776713419178863,1
648.9999999999632,0.1779822223967163,1
649.0999999999631,0.17800555062516077,1
649.1999999999631,0.1780266964283958,1
649.2999999999631,0.17804549088468488,1
649.399999999963,0.17806210291586957,1
649.499999999963,0.17804228462502583,1
649.5999999999631,0.17795814884929578,1
649.6999999999631,0.17792929289500795,1
649.7999999999631,0.1778959181090373,1
649.899999999963,0.17775318778104374,1
649.999999999963,0.1776059386213063,1
650.0999999999631,0.17745417062986388,1
650.199999999963,0.17731891214158543,1
650.299999999963,0.17720016315647827,1
650.399999999963,0.17707630252060416,1
650.499999999963,0.17694733023395506,1
650.5999999999631,0.17680930774054168,1
650.699999999963,0.1766622350403629,1
650.799999999963,0.17650611213341807,1
650.899999999963,0.17634093901970793,1
650.9999999999629,0.17616671569923215,1
651.099999999963,0.1759834421719906,1
651.199999999963,0.17579111843798348,1
651.299999999963,0.1755897444972104,1
651.399999999963,0.1752481827611028,1
651.4999999999629,0.17489757081818144,1
651.599999999963,0.1745379086684941,1
651.699999999963,0.17416919631204114,1
651.7999999999629,0.1737890105488995,1
651.8999999999629,0.17339977457899133,1
651.9999999999629,0.17301053860907975,1
652.099999999963,0.17249589284874295,1
652.199999999963,0.17198124708835963,1
652.2999999999629,0.17146660132797634,1
652.3999999999629,0.17095195556759304,1
652.4999999999629,0.17043730980720972,1
652.5999999999628,0.16991386328356659,1
652.6999999999629,0.16941081302245292,1
652.7999999999629,0.16880368126621342,1
652.8999999999629,0.16821694577246926,1
652.9999999999629,0.16763021027873268,1
653.0999999999628,0.16704347478499673,1
653.1999999999629,0.16645673929126023,1
653.2999999999629,0.16587000379752295,1
653.3999999999628,0.16528326830378712,1
653.4999999999628,0.16469653281005053,1
653.5999999999628,0.16408659266950124,1
653.6999999999629,0.16345344788213076,1
653.7999999999629,0.16282030309475085,1
653.8999999999628,0.16227899717444402,1
653.9999999999628,0.16173251523709736,1
654.0999999999628,0.1610850483828453,1
654.1999999999628,0.16055015677990445,1
654.2999999999628,0.16001526517700423,1
654.3999999999628,0.15948037357410463,1
654.4999999999628,0.15894548197120503,1
654.5999999999628,0.1585470611703009,1
654.6999999999628,0.15814864036944806,1
654.7999999999628,0.1577584076958403,1
654.8999999999628,0.1573599868949899,1
654.9999999999627,0.15667004270345486,1
655.0999999999627,0.15598009851181066,1
655.1999999999628,0.15529015432016646,1
655.2999999999628,0.15463024197447803,1
655.3999999999628,0.15429802942103812,1
655.4999999999627,0.1540588310653499,1
655.5999999999627,0.15381984370676613,1
655.6999999999628,0.1535806453511123,1
655.7999999999627,0.15324843279782896,1
655.8999999999627,0.15291622024451088,1
655.9999999999627,0.15258400769119287,1
656.0999999999627,0.15225179513787476,1
656.1999999999628,0.152111071539292,1
656.2999999999627,0.1520298719197118,1
656.3999999999627,0.15194867230015377,1
656.4999999999627,0.1518674726805957,1
656.5999999999626,0.15178627306103776,1
656.6999999999626,0.15180778820182175,1
656.7999999999627,0.15176105042156074,1
656.8999999999627,0.15171431264127422,1
656.9999999999627,0.15169000752042117,1
657.0999999999626,0.1516753097672842,1
657.1999999999626,0.15167066338300106,1
657.2999999999627,0.15166601699872162,1
657.3999999999626,0.1517935187805427,1
657.4999999999626,0.15178895441867452,1
657.5999999999626,0.15178439005675692,1
657.6999999999626,0.15176932983449024,1
657.7999999999627,0.15177624777994053,1
657.8999999999626,0.15207071797588867,1
657.9999999999626,0.1520776359214547,1
658.0999999999626,0.15237210611740287,1
658.1999999999625,0.15266657631345834,1
658.2999999999626,0.15296121543135588,1
658.3999999999626,0.15318771023723318,1
658.4999999999626,0.15344034513380872,1
658.5999999999626,0.15375576414336392,1
658.6999999999625,0.1540113844997731,1
658.7999999999626,0.15426801028937773,1
658.8999999999626,0.15463047822251683,1
658.9999999999625,0.15499395158891233,1
659.0999999999625,0.15535843038852584,1
659.1999999999625,0.15570188085327086,1
659.2999999999626,0.1560243029831396,1
659.3999999999626,0.15625086651492306,1
659.4999999999625,0.1564864802534326,1
659.5999999999625,0.15683605300354725,1
659.6999999999625,0.15704256540687195,1
659.7999999999624,0.1572581280169051,1
659.8999999999625,0.15748274083370403,1
659.9999999999625,0.15771640385726854,1
660.0999999999625,0.15790485764947632,1
660.1999999999625,0.1581023616484294,1
660.2999999999624,0.1583089158541481,1
660.3999999999625,0.15846664552535422,1
660.4999999999625,0.15863342540330433,1
660.5999999999624,0.15880925548801994,1
660.6999999999624,0.1589941357795013,1
660.7999999999624,0.15918806627774856,1
660.8999999999625,0.15939104698276124,1
660.9999999999625,0.15959402768777725,1
661.0999999999624,0.15979700839279312,1
661.1999999999624,0.15999998909780921,1
661.2999999999624,0.16011556242806865,1
661.3999999999623,0.1602311357582949,1
661.4999999999624,0.16034670908852142,1
661.5999999999624,0.1605496897935045,1
661.6999999999624,0.1607322742359873,1
661.7999999999624,0.16093525494099595,1
661.8999999999623,0.16108969227891518,1
661.9999999999624,0.16124412961681647,1
662.0999999999624,0.1613985669547177,1
662.1999999999623,0.1615530042926187,1
662.2999999999623,0.16168173242501407,1
662.3999999999623,0.16178475135189332,1
662.4999999999624,0.1618620610732569,1
662.5999999999624,0.16191366158910458,1
662.6999999999623,0.16193955289943643,1
662.7999999999623,0.16193973500425266,1
662.8999999999623,0.16184290222491465,1
662.9999999999623,0.16174606944554026,1
663.0999999999623,0.16176181191751335,1
663.1999999999623,0.16161812241365683,1
663.2999999999623,0.16147443290973987,1
663.3999999999623,0.16131059466359765,1
663.4999999999623,0.16114781318837085,1
663.5999999999623,0.16084856091114955,1
663.6999999999623,0.16049525792776395,1
663.7999999999622,0.16014195494435804,1
663.8999999999622,0.15978865196095213,1
663.9999999999623,0.15943534897754613,1
664.0999999999623,0.15907374601011356,1
664.1999999999623,0.15871214304267786,1
664.2999999999622,0.15832050822928592,1
664.3999999999622,0.15795443870058046,1
664.4999999999623,0.15749535497425557,1
664.5999999999622,0.1570360602508261,1
664.6999999999622,0.15649625391816796,1
664.7999999999622,0.15613018438940596,1
664.8999999999622,0.15576411486071018,1
664.9999999999623,0.1553184775343699,1
665.0999999999622,0.15481446436627583,1
665.1999999999622,0.15417848622235578,1
665.2999999999622,0.1536188522652069,1
665.3999999999621,0.1529828741212665,1
665.4999999999621,0.1523468799115729,1
665.5999999999622,0.15171836053229845,1
665.6999999999622,0.15107044625205937,1
665.7999999999622,0.15042246871028978,1
665.8999999999621,0.1497744911685217,1
665.9999999999621,0.14910408096731959,1
666.0999999999622,0.14842412665992372,1
666.1999999999621,0.14773405772215234,1
666.2999999999621,0.14704398878437563,1
666.3999999999621,0.14623580859515065,1
666.4999999999621,0.14542762754723745,1
666.5999999999622,0.14461936533560607,1
666.6999999999621,0.14378920611997312,1
666.7999999999621,0.1429370687366092,1
666.8999999999621,0.142084931353238,1
666.999999999962,0.1411786812726182,1
667.099999999962,0.1402724311919769,1
667.1999999999621,0.1393661811113356,1
667.2999999999621,0.13845993103069337,1
667.3999999999621,0.13762172233193812,1
667.499999999962,0.1368358508414385,1
667.599999999962,0.13604699389115724,1
667.6999999999621,0.1351418743724428,1
667.799999999962,0.1342962312370649,1
667.899999999962,0.13344958266849238,1
667.999999999962,0.13261959954808986,1
668.099999999962,0.13177094011308904,1
668.1999999999621,0.1309261174035934,1
668.299999999962,0.13008513141961173,1
668.399999999962,0.12935289096598265,1
668.499999999962,0.1286244872379073,1
668.5999999999619,0.12779501143050792,1
668.699999999962,0.12712148290217581,1
668.799999999962,0.12644795437390233,1
668.899999999962,0.12577442584562964,1
668.999999999962,0.12504661619634105,1
669.0999999999619,0.12437306598515482,1
669.199999999962,0.12369951577398841,1
669.299999999962,0.12301563960676498,1
669.3999999999619,0.12238963818081701,1
669.4999999999619,0.12176363675489031,1
669.5999999999619,0.12115227698566815,1
669.699999999962,0.12054091721645153,1
669.799999999962,0.11992955744723424,1
669.8999999999619,0.11931819767801834,1
669.9999999999619,0.11867501807552555,1
670.0999999999619,0.11806365830629684,1
670.1999999999618,0.11745229853708093,1
670.2999999999619,0.11692834614261995,1
670.3999999999619,0.11640439374819295,1
670.4999999999619,0.11588044135376604,1
670.5999999999619,0.11526908158458274,1
670.6999999999618,0.11465772181536683,1
670.7999999999619,0.11404636204614954,1
670.8999999999619,0.11336938254989182,1
670.9999999999618,0.112732717229135,1
671.0999999999618,0.1121363660839179,1
671.1999999999618,0.1115803291142413,1
671.2999999999619,0.11115375327048507,1
671.3999999999619,0.11085663855268436,1
671.4999999999618,0.11068898496083884,1
671.5999999999618,0.11054704057454842,1
671.6999999999618,0.1104308053937737,1
671.7999999999618,0.11045450986233406,1
671.8999999999618,0.11047821433094786,1
671.9999999999618,0.11050191879956166,1
672.0999999999618,0.11040695139940568,1
672.1999999999618,0.11024016885495891,1
672.2999999999618,0.11007338631048472,1
672.3999999999618,0.10992675250823591,1
672.4999999999618,0.10977906193507202,1
672.5999999999617,0.10963137136190777,1
672.6999999999617,0.10953773149485588,1
672.7999999999618,0.10944409162782447,1
672.8999999999618,0.10935045176079326,1
672.9999999999618,0.10925681189376196,1
673.0999999999617,0.10907163740752664,1
673.1999999999617,0.10888646292125614,1
673.2999999999618,0.10870128843498533,1
673.3999999999617,0.10849054866401735,1
673.4999999999617,0.10827980889303924,1
673.5999999999617,0.10806906912206124,1
673.6999999999617,0.10793905195738081,1
673.7999999999618,0.1077283121864334,1
673.8999999999617,0.10745092594687268,1
673.9999999999617,0.10731975397351305,1
674.0999999999617,0.1072469578419335,1
674.1999999999616,0.10717416171037637,1
674.2999999999616,0.10702502139199753,1
674.3999999999617,0.1069522252604111,1
674.4999999999617,0.10687944519457748,1
674.5999999999617,0.10679919029832466,1
674.6999999999616,0.10670386846377822,1
674.7999999999616,0.1066086098907481,1
674.8999999999617,0.1065133513177181,1
674.9999999999616,0.1064180927446883,1
675.0999999999616,0.10632277091013592,1
675.1999999999616,0.10611628049300816,1
675.2999999999616,0.10590979007583742,1
675.3999999999617,0.10582141091011536,1
675.4999999999616,0.10573295058072049,1
675.5999999999616,0.10564457141504366,1
675.6999999999616,0.10557132733056875,1
675.7999999999615,0.1055132994910199,1
675.8999999999616,0.10547048789639694,1
675.9999999999616,0.10549700524394921,1
676.0999999999616,0.10553873883644825,1
676.1999999999616,0.10559568867387321,1
676.2999999999615,0.10566785475622417,1
676.3999999999616,0.10575534001363499,1
676.4999999999616,0.10581381211394303,1
676.5999999999615,0.10587228421423976,1
676.6999999999615,0.10604701888296796,1
676.7999999999615,0.10615097866848655,1
676.8999999999616,0.1062446453873207,1
676.9999999999616,0.10631034815810615,1
677.0999999999615,0.10638342874361113,1
677.1999999999615,0.10644237953694959,1
677.2999999999615,0.10648720053811307,1
677.3999999999614,0.10670489424381989,1
677.4999999999615,0.10691875122408108,1
677.5999999999615,0.10712877147882836,1
677.6999999999615,0.10733495500806184,1
677.7999999999615,0.10754113853729397,1
677.8999999999614,0.10774733204691533,1
677.9999999999615,0.10800780667755241,1
678.0999999999615,0.10831948046630559,1
678.1999999999614,0.1086022649775182,1
678.2999999999614,0.10889537544477644,1
678.3999999999614,0.10918848591203834,1
678.4999999999615,0.10948159637930034,1
678.5999999999615,0.10969104441207847,1
678.6999999999614,0.10996951322260336,1
678.7999999999614,0.11030705246589671,1
678.8999999999614,0.11051650049869197,1
678.9999999999613,0.11075776836471364,1
679.0999999999614,0.11096721639747184,1
679.1999999999614,0.11117666443021773,1
679.2999999999614,0.11138611246296387,1
679.3999999999614,0.11159556049570978,1
679.4999999999613,0.11180500852845533,1
679.5999999999614,0.11201445656120124,1
679.6999999999614,0.11222390459394714,1
679.7999999999613,0.11243335262669303,1
679.8999999999613,0.11287435252128974,1
679.9999999999613,0.11327503824045113,1
680.0999999999614,0.11363540978407201,1
680.1999999999614,0.11394339388707406,1
680.2999999999613,0.11414762606965696,1
680.3999999999613,0.11424810633180056,1
680.4999999999613,0.11419655277903673,1
680.5999999999613,0.11414463038109512,1
680.6999999999613,0.11409270798315323,1
680.7999999999613,0.11391437379842934,1
680.8999999999613,0.11372385827069323,1
680.9999999999613,0.11352116139998905,1
681.0999999999613,0.1134249550550861,1
681.1999999999613,0.11343523923603002,1
681.2999999999613,0.11343334207405194,1
681.3999999999612,0.11346128328122906,1
681.4999999999612,0.1135190628575779,1
681.5999999999613,0.1135768424339382,1
681.6999999999613,0.1136346220102986,1
681.7999999999613,0.11369240158665907,1
681.8999999999612,0.1137501811630193,1
681.9999999999612,0.1138079607393797,1
682.0999999999613,0.11392116326626732,1
682.1999999999612,0.11403436579317638,1
682.2999999999612,0.11414756832008571,1
682.3999999999612,0.11426077084699492,1
682.4999999999612,0.11408183037287188,1
682.5999999999613,0.11390288989863558,1
682.6999999999612,0.11372394942439958,1
682.7999999999612,0.11354500895016308,1
682.8999999999612,0.11343271494450953,1
682.9999999999611,0.1131232781316593,1
683.0999999999611,0.11294433765737237,1
683.1999999999612,0.11276539718313607,1
683.2999999999612,0.11258645670889968,1
683.3999999999612,0.11226278559504878,1
683.4999999999611,0.11193911448114215,1
683.5999999999611,0.11161544336723524,1
683.6999999999612,0.11125588294738101,1
683.7999999999611,0.11096509854340306,1
683.8999999999611,0.11067431413945196,1
683.9999999999611,0.11038352973550086,1
684.0999999999611,0.11006760365802863,1
684.1999999999612,0.10983776775112306,1
684.2999999999611,0.10958279017072994,1
684.3999999999611,0.10930267091680611,1
684.4999999999611,0.10899740998935148,1
684.599999999961,0.10866700738836654,1
684.699999999961,0.10829624686893038,1
684.7999999999611,0.10791027010455807,1
684.8999999999611,0.10750907709526009,1
684.9999999999611,0.1070926678410363,1
685.099999999961,0.1066610423418869,1
685.199999999961,0.10621420059781116,1
685.2999999999611,0.10573656750062571,1
685.399999999961,0.10524371815850928,1
685.499999999961,0.10473565257146632,1
685.599999999961,0.10422758698441752,1
685.699999999961,0.10371952139736862,1
685.7999999999611,0.10322156354730531,1
685.899999999961,0.10273408409357518,1
685.999999999961,0.10225287825501114,1
686.099999999961,0.1017817830420778,1
686.1999999999609,0.10132116333683483,1
686.299999999961,0.10083065119908728,1
686.399999999961,0.10020361513043281,1
686.499999999961,0.09957657906172511,1
686.599999999961,0.0989495429930174,1
686.6999999999609,0.09828232142514574,1
686.799999999961,0.09761509985725689,1
686.899999999961,0.09694786830897918,1
686.9999999999609,0.09628063676070224,1
687.0999999999609,0.09556220605432968,1
687.1999999999609,0.09487266462549687,1
687.299999999961,0.09418312319667468,1
687.399999999961,0.09350045459001591,1
687.4999999999609,0.09281778598336068,1
687.5999999999609,0.09214390777740174,1
687.6999999999609,0.09146123917074908,1
687.7999999999608,0.09071950013135209,1
687.8999999999609,0.09009293499643645,1
687.9999999999609,0.08945345255555039,1
688.0999999999609,0.08880105280864384,1
688.1999999999609,0.08814865306173224,1
688.2999999999608,0.08746359705789011,1
688.3999999999609,0.08681119731096575,1
688.4999999999609,0.0862190213926473,1
688.5999999999608,0.08568706930294603,1
688.6999999999608,0.08515511721326774,1
688.7999999999608,0.08462316512358885,1
688.8999999999609,0.08395342800366393,1
688.9999999999609,0.08328369088368523,1
689.0999999999608,0.08261395376370728,1
689.1999999999608,0.08197303478330858,1
689.2999999999608,0.08138756030271407,1
689.3999999999608,0.08074664132234899,1
689.4999999999608,0.08015400423642974,1
689.5999999999608,0.0795617359956484,1
689.6999999999608,0.0789694677548673,1
689.7999999999608,0.07834194391047432,1
689.8999999999608,0.07772660140903224,1
689.9999999999608,0.07712344025055758,1
690.0999999999608,0.076532460435051,1
690.1999999999607,0.07595366196251307,1
690.2999999999607,0.07538704483294194,1
690.3999999999608,0.07479058933421634,1
690.4999999999608,0.07411880332404239,1
690.5999999999608,0.07353490014530603,1
690.6999999999607,0.07295099696660488,1
690.7999999999607,0.07236709378790232,1
690.8999999999608,0.07169544712960453,1
690.9999999999607,0.07111154395086888,1
691.0999999999607,0.07057205242486982,1
691.1999999999607,0.07003256089888822,1
691.2999999999607,0.06949306937290599,1
691.3999999999608,0.0689535778469244,1
691.4999999999607,0.0687062293219739,1
691.5999999999607,0.0684588807971377,1
691.6999999999607,0.06828966943999186,1
691.7999999999606,0.06812045808287676,1
691.8999999999606,0.06795124672576165,1
691.9999999999607,0.06791253170728602,1
692.0999999999607,0.06763269194404448,1
692.1999999999607,0.06746348058688585,1
692.2999999999606,0.06729426922977076,1
692.3999999999606,0.06726978851226953,1
692.4999999999607,0.06724530779482513,1
692.5999999999606,0.06778913010388886,1
692.6999999999606,0.06836884171912401,1
692.7999999999606,0.06887977731848383,1
692.8999999999606,0.06939071291781593,1
692.9999999999607,0.06990164851714813,1
693.0999999999606,0.07043772579000052,1
693.1999999999606,0.07099894473638421,1
693.2999999999606,0.07094235888545895,1
693.3999999999605,0.07128767231680458,1
693.4999999999606,0.07165812742182956,1
693.5999999999606,0.07167696659139156,1
693.6999999999606,0.07172094743433576,1
693.7999999999606,0.0717649282772898,1
693.8999999999605,0.07180890912024385,1
693.9999999999606,0.07187577280857432,1
694.0999999999606,0.07194263649691382,1
694.1999999999605,0.07224275157020227,1
694.2999999999605,0.07232519036681719,1
694.3999999999605,0.07264088054829516,1
694.4999999999606,0.07272331934491588,1
694.5999999999606,0.07303900952639386,1
694.6999999999605,0.0733546997079635,1
694.7999999999605,0.07367057521920489,1
694.8999999999605,0.07380582236129973,1
694.9999999999604,0.0739488890055369,1
695.0999999999605,0.07409602552621018,1
695.1999999999605,0.07427909960649007,1
695.2999999999605,0.07449796472999685,1
695.3999999999605,0.07468103881030518,1
695.4999999999604,0.0749320119797234,1
695.5999999999605,0.07518228460527288,1
695.6999999999605,0.07547344327388252,1
695.7999999999604,0.07576460194250831,1
695.8999999999604,0.07605576061113402,1
695.9999999999604,0.07634691927975981,1
696.0999999999605,0.07663807794838551,1
696.1999999999605,0.07692923661701132,1
696.2999999999604,0.07722039528563711,1
696.3999999999604,0.07750468113210013,1
696.4999999999604,0.0778047239680845,1
696.5999999999603,0.07816499718115626,1
696.6999999999604,0.07846504001717065,1
696.7999999999604,0.07875546405979361,1
696.8999999999604,0.07906842420179579,1
696.9999999999604,0.07938468285645428,1
697.0999999999603,0.079713858817129,1
697.1999999999604,0.08004212745871986,1
697.2999999999604,0.08040305235724102,1
697.3999999999603,0.08073132099884396,1
697.4999999999603,0.08099936581184165,1
697.5999999999603,0.08120718679622264,1
697.6999999999604,0.08141500778057983,1
697.7999999999604,0.08189217316938602,1
697.8999999999603,0.08236933855829807,1
697.9999999999603,0.08284650394721058,1
698.0999999999603,0.08332366933612317,1
698.1999999999603,0.0838187881799517,1
698.2999999999603,0.08429316085341339,1
698.3999999999603,0.08485767635607791,1
698.4999999999603,0.08545689018819634,1
698.5999999999603,0.08605610402032865,1
698.6999999999603,0.08655163302625782,1
698.7999999999603,0.08719828380492373,1
698.8999999999603,0.08779309217054769,1
698.9999999999602,0.08833605812304925,1
699.0999999999602,0.08890573250626232,1
699.1999999999603,0.08946835022583824,1
699.2999999999603,0.09003802460905977,1
699.3999999999603,0.09060769899228348,1
699.4999999999602,0.09122286551778293,1
699.5999999999602,0.0917501492118345,1
699.6999999999603,0.0922774329058511,1
699.7999999999602,0.09296104685245138,1
699.8999999999602,0.09373240427870938,1
699.9999999999602,0.09441601822540678,1
700.0999999999602,0.09522595342642173,1
700.1999999999603,0.09604310946690076,1
700.2999999999602,0.09671848048118517,1
700.3999999999602,0.09740209442784438,1
700.4999999999602,0.09765884961273733,1
700.5999999999601,0.09791659481378415,1
700.6999999999601,0.09809521283081772,1
700.7999999999602,0.09882911631827498,1
700.8999999999602,0.09900773433549803,1
700.9999999999602,0.09974163782295499,1
701.0999999999601,0.1005861697168093,1
701.1999999999601,0.10132007320453144,1
701.2999999999602,0.10205397669221028,1
701.3999999999601,0.102734870001447,1
701.4999999999601,0.10346877348910384,1
701.5999999999601,0.10358136377183588,1
701.6999999999601,0.10369395405431998,1
701.7999999999602,0.10380080359002009,1
701.8999999999601,0.1039188510793303,1
701.9999999999601,0.10404809652225763,1
702.0999999999601,0.10415418637219907,1
702.19999999996,0.10423712062914092,1
702.29999999996,0.10493984576392029,1
702.3999999999601,0.10528317998469759,1
702.4999999999601,0.10564388090007416,1
702.5999999999601,0.10639870611919229,1
702.69999999996,0.10717089803320969,1
702.79999999996,0.10786149252721693,1
702.8999999999601,0.10847048960117199,1
702.99999999996,0.10905660382971745,1
703.09999999996,0.10964271805825446,1
703.19999999996,0.10999499849928653,1
703.29999999996,0.11058111272773062,1
703.3999999999601,0.1107505110897496,1
703.49999999996,0.1106395650070653,1
703.59999999996,0.11029536753932104,1
703.69999999996,0.10995117007148343,1
703.7999999999599,0.10960697260364584,1
703.89999999996,0.10944321817528244,1
703.99999999996,0.10927566369627206,1
704.09999999996,0.10974329805739796,1
704.19999999996,0.11017481241814432,1
704.2999999999599,0.11061072123482826,1
704.39999999996,0.11104223559556192,1
704.49999999996,0.1114058508671697,1
704.5999999999599,0.1117701666826459,1
704.6999999999599,0.11193871541130106,1
704.7999999999599,0.11230233068280389,1
704.89999999996,0.11266594595438459,1
704.99999999996,0.11281582051524312,1
705.0999999999599,0.11298436924381217,1
705.1999999999599,0.11315291797238876,1
705.2999999999599,0.11332146670096566,1
705.3999999999598,0.11349001542954205,1
705.4999999999599,0.11364280716859489,1
705.5999999999599,0.1137955989076413,1
705.6999999999599,0.11396893796844133,1
705.7999999999599,0.1139899622400835,1
705.8999999999598,0.11416330130083063,1
705.9999999999599,0.11418432557247277,1
706.0999999999599,0.11420534984405377,1
706.1999999999598,0.11422728143472427,1
706.2999999999598,0.1142492130253951,1
706.3999999999598,0.1142968029346048,1
706.4999999999599,0.1143443928438249,1
706.5999999999599,0.11439198275304491,1
706.6999999999598,0.11430434273024277,1
706.7999999999598,0.11394735830293876,1
706.8999999999598,0.11359037387552685,1
706.9999999999598,0.11323338944811526,1
707.0999999999598,0.11286793396345508,1
707.1999999999598,0.11245930909212515,1
707.2999999999598,0.11200751483411102,1
707.3999999999598,0.11151255118941364,1
707.4999999999598,0.11098288921528146,1
707.5999999999598,0.11045870567668516,1
707.6999999999598,0.11003270856615885,1
707.7999999999597,0.10950509950798404,1
707.8999999999597,0.10903140574138294,1
707.9999999999598,0.10861162726641824,1
708.0999999999598,0.10816721323925775,1
708.1999999999598,0.10773192875424888,1
708.2999999999597,0.1072916604841097,1
708.3999999999597,0.10685139221396849,1
708.4999999999598,0.10641103067383383,1
708.5999999999597,0.10597076240369309,1
708.6999999999597,0.1055304941335519,1
708.7999999999597,0.1049338956108272,1
708.8999999999597,0.10436070771169277,1
708.9999999999598,0.10381093043622065,1
709.0999999999597,0.10315824253005941,1
709.1999999999597,0.10252174440809497,1
709.2999999999597,0.10205044193598588,1
709.3999999999596,0.10157089653151344,1
709.4999999999596,0.10151820988880417,1
709.5999999999597,0.1016983644639677,1
709.6999999999597,0.10187950905554909,1
709.7999999999597,0.10150536817667867,1
709.8999999999596,0.10168651276803689,1
709.9999999999596,0.10131237188916681,1
710.0999999999597,0.10093823101007271,1
710.1999999999596,0.10056409013097901,1
710.2999999999596,0.1001899492518845,1
710.3999999999596,0.0998688185512306,1
710.4999999999596,0.0994946776721579,1
710.5999999999597,0.0991735469715039,1
710.6999999999596,0.09885241627087167,1
710.7999999999596,0.09853702631702278,1
710.8999999999596,0.09821043840956412,1
710.9999999999595,0.0978726525484887,1
711.0999999999596,0.097442715718145,1
711.1999999999596,0.09715124104300776,1
711.2999999999596,0.09677156263157044,1
711.3999999999596,0.09637451752535525,1
711.4999999999595,0.09601206374922559,1
711.5999999999596,0.09565152035688212,1
711.6999999999596,0.09529288734831194,1
711.7999999999595,0.09503512883827601,1
711.8999999999595,0.09487824482681449,1
711.9999999999595,0.09474063789390899,1
712.0999999999596,0.0946223080395265,1
712.1999999999596,0.09452383766622395,1
712.2999999999595,0.0944247848903725,1
712.3999999999595,0.09450919659608943,1
712.4999999999595,0.09510720413136317,1
712.5999999999594,0.09570521166684409,1
712.6999999999595,0.0963032192023257,1
712.7999999999595,0.09690132205207433,1
712.8999999999595,0.09749932149499807,1
712.9999999999595,0.09832066614674638,1
713.0999999999594,0.09850253775860308,1
713.1999999999595,0.09868480613464412,1
713.2999999999595,0.09886707451068552,1
713.3999999999594,0.09904934288672652,1
713.4999999999594,0.09923161126276782,1
713.5999999999594,0.09942427058806812,1
713.6999999999595,0.09981199645629764,1
713.7999999999595,0.10000466141702102,1
713.8999999999594,0.10026756473306549,1
713.9999999999594,0.10067397040445884,1
714.0999999999594,0.10106170190811443,1
714.1999999999593,0.1015196637120241,1
714.2999999999594,0.10197762551596314,1
714.3999999999594,0.10245050463937228,1
714.4999999999594,0.10293830108225792,1
714.5999999999594,0.10344101484462016,1
714.6999999999593,0.10392318128523445,1
714.7999999999594,0.10448032566245348,1
714.8999999999594,0.1047885808112478,1
714.9999999999593,0.10525876954247394,1
715.0999999999593,0.10572895827376634,1
715.1999999999593,0.10619914700505874,1
715.2999999999594,0.10666933573635166,1
715.3999999999594,0.10730242424944846,1
715.4999999999593,0.10794522720798068,1
715.5999999999593,0.10858803016651768,1
715.6999999999593,0.10936606305707613,1
715.7999999999593,0.11014409594768963,1
715.8999999999593,0.11092212883830324,1
715.9999999999593,0.11170016172891674,1
716.0999999999593,0.11245244528919543,1
716.1999999999593,0.11324742029429494,1
716.2999999999593,0.11405086635666009,1
716.3999999999593,0.11486278347627686,1
716.4999999999593,0.11567470059589706,1
716.5999999999592,0.11648113927996596,1
716.6999999999592,0.11729307815591772,1
716.7999999999593,0.11758639596017953,1
716.8999999999593,0.11840364118325288,1
716.9999999999593,0.11921881352802573,1
717.0999999999592,0.12003191299428304,1
717.1999999999592,0.12084293958202669,1
717.2999999999593,0.1209328579639717,1
717.3999999999592,0.12174181167290643,1
717.4999999999592,0.12226150501906129,1
717.5999999999592,0.12288858151150507,1
717.6999999999592,0.12351565800399267,1
717.7999999999593,0.12403525808008053,1
717.8999999999592,0.12509016758167427,1
717.9999999999592,0.12612166645983441,1
718.0999999999592,0.12712975471433244,1
718.1999999999591,0.1281144323451672,1
718.2999999999591,0.12856049453918655,1
718.3999999999592,0.12952176154614037,1
718.4999999999592,0.13048302855330457,1
718.5999999999592,0.1312104643264454,1
718.6999999999591,0.13193790009948989,1
718.7999999999591,0.13256607077204252,1
718.8999999999592,0.13309497634406034,1
718.9999999999591,0.13352461681554367,1
719.0999999999591,0.13385499218649347,1
719.1999999999591,0.13408610245690922,1
719.2999999999591,0.13421794762679118,1
719.3999999999592,0.13434979279663228,1
719.4999999999591,0.13448163796647325,1
719.5999999999591,0.1345993603494728,1
719.6999999999591,0.1347029599456252,1
719.799999999959,0.1347924367549303,1
719.899999999959,0.13486779077738806,1
719.9999999999591,0.13493689985447352,1
720.0999999999591,0.13512756043917618,1
720.1999999999591,0.13520291446167537,1
720.299999999959,0.1353896278134727,1
720.399999999959,0.13537224804926482,1
720.4999999999591,0.13509881714408792,1
720.599999999959,0.13480610916029143,1
720.699999999959,0.13449412409797173,1
720.799999999959,0.13416286195712868,1
720.899999999959,0.13381232273776286,1
720.9999999999591,0.13344250643987404,1
721.099999999959,0.13335371829089865,1
721.199999999959,0.13324565306352304,1
721.299999999959,0.1331375878361394,1
721.3999999999589,0.13302952260875595,1
721.499999999959,0.13292145738137245,1
721.599999999959,0.13281339215398896,1
721.699999999959,0.13304667166246878,1
721.799999999959,0.13336899441207958,1
721.8999999999589,0.13360228201329363,1
721.999999999959,0.13361222440564802,1
722.099999999959,0.13362256356235386,1
722.1999999999589,0.13363250595461681,1
722.2999999999589,0.13373158690213635,1
722.3999999999589,0.13391960209592205,1
722.499999999959,0.13410756458135717,1
722.599999999959,0.13428513611753312,1
722.6999999999589,0.13482582958248068,1
722.7999999999589,0.1353665174122391,1
722.8999999999589,0.13583696688659644,1
722.9999999999588,0.13637765471632468,1
723.0999999999589,0.13691834254608248,1
723.1999999999589,0.13738880007557858,1
723.2999999999589,0.13785925760504633,1
723.3999999999589,0.13772798945592957,1
723.4999999999588,0.13833782081888213,1
723.5999999999589,0.13893273486266916,1
723.6999999999589,0.13952764890645006,1
723.7999999999588,0.1402095185961518,1
723.8999999999588,0.14022232710002333,1
723.9999999999588,0.1412339205222603,1
724.0999999999589,0.14224551394490828,1
724.1999999999589,0.14325710736755629,1
724.2999999999588,0.14402593270335018,1
724.3999999999588,0.14493005421678812,1
724.4999999999588,0.1458244612849116,1
724.5999999999588,0.14662568748993415,1
724.6999999999588,0.14783592127289896,1
724.7999999999588,0.1490461550560339,1
724.8999999999588,0.15025638883916762,1
724.9999999999588,0.15159420555466852,1
725.0999999999588,0.15296624265780318,1
725.1999999999588,0.15430405937337072,1
725.2999999999588,0.1556418760889256,1
725.3999999999587,0.15697969280447752,1
725.4999999999587,0.1583175095200309,1
725.5999999999588,0.15965532623558432,1
725.6999999999588,0.16105791662307178,1
725.7999999999588,0.1629770552037646,1
725.8999999999587,0.16437019348713186,1
725.9999999999587,0.16624922556906127,1
726.0999999999588,0.16812825765119127,1
726.1999999999587,0.17000728973331902,1
726.2999999999587,0.17260535714273192,1
726.3999999999587,0.17448438922515866,1
726.4999999999587,0.17665277494035403,1
726.5999999999588,0.1787136842392689,1
726.6999999999587,0.1810110931014606,1
726.7999999999587,0.18365247794347866,1
726.8999999999587,0.18573514273643513,1
726.9999999999586,0.18571553159708332,1
727.0999999999586,0.18779819638893916,1
727.1999999999587,0.1877785852495897,1
727.2999999999587,0.1903764548546011,1
727.3999999999587,0.19245911964753962,1
727.4999999999586,0.19454178444026315,1
727.5999999999586,0.19662444923298897,1
727.6999999999587,0.19870711402571486,1
727.7999999999586,0.20088904391893359,1
727.8999999999586,0.2031702389126865,1
727.9999999999586,0.2059395548289233,1
728.0999999999586,0.20880813584585511,1
728.1999999999587,0.21177598196332104,1
728.2999999999586,0.21484309318132086,1
728.3999999999586,0.21791020439936187,1
728.4999999999586,0.22077553311766468,1
728.5999999999585,0.22365498462272215,1
728.6999999999585,0.2265485589146302,1
728.7999999999586,0.22945625599338873,1
728.8999999999586,0.23237807585899128,1
728.9999999999586,0.2353061406699662,1
729.0999999999585,0.23878978323554523,1
729.1999999999585,0.24227342580135794,1
729.2999999999586,0.2457570683671747,1
729.3999999999585,0.24927568670308453,1
729.4999999999585,0.25316751550101124,1
729.5999999999585,0.2568760352653686,1
729.6999999999585,0.26058455502964983,1
729.7999999999586,0.2641224804338547,1
729.8999999999585,0.2676604058379809,1
729.9999999999585,0.2712047199290142,1
730.0999999999585,0.2744551174795187,1
730.1999999999584,0.27771190371680055,1
730.2999999999585,0.2809750786409958,1
730.3999999999585,0.28424464225209295,1
730.4999999999585,0.28751420586319276,1
730.5999999999585,0.29078376947429263,1
730.6999999999584,0.2937119883495274,1
730.7999999999585,0.2965510686693706,1
730.8999999999585,0.29947928754443004,1
730.9999999999584,0.3024075064195231,1
731.0999999999584,0.3053357252946194,1
731.1999999999584,0.3082639441697158,1
731.2999999999585,0.31110302448955907,1
731.3999999999585,0.3106849701582309,1
731.4999999999584,0.31343516893883705,1
731.5999999999584,0.3161853677207611,1
731.6999999999584,0.3185724445739108,1
731.7999999999583,0.3209595214269094,1
731.8999999999584,0.3233465982799079,1
731.9999999999584,0.32581561745056364,1
732.0999999999584,0.32828463662125346,1
732.1999999999584,0.3307536557919434,1
732.2999999999583,0.33322267496263314,1
732.3999999999584,0.33627850249243324,1
732.4999999999584,0.3379896622871334,1
732.5999999999583,0.3397165749100949,1
732.6999999999583,0.3414089223112134,1
732.7999999999583,0.3430667044904676,1
732.8999999999584,0.3454459382796372,1
732.9999999999584,0.3467918219286193,1
733.0999999999583,0.34831388515166406,1
733.1999999999583,0.3500121279492783,1
733.2999999999583,0.35173357018923834,1
733.3999999999583,0.35313116694350244,1
733.4999999999583,0.35452876369763336,1
733.5999999999583,0.3557944578537699,1
733.6999999999583,0.35664700441676817,1
733.7999999999583,0.35750369099470064,1
733.8999999999583,0.3585222338779645,1
733.9999999999583,0.35941319382893056,1
734.0999999999583,0.36030415377984326,1
734.1999999999582,0.3609742808473344,1
734.2999999999582,0.361644407914735,1
734.3999999999583,0.3623145349821348,1
734.4999999999583,0.3629846620495346,1
734.5999999999583,0.3636547891169344,1
734.6999999999582,0.36426014071864965,1
734.7999999999582,0.3648654923203393,1
734.8999999999583,0.3654709698435781,1
734.9999999999582,0.36559055356804177,1
735.0999999999582,0.3657593975349994,1
735.1999999999582,0.36597750174467425,1
735.2999999999582,0.3662682781281362,1
735.3999999999583,0.36663172668539445,1
735.4999999999582,0.3670678474164487,1
735.5999999999582,0.36757664032129983,1
735.6999999999582,0.3679216058366252,1
735.7999999999581,0.36810274396232573,1
735.8999999999581,0.36780381185009187,1
735.9999999999582,0.36960715566972285,1
736.0999999999582,0.36978829379603345,1
736.1999999999582,0.3714679806171154,1
736.2999999999581,0.3710453915067584,1
736.3999999999581,0.370622802395522,1
736.4999999999582,0.3703405526653011,1
736.5999999999581,0.369917963554124,1
736.6999999999581,0.3694953744428875,1
736.7999999999581,0.3690727853316505,1
736.8999999999581,0.36865019622041423,1
736.9999999999582,0.3678387512872295,1
737.0999999999581,0.36592284034389183,1
737.1999999999581,0.36516350299185063,1
737.2999999999581,0.36384894661357187,1
737.399999999958,0.36253439023506306,1
737.499999999958,0.36185796456896807,1
737.5999999999581,0.36074519069046257,1
737.6999999999581,0.3600687650244522,1
737.7999999999581,0.36011831591446347,1
737.899999999958,0.360167866804779,1
737.999999999958,0.3597273813583643,1
738.0999999999581,0.35921510954850566,1
738.199999999958,0.3587028377386177,1
738.299999999958,0.3581905659287284,1
738.399999999958,0.3582667368972615,1
738.499999999958,0.35817379052009346,1
738.5999999999581,0.35826415317657806,1
738.699999999958,0.3583545158331394,1
738.799999999958,0.3586154728497805,1
738.899999999958,0.35887642986649304,1
738.9999999999579,0.3591309981963021,1
739.099999999958,0.3593791778392057,1
739.199999999958,0.35977532710926957,1
739.299999999958,0.36031944600655896,1
739.399999999958,0.3610115345310729,1
739.4999999999579,0.3617036230556482,1
739.599999999958,0.3623957115802242,1
739.699999999958,0.3630878001048002,1
739.7999999999579,0.3637798886293764,1
739.8999999999579,0.36490215009224264,1
739.9999999999579,0.3660244115552899,1
740.099999999958,0.3671282052743437,1
740.199999999958,0.36821353124939626,1
740.2999999999579,0.36928038948044745,1
740.3999999999579,0.3734969803723815,1
740.4999999999579,0.37452690311676307,1
740.5999999999578,0.3755383581158094,1
740.6999999999579,0.37653134537085564,1
740.7999999999579,0.37750586488190174,1
740.8999999999579,0.37846191664894563,1
740.9999999999579,0.37931755835433134,1
741.0999999999578,0.3801547323156803,1
741.1999999999579,0.38097343853302906,1
741.2999999999579,0.3817736770063775,1
741.3999999999578,0.38255544773572286,1
741.4999999999578,0.3839074016246254,1
741.5999999999578,0.3852436026849457,1
741.6999999999579,0.38661436896711077,1
741.7999999999579,0.3880197004711435,1
741.8999999999578,0.3894595971970391,1
741.9999999999578,0.390934059144802,1
742.0999999999578,0.3915865658307426,1
742.1999999999578,0.39270866862918524,1
742.2999999999578,0.3934045643850662,1
742.3999999999578,0.39451331415516006,1
742.4999999999578,0.3956220639254281,1
742.5999999999578,0.39718881003735207,1
742.6999999999578,0.3985267832840061,1
742.7999999999578,0.399860616515461,1
742.8999999999578,0.4010325040512685,1
742.9999999999577,0.40183048283472345,1
743.0999999999577,0.4026284616180216,1
743.1999999999578,0.4036472732847393,1
743.2999999999578,0.4046660849515516,1
743.3999999999578,0.4056848966183627,1
743.4999999999577,0.4067037082851726,1
743.5999999999577,0.4077225199519837,1
743.6999999999578,0.40874133161879495,1
743.7999999999577,0.4103438649392638,1
743.8999999999577,0.4110440264147709,1
743.9999999999577,0.4117441878898962,1
744.0999999999577,0.4123952500077216,1
744.1999999999578,0.41299689099743353,1
744.2999999999577,0.4135258598133587,1
744.3999999999577,0.41398689266021144,1
744.4999999999577,0.41437525333326936,1
744.5999999999576,0.41447430210391806,1
744.6999999999576,0.41460899856498495,1
744.7999999999577,0.4147793427166078,1
744.8999999999577,0.41542975710610924,1
744.9999999999577,0.4160801714958137,1
745.0999999999576,0.4168649713059848,1
745.1999999999576,0.418253498352826,1
745.2999999999577,0.41964202539992473,1
745.3999999999576,0.42103055244702037,1
745.4999999999576,0.4222787401131029,1
745.5999999999576,0.4230680357075575,1
745.6999999999576,0.42445656275440047,1
745.7999999999577,0.42584508980149927,1
745.8999999999576,0.4272336168485949,1
745.9999999999576,0.4286221438956922,1
746.0999999999576,0.43111513695277565,1
746.1999999999575,0.43115318140381664,1
746.2999999999575,0.4317632308374535,1
746.3999999999576,0.43250626726501273,1
746.4999999999576,0.4328129922206537,1
746.5999999999576,0.43355606538878594,1
746.6999999999575,0.433862753603725,1
746.7999999999575,0.433176878909501,1
746.8999999999576,0.4324910440051251,1
746.9999999999575,0.4324381295517974,1
747.0999999999575,0.4318771004359471,1
747.1999999999575,0.43133414964594385,1
747.2999999999575,0.4307731205298844,1
747.3999999999576,0.42981084430740935,1
747.4999999999575,0.42858294622056997,1
747.5999999999575,0.42735504813361647,1
747.6999999999575,0.4261271500466631,1
747.7999999999574,0.4251661551102875,1
747.8999999999575,0.424472063324603,1
747.9999999999575,0.42404487468960983,1
748.0999999999575,0.4236176860547302,1
748.1999999999575,0.4219828470724608,1
748.2999999999574,0.42019447897060547,1
748.3999999999575,0.4182525817496124,1
748.4999999999575,0.4163090261385687,1
748.5999999999574,0.4143654705275264,1
748.6999999999574,0.412421914916482,1
748.7999999999574,0.4104783593054352,1
748.8999999999575,0.4081046307561025,1
748.9999999999575,0.4057309022065869,1
749.0999999999574,0.4033756414010672,1
749.1999999999574,0.4010388483395462,1
749.2999999999574,0.39855302320881875,1
749.3999999999573,0.39591816600882224,1
749.4999999999574,0.39341270456128924,1
749.5999999999574,0.3910366388663414,1
749.6999999999574,0.38866059181952645,1
749.7999999999574,0.3863030125167021,1
749.8999999999573,0.3839639009578843,1
749.9999999999574,0.38149525840170995,1
750.0999999999574,0.37904508358947364,1
750.1999999999573,0.3767613752625966,1
750.2999999999573,0.3747455581092265,1
750.3999999999573,0.3728484071388301,1
750.4999999999574,0.3709697457288708,1
750.5999999999574,0.3690910843189195,1
750.6999999999573,0.3672124010925771,1
750.7999999999573,0.3653337178662304,1
750.8999999999573,0.3634550346398858,1
750.9999999999573,0.36290148613343487,1
751.0999999999573,0.36200203156507915,1
751.1999999999573,0.36045680130923574,1
751.2999999999573,0.3592500082089068,1
751.3999999999573,0.3576303523019495,1
751.4999999999573,0.35601069639481786,1
751.5999999999573,0.35446546613866664,1
751.6999999999573,0.35315314876311305,1
751.7999999999572,0.35184083138765915,1
751.8999999999572,0.35022126487097016,1
751.9999999999573,0.34993919738034257,1
752.0999999999573,0.34965712989028647,1
752.1999999999573,0.3493750624002306,1
752.2999999999572,0.3485033710794015,1
752.3999999999572,0.34763233979193153,1
752.4999999999573,0.3468022320468329,1
752.5999999999572,0.34601304784412373,1
752.6999999999572,0.3452647871838022,1
752.7999999999572,0.3439737284122133,1
752.8999999999572,0.3436258391064193,1
752.9999999999573,0.34331887334339944,1
753.0999999999572,0.34301174669500123,1
753.1999999999572,0.34270478093199885,1
753.2999999999572,0.34239781516899626,1
753.3999999999571,0.3420861132012704,1
753.4999999999571,0.34177441123354224,1
753.5999999999572,0.34167934899442565,1
753.6999999999572,0.34147596689109605,1
753.7999999999572,0.34116426492341395,1
753.8999999999571,0.3408525629556861,1
753.9999999999571,0.340540860987958,1
754.0999999999572,0.3394486215952221,1
754.1999999999571,0.33861800549622284,1
754.2999999999571,0.33778738939733377,1
754.3999999999571,0.3369567732984457,1
754.4999999999571,0.3361261571995577,1
754.5999999999572,0.33589477255325,1
754.6999999999571,0.3350641564546196,1
754.7999999999571,0.3342335403557306,1
754.8999999999571,0.3334029242568426,1
754.999999999957,0.3325723081579554,1
755.099999999957,0.33174169205906723,1
755.1999999999571,0.3322094509749271,1
755.2999999999571,0.3326592304820029,1
755.3999999999571,0.3328702302793789,1
755.499999999957,0.3331862458225629,1
755.599999999957,0.3335022613657923,1
755.6999999999571,0.3338183136497231,1
755.799999999957,0.33440095228679617,1
755.899999999957,0.33498355113371425,1
755.999999999957,0.33542326586631344,1
756.099999999957,0.33644942262711863,1
756.1999999999571,0.33699754893027806,1
756.299999999957,0.3375637535592952,1
756.399999999957,0.3380254958082968,1
756.499999999957,0.3387482161985642,1
756.5999999999569,0.3394709365889429,1
756.699999999957,0.34019365697932247,1
756.799999999957,0.3408342048181333,1
756.899999999957,0.3412078495063315,1
756.999999999957,0.34131459104383843,1
757.0999999999569,0.3414213325812305,1
757.199999999957,0.3425813661519413,1
757.299999999957,0.3437405705281145,1
757.3999999999569,0.3448989457092921,1
757.4999999999569,0.34566217150481515,1
757.5999999999569,0.34602858952452714,1
757.699999999957,0.3463950075440682,1
757.799999999957,0.3467614255636097,1
757.8999999999569,0.3471278435831504,1
757.9999999999569,0.3474942616026914,1
758.0999999999569,0.34786067962223255,1
758.1999999999568,0.34822709764177306,1
758.2999999999569,0.3486566751935071,1
758.3999999999569,0.3493580928394834,1
758.4999999999569,0.3499485824770406,1
758.5999999999569,0.35080135284526026,1
758.6999999999568,0.35167257230950766,1
758.7999999999569,0.35254379177376494,1
758.8999999999569,0.3534150112380212,1
758.9999999999568,0.3544342294436309,1
759.0999999999568,0.35485914642662264,1
759.1999999999568,0.35513606466800307,1
759.2999999999569,0.3557578607025569,1
759.3999999999569,0.35627945829839586,1
759.4999999999568,0.356801034077798,1
759.5999999999568,0.35732260985720077,1
759.6999999999568,0.35784420745299655,1
759.7999999999568,0.3576656135643573,1
759.8999999999568,0.3574870196754157,1
759.9999999999568,0.35598329106658855,1
760.0999999999568,0.3554712442069934,1
760.1999999999568,0.3549591973478266,1
760.2999999999568,0.3547544890202065,1
760.3999999999568,0.3538975637549841,1
760.4999999999568,0.35293962168824955,1
760.5999999999567,0.3516743410899262,1
760.6999999999567,0.35039777737049893,1
760.7999999999568,0.349132496772035,1
760.8999999999568,0.34817455470512404,1
760.9999999999568,0.3462417392434692,1
761.0999999999567,0.34393849627147544,1
761.1999999999567,0.34158312744534053,1
761.2999999999568,0.33981738244995074,1
761.3999999999567,0.3380509774212092,1
761.4999999999567,0.3362436488500946,1
761.5999999999567,0.33439539673659147,1
761.6999999999567,0.3323455671254347,1
761.7999999999568,0.33025481397181744,1
761.8999999999567,0.3281231372758163,1
761.9999999999567,0.3259505370374244,1
762.0999999999567,0.32377793679901457,1
762.1999999999566,0.3216052421949337,1
762.2999999999566,0.3194326419565214,1
762.3999999999567,0.3171634670490981,1
762.4999999999567,0.31444741130272474,1
762.5999999999567,0.31173135555615794,1
762.6999999999566,0.30901529980959425,1
762.7999999999566,0.3062992440630242,1
762.8999999999567,0.30358318831645736,1
762.9999999999566,0.30086713256989367,1
763.0999999999566,0.2983171585900058,1
763.1999999999566,0.29543797032037467,1
763.2999999999566,0.2919131821706463,1
763.3999999999567,0.28838839402064165,1
763.4999999999566,0.28486360587064097,1
763.5999999999566,0.2813388177206363,1
763.6999999999566,0.27781402957063167,1
763.7999999999565,0.2742892414206269,1
763.8999999999565,0.27076445327062215,1
763.9999999999566,0.2672396651206175,1
764.0999999999566,0.2636348908924915,1
764.1999999999566,0.26011010274245205,1
764.2999999999565,0.25658650804487193,1
764.3999999999565,0.25308871998518273,1
764.4999999999566,0.24948587943889305,1
764.5999999999565,0.24588303889256186,1
764.6999999999565,0.24228019834622655,1
764.7999999999565,0.2386915362321623,1
764.8999999999565,0.2351028741181084,1
764.9999999999566,0.2315142120040544,1
765.0999999999565,0.22731795826819345,1
765.1999999999565,0.22362088458350599,1
765.2999999999565,0.2198845829794215,1
765.3999999999564,0.21627389334889807,1
765.4999999999565,0.21262861952169854,1
765.5999999999565,0.20898334569448393,1
765.6999999999565,0.20532442045312937,1
765.7999999999565,0.20148076461275854,1
765.8999999999564,0.197637108772316,1
765.9999999999565,0.19379345293186911,1
766.0999999999565,0.1899497970914221,1
766.1999999999564,0.18610614125097957,1
766.2999999999564,0.1822624854105283,1
766.3999999999564,0.1784188295700814,1
766.4999999999565,0.17497198150527352,1
766.5999999999565,0.17192194121627735,1
766.6999999999564,0.16883252983351799,1
766.7999999999564,0.16570374735679494,1
766.8999999999564,0.16253559378611887,1
766.9999999999563,0.15937254164087433,1
767.0999999999564,0.1562145909210735,1
767.1999999999564,0.1530617416267202,1
767.2999999999564,0.15001833403882167,1
767.3999999999564,0.14687568759540848,1
767.4999999999563,0.14373814257740092,1
767.5999999999564,0.14023249024559292,1
767.6999999999564,0.13673193933906938,1
767.7999999999563,0.13323648985799316,1
767.8999999999563,0.12974614180236443,1
767.9999999999563,0.12625579374673782,1
768.0999999999564,0.12335974691379169,1
768.1999999999564,0.1204637000811049,1
768.2999999999563,0.11699458241332036,1
768.3999999999563,0.11350423435770314,1
768.4999999999563,0.11001388630207654,1
768.5999999999563,0.10652353824645401,1
768.6999999999563,0.10306334368951511,1
768.7999999999563,0.10027318711832967,1
768.8999999999563,0.09748303054744066,1
768.9999999999563,0.09469287397655167,1
769.0999999999563,0.09194769776674626,1
769.1999999999563,0.08920252155695746,1
769.2999999999563,0.0865144182956591,1
769.3999999999562,0.0844785319721232,1
769.4999999999562,0.08248658950160585,1
769.5999999999563,0.08049464703110785,1
769.6999999999563,0.07851398768157941,1
769.7999999999563,0.07652204521108409,1
769.8999999999562,0.07459762799997381,1
769.9999999999562,0.07268449390986027,1
770.0999999999563,0.07125686566489606,1
770.1999999999562,0.06976628493889832,1
770.2999999999562,0.06827570421286962,1
770.3999999999562,0.06690020182206864,1
770.4999999999562,0.06552469943131795,1
770.5999999999563,0.06419435220136499,1
770.6999999999562,0.0630246589266973,1
770.7999999999562,0.061893499577416106,1
770.8999999999562,0.0607692013543431,1
770.9999999999561,0.05964726183788684,1
771.0999999999561,0.058477568563309094,1
771.1999999999562,0.05735336470589293,1
771.2999999999562,0.05626655966463179,1
771.3999999999562,0.05527617089738369,1
771.4999999999561,0.05473282136410224,1
771.5999999999561,0.05418931343599811,1
771.6999999999562,0.05364580550789381,1
771.7999999999561,0.05310245597480734,1
771.8999999999561,0.052605654092855614,1
771.9999999999561,0.052073211655820156,1
772.0999999999561,0.05157640977387321,1
772.1999999999562,0.05117266027820708,1
772.2999999999561,0.05138901271369235,1
772.3999999999561,0.05163099396492441,1
772.4999999999561,0.05187284434952977,1
772.599999999956,0.05211864301844236,1
772.699999999956,0.05236838997166452,1
772.7999999999561,0.052622085209196375,1
772.8999999999561,0.052879728731037134,1
772.9999999999561,0.05313754059658836,1
773.099999999956,0.05347529645433299,1
773.199999999956,0.053733024148065106,1
773.2999999999561,0.053990709755835115,1
773.399999999956,0.054328339355798255,1
773.499999999956,0.05465961342105735,1
773.599999999956,0.05499581828572719,1
773.699999999956,0.05532709235098555,1
773.7999999999561,0.055649118783380684,1
773.899999999956,0.05596082152151486,1
773.999999999956,0.05627252425964486,1
774.099999999956,0.0566234549173846,1
774.1999999999559,0.056935157655531504,1
774.299999999956,0.057286088313271706,1
774.399999999956,0.05759779105141896,1
774.499999999956,0.057926645752692116,1
774.599999999956,0.05825550045397282,1
774.6999999999559,0.05859800656939292,1
774.799999999956,0.05894051268481991,1
774.899999999956,0.05937564265846126,1
774.9999999999559,0.059810772632142864,1
775.0999999999559,0.06024590260582506,1
775.1999999999559,0.06068103257950706,1
775.299999999956,0.06105876117520782,1
775.399999999956,0.06137908839290097,1
775.4999999999559,0.06164201423258672,1
775.5999999999559,0.06207714420619286,1
775.6999999999559,0.0625516452738142,1
775.7999999999558,0.06289331330144689,1
775.8999999999559,0.06325925871640987,1
775.9999999999559,0.06362010270593854,1
776.0999999999559,0.06397584527001969,1
776.1999999999559,0.06432648640865353,1
776.2999999999558,0.06467202612183998,1
776.3999999999559,0.06501246440957903,1
776.4999999999559,0.06534780127187068,1
776.5999999999558,0.06568001920840998,1
776.6999999999558,0.06600515321980771,1
776.7999999999558,0.06632518580575764,1
776.8999999999559,0.06664011696625968,1
776.9999999999559,0.06695815867789101,1
777.0999999999558,0.06727620038952335,1
777.1999999999558,0.06759113155002462,1
777.2999999999558,0.06788483232294235,1
777.3999999999558,0.06819976348343242,1
777.4999999999558,0.06851957116518677,1
777.5999999999558,0.06883450232568872,1
777.6999999999558,0.06911927998750116,1
777.7999999999558,0.06943421114798809,1
777.8999999999558,0.06946689437309114,1
777.9999999999558,0.06949957759806984,1
778.0999999999558,0.06948728046196834,1
778.1999999999557,0.06976024593256767,1
778.2999999999557,0.06997613845480032,1
778.3999999999558,0.06990676837028649,1
778.4999999999558,0.07029386434783311,1
778.5999999999558,0.0706809603255816,1
778.6999999999557,0.07106805630332967,1
778.7999999999557,0.07134958704199519,1
778.8999999999558,0.07145802728214513,1
778.9999999999557,0.07146090228313512,1
779.0999999999557,0.07124313370976995,1
779.1999999999557,0.07103487823244894,1
779.2999999999557,0.07072105751604858,1
779.3999999999558,0.07029215846437628,1
779.4999999999557,0.07059725910529342,1
779.5999999999557,0.07012320489309828,1
779.6999999999557,0.07050672195344405,1
779.7999999999556,0.07089235580621961,1
779.8999999999556,0.07127112853280607,1
779.9999999999557,0.07164754255277711,1
780.0999999999557,0.07207171033086812,1
780.1999999999557,0.07240983234010338,1
780.2999999999556,0.07186074407160076,1
780.3999999999556,0.0722021820109807,1
780.4999999999557,0.07165216515184136,1
780.5999999999556,0.07110323527796332,1
780.6999999999556,0.07055430540408521,1
780.7999999999556,0.07096183431135161,1
780.8999999999556,0.0703661983917453,1
780.9999999999557,0.06980620302679809,1
781.0999999999556,0.06921056710676347,1
781.1999999999556,0.06858946979619379,1
781.2999999999556,0.06799294184381058,1
781.3999999999555,0.06835841474919795,1
781.4999999999555,0.06773731743905549,1
781.5999999999556,0.06809897292676154,1
781.6999999999556,0.06845662131553132,1
781.7999999999556,0.06889227388381844,1
781.8999999999555,0.06940593063165777,1
781.9999999999555,0.07000137149965002,1
782.0999999999556,0.07067880691743186,1
782.1999999999555,0.07143823688500256,1
782.2999999999555,0.07227966140236489,1
782.3999999999555,0.07320308046951603,1
782.4999999999555,0.07406816883631007,1
782.5999999999556,0.0749930126387978,1
782.6999999999555,0.07585810100559147,1
782.7999999999555,0.07671825857294716,1
782.8999999999555,0.07767104639144128,1
782.9999999999554,0.07862383420997548,1
783.0999999999555,0.08033067410392114,1
783.1999999999555,0.08203751399820285,1
783.2999999999555,0.08374435389248648,1
783.3999999999555,0.08545217525779045,1
783.4999999999554,0.08718109110853721,1
783.5999999999555,0.08891098843031756,1
783.6999999999555,0.0906399042810761,1
783.7999999999554,0.09255312317546976,1
783.8999999999554,0.09437371821173145,1
783.9999999999554,0.09619431324795175,1
784.0999999999555,0.09797622254034569,1
784.1999999999555,0.09975813183272239,1
784.2999999999554,0.10159744250308061,1
784.3999999999554,0.10349415455144594,1
784.4999999999554,0.10544826797781834,1
784.5999999999553,0.10717331193142217,1
784.6999999999554,0.10895522122377346,1
784.7999999999554,0.11090933465009674,1
784.8999999999554,0.11287854178304503,1
784.9999999999554,0.11445702657899595,1
785.0999999999553,0.11564478903776733,1
785.1999999999554,0.11683346108164071,1
785.2999999999554,0.11802122354024097,1
785.3999999999553,0.11900300203320945,1
785.4999999999553,0.11998478052608715,1
785.5999999999553,0.12096457651926953,1
785.6999999999554,0.12497110917569872,1
785.7999999999554,0.12897764183348479,1
785.8999999999553,0.13298417449126174,1
785.9999999999553,0.1369875965979117,1
786.0999999999553,0.14050631484871096,1
786.1999999999553,0.1440281436504212,1
786.2999999999553,0.14754997245214077,1
786.3999999999553,0.15107180125385627,1
786.4999999999553,0.15458875353431747,1
786.5999999999553,0.15811058233603079,1
786.6999999999553,0.16163241113774238,1
786.7999999999553,0.1648724218869887,1
786.8999999999553,0.1683946805715002,1
786.9999999999552,0.17191693524724358,1
787.0999999999552,0.1754391899229909,1
787.1999999999553,0.17867618600090918,1
787.2999999999553,0.18191318207870324,1
787.3999999999553,0.1854354407632134,1
787.4999999999552,0.18855830633415596,1
787.5999999999552,0.19168117190492368,1
787.6999999999553,0.19480403747569136,1
787.7999999999552,0.1980324682855418,1
787.8999999999552,0.2013664643345222,1
787.9999999999552,0.20458825438103337,1
788.0999999999552,0.20769783842497763,1
788.1999999999553,0.21134853019115316,1
788.2999999999552,0.21510478719665388,1
788.3999999999552,0.21835898997707645,1
788.4999999999552,0.22087919306463763,1
788.5999999999551,0.22413339584450287,1
788.6999999999551,0.22653002735181904,1
788.7999999999552,0.22888600814138502,1
788.8999999999552,0.2315730516055235,1
788.9999999999552,0.2342600950698101,1
789.0999999999551,0.2367071691184359,1
789.1999999999551,0.2394348632999829,1
789.2999999999552,0.2430122745775451,1
789.3999999999551,0.24569931804222755,1
789.4999999999551,0.2492776579104055,1
789.5999999999551,0.25302444862378254,1
789.6999999999551,0.25628207918040513,1
789.7999999999552,0.2590722527174838,1
789.8999999999551,0.26281904343050366,1
789.9999999999551,0.2659610599822094,1
790.0999999999551,0.26970785069539055,1
790.199999999955,0.27345464140883896,1
790.299999999955,0.277202360712934,1
790.3999999999551,0.279962450343797,1
790.4999999999551,0.28370924105680667,1
790.5999999999551,0.2864693306876692,1
790.699999999955,0.28922947913315106,1
790.799999999955,0.29190767511481347,1
790.8999999999551,0.2945039186326101,1
790.999999999955,0.29632703559365803,1
791.099999999955,0.29806820009053503,1
791.199999999955,0.29972741212354953,1
791.299999999955,0.30130467169270314,1
791.3999999999551,0.30279997879799236,1
791.499999999955,0.30417576229106663,1
791.599999999955,0.3056710693962652,1
791.699999999955,0.3072310627366502,1
791.7999999999549,0.30874725081327353,1
791.899999999955,0.31013732706920105,1
791.999999999955,0.3114835980612811,1
792.099999999955,0.31207581697793446,1
792.199999999955,0.31266803589424835,1
792.2999999999549,0.3136177271150847,1
792.399999999955,0.3145664368650596,1
792.499999999955,0.31551612808605645,1
792.5999999999549,0.3164648378360302,1
792.6999999999549,0.31730991684320126,1
792.7999999999549,0.3180753050205176,1
792.899999999955,0.3187360809839711,1
792.999999999955,0.3193968569473775,1
793.0999999999549,0.32020093086843526,1
793.1999999999549,0.32083284034959286,1
793.2999999999549,0.3214647498306734,1
793.3999999999548,0.3218321525856751,1
793.4999999999549,0.3222603295812432,1
793.5999999999549,0.3226845976750008,1
793.6999999999549,0.3231127746705947,1
793.7999999999549,0.32354095166619073,1
793.8999999999548,0.3239083544211006,1
793.9999999999549,0.3247272537536705,1
794.0999999999549,0.32589574517963443,1
794.1999999999548,0.32706332702048,1
794.2999999999548,0.32827294869041423,1
794.3999999999548,0.33002161211756853,1
794.4999999999549,0.33177027554496613,1
794.5999999999549,0.3335221726867444,1
794.6999999999548,0.3322460819506063,1
794.7999999999548,0.3309699912130986,1
794.8999999999548,0.3294038165537172,1
794.9999999999548,0.32800349052737793,1
795.0999999999548,0.3272153373600426,1
795.1999999999548,0.326427153965708,1
795.2999999999548,0.3256389403440958,1
795.3999999999548,0.3248506058266146,1
795.4999999999548,0.32405903832127986,1
795.5999999999548,0.3233368757676897,1
795.6999999999548,0.32261472207243663,1
795.7999999999547,0.32217439528796094,1
795.8999999999547,0.32173406850361264,1
795.9999999999548,0.321307397988462,1
796.0999999999548,0.3208943797336249,1
796.1999999999548,0.3204950097302109,1
796.2999999999547,0.3200956397268032,1
796.3999999999547,0.3199542191948706,1
796.4999999999548,0.3197118620756744,1
796.5999999999547,0.3194695049564329,1
796.6999999999547,0.31922714783719114,1
796.7999999999547,0.31898479071794905,1
796.8999999999547,0.31915037815816777,1
796.9999999999548,0.3195337368401695,1
797.0999999999547,0.32015058042866357,1
797.1999999999547,0.3203161678692716,1
797.2999999999547,0.32048175530967504,1
797.3999999999546,0.32114939697520073,1
797.4999999999546,0.32184770469183566,1
797.5999999999547,0.3225766784593657,1
797.6999999999547,0.32333631827779113,1
797.7999999999547,0.3241266241471127,1
797.8999999999546,0.32461653339273616,1
797.9999999999546,0.32513710868910567,1
798.0999999999547,0.3259283194520272,1
798.1999999999546,0.3265102268502953,1
798.2999999999546,0.3271228002993511,1
798.3999999999546,0.32776603979930163,1
798.4999999999546,0.3284399453501474,1
798.5999999999547,0.32897513751645224,1
798.6999999999546,0.329999489839521,1
798.7999999999546,0.3306249117138372,1
798.8999999999546,0.33134056329582284,1
798.9999999999545,0.3327512187474433,1
799.0999999999545,0.3336473297454883,1
799.1999999999546,0.33463367045115056,1
799.2999999999546,0.33571024086470636,1
799.3999999999546,0.3358744610560553,1
799.4999999999545,0.33603868124699016,1
799.5999999999545,0.33731798784528394,1
799.6999999999546,0.33748220803672613,1
799.7999999999545,0.3376464282276611,1
799.8999999999545,0.33874768477151546,1
799.9999999999545,0.34007159723221636,1
800.0999999999545,0.3409269915165589,1
800.1999999999546,0.34186558248168675,1
800.2999999999545,0.342887370127851,1
800.3999999999545,0.34399235445505133,1
800.4999999999545,0.3453647453105961,1
800.5999999999544,0.3466361229999512,1
800.6999999999545,0.34799069737026017,1
800.7999999999545,0.34947227368539774,1
800.8999999999545,0.3510808519453805,1
800.9999999999545,0.3527171856186851,1
801.0999999999544,0.35436956914252693,1
801.1999999999545,0.35602195266637804,1
801.2999999999545,0.3573168638857102,1
801.3999999999544,0.3576138981927436,1
801.4999999999544,0.3579109324993237,1
801.5999999999544,0.3582079668059037,1
801.6999999999545,0.3586096133263091,1
801.7999999999545,0.3589066476329372,1
801.8999999999544,0.35930829415334226,1
801.9999999999544,0.35970994067379525,1
802.0999999999544,0.36096612924717036,1
802.1999999999543,0.362394482260898,1
802.2999999999544,0.36382283527470755,1
802.3999999999544,0.3655156950145915,1
802.4999999999544,0.36714778051391156,1
802.5999999999544,0.3688406402538885,1
802.6999999999543,0.3704727257532065,1
802.7999999999544,0.3718575518578991,1
802.8999999999544,0.3735504115977634,1
802.9999999999543,0.3751824970970814,1
803.0999999999543,0.37652698654959943,1
803.1999999999543,0.37787147600198595,1
803.2999999999544,0.37917475238124076,1
803.3999999999544,0.38014497096890226,1
803.4999999999543,0.3812122312724984,1
803.5999999999543,0.3822762578617597,1
803.6999999999543,0.3833435181654,1
803.7999999999543,0.38418670185285486,1
803.8999999999543,0.3853459411687979,1
803.9999999999543,0.38633933185171465,1
804.0999999999543,0.38740335844094215,1
804.1999999999543,0.3882693103480084,1
804.2999999999543,0.38933339739173056,1
804.3999999999543,0.3901995004219431,1
804.4999999999543,0.3908725780843071,1
804.5999999999542,0.39159505730087457,1
804.6999999999542,0.3923175276591598,1
804.7999999999543,0.39303998915914024,1
804.8999999999543,0.3937632669810967,1
804.9999999999543,0.39447207622076935,1
805.0999999999542,0.39495782340270796,1
805.1999999999542,0.3954314127309464,1
805.2999999999543,0.39590350765247145,1
805.3999999999542,0.3961191475092294,1
805.4999999999542,0.39643572395324994,1
805.5999999999542,0.3967508059906084,1
805.6999999999542,0.3971571993166296,1
805.7999999999543,0.39752890377936434,1
805.8999999999542,0.3974579748192958,1
805.9999999999542,0.3973523569956963,1
806.0999999999542,0.3971963366439563,1
806.1999999999541,0.3970213410936609,1
806.2999999999541,0.396811656680028,1
806.3999999999542,0.39656728340305075,1
806.4999999999542,0.39625755521184797,1
806.5999999999542,0.39588247210640554,1
806.6999999999541,0.3954420340867238,1
806.7999999999541,0.3946294211159802,1
806.8999999999542,0.39344463319403566,1
806.9999999999541,0.3922286882424485,1
807.0999999999541,0.39190555004152794,1
807.1999999999541,0.3906287416404321,1
807.2999999999541,0.3902442713377207,1
807.3999999999542,0.3898291349845385,1
807.4999999999541,0.38938333258046137,1
807.5999999999541,0.38890768865691233,1
807.6999999999541,0.38843122020192594,1
807.799999999954,0.3878653465705119,1
807.899999999954,0.3869895124491694,1
807.9999999999541,0.38626348605487154,1
808.0999999999541,0.3851813380829339,1
808.1999999999541,0.3842554228759636,1
808.299999999954,0.3831262859258169,1
808.399999999954,0.3830362772317907,1
808.4999999999541,0.38293248253966666,1
808.599999999954,0.38169370344496345,1
808.699999999954,0.3815899087523106,1
808.799999999954,0.3814861140601802,1
808.899999999954,0.380459071916297,1
808.9999999999541,0.37988675904728525,1
809.099999999954,0.3797829643549399,1
809.199999999954,0.3794816035854274,1
809.299999999954,0.3797101240077854,1
809.3999999999539,0.3798554477493889,1
809.499999999954,0.3797031462173935,1
809.599999999954,0.3796819720512268,1
809.699999999954,0.3795777057497218,1
809.799999999954,0.3793902427671805,1
809.8999999999539,0.3791195831036032,1
809.999999999954,0.37886497329051394,1
810.099999999954,0.3785782597098226,1
810.1999999999539,0.37827549221203394,1
810.2999999999539,0.37795667079715406,1
810.3999999999539,0.37861967237731253,1
810.499999999954,0.37926662004083994,1
810.599999999954,0.3798975137872768,1
810.6999999999539,0.38051235361662294,1
810.7999999999539,0.38111113952887965,1
810.8999999999539,0.3816938715240457,1
810.9999999999538,0.38227660351920345,1
811.0999999999539,0.38190018124762004,1
811.1999999999539,0.38152375897559404,1
811.2999999999539,0.38114729806905695,1
811.3999999999539,0.38077083716252025,1
811.4999999999538,0.38062285229254217,1
811.5999999999539,0.38047486742266917,1
811.6999999999539,0.38017330079759626,1
811.7999999999538,0.3801189935670527,1
811.8999999999538,0.38018641371091866,1
811.9999999999538,0.38025383385484085,1
812.0999999999539,0.38064998028934705,1
812.1999999999539,0.38104612672400506,1
812.2999999999538,0.38144235598798487,1
812.3999999999538,0.38190521793640525,1
812.4999999999538,0.3822876784512912,1
812.5999999999538,0.38267013896613944,1
812.6999999999538,0.38305259948098835,1
812.7999999999538,0.38365913661202333,1
812.8999999999538,0.384047351970531,1
812.9999999999538,0.384435567328938,1
813.0999999999538,0.3846052252034341,1
813.1999999999538,0.38497298798729845,1
813.2999999999538,0.3851630984362273,1
813.3999999999537,0.38555131379454244,1
813.4999999999537,0.38613578750856103,1
813.5999999999538,0.3866014547166316,1
813.6999999999538,0.38719032225180605,1
813.7999999999538,0.3877791897870379,1
813.8999999999537,0.3883672410002917,1
813.9999999999537,0.38895610853552265,1
814.0999999999538,0.3897543858681724,1
814.1999999999537,0.3905511687942098,1
814.2999999999537,0.39098573465634634,1
814.3999999999537,0.39178251758221644,1
814.4999999999537,0.3922504202681117,1
814.5999999999538,0.3927198173605631,1
814.6999999999537,0.39309790316435184,1
814.7999999999537,0.3941408943436026,1
814.8999999999537,0.39458835787431384,1
814.9999999999536,0.39507051026807755,1
815.0999999999536,0.39558735152518615,1
815.1999999999537,0.3962701350934224,1
815.2999999999537,0.39698760752506473,1
815.3999999999537,0.39773976882005063,1
815.4999999999536,0.3985266189783802,1
815.5999999999536,0.3993481580000549,1
815.6999999999537,0.4002043858850741,1
815.7999999999536,0.4016332854278709,1
815.8999999999536,0.40340369387108105,1
815.9999999999536,0.4051745932930417,1
816.0999999999536,0.40602201991344344,1
816.1999999999537,0.407119211452466,1
816.2999999999536,0.4079666380725554,1
816.3999999999536,0.4088140646925289,1
816.4999999999536,0.40966149131250235,1
816.5999999999535,0.41050809340105116,1
816.6999999999535,0.41135552002102416,1
816.7999999999536,0.4122021221095749,1
816.8999999999536,0.4124395686195357,1
816.9999999999536,0.4124369776941772,1
817.0999999999535,0.4127002786385635,1
817.1999999999535,0.4127171171100932,1
817.2999999999536,0.4128145857668136,1
817.3999999999535,0.4127529145395084,1
817.4999999999535,0.4126726674606126,1
817.5999999999535,0.41257995652683743,1
817.6999999999535,0.4124349857477444,1
817.7999999999536,0.41225765311853546,1
817.8999999999535,0.41203416973805834,1
817.9999999999535,0.41182447525872157,1
818.0999999999535,0.4116147807793913,1
818.1999999999534,0.4113310402114175,1
818.2999999999535,0.4104342217704523,1
818.3999999999535,0.4095374033292023,1
818.4999999999535,0.4088550134805144,1
818.5999999999535,0.4079627105084142,1
818.6999999999534,0.4070658920671675,1
818.7999999999535,0.4059918663125949,1
818.8999999999535,0.4050950478712625,1
818.9999999999534,0.4040270551871612,1
819.0999999999534,0.4029825702883835,1
819.1999999999534,0.4019329849685741,1
819.2999999999535,0.4009071209651791,1
819.3999999999535,0.3998973108788791,1
819.4999999999534,0.39886342152975207,1
819.5999999999534,0.39780545291777675,1
819.6999999999534,0.3967234050429543,1
819.7999999999533,0.39561727790528467,1
819.8999999999534,0.3944870715047681,1
819.9999999999534,0.3933167319243215,1
820.0999999999534,0.3921062591639373,1
820.1999999999534,0.3908556532236156,1
820.2999999999533,0.3896393869559031,1
820.3999999999534,0.3884411947117874,1
820.4999999999534,0.386996452407542,1
820.5999999999533,0.38555171010318356,1
820.6999999999533,0.3842605495540223,1
820.7999999999533,0.3829693890049313,1
820.8999999999534,0.38130924168694785,1
820.9999999999534,0.3796490943687924,1
821.0999999999533,0.377988947050639,1
821.1999999999533,0.3763287997324836,1
821.2999999999533,0.37466865241432634,1
821.3999999999533,0.37294187241173266,1
821.4999999999533,0.37119845212658414,1
821.5999999999533,0.36945503184142775,1
821.6999999999533,0.3677296855798521,1
821.7999999999533,0.3674312757352071,1
821.8999999999533,0.36732521595714196,1
821.9999999999533,0.3672191561791663,1
822.0999999999533,0.36519332598092286,1
822.1999999999532,0.36316749578178464,1
822.2999999999532,0.3611212130082003,1
822.3999999999533,0.36037952539526796,1
822.4999999999533,0.35963783778294517,1
822.5999999999533,0.35781027815651395,1
822.6999999999532,0.3569453902165267,1
822.7999999999532,0.354994630262879,1
822.8999999999533,0.3530438703087247,1
822.9999999999532,0.3510931103545727,1
823.0999999999532,0.35012394497615756,1
823.1999999999532,0.3491547795982023,1
823.2999999999532,0.3485493256908543,1
823.3999999999533,0.347580160313069,1
823.4999999999532,0.3469398751752552,1
823.5999999999532,0.3462995900375943,1
823.6999999999532,0.3456593048999335,1
823.7999999999531,0.3434093906239487,1
823.8999999999531,0.342769105485534,1
823.9999999999532,0.3421288203478731,1
824.0999999999532,0.34148853521021233,1
824.1999999999532,0.34017643344140097,1
824.2999999999531,0.33886433167227487,1
824.3999999999531,0.33755222990314887,1
824.4999999999532,0.3362401281340229,1
824.5999999999531,0.33492802636489827,1
824.6999999999531,0.3336159245957723,1
824.7999999999531,0.33207266006903224,1
824.8999999999531,0.33052939554218536,1
824.9999999999532,0.32898594199031495,1
825.0999999999531,0.3274424884384462,1
825.1999999999531,0.32657227411722245,1
825.2999999999531,0.32502882056566634,1
825.399999999953,0.32323000180484013,1
825.499999999953,0.3214311830438922,1
825.5999999999531,0.3196323642829443,1
825.6999999999531,0.3178335455219964,1
825.7999999999531,0.31603472676104644,1
825.899999999953,0.3150647943607201,1
825.999999999953,0.3140948619607809,1
826.0999999999531,0.3131249295608417,1
826.199999999953,0.3121549971609036,1
826.299999999953,0.3112174266110546,1
826.399999999953,0.3103122179113131,1
826.499999999953,0.3094016068739259,1
826.5999999999531,0.3084855934988751,1
826.699999999953,0.30756417778616185,1
826.799999999953,0.30667512392353535,1
826.899999999953,0.3058147853330321,1
826.9999999999529,0.304950800164559,1
827.099999999953,0.304083168418099,1
827.199999999953,0.303403952156664,1
827.299999999953,0.30272671777351534,1
827.399999999953,0.3020475015121699,1
827.4999999999529,0.30136828525082426,1
827.599999999953,0.30068465806602696,1
827.699999999953,0.30000544180467836,1
827.7999999999529,0.29950343285665254,1
827.8999999999529,0.2988242165953896,1
827.9999999999529,0.29831617457689474,1
828.099999999953,0.2978006786901589,1
828.199999999953,0.29730633714154525,1
828.2999999999529,0.2968461598563405,1
828.3999999999529,0.29632106200310965,1
828.4999999999529,0.2958971598747379,1
828.5999999999528,0.2955133909263329,1
828.6999999999529,0.29511006538802537,1
828.7999999999529,0.2973328927969423,1
828.8999999999529,0.2970001509695655,1
828.9999999999529,0.2967075423209045,1
829.0999999999528,0.2964550668521813,1
829.1999999999529,0.2962427245633952,1
829.2999999999529,0.2959960812365108,1
829.3999999999528,0.2957313638860301,1
829.4999999999528,0.29548472055912123,1
829.5999999999528,0.29523807723222095,1
829.6999999999529,0.29492952972926856,1
829.7999999999529,0.2946209822262868,1
829.8999999999528,0.29431243472330554,1
829.9999999999528,0.29400388722032406,1
830.0999999999528,0.29369533971734263,1
830.1999999999528,0.29321538053057167,1
830.2999999999528,0.29290683302750875,1
830.3999999999528,0.29259828552452727,1
830.4999999999528,0.29228973802154573,1
830.5999999999528,0.2917808287625941,1
830.6999999999528,0.29125384547996785,1
830.7999999999528,0.28929992578041586,1
830.8999999999528,0.2873460705304669,1
830.9999999999527,0.2853164415976755,1
831.0999999999527,0.2852270356595445,1
831.1999999999528,0.2851376297223308,1
831.2999999999528,0.2856484871496643,1
831.3999999999528,0.28485474941662775,1
831.4999999999527,0.28406101168297665,1
831.5999999999527,0.2843531459634269,1
831.6999999999528,0.28355940823028836,1
831.7999999999527,0.28385154251073874,1
831.8999999999527,0.28414367679170255,1
831.9999999999527,0.2844358110726664,1
832.0999999999527,0.28374635077789556,1
832.1999999999528,0.28305693047907715,1
832.2999999999527,0.282188098070455,1
832.3999999999527,0.2813192656617481,1
832.4999999999527,0.2804504332530412,1
832.5999999999526,0.2795816008443353,1
832.6999999999526,0.278150879291023,1
832.7999999999527,0.27768056778179645,1
832.8999999999527,0.2762308436468776,1
832.9999999999527,0.27480012209329,1
833.0999999999526,0.2733503979579186,1
833.1999999999526,0.2724412370059013,1
833.2999999999527,0.27153207605413937,1
833.3999999999526,0.2704929514918848,1
833.4999999999526,0.2690174034637124,1
833.5999999999526,0.2679782789011882,1
833.6999999999526,0.2664453706420416,1
833.7999999999527,0.26540624607948904,1
833.8999999999526,0.2643671215171729,1
833.9999999999526,0.26332818597987934,1
834.0999999999526,0.26228925044258583,1
834.1999999999525,0.26095080617708366,1
834.2999999999525,0.25961236191143655,1
834.3999999999526,0.2585292828547473,1
834.4999999999526,0.25744620379817906,1
834.5999999999526,0.25636312474161077,1
834.6999999999525,0.2552800456850437,1
834.7999999999525,0.253699871581939,1
834.8999999999526,0.2520147011103752,1
834.9999999999525,0.250909014606362,1
835.0999999999525,0.24980332810262215,1
835.1999999999525,0.248118157631284,1
835.2999999999525,0.24643298715966858,1
835.3999999999526,0.24474781668805518,1
835.4999999999525,0.24310041040419558,1
835.5999999999525,0.24142507814432584,1
835.6999999999525,0.2395940591669832,1
835.7999999999524,0.23795649109477837,1
835.8999999999525,0.23632256960064957,1
835.9999999999525,0.23469229468450672,1
836.0999999999525,0.2328297481040221,1
836.1999999999525,0.2312031197657548,1
836.2999999999524,0.22951391805183133,1
836.3999999999525,0.22776610671850678,1
836.4999999999525,0.22595770388758477,1
836.5999999999524,0.2241493010566359,1
836.6999999999524,0.22234089822568504,1
836.7999999999524,0.22053249539473208,1
836.8999999999525,0.21872409256378117,1
836.9999999999525,0.21691568973283037,1
837.0999999999524,0.21510728690188152,1
837.1999999999524,0.21329888407093062,1
837.2999999999524,0.211345897283694,1
837.3999999999523,0.20945783106443477,1
837.4999999999524,0.20750870230023355,1
837.5999999999524,0.20555957353600326,1
837.6999999999524,0.20367013454161212,1
837.7999999999524,0.19933017186623692,1
837.8999999999523,0.1977286139012417,1
837.9999999999524,0.1961306227178171,1
838.0999999999524,0.1945290647541231,1
838.1999999999523,0.19293107357070033,1
838.2999999999523,0.1913330823872756,1
838.3999999999523,0.1897350912038528,1
838.4999999999524,0.1881371000204299,1
838.5999999999524,0.18649064514115699,1
838.6999999999523,0.1849060944379146,1
838.7999999999523,0.18332154373469797,1
838.8999999999523,0.18173699303148327,1
838.9999999999523,0.1801524423282703,1
839.0999999999523,0.17856789162505549,1
839.1999999999523,0.17715475260562977,1
839.2999999999523,0.17552228180118012,1
839.3999999999523,0.17374284157352804,1
839.4999999999523,0.17196340134580795,1
839.5999999999523,0.17057921239846913,1
839.6999999999523,0.169195023451319,1
839.7999999999522,0.16781083450416892,1
839.8999999999522,0.16642658110674316,1
839.9999999999523,0.16511810139216168,1
840.0999999999523,0.1635987010948822,1
840.1999999999523,0.1620793007975021,1
840.2999999999522,0.15995963713557831,1
840.3999999999522,0.1578399734733678,1
840.4999999999523,0.15587949666089487,1
840.5999999999522,0.1537727918006336,1
840.6999999999522,0.15173920096423343,1
840.7999999999522,0.1497787241517992,1
840.8999999999522,0.1478182473394023,1
840.9999999999523,0.14571154247913862,1
841.0999999999522,0.14375106566667414,1
841.1999999999522,0.14179054885786063,1
841.2999999999522,0.14000944415884767,1
841.3999999999521,0.13808213315320936,1
841.4999999999521,0.13630094688914732,1
841.5999999999522,0.13469965052136462,1
841.6999999999522,0.1338386632507464,1
841.7999999999522,0.13281692500819076,1
841.8999999999521,0.13197494031964538,1
841.9999999999521,0.13093419949530574,1
842.0999999999522,0.12991246125266523,1
842.1999999999521,0.12889072301003499,1
842.2999999999521,0.12786898476740252,1
842.3999999999521,0.12697721013526522,1
842.4999999999521,0.12651547168461608,1
842.5999999999522,0.12561730976831958,1
842.6999999999521,0.1252129315486418,1
842.7999999999521,0.1245288701008371,1
842.8999999999521,0.1238448086528989,1
842.999999999952,0.12316074720496148,1
843.099999999952,0.12247668575702338,1
843.1999999999521,0.122051296961241,1
843.2999999999521,0.12166674424163486,1
843.3999999999521,0.12124136972385678,1
843.499999999952,0.120815980928199,1
843.599999999952,0.12049773060051358,1
843.6999999999521,0.12017948027287949,1
843.799999999952,0.12036474702704482,1
843.899999999952,0.12066143218494257,1
843.999999999952,0.12038505541056499,1
844.099999999952,0.1201151006711794,1
844.1999999999521,0.12043105193465951,1
844.299999999952,0.12075342523368764,1
844.399999999952,0.12108222056798586,1
844.499999999952,0.12141743793755397,1
844.5999999999519,0.12182476750616962,1
844.699999999952,0.12243197001529779,1
844.799999999952,0.12259460203491858,1
844.899999999952,0.12275723405432538,1
844.999999999952,0.12291986607373208,1
845.0999999999519,0.12331841633546503,1
845.199999999952,0.12348104835498529,1
845.299999999952,0.12374937642635397,1
845.3999999999519,0.12386400422230218,1
845.4999999999519,0.12445921793623327,1
845.5999999999519,0.12463443722990844,1
845.699999999952,0.12480965652338154,1
845.799999999952,0.1250479142003433,1
845.8999999999519,0.12528617187733482,1
845.9999999999519,0.12552442955432663,1
846.0999999999519,0.12576268723131842,1
846.1999999999518,0.12600094490830996,1
846.2999999999519,0.12634195487885122,1
846.3999999999519,0.1266829648494416,1
846.4999999999519,0.12702397482003203,1
846.5999999999519,0.12720319151728632,1
846.6999999999518,0.12738420704436254,1
846.7999999999519,0.12761203247923975,1
846.8999999999519,0.12751484962594414,1
846.9999999999518,0.12741409999222136,1
847.0999999999518,0.12731691713876775,1
847.1999999999518,0.12721616750504477,1
847.2999999999519,0.12711541787132005,1
847.3999999999519,0.12701466823759536,1
847.4999999999518,0.12679719574162354,1
847.5999999999518,0.12662818694144518,1
847.6999999999518,0.12645917814129007,1
847.7999999999518,0.12629016934113496,1
847.8999999999518,0.12612116054097985,1
847.9999999999518,0.1259263701620109,1
848.0999999999518,0.1257315797830294,1
848.1999999999518,0.125536789404048,1
848.2999999999518,0.125389919126381,1
848.3999999999518,0.12539001827183605,1
848.4999999999518,0.12539011741736195,1
848.5999999999517,0.12519532703847472,1
848.6999999999517,0.1250005366594932,1
848.7999999999518,0.12482784014835634,1
848.8999999999518,0.12465514363723033,1
848.9999999999518,0.12448244712610423,1
849.0999999999517,0.1242063695748589,1
849.1999999999517,0.12424459364641594,1
849.2999999999518,0.12396851609527187,1
849.3999999999517,0.12374533462703483,1
849.4999999999517,0.12336296630908636,1
849.5999999999517,0.12312682603892688,1
849.6999999999517,0.12275172495191414,1
849.7999999999518,0.12230350984090065,1
849.8999999999517,0.12185529472985286,1
849.9999999999517,0.12155330766667051,1
850.0999999999517,0.12110509255569286,1
850.1999999999516,0.1203927330574498,1
850.2999999999516,0.1196803735590776,1
850.3999999999517,0.11911422036742074,1
850.4999999999517,0.11840194243418696,1
850.5999999999517,0.11750977460467397,1
850.6999999999516,0.1165791556608169,1
850.7999999999516,0.11582829027102319,1
850.8999999999517,0.11489767132723334,1
850.9999999999516,0.11409719467200198,1
851.0999999999516,0.11329671801683247,1
851.1999999999516,0.11249624136166297,1
851.2999999999516,0.11169576470649256,1
851.3999999999517,0.11089528805132316,1
851.4999999999516,0.11010119868058178,1
851.5999999999516,0.1093074790401358,1
851.6999999999516,0.10851375939969,1
851.7999999999515,0.1075059392907807,1
851.8999999999515,0.1064981191817677,1
851.9999999999516,0.10516943096023698,1
852.0999999999516,0.10384074273855089,1
852.1999999999516,0.10255289059291711,1
852.2999999999515,0.10141602431519608,1
852.3999999999515,0.10031997983573983,1
852.4999999999516,0.099223949634164,1
852.5999999999515,0.09800933250956592,1
852.6999999999515,0.09679471538490893,1
852.7999999999515,0.09557367622498367,1
852.8999999999515,0.09432948989269598,1
852.9999999999516,0.09307888152513018,1
853.0999999999515,0.09182351063543942,1
853.1999999999515,0.09056337722362172,1
853.2999999999515,0.08929848128967709,1
853.3999999999514,0.08802882283360974,1
853.4999999999515,0.08675440185541546,1
853.5999999999515,0.08547521835509568,1
853.6999999999515,0.08419127233265028,1
853.7999999999515,0.0831601054077371,1
853.8999999999514,0.08213059799609276,1
853.9999999999515,0.08109562949279801,1
854.0999999999515,0.08006066098950061,1
854.1999999999514,0.07902569248620439,1
854.2999999999514,0.07794561942851382,1
854.3999999999514,0.07707983814384178,1
854.4999999999515,0.07579406243878847,1
854.5999999999515,0.07497827045404082,1
854.6999999999514,0.07417580976863347,1
854.7999999999514,0.07329697940063151,1
854.8999999999514,0.07241814903259342,1
854.9999999999513,0.07155264996366743,1
855.0999999999514,0.07068715089474703,1
855.1999999999514,0.069838156793319,1
855.2999999999514,0.06902211808988074,1
855.3999999999514,0.06836063797025041,1
855.4999999999513,0.06754459926690506,1
855.5999999999514,0.06704491242060964,1
855.6999999999514,0.06638886816077752,1
855.7999999999513,0.06570507649056882,1
855.8999999999513,0.06620401096236882,1
855.9999999999513,0.06670294543474432,1
856.0999999999514,0.06720187990711993,1
856.1999999999514,0.0676221582816086,1
856.2999999999513,0.0680424366560591,1
856.3999999999513,0.06846271503050949,1
856.4999999999513,0.0689997162672067,1
856.5999999999513,0.0695367175039601,1
856.6999999999513,0.070073718740714,1
856.7999999999513,0.07061071997746851,1
856.8999999999513,0.07114772121422251,1
856.9999999999513,0.07171050402979026,1
857.0999999999513,0.07237039188774635,1
857.1999999999513,0.0731273847881269,1
857.2999999999513,0.07398148273093212,1
857.3999999999512,0.07483558067378275,1
857.4999999999512,0.07568967861663435,1
857.5999999999513,0.07654912068094104,1
857.6999999999513,0.07725594930696156,1
857.7999999999513,0.07808795338189765,1
857.8999999999512,0.07877268814005935,1
857.9999999999512,0.07960469221498362,1
858.0999999999513,0.08075099791283093,1
858.1999999999512,0.08143573267114607,1
858.2999999999512,0.08243476905208866,1
858.3999999999512,0.08323324449638778,1
858.4999999999512,0.08430170562660239,1
858.5999999999513,0.08524784592467345,1
858.6999999999512,0.08635582603427236,1
858.7999999999512,0.08736781312535484,1
858.8999999999512,0.08847100133169516,1
858.9999999999511,0.08948298842277289,1
859.0999999999511,0.09057542300037195,1
859.1999999999512,0.09193200196520433,1
859.2999999999512,0.09328858093016748,1
859.3999999999512,0.0945647124085643,1
859.4999999999511,0.09592129137348514,1
859.5999999999511,0.09727787033844663,1
859.6999999999512,0.09849448046519245,1
859.7999999999511,0.09971109059186985,1
859.8999999999511,0.10092770071854715,1
859.9999999999511,0.10219392211066392,1
860.0999999999511,0.10346014350280501,1
860.1999999999512,0.1046668645756928,1
860.2999999999511,0.1058735856485516,1
860.3999999999511,0.1071398070406635,1
860.4999999999511,0.10855347649804002,1
860.599999999951,0.1099667762251938,1
860.699999999951,0.111380075952349,1
860.7999999999511,0.11279337567950581,1
860.8999999999511,0.11420667540666112,1
860.9999999999511,0.11594084324633255,1
861.099999999951,0.11767501108615898,1
861.199999999951,0.11963118860199878,1
861.2999999999511,0.1213955441740054,1
861.399999999951,0.12315989974591389,1
861.499999999951,0.12492425531782449,1
861.599999999951,0.12656622564014436,1
861.699999999951,0.12830986762143934,1
861.7999999999511,0.13015518126182132,1
861.899999999951,0.13201722003934263,1
861.999999999951,0.13379755170362295,1
862.099999999951,0.13565793096797082,1
862.1999999999509,0.13711811800815005,1
862.299999999951,0.13897517824605546,1
862.399999999951,0.14043161577188915,1
862.499999999951,0.14185012746491846,1
862.599999999951,0.14326628885580028,1
862.6999999999509,0.1446807907335359,1
862.799999999951,0.14609245363304801,1
862.899999999951,0.14704352540667118,1
862.9999999999509,0.1480000582717175,1
863.0999999999509,0.1489565911367676,1
863.1999999999509,0.14991312400181772,1
863.299999999951,0.15086965686686893,1
863.399999999951,0.15182618973191903,1
863.4999999999509,0.152782722596968,1
863.5999999999509,0.1538978996795346,1
863.6999999999509,0.15500042997771912,1
863.7999999999508,0.15611629157500867,1
863.8999999999509,0.15723215317230466,1
863.9999999999509,0.15833468347048962,1
864.0999999999509,0.15919970867249408,1
864.1999999999509,0.16001136806652067,1
864.2999999999508,0.16079029409804693,1
864.3999999999509,0.16141443951025866,1
864.4999999999509,0.16219314350618447,1
864.5999999999508,0.16281751095390373,1
864.6999999999508,0.16359621494982945,1
864.7999999999508,0.16420715812493805,1
864.8999999999509,0.163817681152037,1
864.9999999999509,0.16342928880354413,1
865.0999999999508,0.16303981183015265,1
865.1999999999508,0.16272899095464652,1
865.2999999999508,0.16241817007917875,1
865.3999999999508,0.16208783217442732,1
865.4999999999508,0.16177809592384987,1
865.5999999999508,0.1614725327280517,1
865.6999999999508,0.1611617118525869,1
865.7999999999508,0.16085614865678788,1
865.8999999999508,0.1605453277813234,1
865.9999999999508,0.16023559153075556,1
866.0999999999508,0.1598276656129128,1
866.1999999999507,0.1593226346526463,1
866.2999999999507,0.15852422990375212,1
866.3999999999508,0.15772582515471423,1
866.4999999999508,0.1569271140871206,1
866.5999999999508,0.15612336521662745,1
866.6999999999507,0.15557274261386927,1
866.7999999999507,0.15487510741637872,1
866.8999999999508,0.1542236656656677,1
866.9999999999507,0.1530145083305496,1
867.0999999999507,0.15218449569369955,1
867.1999999999507,0.15150175237386926,1
867.2999999999507,0.150819009054111,1
867.3999999999508,0.1502839305880909,1
867.4999999999507,0.1494788664361323,1
867.5999999999507,0.14879612311631438,1
867.6999999999507,0.14802368691123782,1
867.7999999999506,0.14735354385799254,1
867.8999999999506,0.14659849982277073,1
867.9999999999507,0.14594095703609064,1
868.0999999999507,0.1452092668961726,1
868.1999999999507,0.14448387688949632,1
868.2999999999506,0.1437647870161014,1
868.3999999999506,0.14324364852883711,1
868.4999999999507,0.14275956645466945,1
868.5999999999506,0.1423929882800838,1
868.6999999999506,0.14203757743378898,1
868.7999999999506,0.14169333391573274,1
868.8999999999506,0.14136025772591573,1
868.9999999999507,0.1410383488643376,1
869.0999999999506,0.14072760733099887,1
869.1999999999506,0.14048753344515144,1
869.2999999999506,0.14025862688757204,1
869.3999999999505,0.13997022001074583,1
869.4999999999505,0.13953414842504197,1
869.5999999999506,0.13909786019565187,1
869.6999999999506,0.13866157196626158,1
869.7999999999506,0.13880933373271517,1
869.8999999999505,0.13895709549945723,1
869.9999999999505,0.13910485726619942,1
870.0999999999506,0.13900187561258012,1
870.1999999999505,0.1386768842828266,1
870.2999999999505,0.13835189295296255,1
870.3999999999505,0.13802690162309883,1
870.4999999999505,0.13770191029323514,1
870.5999999999506,0.13751075266801283,1
870.6999999999505,0.13721792338382247,1
870.7999999999505,0.1368234224405465,1
870.8999999999505,0.1366108722333377,1
870.9999999999504,0.13648002913946997,1
871.0999999999505,0.13608552819627473,1
871.1999999999505,0.1362757188367499,1
871.2999999999505,0.13606316862983042,1
871.3999999999505,0.13624958162183062,1
871.4999999999504,0.13647226093349213,1
871.5999999999505,0.136695631034157,1
871.6999999999505,0.13692101424270828,1
871.7999999999504,0.1371475769163425,1
871.8999999999504,0.1378330712027172,1
871.9999999999504,0.13851830684320957,1
872.0999999999505,0.13925314278874065,1
872.1999999999505,0.14003757903933506,1
872.2999999999504,0.14087161559499298,1
872.3999999999504,0.14175525245571421,1
872.4999999999504,0.14268848962149883,1
872.5999999999503,0.14346269357480637,1
872.6999999999504,0.14428581331842358,1
872.7999999999504,0.1451585333671048,1
872.8999999999504,0.14608085372084845,1
872.9999999999504,0.14705277437965544,1
873.0999999999503,0.1483118004396973,1
873.1999999999504,0.14960768734025148,1
873.2999999999504,0.15090335220531706,1
873.3999999999503,0.15219923910588798,1
873.4999999999503,0.1534951260064606,1
873.5999999999503,0.1547694508005895,1
873.6999999999504,0.15613081839888035,1
873.7999999999504,0.15750538823431975,1
873.8999999999503,0.1588799580697626,1
873.9999999999503,0.16016662251164315,1
874.0999999999503,0.161541192347044,1
874.1999999999503,0.16291576218248685,1
874.2999999999503,0.1642903320179328,1
874.3999999999503,0.16561933178707114,1
874.4999999999503,0.1668626428064124,1
874.5999999999503,0.16803669367535162,1
874.6999999999503,0.16921600222392366,1
874.7999999999503,0.17039005309283242,1
874.8999999999503,0.1718362553851915,1
874.9999999999502,0.1732813730527846,1
875.0999999999502,0.17459666838660934,1
875.1999999999503,0.17604287067903845,1
875.2999999999503,0.1776853417177362,1
875.3999999999503,0.17918943757953004,1
875.4999999999502,0.18070130797813955,1
875.5999999999502,0.18232600172077468,1
875.6999999999503,0.18385018263401773,1
875.7999999999502,0.18537410682523348,1
875.8999999999502,0.18699910688643023,1
875.9999999999502,0.1895077657117451,1
876.0999999999502,0.1916372798389579,1
876.1999999999503,0.1937667939659819,1
876.2999999999502,0.1958963080930059,1
876.3999999999502,0.19802582222002998,1
876.4999999999502,0.19975025388461462,1
876.5999999999501,0.20147468554899556,1
876.6999999999501,0.2031928170801003,1
876.7999999999502,0.2049046484779255,1
876.8999999999502,0.20661017974246734,1
876.9999999999502,0.20830941087372787,1
877.0999999999501,0.2100023418717051,1
877.1999999999501,0.2114555836677217,1
877.2999999999502,0.2131359143990235,1
877.3999999999501,0.21465844738852133,1
877.4999999999501,0.21602318263602907,1
877.5999999999501,0.21723012014154455,1
877.6999999999501,0.21838559647639721,1
877.7999999999502,0.21948961164064135,1
877.8999999999501,0.2205421656342731,1
877.9999999999501,0.221581438609648,1
878.0999999999501,0.22260841537821643,1
878.19999999995,0.22362422481854438,1
878.29999999995,0.22462695463471244,1
878.3999999999501,0.22562663202368247,1
878.4999999999501,0.22662347362907417,1
878.5999999999501,0.2276174794508876,1
878.69999999995,0.2286084328455081,1
878.79999999995,0.22901228381709815,1
878.8999999999501,0.22941308236120375,1
878.99999999995,0.22981082847811724,1
879.09999999995,0.23045626558819954,1
879.19999999995,0.23109865027121548,1
879.29999999995,0.2317410349542307,1
879.3999999999501,0.2323834196372452,1
879.49999999995,0.23302580432025896,1
879.59999999995,0.23366818900327338,1
879.69999999995,0.23431057368628788,1
879.7999999999499,0.23495295836930238,1
879.89999999995,0.2354133923162008,1
879.99999999995,0.23596838600072528,1
880.09999999995,0.23670533042141306,1
880.19999999995,0.2372561159694519,1
880.2999999999499,0.23781110965402158,1
880.39999999995,0.2383661033385934,1
880.49999999995,0.2389210970231652,1
880.5999999999499,0.23947609070773626,1
880.6999999999499,0.24002907128442205,1
880.7999999999499,0.24130041358315524,1
880.89999999995,0.24257175588224714,1
880.99999999995,0.24384335682744882,1
881.0999999999499,0.24506535746761074,1
881.1999999999499,0.24623775780271062,1
881.2999999999499,0.24736055783274835,1
881.3999999999498,0.24843375755772013,1
881.4999999999499,0.2494573569776299,1
881.5999999999499,0.25043135609247624,1
881.6999999999499,0.25064564191945676,1
881.7999999999499,0.2515204404238213,1
881.8999999999498,0.25163552564067415,1
881.9999999999499,0.2517010105521085,1
882.0999999999499,0.25171689515847945,1
882.1999999999498,0.2517327797648255,1
882.2999999999498,0.25239147987781596,1
882.3999999999498,0.25305017999112867,1
882.4999999999499,0.25370888010444137,1
882.5999999999499,0.25438892028868915,1
882.6999999999498,0.25490567826818994,1
882.7999999999498,0.2553459748115167,1
882.8999999999498,0.2557098099187114,1
882.9999999999498,0.2560840043584377,1
883.0999999999498,0.25629491659341264,1
883.1999999999498,0.25642936739221234,1
883.2999999999498,0.2564873567548805,1
883.3999999999498,0.25653397177700704,1
883.4999999999498,0.2565692124586247,1
883.5999999999498,0.25659307879973353,1
883.6999999999498,0.2565404837047434,1
883.7999999999497,0.25641142717362164,1
883.8999999999497,0.2559390154625841,1
883.9999999999498,0.2553901423152807,1
884.0999999999498,0.25489571469051425,1
884.1999999999498,0.25427038010710656,1
884.2999999999497,0.25364504552363326,1
884.3999999999497,0.25315801551356376,1
884.4999999999498,0.25271432995623383,1
884.5999999999497,0.25215751473635123,1
884.6999999999497,0.25160069951641123,1
884.7999999999497,0.25104388429647057,1
884.8999999999497,0.25048706907653057,1
884.9999999999498,0.2494570413601206,1
885.0999999999497,0.24842701364347394,1
885.1999999999497,0.24739698592682624,1
885.2999999999497,0.24601995727100504,1
885.3999999999496,0.24464655330405188,1
885.4999999999496,0.2436746071104963,1
885.5999999999497,0.24270628560618265,1
885.6999999999497,0.2417343394128311,1
885.7999999999497,0.24076239321947668,1
885.8999999999496,0.2397904470261244,1
885.9999999999496,0.24001568896331946,1
886.0999999999497,0.23886578196514963,1
886.1999999999496,0.23932441297093449,1
886.2999999999496,0.23954965490885055,1
886.3999999999496,0.23981519068899917,1
886.4999999999496,0.23869429291270963,1
886.5999999999497,0.23761368897807253,1
886.6999999999496,0.23658173623979578,1
886.7999999999496,0.23559007734389192,1
886.8999999999496,0.23463871229036004,1
886.9999999999495,0.23368946092684875,1
887.0999999999495,0.2327413384419039,1
887.1999999999496,0.23172071355052787,1
887.2999999999496,0.23077450336146912,1
887.3999999999496,0.2298797563462975,1
887.4999999999495,0.2289880617583429,1
887.5999999999495,0.22809941959757915,1
887.6999999999496,0.22721382986400712,1
887.7999999999495,0.22633129255762688,1
887.8999999999495,0.22545180767843834,1
887.9999999999495,0.2245753752264415,1
888.0999999999495,0.2236325702640501,1
888.1999999999496,0.22269281772881527,1
888.2999999999495,0.22175306519358207,1
888.3999999999495,0.22075275980514683,1
888.4999999999495,0.21974640720318067,1
888.5999999999494,0.21877335463456377,1
888.6999999999495,0.21783360209931374,1
888.7999999999495,0.21683329671087742,1
888.8999999999495,0.21583299132241163,1
888.9999999999495,0.21470105493013947,1
889.0999999999494,0.21356911853780217,1
889.1999999999495,0.21243718214546364,1
889.2999999999495,0.21139976196007756,1
889.3999999999494,0.21036234177474153,1
889.4999999999494,0.20932492158940444,1
889.5999999999494,0.20828750140406732,1
889.6999999999495,0.20725008121873023,1
889.7999999999495,0.20645811284914017,1
889.8999999999494,0.20566614447967616,1
889.9999999999494,0.20391049992264437,1
890.0999999999494,0.20311840097154063,1
890.1999999999493,0.20232630202092522,1
890.2999999999494,0.20153420307030792,1
890.3999999999494,0.1997680565305612,1
890.4999999999494,0.19795043921360633,1
890.5999999999494,0.1961842926733408,1
890.6999999999493,0.19512825911590156,1
890.7999999999494,0.19336211257602,1
890.8999999999494,0.19230607901857966,1
890.9999999999493,0.19115098488579968,1
891.0999999999493,0.19009495132866835,1
891.1999999999493,0.18952645080112565,1
891.2999999999494,0.1888026677967272,1
891.3999999999494,0.18807888479225077,1
891.4999999999493,0.18735510178777517,1
891.5999999999493,0.18663131878329878,1
891.6999999999493,0.18488553627099638,1
891.7999999999493,0.18431467613818756,1
891.8999999999493,0.18272181649814837,1
891.9999999999493,0.18130719501974438,1
892.0999999999493,0.17990407820644613,1
892.1999999999493,0.17857742282924668,1
892.2999999999493,0.1773272288881788,1
892.3999999999493,0.17615349638324254,1
892.4999999999493,0.1749992168388265,1
892.5999999999492,0.17518334092498403,1
892.6999999999492,0.1754439264479133,1
892.7999999999493,0.17578097340697452,1
892.8999999999493,0.17619448180216712,1
892.9999999999493,0.17668452629981962,1
893.0999999999492,0.1772509949004391,1
893.1999999999492,0.17781742616793383,1
893.2999999999493,0.17743032295310898,1
893.3999999999492,0.17704329034139538,1
893.4999999999492,0.17660544505868123,1
893.5999999999492,0.1761675997759412,1
893.6999999999492,0.17536226243164885,1
893.7999999999493,0.17455692508716883,1
893.8999999999492,0.17375158774269064,1
893.9999999999492,0.17294625039821154,1
894.0999999999492,0.1720884957199945,1
894.1999999999491,0.17128315837548966,1
894.2999999999491,0.17076241136551992,1
894.3999999999492,0.17030045027131605,1
894.4999999999492,0.16984211386618192,1
894.5999999999492,0.16931774216734968,1
894.6999999999491,0.16879699515752422,1
894.7999999999491,0.16823214260950825,1
894.8999999999492,0.16762318452327923,1
894.9999999999491,0.1658170383064868,1
895.0999999999491,0.16537224609725243,1
895.1999999999491,0.16353851002496006,1
895.2999999999491,0.16169097902416668,1
895.3999999999492,0.1598296530955769,1
895.4999999999491,0.15938125963799157,1
895.5999999999491,0.15893286618112387,1
895.6999999999491,0.15847611537026782,1
895.799999999949,0.15801936455940752,1
895.899999999949,0.15756261374854713,1
895.9999999999491,0.15710586293768683,1
896.0999999999491,0.15694739510729622,1
896.1999999999491,0.15686142968348887,1
896.299999999949,0.15630255530509674,1
896.399999999949,0.15609567672799615,1
896.4999999999491,0.15548224230304694,1
896.599999999949,0.1552753637259188,1
896.699999999949,0.1546680786008076,1
896.799999999949,0.1540607934754914,1
896.899999999949,0.15368568293416104,1
896.9999999999491,0.15331057239294904,1
897.099999999949,0.15300488678932353,1
897.199999999949,0.15269920118573313,1
897.299999999949,0.15239351558214229,1
897.3999999999489,0.15214838283175372,1
897.499999999949,0.15190929729489605,1
897.599999999949,0.15130878362683003,1
897.699999999949,0.15100309802308903,1
897.799999999949,0.15075796527269986,1
897.8999999999489,0.15051283252234213,1
897.999999999949,0.1503047710380738,1
898.099999999949,0.1500967095538244,1
898.1999999999489,0.14988864806957514,1
898.2999999999489,0.14958607037837227,1
898.3999999999489,0.14928349268712135,1
898.499999999949,0.1487498447413933,1
898.599999999949,0.1482161967955472,1
898.6999999999489,0.1476825488497018,1
898.7999999999489,0.1461850873660677,1
898.8999999999489,0.1445957448048707,1
898.9999999999488,0.14397007843118997,1
899.0999999999489,0.14247274752866182,1
899.1999999999489,0.14091528255776659,1
899.2999999999489,0.1393578175868388,1
899.3999999999489,0.13877440020503892,1
899.4999999999488,0.13824245360045173,1
899.5999999999489,0.13763346865950377,1
899.6999999999489,0.13705005127818798,1
899.7999999999488,0.13651889906881562,1
899.8999999999488,0.1359719933103904,1
899.9999999999488,0.13552414812765662,1
900.0999999999489,0.13499299591835362,1
900.1999999999489,0.1339585571303922,1
900.2999999999488,0.13243658531263713,1
900.3999999999488,0.13091461349463251,1
900.4999999999488,0.12964587873714986,1
900.5999999999487,0.1283771439797983,1
900.6999999999488,0.12820687016635798,1
900.7999999999488,0.126726364860119,1
900.8999999999488,0.1265560910465716,1
900.9999999999488,0.12606934021588143,1
901.0999999999487,0.12576287265454514,1
901.1999999999488,0.12545640509330064,1
901.2999999999488,0.1251499375320559,1
901.3999999999487,0.12484346997081174,1
901.4999999999487,0.1245940108851786,1
901.5999999999487,0.12308260960511054,1
901.6999999999488,0.12157120832439554,1
901.7999999999488,0.12016657633380079,1
901.8999999999487,0.11876194434326398,1
901.9999999999487,0.11735723768639733,1
902.0999999999487,0.11581115440046721,1
902.1999999999487,0.11426105557900225,1
902.2999999999487,0.11366449123984658,1
902.3999999999487,0.11306792690118159,1
902.4999999999487,0.11257920482231967,1
902.5999999999487,0.11209048274351308,1
902.6999999999487,0.1119692527262573,1
902.7999999999487,0.1118479363388276,1
902.8999999999487,0.111726619951398,1
902.9999999999486,0.11160530356396854,1
903.0999999999486,0.1115364045102767,1
903.1999999999487,0.11149053457080346,1
903.2999999999487,0.11150707523600192,1
903.3999999999487,0.11146120529657252,1
903.4999999999486,0.11141533535711116,1
903.5999999999486,0.11128070727723728,1
903.6999999999487,0.11114607919731778,1
903.7999999999486,0.11105555665558922,1
903.8999999999486,0.11100913965207436,1
903.9999999999486,0.11096272264858206,1
904.0999999999486,0.11093010057288126,1
904.1999999999487,0.11095797055248267,1
904.2999999999486,0.1111652171125669,1
904.3999999999486,0.11115055790723263,1
904.4999999999486,0.11114969362957584,1
904.5999999999485,0.11121894839256763,1
904.6999999999485,0.11128820315559554,1
904.7999999999486,0.11135741594979433,1
904.8999999999486,0.11146235272983547,1
904.9999999999486,0.11156728950989488,1
905.0999999999485,0.11137394330948627,1
905.1999999999485,0.11099987627822624,1
905.2999999999486,0.1112069366257593,1
905.3999999999485,0.11083286959470515,1
905.4999999999485,0.11086535841137776,1
905.5999999999485,0.11049129138023406,1
905.6999999999485,0.1105252604211914,1
905.7999999999486,0.11055922946235894,1
905.8999999999485,0.11027520660100777,1
905.9999999999485,0.10999118373949276,1
906.0999999999485,0.10970716087797787,1
906.1999999999484,0.1094299295312296,1
906.2999999999485,0.10914590666971777,1
906.3999999999485,0.10882800259174652,1
906.4999999999485,0.10851009851375781,1
906.5999999999485,0.10852032253362814,1
906.6999999999484,0.10820241845580868,1
906.7999999999485,0.10788451437781961,1
906.8999999999485,0.10756661029983092,1
906.9999999999484,0.10724870622184247,1
907.0999999999484,0.10693080214385378,1
907.1999999999484,0.10645357989479062,1
907.2999999999485,0.1060807685451609,1
907.3999999999485,0.10558218657869256,1
907.4999999999484,0.10544044548352867,1
907.5999999999484,0.10517293377165567,1
907.6999999999484,0.10490542205971767,1
907.7999999999483,0.10463791034777976,1
907.8999999999484,0.10446227971291275,1
907.9999999999484,0.10428664907809325,1
908.0999999999484,0.10399078982671262,1
908.1999999999484,0.10378341218268083,1
908.2999999999483,0.10354768699920476,1
908.3999999999484,0.10331196181571396,1
908.4999999999484,0.10307623663222316,1
908.5999999999483,0.10288013531342383,1
908.6999999999483,0.10267252273999308,1
908.7999999999483,0.10242670129964568,1
908.8999999999484,0.10221068971337799,1
908.9999999999484,0.10200873443214553,1
909.0999999999483,0.10175538101154845,1
909.1999999999483,0.10148213654971144,1
909.2999999999483,0.10117324749757113,1
909.3999999999482,0.10082871385512052,1
909.4999999999483,0.10022754595775557,1
909.5999999999483,0.09962977525463292,1
909.6999999999483,0.09900247876565849,1
909.7999999999483,0.09858695282611477,1
909.8999999999482,0.0979596563372351,1
909.9999999999483,0.09754706013999713,1
910.0999999999483,0.09701913744443269,1
910.1999999999482,0.09649122708304476,1
910.2999999999482,0.09596331672165567,1
910.3999999999482,0.09543540636026718,1
910.4999999999483,0.09490749599887857,1
910.5999999999483,0.09437957330325458,1
910.6999999999482,0.09390321227250475,1
910.7999999999482,0.09326852028678531,1
910.8999999999482,0.09268657771537862,1
910.9999999999482,0.0921034473944795,1
911.0999999999482,0.09164997835308018,1
911.1999999999482,0.09120056218037628,1
911.2999999999482,0.09078791986299765,1
911.3999999999482,0.09037356802317073,1
911.4999999999482,0.089816309590685,1
911.5999999999482,0.08929582501344832,1
911.6999999999482,0.08877592698490672,1
911.7999999999481,0.08825611532672738,1
911.8999999999481,0.08773630366854808,1
911.9999999999482,0.08721649201036878,1
912.0999999999482,0.08669668035218948,1
912.1999999999482,0.08610142224608108,1
912.2999999999481,0.08550616413993359,1
912.3999999999481,0.08492750913271069,1
912.4999999999482,0.08434885412549649,1
912.5999999999481,0.0839213678633544,1
912.6999999999481,0.08349388160129011,1
912.7999999999481,0.08306639533922532,1
912.8999999999481,0.08270710033654986,1
912.9999999999482,0.08231568022169353,1
913.0999999999481,0.08197848356812679,1
913.1999999999481,0.08159458978708435,1
913.2999999999481,0.08104511435335755,1
913.399999999948,0.08073133961284672,1
913.499999999948,0.08041756487245783,1
913.5999999999481,0.08003367109142755,1
913.6999999999481,0.07977902744464979,1
913.7999999999481,0.07952908477009878,1
913.899999999948,0.07923875910637804,1
913.999999999948,0.07895309244596642,1
914.0999999999481,0.07866742578555733,1
914.199999999948,0.07856247995584534,1
914.299999999948,0.07827681329553002,1
914.399999999948,0.0782469834109589,1
914.499999999948,0.0782171535265207,1
914.5999999999481,0.07827343410534786,1
914.699999999948,0.07823597469683209,1
914.799999999948,0.07819851528826746,1
914.899999999948,0.07824687319823719,1
914.9999999999479,0.07838134157151688,1
915.099999999948,0.07851580994484139,1
915.199999999948,0.07864348680339962,1
915.299999999948,0.07877795517672075,1
915.399999999948,0.07894630476650152,1
915.4999999999479,0.07911465435629965,1
915.599999999948,0.07928300394609805,1
915.699999999948,0.07945135353589634,1
915.7999999999479,0.07961970312569475,1
915.8999999999479,0.07978805271549305,1
915.9999999999479,0.07995640230529134,1
916.099999999948,0.08012475189508975,1
916.199999999948,0.08034031611025355,1
916.2999999999479,0.08044347786602207,1
916.3999999999479,0.08067112938892868,1
916.4999999999479,0.08077429114470358,1
916.5999999999478,0.08100322351730564,1
916.6999999999479,0.0812025319454372,1
916.7999999999479,0.08143018346839408,1
916.8999999999479,0.08162947157370734,1
916.9999999999479,0.0818584039463596,1
917.0999999999478,0.08211440300882142,1
917.1999999999479,0.08234205453180761,1
917.2999999999479,0.08259933444396483,1
917.3999999999478,0.0828018939991728,1
917.4999999999478,0.08305789306162101,1
917.5999999999478,0.08324065920625373,1
917.6999999999479,0.08340937247774875,1
917.7999999999479,0.08356402944421687,1
917.8999999999478,0.08370463010565762,1
917.9999999999478,0.08383117446207157,1
918.0999999999478,0.08399336340877066,1
918.1999999999477,0.08415276130200214,1
918.2999999999478,0.08434780378552492,1
918.3999999999478,0.08457849085935862,1
918.4999999999478,0.08481259969679183,1
918.5999999999478,0.08504328677064592,1
918.6999999999477,0.08530349963035132,1
918.7999999999478,0.08554653238592828,1
918.8999999999478,0.08578956514149598,1
918.9999999999477,0.08603261910470919,1
919.0999999999477,0.08627565186027691,1
919.1999999999477,0.0865186722816091,1
919.2999999999478,0.08676171391058737,1
919.3999999999478,0.08700473433191948,1
919.4999999999477,0.08721654018210642,1
919.5999999999477,0.08742835836651283,1
919.6999999999477,0.08758861488604579,1
919.7999999999477,0.08780043307042523,1
919.8999999999477,0.08788611330741018,1
919.9999999999477,0.08797298129384948,1
920.0999999999477,0.08807160196301503,1
920.1999999999477,0.08817022263218673,1
920.2999999999477,0.08819231101577535,1
920.3999999999477,0.08820640054887043,1
920.4999999999477,0.08826526278773832,1
920.5999999999476,0.08828735117130602,1
920.6999999999476,0.08829914463325753,1
920.7999999999477,0.0882872711500018,1
920.8999999999477,0.0882753976667336,1
920.9999999999477,0.0882635241834655,1
921.0999999999476,0.08821040312621414,1
921.1999999999476,0.08815728206894113,1
921.2999999999477,0.08810416101166808,1
921.3999999999476,0.08803443685547054,1
921.4999999999476,0.08796471269926424,1
921.5999999999476,0.08789498854305794,1
921.6999999999476,0.08782526438685163,1
921.7999999999477,0.08775554023064526,1
921.8999999999476,0.08763315331129004,1
921.9999999999476,0.08754289150412321,1
922.0999999999476,0.08739840623566764,1
922.1999999999475,0.08725392096718379,1
922.2999999999475,0.08710943569869962,1
922.3999999999476,0.08688942536985791,1
922.4999999999476,0.08669165269343475,1
922.5999999999476,0.08647164236456512,1
922.6999999999475,0.08614461955385397,1
922.7999999999475,0.08581293773975553,1
922.8999999999476,0.08548591492898559,1
922.9999999999475,0.08515423311488791,1
923.0999999999475,0.0848225513007874,1
923.1999999999475,0.08449086948668681,1
923.2999999999475,0.08415918767258593,1
923.3999999999476,0.08378658665944147,1
923.4999999999475,0.08334618138985601,1
923.5999999999475,0.08281966565696965,1
923.6999999999475,0.08237926038730292,1
923.7999999999474,0.08196979312840307,1
923.8999999999475,0.08156032586951936,1
923.9999999999475,0.08106474814737079,1
924.0999999999475,0.08056917042517689,1
924.1999999999475,0.08007359270298299,1
924.2999999999474,0.07957801498078909,1
924.3999999999475,0.07908243725859529,1
924.4999999999475,0.07858685953640139,1
924.5999999999474,0.07809129420334425,1
924.6999999999474,0.07759575371890633,1
924.7999999999474,0.07709039536499443,1
924.8999999999475,0.0765752191416044,1
924.9999999999475,0.07605022504873574,1
925.0999999999474,0.07551541308638891,1
925.1999999999474,0.07508288680027056,1
925.2999999999474,0.07464928652994203,1
925.3999999999473,0.07420790156514202,1
925.4999999999474,0.07375617020647418,1
925.5999999999474,0.07329537330363335,1
925.6999999999474,0.07286818518239196,1
925.7999999999474,0.07241663880339567,1
925.8999999999473,0.07199744067911376,1
925.9999999999474,0.07155258312456286,1
926.0999999999474,0.07111299125676239,1
926.1999999999473,0.07067738422603338,1
926.2999999999473,0.07024050667963926,1
926.3999999999473,0.06985833915617956,1
926.4999999999474,0.0694227321254803,1
926.5999999999474,0.06904631204160583,1
926.6999999999473,0.06866987819181337,1
926.7999999999473,0.06818761666232775,1
926.8999999999473,0.06770536357779344,1
926.9999999999472,0.06722310204825309,1
927.0999999999473,0.0667408405187122,1
927.1999999999473,0.06629701463294951,1
927.2999999999473,0.06585318874720651,1
927.3999999999473,0.06532733472803429,1
927.4999999999472,0.0648014584477441,1
927.5999999999473,0.06427560673665939,1
927.6999999999473,0.06374975271744389,1
927.7999999999472,0.06324269929657989,1
927.8999999999472,0.06273564476219698,1
927.9999999999472,0.06222856902016829,1
928.0999999999473,0.061721515599314075,1
928.1999999999473,0.06121446217845997,1
928.2999999999472,0.06070738643643129,1
928.3999999999472,0.06020033301557717,1
928.4999999999472,0.05972449305233911,1
928.5999999999472,0.059248665417152444,1
928.6999999999472,0.058772838410042244,1
928.7999999999472,0.0582970125379249,1
928.8999999999472,0.05800787130058392,1
928.9999999999472,0.057718730063341425,1
929.0999999999472,0.05742958882609925,1
929.1999999999472,0.057178424024559076,1
929.2999999999472,0.056929041217595754,1
929.3999999999471,0.056689366783555205,1
929.4999999999471,0.056476437305611464,1
929.5999999999472,0.056263507827681865,1
929.6999999999472,0.056048779324792616,1
929.7999999999472,0.05584621036922296,1
929.8999999999471,0.05570477267742487,1
929.9999999999471,0.05556333498565897,1
930.0999999999472,0.05546314486787606,1
930.1999999999471,0.05536295475011507,1
930.2999999999471,0.05526295642714796,1
930.3999999999471,0.05520096209638197,1
930.4999999999471,0.05510077197864117,1
930.5999999999472,0.05503862469165806,1
930.6999999999471,0.05497647740469513,1
930.7999999999471,0.054914330117732155,1
930.8999999999471,0.05483680729074678,1
930.999999999947,0.054759131507536356,1
931.099999999947,0.05468145572432585,1
931.1999999999471,0.05460377994111525,1
931.2999999999471,0.05462122597411858,1
931.3999999999471,0.05445058606077271,1
931.499999999947,0.05425770849486948,1
931.599999999947,0.0540870685814124,1
931.6999999999471,0.053894191015508984,1
931.799999999947,0.05370131344959378,1
931.899999999947,0.05376378034110961,1
931.999999999947,0.05382624723276061,1
932.099999999947,0.05388871412441171,1
932.1999999999471,0.05395118101606271,1
932.299999999947,0.05414528303229257,1
932.399999999947,0.05430518830249578,1
932.499999999947,0.054532897829100466,1
932.5999999999469,0.0547606073557408,1
932.699999999947,0.0550610339506495,1
932.799999999947,0.05535319464159962,1
932.899999999947,0.05562268322582123,1
932.999999999947,0.055927112765896916,1
933.0999999999469,0.05623154230599067,1
933.199999999947,0.05653597184608487,1
933.299999999947,0.05684040138617942,1
933.3999999999469,0.05678288061042644,1
933.4999999999469,0.05672535983448164,1
933.5999999999469,0.056667826669400644,1
933.699999999947,0.056619278492568176,1
933.799999999947,0.05657153834834559,1
933.8999999999469,0.056533616073596936,1
933.9999999999469,0.056505511668326916,1
934.0999999999469,0.056487225132535505,1
934.1999999999468,0.0564787564662228,1
934.2999999999469,0.056978356753041456,1
934.3999999999469,0.057487022584297436,1
934.4999999999469,0.0580070674906132,1
934.5999999999469,0.058536293796833824,1
934.6999999999468,0.05906153526599054,1
934.7999999999469,0.05962391577935752,1
934.8999999999469,0.06018231145567533,1
934.9999999999468,0.06077710335163534,1
935.0999999999468,0.061327529353834044,1
935.1999999999468,0.06187397051894106,1
935.2999999999469,0.062420401350016995,1
935.3999999999469,0.06296684251512188,1
935.4999999999468,0.06351328368022606,1
935.5999999999468,0.06405971451130148,1
935.6999999999468,0.06460615567640626,1
935.7999999999467,0.065334276248427,1
935.8999999999468,0.06549242340005146,1
935.9999999999468,0.06625255957844577,1
936.0999999999468,0.06641071517509396,1
936.1999999999468,0.06717085135348826,1
936.2999999999467,0.06795635462474957,1
936.3999999999468,0.06819653835484062,1
936.4999999999468,0.06843671977651081,1
936.5999999999467,0.06930591465494795,1
936.6999999999467,0.07017577435100801,1
936.7999999999467,0.07104168526155079,1
936.8999999999468,0.07192721417992645,1
936.9999999999468,0.07279312620400548,1
937.0999999999467,0.07367788111240195,1
937.1999999999467,0.0745886129354548,1
937.2999999999467,0.07547676096809806,1
937.3999999999467,0.07636151587650646,1
937.4999999999467,0.07724704479489215,1
937.5999999999467,0.07815834220525351,1
937.6999999999467,0.07904308527109266,1
937.7999999999467,0.07993046739735096,1
937.8999999999467,0.08070191322643518,1
937.9999999999467,0.08149672371972941,1
938.0999999999467,0.08229153421303612,1
938.1999999999466,0.0830483682706397,1
938.2999999999466,0.08384317876392701,1
938.3999999999467,0.08463798925723372,1
938.4999999999467,0.08565765857185563,1
938.5999999999467,0.08667732788659742,1
938.6999999999466,0.08747636790874005,1
938.7999999999466,0.08851905201912685,1
938.8999999999467,0.08950060486587814,1
938.9999999999466,0.09048215771259573,1
939.0999999999466,0.09123247154252938,1
939.1999999999466,0.09198278537233949,1
939.2999999999466,0.09276342097258708,1
939.3999999999467,0.09351413889841083,1
939.4999999999466,0.09429496629345088,1
939.5999999999466,0.09503775085773011,1
939.6999999999466,0.09525887504731755,1
939.7999999999465,0.09547999923662624,1
939.8999999999465,0.09622263084438949,1
939.9999999999466,0.09696541540864831,1
940.0999999999466,0.09770819997290721,1
940.1999999999466,0.09845098453716611,1
940.2999999999465,0.09909864728521163,1
940.3999999999465,0.10000992103996179,1
940.4999999999466,0.10085374132150242,1
940.5999999999465,0.10175346021431084,1
940.6999999999465,0.10265317910715013,1
940.7999999999465,0.10355289799999046,1
940.8999999999465,0.10400554874129203,1
940.9999999999466,0.10445783243298454,1
941.0999999999465,0.10501105325160207,1
941.1999999999465,0.10556388189526518,1
941.2999999999465,0.10598546758935953,1
941.3999999999464,0.10640666110837367,1
941.4999999999465,0.10682785462738807,1
941.5999999999465,0.10721416404328915,1
941.6999999999465,0.10754668739384635,1
941.7999999999465,0.10785653863765143,1
941.8999999999464,0.10818906198816734,1
941.9999999999465,0.10846771337988718,1
942.0999999999465,0.10876529577452086,1
942.1999999999464,0.10906287816916432,1
942.2999999999464,0.10936046056380845,1
942.3999999999464,0.10998512498218592,1
942.4999999999465,0.11061138489517115,1
942.5999999999465,0.11123604931372472,1
942.6999999999464,0.11182821268758333,1
942.7999999999464,0.11245287710611922,1
942.8999999999464,0.11307754152467192,1
942.9999999999463,0.11367179945617091,1
943.0999999999464,0.11488906607288002,1
943.1999999999464,0.11610633268992351,1
943.2999999999464,0.11682455859315982,1
943.3999999999464,0.11678648029931639,1
943.4999999999463,0.11675651580253069,1
943.5999999999464,0.11671600812166803,1
943.6999999999464,0.1166878621776158,1
943.7999999999463,0.11664868850239943,1
943.8999999999463,0.1166095544680475,1
943.9999999999463,0.11649990358600404,1
944.0999999999464,0.1164607695516143,1
944.1999999999464,0.1164231048151947,1
944.2999999999463,0.11635383498986486,1
944.3999999999463,0.11632938216227201,1
944.4999999999463,0.11629020848705772,1
944.5999999999462,0.11622093866172704,1
944.6999999999463,0.11618176498648856,1
944.7999999999463,0.11611530783362936,1
944.8999999999463,0.11661889015953937,1
944.9999999999463,0.1164865699984501,1
945.0999999999462,0.11686494992057032,1
945.1999999999463,0.11662108482026103,1
945.2999999999463,0.1163721170677113,1
945.3999999999462,0.11673023254912793,1
945.4999999999462,0.11718105213246238,1
945.5999999999462,0.11702936088057728,1
945.6999999999463,0.11701673403911858,1
945.7999999999463,0.11704010025090697,1
945.8999999999462,0.11701018480654679,1
945.9999999999462,0.11699988625646494,1
946.0999999999462,0.11700449785767132,1
946.1999999999462,0.1169493783951052,1
946.2999999999462,0.11695059798559544,1
946.3999999999462,0.11695520958680801,1
946.4999999999462,0.11695904829157314,1
946.5999999999462,0.11693710617632809,1
946.6999999999462,0.11694171777752821,1
946.7999999999462,0.11694368918331695,1
946.8999999999462,0.11694830078452992,1
946.9999999999461,0.11708344151041437,1
947.0999999999461,0.11737247602531005,1
947.1999999999462,0.11781540432922931,1
947.2999999999462,0.11841222642217306,1
947.3999999999462,0.11916294230414001,1
947.4999999999461,0.11965234603586207,1
947.5999999999461,0.12014214898454245,1
947.6999999999462,0.12086408862370086,1
947.7999999999461,0.12135389157250656,1
947.8999999999461,0.12184369452118717,1
947.9999999999461,0.12233349746986776,1
948.0999999999461,0.12305453943533234,1
948.1999999999462,0.1229925898961623,1
948.2999999999461,0.12290012679133992,1
948.3999999999461,0.12289215569476661,1
948.4999999999461,0.12289227091600034,1
948.599999999946,0.12289238613723855,1
948.699999999946,0.12341794660687508,1
948.7999999999461,0.12394350707679608,1
948.8999999999461,0.1239474071720473,1
948.9999999999461,0.1239513072670174,1
949.099999999946,0.1239552073619875,1
949.199999999946,0.1239591074569576,1
949.2999999999461,0.1239630075519277,1
949.399999999946,0.12402938495675156,1
949.499999999946,0.12443984074424304,1
949.599999999946,0.1245177730113319,1
949.699999999946,0.12459570527824121,1
949.7999999999461,0.12467363754515051,1
949.899999999946,0.12494329350616658,1
949.999999999946,0.12516676040126892,1
950.099999999946,0.1253358462848086,1
950.1999999999459,0.1255053243433276,1
950.299999999946,0.12562785411145083,1
950.399999999946,0.1257507760545575,1
950.499999999946,0.1259202541130518,1
950.599999999946,0.12612461627468424,1
950.6999999999459,0.12631004743339286,1
950.799999999946,0.12649547859209165,1
950.899999999946,0.12668090975079027,1
950.9999999999459,0.12688527191243124,1
951.0999999999459,0.12707070307114007,1
951.1999999999459,0.12725613422983867,1
951.299999999946,0.12744156538853746,1
951.399999999946,0.12766186483934733,1
951.4999999999459,0.12788056879574325,1
951.5999999999459,0.1281008682465712,1
951.6999999999459,0.12870249070670312,1
951.7999999999458,0.12928062195921644,1
951.8999999999459,0.12985875321171714,1
951.9999999999459,0.13046729095127058,1
952.0999999999459,0.13045282000561761,1
952.1999999999459,0.13043834905962742,1
952.2999999999458,0.1304239154184895,1
952.3999999999459,0.13116578597415823,1
952.4999999999459,0.13129990076515183,1
952.5999999999458,0.13144444288416632,1
952.6999999999458,0.1315766232663706,1
952.7999999999458,0.13167870749846006,1
952.8999999999459,0.13178075208966286,1
952.9999999999459,0.13191293247184407,1
953.0999999999458,0.132041642174766,1
953.1999999999458,0.13219554769145694,1
953.2999999999458,0.13240772340877568,1
953.3999999999457,0.13260174724007487,1
953.4999999999458,0.13283715703071305,1
953.5999999999458,0.13302314288980394,1
953.6999999999458,0.1330995125170818,1
953.7999999999458,0.13304779381303547,1
953.8999999999457,0.13291648052394173,1
953.9999999999458,0.13273956905836803,1
954.0999999999458,0.13265393809128165,1
954.1999999999457,0.13258857156488563,1
954.2999999999457,0.13250294059785964,1
954.3999999999457,0.13243757407146364,1
954.4999999999458,0.13227950344348752,1
954.5999999999458,0.13218813399644613,1
954.6999999999457,0.13205024143201513,1
954.7999999999457,0.13187330923468346,1
954.8999999999457,0.13172466692817741,1
954.9999999999457,0.13157064975067267,1
955.0999999999457,0.13137750355301547,1
955.1999999999457,0.13121273663345795,1
955.2999999999457,0.13100884069376628,1
955.3999999999457,0.1307995698830394,1
955.4999999999457,0.1305902990723097,1
955.5999999999457,0.1303810282615799,1
955.6999999999457,0.13017175745085002,1
955.7999999999456,0.1295047187551047,1
955.8999999999456,0.129295447944126,1
955.9999999999457,0.12893228334445614,1
956.0999999999457,0.12793928837025942,1
956.1999999999457,0.1272683361922834,1
956.2999999999456,0.12596755364003917,1
956.3999999999456,0.12451287729851271,1
956.4999999999457,0.1230582009569026,1
956.5999999999456,0.12160312539819577,1
956.6999999999456,0.12014804983948699,1
956.7999999999456,0.11869297428077663,1
956.8999999999456,0.1171715113177335,1
956.9999999999457,0.1156500483546543,1
957.0999999999456,0.11411937054464584,1
957.1999999999456,0.11336246939245448,1
957.2999999999456,0.11259635339375262,1
957.3999999999455,0.11173765906902092,1
957.4999999999455,0.1108789647442378,1
957.5999999999456,0.11067827867921919,1
957.6999999999456,0.11047380774082895,1
957.7999999999456,0.11026933680243642,1
957.8999999999455,0.11006486586404424,1
957.9999999999455,0.10986039492565194,1
958.0999999999456,0.10965592398725964,1
958.1999999999455,0.10883965203937364,1
958.2999999999455,0.10863518110064724,1
958.3999999999455,0.10836823285240146,1
958.4999999999455,0.10782465969483912,1
958.5999999999456,0.10755771144640867,1
958.6999999999455,0.10729076319812918,1
958.7999999999455,0.10640789970232707,1
958.8999999999455,0.10558431668348969,1
958.9999999999454,0.10480728978007252,1
959.0999999999455,0.10398370676129273,1
959.1999999999455,0.10316534576648517,1
959.2999999999455,0.10238831886306904,1
959.3999999999455,0.10161129195967643,1
959.4999999999454,0.10078770894089753,1
959.5999999999455,0.09996412592209233,1
959.6999999999455,0.09914054290328723,1
959.7999999999454,0.09831695988448214,1
959.8999999999454,0.09749337686567693,1
959.9999999999454,0.09670048717052439,1
960.0999999999455,0.09587690415173593,1
960.1999999999455,0.09521108785240263,1
960.2999999999454,0.09454527155315534,1
960.3999999999454,0.09387945525390803,1
960.4999999999454,0.09321363895466084,1
960.5999999999453,0.09254782537402878,1
960.6999999999454,0.09152417727330527,1
960.7999999999454,0.0905005454869781,1
960.8999999999454,0.08947698175319875,1
960.9999999999454,0.08845341801941946,1
961.0999999999453,0.08768418266202124,1
961.1999999999454,0.08692540762182092,1
961.2999999999454,0.08615617226456537,1
961.3999999999453,0.08538693690730595,1
961.4999999999453,0.08522549030383669,1
961.5999999999453,0.0850640437006998,1
961.6999999999454,0.084902597097563,1
961.7999999999454,0.08474115049442589,1
961.8999999999453,0.08457970389128928,1
961.9999999999453,0.08441826715321057,1
962.0999999999453,0.08423015543837076,1
962.1999999999452,0.0844303239688246,1
962.2999999999453,0.08460382738778821,1
962.3999999999453,0.0847506656950342,1
962.4999999999453,0.0846447735845692,1
962.5999999999453,0.08484446686163699,1
962.6999999999452,0.08490652616092689,1
962.7999999999453,0.08504810554181917,1
962.8999999999453,0.08548635906405515,1
962.9999999999452,0.08578697860850808,1
963.0999999999452,0.08630475221250837,1
963.1999999999452,0.08682252581662767,1
963.2999999999453,0.08765533525348099,1
963.3999999999453,0.08848814469050609,1
963.4999999999452,0.08932095412753015,1
963.5999999999452,0.09006055976207561,1
963.6999999999452,0.09070696159409039,1
963.7999999999452,0.09135873829706834,1
963.8999999999452,0.0920158898710634,1
963.9999999999452,0.09267841631607565,1
964.0999999999452,0.09343679129066103,1
964.1999999999452,0.09417050454533005,1
964.2999999999452,0.0949095926709998,1
964.3999999999452,0.0956840922586696,1
964.4999999999452,0.0964585921542818,1
964.5999999999451,0.09723309174197022,1
964.6999999999451,0.09800759132965951,1
964.7999999999452,0.09923985880236315,1
964.8999999999452,0.1000143583903033,1
964.9999999999452,0.1007888579779926,1
965.0999999999451,0.10207887714171114,1
965.1999999999451,0.10288742446686282,1
965.2999999999452,0.10417190837725185,1
965.3999999999451,0.10545639668360307,1
965.4999999999451,0.10678368483778518,1
965.5999999999451,0.10815377283982017,1
965.6999999999451,0.10956666068970818,1
965.7999999999452,0.11102234838745073,1
965.8999999999451,0.11258722333737692,1
965.9999999999451,0.11419489813519422,1
966.0999999999451,0.11585458762779535,1
966.199999999945,0.11756629181518344,1
966.299999999945,0.11933001069736443,1
966.3999999999451,0.12113652942740143,1
966.4999999999451,0.12294304815746193,1
966.5999999999451,0.12409155862776093,1
966.699999999945,0.12531616295626297,1
966.799999999945,0.12661686114337486,1
966.8999999999451,0.12799365318909278,1
966.999999999945,0.12944653909341616,1
967.099999999945,0.1309755188563486,1
967.199999999945,0.13319239348737927,1
967.299999999945,0.13479746710929924,1
967.3999999999451,0.13640254073088065,1
967.499999999945,0.1380076143524603,1
967.599999999945,0.13961268797404172,1
967.699999999945,0.14004206872376784,1
967.7999999999449,0.13991167184851025,1
967.899999999945,0.13972199449564515,1
967.999999999945,0.13953231714274755,1
968.099999999945,0.13934263978984976,1
968.199999999945,0.13914774041295463,1
968.2999999999449,0.13895806306005407,1
968.399999999945,0.14162477235361995,1
968.499999999945,0.14143509500229395,1
968.5999999999449,0.14410180429585692,1
968.6999999999449,0.14391212694453417,1
968.7999999999449,0.14657883623809995,1
968.899999999945,0.14924554553323766,1
968.999999999945,0.15188156150472285,1
969.0999999999449,0.15477816866878186,1
969.1999999999449,0.15751700911351654,1
969.2999999999449,0.16025584955816746,1
969.3999999999448,0.16302926997770958,1
969.4999999999449,0.16580269039727388,1
969.5999999999449,0.16857610809822357,1
969.6999999999449,0.17134952851778787,1
969.7999999999449,0.17412293262276216,1
969.8999999999448,0.17689622946814346,1
969.9999999999449,0.17987324306786734,1
970.0999999999449,0.18259592829132484,1
970.1999999999448,0.18530815319757896,1
970.2999999999448,0.18803083842089355,1
970.3999999999448,0.19075352364421086,1
970.4999999999449,0.19346574855046814,1
970.5999999999449,0.19617797345671964,1
970.6999999999448,0.19927364301277928,1
970.7999999999448,0.2023693125690574,1
970.8999999999448,0.20546498212533212,1
970.9999999999447,0.208560641816545,1
971.0999999999448,0.2116563113728196,1
971.1999999999448,0.21433703557208514,1
971.2999999999448,0.21699600338035818,1
971.3999999999448,0.2196549711886161,1
971.4999999999447,0.22254000430286297,1
971.5999999999448,0.22519897211124576,1
971.6999999999448,0.22840938791017149,1
971.7999999999447,0.2316198037094017,1
971.8999999999447,0.23461306544901064,1
971.9999999999447,0.237823481248121,1
972.0999999999448,0.24081917741007552,1
972.1999999999448,0.24381487357191142,1
972.2999999999447,0.24649553390101567,1
972.3999999999447,0.2451319711255242,1
972.4999999999447,0.2437684083477982,1
972.5999999999447,0.2469450821793849,1
972.6999999999447,0.25012175601348385,1
972.7999999999447,0.24927384798870658,1
972.8999999999447,0.24842593996170217,1
972.9999999999447,0.2518182018655362,1
973.0999999999447,0.2508798201823199,1
973.1999999999447,0.2525094774360474,1
973.2999999999447,0.2566771370395561,1
973.3999999999446,0.2608147600534776,1
973.4999999999446,0.2649523622805072,1
973.5999999999447,0.26908998529441686,1
973.6999999999447,0.27322758782936934,1
973.7999999999447,0.2773652108432836,1
973.8999999999446,0.276970586556148,1
973.9999999999446,0.2811082095675483,1
974.0999999999447,0.2852062495909283,1
974.1999999999446,0.2847775775665969,1
974.2999999999446,0.2843489055397582,1
974.3999999999446,0.28392022911721637,1
974.4999999999446,0.28344873985334595,1
974.5999999999447,0.2872921146953944,1
974.6999999999446,0.29109268969199814,1
974.7999999999446,0.2948504359651225,1
974.8999999999446,0.2985654112660248,1
974.9999999999445,0.30223758671906986,1
975.0999999999445,0.30586693344863125,1
975.1999999999446,0.3094535092059747,1
975.2999999999446,0.3129972562398342,1
975.3999999999446,0.3164982323014718,1
975.4999999999445,0.3199991794874466,1
975.5999999999445,0.3235001266734253,1
975.6999999999446,0.3279044989886668,1
975.7999999999445,0.3322327774458445,1
975.8999999999445,0.33648496204441497,1
975.9999999999445,0.3401313139855981,1
976.0999999999445,0.34370157206788027,1
976.1999999999446,0.34719573629155515,1
976.2999999999445,0.3506899005151877,1
976.3999999999445,0.3540243253309578,1
976.4999999999445,0.3575184895545017,1
976.5999999999444,0.3610126537781304,1
976.6999999999445,0.3656825108736117,1
976.7999999999445,0.371311011798412,1
976.8999999999445,0.37715656176692874,1
976.9999999999445,0.38278506269237594,1
977.0999999999444,0.38841356361769636,1
977.1999999999445,0.3940504247248403,1
977.2999999999445,0.39969564601381236,1
977.3999999999444,0.40249284083814607,1
977.4999999999444,0.40815478248916726,1
977.5999999999444,0.41096869767715105,1
977.6999999999445,0.4166473596918159,1
977.7999999999445,0.41946963506162915,1
977.8999999999444,0.4222919104298479,1
977.9999999999444,0.42511418579807003,1
978.0999999999444,0.427706563297352,1
978.1999999999443,0.43029894079650316,1
978.2999999999444,0.43289131829566024,1
978.3999999999444,0.435449115819917,1
978.4999999999444,0.4382804257243615,1
978.5999999999444,0.44111173562895817,1
978.6999999999443,0.44394304553355146,1
978.7999999999444,0.4467743554381512,1
978.8999999999444,0.44960570454978777,1
978.9999999999443,0.45223333690708284,1
979.0999999999443,0.45424542218796055,1
979.1999999999443,0.4562575074684954,1
979.2999999999444,0.4561312712265503,1
979.3999999999444,0.4560050349834139,1
979.4999999999443,0.45587879874027776,1
979.5999999999443,0.4558655433798833,1
979.6999999999443,0.45776598064535634,1
979.7999999999442,0.45725629975353965,1
979.8999999999443,0.4595966802569,1
979.9999999999443,0.4617303573399158,1
980.0999999999443,0.46365733100088413,1
980.1999999999443,0.4653776012398052,1
980.2999999999442,0.46711962786937733,1
980.3999999999443,0.46886165449896167,1
980.4999999999443,0.47060368112854595,1
980.5999999999442,0.4723457077581283,1
980.6999999999442,0.47375344045666806,1
980.7999999999442,0.475161173155023,1
980.8999999999443,0.4765689058533762,1
980.9999999999443,0.4777747110194991,1
981.0999999999442,0.4791800092953927,1
981.1999999999442,0.48038338003916875,1
981.2999999999442,0.48158675078283353,1
981.3999999999442,0.4868343446308941,1
981.4999999999442,0.4920819384812137,1
981.5999999999442,0.4927892957222427,1
981.6999999999442,0.49334871645681255,1
981.7999999999442,0.4980806555540868,1
981.8999999999442,0.5027613635198731,1
981.9999999999442,0.5032019015548218,1
982.0999999999442,0.5078826095182181,1
982.1999999999441,0.5099330993864599,1
982.2999999999441,0.5095378026540707,1
982.3999999999442,0.5091425059203141,1
982.4999999999442,0.5087591182316424,1
982.5999999999442,0.5083757100640202,1
982.6999999999441,0.5079535557131354,1
982.7999999999441,0.5075701475454912,1
982.8999999999442,0.5117189866788887,1
982.9999999999441,0.511335578513797,1
983.0999999999441,0.5109521703461747,1
983.1999999999441,0.51498826513303,1
983.2999999999441,0.519024359922362,1
983.3999999999442,0.5230604547116893,1
983.4999999999441,0.5272093068410486,1
983.5999999999441,0.5268877506701914,1
983.6999999999441,0.5265661944968337,1
983.799999999944,0.5264620585375448,1
983.899999999944,0.5263578937027426,1
983.9999999999441,0.5262537288679402,1
984.0999999999441,0.5261276822735359,1
984.1999999999441,0.5260125621211028,1
984.299999999944,0.5259084261619295,1
984.399999999944,0.5258493192663677,1
984.4999999999441,0.5257451833072256,1
984.599999999944,0.5256411038020707,1
984.699999999944,0.5245575053090935,1
984.799999999944,0.5234738503615539,1
984.899999999944,0.5224617644506337,1
984.9999999999441,0.5218859376666757,1
985.099999999944,0.5214035905548178,1
985.199999999944,0.5213700792859948,1
985.299999999944,0.5217854038604074,1
985.3999999999439,0.5228093036859153,1
985.499999999944,0.5236734445850292,1
985.599999999944,0.5245375854840534,1
985.699999999944,0.5254017263830776,1
985.799999999944,0.5264829163252916,1
985.8999999999439,0.5273470572244363,1
985.999999999944,0.5284282471666492,1
986.099999999944,0.5295094371089838,1
986.1999999999439,0.5305822668694999,1
986.2999999999439,0.5316467364481969,1
986.3999999999439,0.5327028458450709,1
986.499999999944,0.533750595060123,1
986.599999999944,0.5347899840933533,1
986.6999999999439,0.5358210129447607,1
986.7999999999439,0.5368520417961659,1
986.8999999999439,0.5378830706475698,1
986.9999999999438,0.5389140994989724,1
987.0999999999439,0.5399451283503763,1
987.1999999999439,0.5409761572017803,1
987.2999999999439,0.5420071860531853,1
987.3999999999439,0.5430382149045893,1
987.4999999999438,0.5437957313757866,1
987.5999999999439,0.5445532478468315,1
987.6999999999439,0.5453107643178764,1
987.7999999999438,0.5460682807889213,1
987.8999999999438,0.5468257972599663,1
987.9999999999438,0.5475833137310112,1
988.0999999999439,0.5489563772783603,1
988.1999999999439,0.5503294408260552,1
988.2999999999438,0.5538408258962201,1
988.3999999999438,0.5573522109675861,1
988.4999999999438,0.5608635960389522,1
988.5999999999437,0.564262000227573,1
988.6999999999438,0.5653632671405331,1
988.7999999999438,0.5688746522105467,1
988.8999999999438,0.5695359758854058,1
988.9999999999438,0.5704040029805957,1
989.0999999999437,0.5714787334978315,1
989.1999999999438,0.5727601674371161,1
989.2999999999438,0.5740416013765183,1
989.3999999999437,0.5753230353159174,1
989.4999999999437,0.5766044692553182,1
989.5999999999437,0.5778859031947189,1
989.6999999999438,0.5791673371341197,1
989.7999999999438,0.5804487710735218,1
989.8999999999437,0.581730205012921,1
989.9999999999437,0.583213566484551,1
990.0999999999437,0.5844950004240654,1
990.1999999999437,0.5859783618956937,1
990.2999999999437,0.587461723367439,1
990.3999999999437,0.5889450848391826,1
990.4999999999437,0.5904284463109263,1
990.5999999999437,0.5919118077826699,1
990.6999999999437,0.593543105758336,1
990.7999999999437,0.5950264672301647,1
990.8999999999437,0.5965610598357143,1
990.9999999999436,0.5980956524412913,1
991.0999999999436,0.5996302450468698,1
991.1999999999437,0.6012570534016235,1
991.2999999999437,0.6027916460072559,1
991.3999999999437,0.6043262386128343,1
991.4999999999436,0.6058489426522834,1
991.5999999999436,0.6073716466917276,1
991.6999999999437,0.6089331173933915,1
991.7999999999436,0.6104558214328575,1
991.8999999999436,0.6119785254723015,1
991.9999999999436,0.6135012295117457,1
992.0999999999436,0.6150239335511898,1
992.1999999999437,0.6166593819371705,1
992.2999999999436,0.6182948303232148,1
992.3999999999436,0.6199302787092591,1
992.4999999999436,0.6214529827487668,1
992.5999999999435,0.6230884311347457,1
992.6999999999435,0.6247238795207901,1
992.7999999999436,0.6261419365684036,1
992.8999999999436,0.6275599936158924,1
992.9999999999436,0.6289780506633814,1
993.0999999999435,0.6304180183461057,1
993.1999999999435,0.6318470307112254,1
993.2999999999436,0.6332650877587223,1
993.3999999999435,0.6346380868669691,1
993.4999999999435,0.6360561439144327,1
993.5999999999435,0.6374741445079093,1
993.6999999999435,0.6388921451013859,1
993.7999999999436,0.6403102021488766,1
993.8999999999435,0.6416566901597458,1
993.9999999999435,0.6430966578424313,1
994.0999999999435,0.6444431458533145,1
994.1999999999434,0.6453407980211626,1
994.2999999999435,0.645789614345778,1
994.3999999999435,0.6457895948271574,1
994.4999999999435,0.6457895948271574,1
994.5999999999435,0.6457895948271574,1
994.6999999999434,0.6457895948271574,1
994.7999999999435,0.6457895948271574,1
994.8999999999435,0.6457895948271574,1
994.9999999999434,0.6457895948271574,1
995.0999999999434,0.6457895948271574,1
995.1999999999434,0.6457895948271574,1
995.2999999999435,0.6457895948271574,1
995.3999999999435,0.6457895948271574,1
995.4999999999434,0.6457895948271574,1
995.5999999999434,0.6457895948271574,1
995.6999999999434,0.6457895948271574,1
995.7999999999433,0.6457895948271574,1
995.8999999999434,0.6457895948271574,1
995.9999999999434,0.6457895948271574,1
996.0999999999434,0.6457895948271574,1
996.1999999999434,0.6457895948271574,1
996.2999999999433,0.6457895948271574,1
996.3999999999434,0.6457895948271574,1
996.4999999999434,0.6457895948271574,1
996.5999999999433,0.6457895948271574,1
996.6999999999433,0.6457895948271574,1
996.7999999999433,0.6457895948271574,1
996.8999999999434,0.6457895948271574,1
996.9999999999434,0.6457895948271574,1
997.0999999999433,0.6457895948271574,1
997.1999999999433,0.6457895948271574,1
997.2999999999433,0.6457895948271574,1
997.3999999999432,0.6457895948271574,1
997.4999999999433,0.6457895948271574,1
997.5999999999433,0.6457895948271574,1
997.6999999999433,0.6457895948271574,1
997.7999999999433,0.6457895948271574,1
997.8999999999432,0.6457895948271574,1
997.9999999999433,0.6457895948271574,1
998.0999999999433,0.6457895948271574,1
998.1999999999432,0.6457895948271574,1
998.2999999999432,0.6457895948271574,1
998.3999999999432,0.6457895948271574,1
998.4999999999433,0.6457895948271574,1
998.5999999999433,0.6457895948271574,1
998.6999999999432,0.6457895948271574,1
998.7999999999432,0.6457895948271574,1
998.8999999999432,0.6457895948271574,1
998.9999999999432,0.6457895948271574,1
999.0999999999432,0.6457895948271574,1
999.1999999999432,0.6457895948271574,1
999.2999999999432,0.6457895948271574,1
999.3999999999432,0.6457895948271574,1
999.4999999999432,0.6457895948271574,1
999.5999999999432,0.6457895948271574,1
999.6999999999432,0.6457895948271574,1
999.7999999999431,0.6457895948271574,1
999.8999999999431,0.6457895948271574,1
999.9999999999432,0.6457895948271574,1
1000.0999999999432,0.6457895948271574,1
1000.1999999999432,0.6457895948271574,1
1000.2999999999431,0.6457895948271574,1
1000.3999999999431,0.6457895948271574,1
1000.4999999999432,0.6457895948271574,1
1000.5999999999431,0.6457895948271574,1
1000.6999999999431,0.6457895948271574,1
1000.7999999999431,0.6457895948271574,1
1000.8999999999431,0.6457895948271574,1
1000.9999999999432,0.6457895948271574,1
