elapsed_seconds,average_HRV_LFHF,files_in_average
0.0,0.6575905048421723,3
0.09999999999999432,0.6575905048421723,3
0.19999999999998863,0.6575905048421723,3
0.29999999999998295,0.6575905048421723,3
0.39999999999997726,0.6575905048421723,3
0.4999999999999716,0.6594131117174419,3
0.5999999999999659,0.6598794407585098,3
0.6999999999999602,0.6589075836182853,3
0.7999999999999545,0.6535401341166934,3
0.8999999999999488,0.6492461745154182,3
0.9999999999999432,0.6457329348416475,3
1.0999999999999375,0.6428052351135051,3
1.1999999999999318,0.640327950728154,3
1.299999999999926,0.6382045641121387,3
1.3999999999999204,0.636364295711592,3
1.4999999999999147,0.6371879519511038,3
1.599999999999909,0.6369667158475318,3
1.6999999999999034,0.6362229830434217,3
1.7999999999998977,0.6355084228787701,3
1.899999999999892,0.6348653187305837,3
1.9999999999998863,0.6343297374716873,3
2.0999999999998806,0.633842845418145,3
2.199999999999875,0.6333982918040413,3
2.2999999999998693,0.6329907843244459,3
2.3999999999998636,0.6313772505784073,3
2.499999999999858,0.6298878348128313,3
2.599999999999852,0.6278291524876741,3
2.6999999999998465,0.6259175189000272,3
2.799999999999841,0.6238445674379999,3
2.899999999999835,0.6279927914963218,3
2.9999999999998295,0.6318733881960522,3
3.099999999999824,0.6355218663832268,3
3.199999999999818,0.6389492246802697,3
3.2999999999998124,0.642174973665722,3
3.3999999999998067,0.6442415220690652,3
3.499999999999801,0.6415109559303461,3
3.5999999999997954,0.6389279879612787,3
3.6999999999997897,0.6364809656747936,3
3.799999999999784,0.6341594317106922,3
3.8999999999997783,0.6325807563173115,3
3.9999999999997726,0.6313835792588215,3
4.099999999999767,0.6302434106316888,3
4.199999999999761,0.6291562731034926,3
4.299999999999756,0.6281308583382915,3
4.39999999999975,0.6271510175626551,3
4.499999999999744,0.6288424067561952,3
4.5999999999997385,0.6304618219415062,3
4.699999999999733,0.6320137614940958,3
4.799999999999727,0.6335023565751512,3
4.8999999999997215,0.6348834779269039,3
4.999999999999716,0.6358067423442514,3
5.09999999999971,0.6362467013867725,3
5.199999999999704,0.6362815966738923,3
5.299999999999699,0.6359339317475777,3
5.399999999999693,0.6352245735285615,3
5.499999999999687,0.6341995532607404,3
5.599999999999682,0.6328479705828894,3
5.699999999999676,0.6315416901188234,3
5.79999999999967,0.6302784083661472,3
5.899999999999665,0.6290559753892917,3
5.999999999999659,0.6282922057573308,3
6.099999999999653,0.6275641617722237,3
6.199999999999648,0.6268592302945808,3
6.299999999999642,0.626176327925614,3
6.399999999999636,0.6255144379372308,3
6.4999999999996305,0.6256537750639141,3
6.599999999999625,0.6264538711539159,3
6.699999999999619,0.6272304350059791,3
6.7999999999996135,0.6280353155966574,3
6.899999999999608,0.6288171995990309,3
6.999999999999602,0.6295770586999291,3
7.099999999999596,0.6303158106035801,3
7.199999999999591,0.6299173280709948,3
7.299999999999585,0.6289150075681063,3
7.399999999999579,0.6279394156119589,3
7.499999999999574,0.6270490901082705,3
7.599999999999568,0.6257587754406861,3
7.699999999999562,0.6249860177978565,3
7.799999999999557,0.6242412559592191,3
7.899999999999551,0.6235151131665476,3
7.999999999999545,0.6228068998255472,3
8.09999999999954,0.6221159599806684,3
8.199999999999534,0.6217822224528069,3
8.299999999999528,0.621409463629344,3
8.399999999999523,0.621186173499145,3
8.499999999999517,0.6209680761626721,3
8.599999999999511,0.6207549925580722,3
8.699999999999505,0.6205467517626677,3
8.7999999999995,0.620065690528639,3
8.899999999999494,0.619595319544254,3
8.999999999999488,0.6187080061786098,3
9.099999999999483,0.6178206928129634,3
9.199999999999477,0.6170662000249525,3
9.299999999999471,0.6163363549415775,3
9.399999999999466,0.6156882439979295,3
9.49999999999946,0.6149231963367577,3
9.599999999999454,0.6142809427831061,3
9.699999999999449,0.6137074977419975,3
9.799999999999443,0.6136612387810071,3
9.899999999999437,0.6133386782087255,3
9.999999999999432,0.6130206880439352,3
10.099999999999426,0.6127072682866376,3
10.19999999999942,0.612425504469197,3
10.299999999999415,0.6121483110592492,3
10.399999999999409,0.6118756880567944,3
10.499999999999403,0.611174943712503,3
10.599999999999397,0.6106532644499132,3
10.699999999999392,0.6102410008852882,3
10.799999999999386,0.6099126930986974,3
10.89999999999938,0.609390195440156,3
10.999999999999375,0.6088569003107386,3
11.099999999999369,0.6083236051813211,3
11.199999999999363,0.6077538427375454,3
11.299999999999358,0.6071840802937695,3
11.399999999999352,0.6069583808679951,3
11.499999999999346,0.6067326814422228,3
11.59999999999934,0.6071777469058315,3
11.699999999999335,0.6076053194620973,3
11.79999999999933,0.608109860061374,3
11.899999999999324,0.6064922396885869,3
11.999999999999318,0.604857126408438,3
12.099999999999312,0.6032008157654118,3
12.199999999999307,0.6014663636815349,3
12.2999999999993,0.5997144186903101,3
12.399999999999295,0.5983240977073235,3
12.49999999999929,0.5987892063359546,3
12.599999999999284,0.5992368220572514,3
12.699999999999278,0.5993450170341025,3
12.799999999999272,0.5993319344786071,3
12.899999999999267,0.5993964979857787,3
12.999999999999261,0.5992605881092962,3
13.099999999999255,0.5991246782328125,3
13.19999999999925,0.5989887683563285,3
13.299999999999244,0.598818795174992,3
13.399999999999238,0.5986488219936551,3
13.499999999999233,0.5971353277342045,3
13.599999999999227,0.5956218334747437,3
13.699999999999221,0.5940270665227999,3
13.799999999999216,0.5923448184835145,3
13.89999999999921,0.5901888808057943,3
13.999999999999204,0.5882860143966974,3
14.099999999999199,0.5866418741060035,3
14.199999999999193,0.5852264944925455,3
14.299999999999187,0.5840398755563234,3
14.399999999999181,0.5830820172973369,3
14.499999999999176,0.5823363344958074,3
14.59999999999917,0.5817699730341962,3
14.699999999999164,0.5810926346257329,3
14.799999999999159,0.5804161366278923,3
14.899999999999153,0.5797404790406754,3
14.999999999999147,0.5786466027843076,3
15.099999999999142,0.5775450881852592,3
15.199999999999136,0.5764435735862106,3
15.29999999999913,0.575342058987162,3
15.399999999999125,0.5742405443881134,3
15.499999999999119,0.5725661719044276,3
15.599999999999113,0.5702871297903053,3
15.699999999999108,0.5680146408689731,3
15.799999999999102,0.5657031854735459,3
15.899999999999096,0.5633917300781183,3
15.99999999999909,0.5610802746826907,3
16.099999999999085,0.5586768805245217,3
16.19999999999908,0.5573860230734446,3
16.299999999999073,0.5566005097875673,3
16.399999999999068,0.5558149965016945,3
16.499999999999062,0.5548649912181447,3
16.599999999999056,0.5543304842416105,3
16.69999999999905,0.5533226011584138,3
16.799999999999045,0.5523689247768654,3
16.89999999999904,0.5514152483953175,3
16.999999999999034,0.5504615720137697,3
17.099999999999028,0.5491937897938017,3
17.199999999999022,0.5475920555014834,3
17.299999999999017,0.5460225108427172,3
17.39999999999901,0.5442016395541963,3
17.499999999999005,0.5423807682656728,3
17.599999999999,0.5405598969771495,3
17.699999999998994,0.5387390256886259,3
17.799999999998988,0.5371925710737496,3
17.899999999998983,0.535646116458876,3
17.999999999998977,0.5341981796768023,3
18.09999999999897,0.5327101786794082,3
18.199999999998965,0.5310893571043787,3
18.29999999999896,0.5292506617154052,3
18.399999999998954,0.5273349829181395,3
18.49999999999895,0.5254147337133803,3
18.599999999998943,0.5234366763020876,3
18.699999999998937,0.5215072862823419,3
18.79999999999893,0.5195118662439522,3
18.899999999998926,0.5177927478168544,3
18.99999999999892,0.5161820921375773,3
19.099999999998914,0.5144455544870215,3
19.19999999999891,0.5125715894875746,3
19.299999999998903,0.5107035994095955,3
19.399999999998897,0.5088262370186992,3
19.49999999999889,0.506939502314886,3
19.599999999998886,0.5050479657056487,3
19.69999999999888,0.5031516271909872,3
19.799999999998875,0.5011768997201848,3
19.89999999999887,0.499391560215908,3
19.999999999998863,0.4976014188062094,3
20.099999999998857,0.4965065944551686,3
20.19999999999885,0.49464818092516705,3
20.299999999998846,0.4927849654897328,3
20.39999999999884,0.49091694814887415,3
20.499999999998835,0.4890441289025915,3
20.59999999999883,0.48670442286292737,3
20.699999999998823,0.48438220973060514,3
20.799999999998818,0.48207748950563056,3
20.899999999998812,0.47986727066732554,3
20.999999999998806,0.4776745447363691,3
21.0999999999988,0.475496765822453,3
21.199999999998795,0.47335014034272344,3
21.29999999999879,0.4712075520684242,3
21.399999999998784,0.46908245670147214,3
21.499999999998778,0.46697485424186774,3
21.599999999998772,0.4648531048758227,3
21.699999999998766,0.463070776254221,3
21.79999999999876,0.4614097251649671,3
21.899999999998755,0.4593924582919322,3
21.99999999999875,0.45743695279206226,3
22.099999999998744,0.4556011147817907,3
22.199999999998738,0.4536634283979531,3
22.299999999998732,0.4517537883576847,3
22.399999999998727,0.44979524183572767,3
22.49999999999872,0.44783669531377,3
22.599999999998715,0.44587814879181237,3
22.69999999999871,0.44401516728469254,3
22.799999999998704,0.4422396668649145,3
22.8999999999987,0.44096448382026915,3
22.999999999998693,0.4396363356380424,3
23.099999999998687,0.4383943599542685,3
23.19999999999868,0.4369793026414844,3
23.299999999998676,0.4355642453286979,3
23.39999999999867,0.434107304907261,3
23.499999999998664,0.4326503644858235,3
23.59999999999866,0.43124370381232663,3
23.699999999998653,0.42992315518013996,3
23.799999999998647,0.4286026065479545,3
23.89999999999864,0.42731806555520685,3
23.999999999998636,0.42616803658622376,3
24.09999999999863,0.4250180076172425,3
24.199999999998624,0.42401614505376556,3
24.29999999999862,0.42301428249029066,3
24.399999999998613,0.42201241992681576,3
24.499999999998607,0.4213800942829368,3
24.5999999999986,0.42085744354954596,3
24.699999999998596,0.4203134103968043,3
24.79999999999859,0.41982589201196685,3
24.899999999998585,0.41933837362713006,3
24.99999999999858,0.4188508552422933,3
25.099999999998573,0.4184552756201974,3
25.199999999998568,0.41794572319796686,3
25.299999999998562,0.41699157448341495,3
25.399999999998556,0.41603742576885655,3
25.49999999999855,0.4151974460911461,3
25.599999999998545,0.4142349392311475,3
25.69999999999854,0.4133651107450052,3
25.799999999998533,0.41247285188385147,3
25.899999999998528,0.41158059302269745,3
25.999999999998522,0.41068833416154343,3
26.099999999998516,0.4101101811388079,3
26.19999999999851,0.40953884910642363,3
26.299999999998505,0.40907201067731974,3
26.3999999999985,0.40872361753041137,3
26.499999999998494,0.40837522438350476,3
26.599999999998488,0.40794018994401143,3
26.699999999998482,0.4075051555045168,3
26.799999999998477,0.4070701210650221,3
26.89999999999847,0.4067343070611294,3
26.999999999998465,0.4062999752244391,3
27.09999999999846,0.40501415203465285,3
27.199999999998454,0.40372832884485343,3
27.299999999998448,0.40267931131229284,3
27.399999999998442,0.4016236828459642,3
27.499999999998437,0.400596758548994,3
27.59999999999843,0.39956797404968913,3
27.699999999998425,0.3985391895503844,3
27.79999999999842,0.39751040505107965,3
27.899999999998414,0.39648162055177477,3
27.99999999999841,0.39535917251572544,3
28.099999999998403,0.3943580360434607,3
28.199999999998397,0.3934508280543529,3
28.29999999999839,0.39252123181040705,3
28.399999999998386,0.392541864642034,3
28.49999999999838,0.39260832419463926,3
28.599999999998374,0.3926795856526693,3
28.69999999999837,0.3927556490161235,3
28.799999999998363,0.3928365142850018,3
28.899999999998357,0.39281472778159515,3
28.99999999999835,0.3929019776516432,3
29.099999999998346,0.3923856443640197,3
29.19999999999834,0.3926693675697088,3
29.299999999998334,0.3929578926808352,3
29.39999999999833,0.3933632850361093,3
29.499999999998323,0.393617236726632,3
29.599999999998317,0.3939300355899622,3
29.69999999999831,0.39412353962626473,3
29.799999999998306,0.3943170436625653,3
29.8999999999983,0.394510547698866,3
29.999999999998295,0.39470405173516654,3
30.09999999999829,0.3949723017330948,3
30.199999999998283,0.3953100155569058,3
30.299999999998278,0.395683660901854,3
30.399999999998272,0.39607978206602096,3
30.499999999998266,0.39634634000857205,3
30.59999999999826,0.39666701358412726,3
30.699999999998255,0.39690011167917144,3
30.79999999999825,0.3971556855934324,3
30.899999999998244,0.39741125950769374,3
30.999999999998238,0.3979676334274107,3
31.099999999998232,0.3983284017853777,3
31.199999999998226,0.3988878733581984,3
31.29999999999822,0.3994473449310227,3
31.399999999998215,0.40005572298553566,3
31.49999999999821,0.4003513358884936,3
31.599999999998204,0.4007597018378046,3
31.699999999998198,0.40105886044995254,3
31.799999999998192,0.4014376196204215,3
31.899999999998187,0.40205457415551166,3
31.99999999999818,0.4027001832368012,3
32.099999999998175,0.4032596198196381,3
32.19999999999817,0.4039921380314839,3
32.299999999998164,0.4047943473399636,3
32.39999999999816,0.40563843975709485,3
32.49999999999815,0.4065737533445854,3
32.59999999999815,0.4072143644605912,3
32.69999999999814,0.4077935312254041,3
32.799999999998136,0.4083770910247739,3
32.89999999999813,0.40899510731129257,3
32.999999999998124,0.4096175166323703,3
33.09999999999812,0.4102443189880063,3
33.19999999999811,0.4107273479726971,3
33.29999999999811,0.41125288711649377,3
33.3999999999981,0.41178281929484944,3
33.499999999998096,0.4120439665238713,3
33.59999999999809,0.41230950678744627,3
33.699999999998084,0.41252102747477276,3
33.79999999999808,0.41268042642875225,3
33.89999999999807,0.41283982538273084,3
33.99999999999807,0.4129992243367095,3
34.09999999999806,0.4132005194916662,3
34.199999999998056,0.4133092575178632,3
34.29999999999805,0.413862591836376,3
34.399999999998045,0.4144159261548975,3
34.49999999999804,0.41507423825367123,3
34.59999999999803,0.4158015771902445,3
34.69999999999803,0.4168534836249293,3
34.79999999999802,0.41781052550595604,3
34.899999999998016,0.41876756738698084,3
34.99999999999801,0.41972460926800553,3
35.099999999998005,0.4193447693281282,3
35.199999999998,0.41897799477441894,3
35.29999999999799,0.4185183732492785,3
35.39999999999799,0.4181337923129204,3
35.49999999999798,0.419065514340723,3
35.599999999997976,0.420160201067095,3
35.69999999999797,0.42130931219795514,3
35.799999999997965,0.4224584233288165,3
35.89999999999796,0.42348425832555914,3
35.999999999997954,0.4245100933222992,3
36.09999999999795,0.42642748388745016,3
36.19999999999794,0.4271444865243928,3
36.29999999999794,0.4278179096133791,3
36.39999999999793,0.4284852477068795,3
36.499999999997925,0.4286938755750956,3
36.59999999999792,0.4300270959276005,3
36.699999999997914,0.43187787219419455,3
36.79999999999791,0.4337207032629797,3
36.8999999999979,0.4355555891339444,3
36.9999999999979,0.437363160188524,3
37.09999999999789,0.4391707312431032,3
37.199999999997885,0.4409901452235599,3
37.29999999999788,0.44277692755085446,3
37.399999999997874,0.4437335004605753,3
37.49999999999787,0.44468929725215917,3
37.59999999999786,0.4456202116793874,3
37.69999999999786,0.44654836764540623,3
37.79999999999785,0.44747652361142504,3
37.899999999997846,0.44851213325515243,3
37.99999999999784,0.44944350843085035,3
38.099999999997834,0.4502475275135263,3
38.19999999999783,0.4510515465961995,3
38.29999999999782,0.45134136703823907,3
38.39999999999782,0.4515979767638167,3
38.49999999999781,0.4520108290595702,3
38.599999999997806,0.45236483418251733,3
38.6999999999978,0.4532616743027736,3
38.799999999997794,0.4541585144230418,3
38.89999999999779,0.45505535454331,3
38.99999999999778,0.45595219466357806,3
39.09999999999778,0.4566987220207763,3
39.19999999999777,0.4574227735587531,3
39.299999999997766,0.4581160913700639,3
39.39999999999776,0.45875654901138024,3
39.499999999997755,0.4595221834818523,3
39.59999999999775,0.46026095574065023,3
39.69999999999774,0.46041158195321435,3
39.79999999999774,0.46057349624905825,3
39.89999999999773,0.46073102415244377,3
39.999999999997726,0.4605833656579163,3
40.09999999999772,0.46050725884308097,3
40.199999999997715,0.46033429718695745,3
40.29999999999771,0.4606598849404005,3
40.3999999999977,0.4609959607604594,3
40.4999999999977,0.4616426923563634,3
40.59999999999769,0.4621745615302068,3
40.69999999999769,0.4626408283800352,3
40.79999999999768,0.4630253852958301,3
40.899999999997675,0.4632428946903738,3
40.99999999999767,0.46345829470920413,3
41.099999999997664,0.463671585352325,3
41.19999999999766,0.46388276661973604,3
41.29999999999765,0.46416992532077855,3
41.39999999999765,0.4644570840218229,3
41.49999999999764,0.46465302155250904,3
41.599999999997635,0.4651787795758093,3
41.69999999999763,0.46565764680859645,3
41.799999999997624,0.46616723902795587,3
41.89999999999762,0.46660636712073006,3
41.99999999999761,0.4670411021789442,3
42.09999999999761,0.46747144420259995,3
42.1999999999976,0.4678553507303635,3
42.299999999997596,0.46809377897778354,3
42.39999999999759,0.46828577172930785,3
42.499999999997584,0.4683770125105713,3
42.59999999999758,0.4684638602572742,3
42.69999999999757,0.46845725044737313,3
42.79999999999757,0.46856412401286684,3
42.89999999999756,0.4686709975783634,3
42.999999999997556,0.4687778711438599,3
43.09999999999755,0.4688428485083784,3
43.199999999997544,0.4689078258728958,3
43.29999999999754,0.46894678250494953,3
43.39999999999753,0.46898573913700253,3
43.49999999999753,0.4689197179888038,3
43.59999999999752,0.4688536968406023,3
43.699999999997516,0.46842416157350697,3
43.79999999999751,0.4680592200609066,3
43.899999999997505,0.46770318577851305,3
43.9999999999975,0.46735605872632524,3
44.09999999999749,0.4683547207252385,3
44.19999999999749,0.46903035092922857,3
44.29999999999748,0.4699987096726192,3
44.399999999997476,0.4709009350574387,3
44.49999999999747,0.4704957647083094,3
44.599999999997465,0.4700231781833962,3
44.69999999999746,0.4695050744842022,3
44.79999999999745,0.4689567380713806,3
44.89999999999745,0.46843245735707534,3
44.99999999999744,0.46802358494800506,3
45.099999999997436,0.46761065487266196,3
45.19999999999743,0.4685199176036816,3
45.299999999997425,0.4692909112777994,3
45.39999999999742,0.4700698501497335,3
45.499999999997414,0.47127879507759146,3
45.59999999999741,0.4713650077235029,3
45.6999999999974,0.4709336644553222,3
45.7999999999974,0.47054128145379215,3
45.89999999999739,0.4701568436500829,3
45.999999999997385,0.4700036791805366,3
46.09999999999738,0.4699561041824021,3
46.199999999997374,0.4699104912325975,3
46.29999999999737,0.46980204264799647,3
46.39999999999736,0.46958033835915,3
46.49999999999736,0.4693203474212087,3
46.59999999999735,0.4690872008959491,3
46.699999999997345,0.46885877488022604,3
46.79999999999734,0.46863231091283025,3
46.899999999997334,0.4683752667338565,3
46.99999999999733,0.4682681790277601,3
47.09999999999732,0.46819867556203354,3
47.19999999999732,0.46803266389195014,3
47.29999999999731,0.46838281291082257,3
47.399999999997306,0.4686560693557639,3
47.4999999999973,0.4689312878490304,3
47.599999999997294,0.46920846839062397,3
47.69999999999729,0.4690640708102645,3
47.79999999999728,0.46892163527822067,3
47.89999999999728,0.468885661014937,3
47.99999999999727,0.46909172828011186,3
48.099999999997266,0.46937811675828617,3
48.19999999999726,0.46948018188783536,3
48.299999999997254,0.469590504924827,3
48.39999999999725,0.46973121231259446,3
48.49999999999724,0.4698763060928213,3
48.59999999999724,0.47002477430229656,3
48.69999999999723,0.4710514696048991,3
48.799999999997226,0.4720433890418044,3
48.89999999999722,0.4730386829079569,3
48.999999999997215,0.47485936806968104,3
49.09999999999721,0.47601936723526234,3
49.1999999999972,0.4770819733368064,3
49.2999999999972,0.4776460300287817,3
49.39999999999719,0.4781995986541386,3
49.499999999997186,0.47875527665520473,3
49.59999999999718,0.4794775250685202,3
49.699999999997175,0.48036029082066145,3
49.79999999999717,0.4812451659485167,3
49.89999999999716,0.48205889323300294,3
49.99999999999716,0.4830902804088832,3
50.09999999999715,0.4842154481558542,3
50.19999999999715,0.4854329005432068,3
50.29999999999714,0.4864910181611531,3
50.399999999997135,0.487639311043764,3
50.49999999999713,0.4888777791910471,3
50.599999999997124,0.4903572835756724,3
50.69999999999712,0.4920610036828479,3
50.79999999999711,0.4938197810335681,3
50.89999999999711,0.4956687336489594,3
50.9999999999971,0.4976078615290227,3
51.099999999997095,0.4995454934783829,3
51.19999999999709,0.5001732799823462,3
51.299999999997084,0.5007730280494674,3
51.39999999999708,0.501413322647216,3
51.49999999999707,0.502264749427848,3
51.59999999999707,0.5031146802777805,3
51.69999999999706,0.5041254215564158,3
51.799999999997056,0.5050167904943953,3
51.89999999999705,0.5059435583518638,3
51.999999999997044,0.5068688302786276,3
52.09999999999704,0.5077926062746857,3
52.19999999999703,0.5084270410312245,3
52.29999999999703,0.5090860005895129,3
52.39999999999702,0.5095995161779451,3
52.499999999997016,0.5103566605300653,3
52.59999999999701,0.5111218920696655,3
52.699999999997004,0.5118758131518019,3
52.799999999997,0.512619331073027,3
52.89999999999699,0.5133350733956102,3
52.99999999999699,0.5140404125572816,3
53.09999999999698,0.5147353485580416,3
53.199999999996976,0.5157518016400094,3
53.29999999999697,0.5162527264351243,3
53.399999999996965,0.5167432480693125,3
53.49999999999696,0.5173768439746005,3
53.59999999999695,0.5180000367189819,3
53.69999999999695,0.5186128263024521,3
53.79999999999694,0.5192543526688426,3
53.899999999996936,0.5198943831045281,3
53.99999999999693,0.5203688454652163,3
54.099999999996925,0.5208458695614695,3
54.19999999999692,0.5210777540005603,3
54.29999999999691,0.5215689030718117,3
54.39999999999691,0.5220355598245557,3
54.4999999999969,0.5226429839528414,3
54.599999999996896,0.5232259157626163,3
54.69999999999689,0.5237843552538752,3
54.799999999996885,0.5242872873577741,3
54.89999999999688,0.524765727143156,3
54.999999999996874,0.5249963464736803,3
55.09999999999687,0.5250968840142763,3
55.19999999999686,0.5251939635758355,3
55.29999999999686,0.5253968574205249,3
55.39999999999685,0.5259123504765602,3
55.499999999996845,0.526124951726193,3
55.59999999999684,0.5263340949967836,3
55.699999999996834,0.5265347543943969,3
55.79999999999683,0.5267369817069216,3
55.89999999999682,0.5269682933003187,3
55.99999999999682,0.5270481524901337,3
56.09999999999681,0.5282947205023802,3
56.199999999996805,0.5296363007883156,3
56.2999999999968,0.5309744230952214,3
56.399999999996794,0.5315417094977787,3
56.49999999999679,0.5320962567763787,3
56.59999999999678,0.5326566272208457,3
56.69999999999678,0.5328710032030369,3
56.79999999999677,0.5330819212061846,3
56.899999999996766,0.5331848820098668,3
56.99999999999676,0.5330443053543855,3
57.099999999996754,0.5329000242469476,3
57.19999999999675,0.5329712012520945,3
57.29999999999674,0.5330408823265429,3
57.39999999999674,0.5344690284009364,3
57.49999999999673,0.5358956785446684,3
57.599999999996726,0.5373218447209052,3
57.69999999999672,0.5385440094000514,3
57.799999999996714,0.5394010315217826,3
57.89999999999671,0.5402575696760067,3
57.9999999999967,0.5402916069964165,3
58.0999999999967,0.5409892207747147,3
58.19999999999669,0.5417827316863475,3
58.299999999996686,0.5430570892456716,3
58.39999999999668,0.5434452182900389,3
58.499999999996675,0.5438318514036711,3
58.59999999999667,0.5440525275500585,3
58.69999999999666,0.5442717077657349,3
58.79999999999666,0.5441037563149115,3
58.89999999999665,0.5439343089333696,3
58.999999999996646,0.5435478151054366,3
59.09999999999664,0.5433046246487173,3
59.199999999996635,0.5429697629966282,3
59.29999999999663,0.5427902693183215,3
59.39999999999662,0.5427520090235809,3
59.49999999999662,0.5426220775334704,3
59.59999999999661,0.5422144958541816,3
59.69999999999661,0.5407569863343334,3
59.7999999999966,0.5392078056190749,3
59.899999999996595,0.5375669537084387,3
59.99999999999659,0.5358344306024249,3
60.099999999996584,0.5349505735043689,3
60.19999999999658,0.5354171083823601,3
60.29999999999657,0.5363866159462743,3
60.39999999999657,0.5377295855687513,3
60.49999999999656,0.5388599270776542,3
60.599999999996555,0.5399902685865497,3
60.69999999999655,0.540786164506997,3
60.799999999996544,0.5415820604274327,3
60.89999999999654,0.5423410614976706,3
60.99999999999653,0.5433319207309367,3
61.09999999999653,0.5443227799642109,3
61.19999999999652,0.5456014845062974,3
61.299999999996515,0.5468816849790994,3
61.39999999999651,0.5480857536850906,3
61.499999999996504,0.5491249918577837,3
61.5999999999965,0.5501561428429985,3
61.69999999999649,0.5508400398593974,3
61.79999999999649,0.5512375697973563,3
61.89999999999648,0.5516539681037412,3
61.999999999996476,0.5520718623408326,3
62.09999999999647,0.5524912525086294,3
62.199999999996464,0.5529121573901733,3
62.29999999999646,0.5533133804781866,3
62.39999999999645,0.553802822909335,3
62.49999999999645,0.5542011745427325,3
62.59999999999644,0.5546010221068324,3
62.699999999996436,0.5557923870893542,3
62.79999999999643,0.5567023901207561,3
62.899999999996425,0.5576138890828536,3
62.99999999999642,0.5585755478147144,3
63.09999999999641,0.5595387024772828,3
63.19999999999641,0.5606251919188711,3
63.2999999999964,0.5616429272332214,3
63.399999999996396,0.5625148709305912,3
63.49999999999639,0.5629668164231076,3
63.599999999996385,0.5637654960241556,3
63.69999999999638,0.5645886679437311,3
63.79999999999637,0.5654363321818227,3
63.89999999999637,0.5663084887384303,3
63.99999999999636,0.5672051376135538,3
64.09999999999636,0.5678749023168032,3
64.19999999999635,0.5685461629507499,3
64.29999999999634,0.5692189195154024,3
64.39999999999634,0.5695820587481998,3
64.49999999999633,0.5698158423796033,3
64.59999999999633,0.570075037481767,3
64.69999999999632,0.5703597260208283,3
64.79999999999632,0.5706598562088984,3
64.89999999999631,0.5709804539399209,3
64.9999999999963,0.5713215192138966,3
65.0999999999963,0.570512885229362,3
65.1999999999963,0.5697247187877371,3
65.29999999999629,0.5689380482768186,3
65.39999999999628,0.569083894476537,3
65.49999999999628,0.5694993136794751,3
65.59999999999627,0.5696766341016297,3
65.69999999999627,0.5701524244452326,3
65.79999999999626,0.5706297107195523,3
65.89999999999625,0.5711084929245774,3
65.99999999999625,0.5715887710603084,3
66.09999999999624,0.572070545126745,3
66.19999999999624,0.5725211844292227,3
66.29999999999623,0.5730510330396273,3
66.39999999999623,0.5719517340111122,3
66.49999999999622,0.5709316442904636,3
66.59999999999621,0.5692000976854689,3
66.69999999999621,0.567892271516135,3
66.7999999999962,0.5669505998674341,3
66.8999999999962,0.5665086560556091,3
66.99999999999619,0.5660682081745083,3
67.09999999999619,0.5656292562241135,3
67.19999999999618,0.5651918002044243,3
67.29999999999617,0.5642734975370493,3
67.39999999999617,0.5648339275965986,3
67.49999999999616,0.5653276856041076,3
67.59999999999616,0.5657547715595173,3
67.69999999999615,0.5661151854628271,3
67.79999999999615,0.5668519373823685,3
67.89999999999614,0.5675573938797538,3
67.99999999999613,0.5682535526575797,3
68.09999999999613,0.5687039432185471,3
68.19999999999612,0.5691450360599465,3
68.29999999999612,0.5694336335164453,3
68.39999999999611,0.5694611957660535,3
68.4999999999961,0.5694098640848493,3
68.5999999999961,0.5693304017756916,3
68.6999999999961,0.5701494885153139,3
68.79999999999609,0.5709512094202409,3
68.89999999999608,0.5717355933474805,3
68.99999999999608,0.5725026402970329,3
69.09999999999607,0.5724036842609416,3
69.19999999999607,0.5722874201041735,3
69.29999999999606,0.5721079414181355,3
69.39999999999606,0.5715317066999773,3
69.49999999999605,0.5709321780082294,3
69.59999999999604,0.5700103387391918,3
69.69999999999604,0.5694056080809018,3
69.79999999999603,0.5687840197864219,3
69.89999999999603,0.5681450945142548,3
69.99999999999602,0.5672569741013721,3
70.09999999999602,0.5663515167107928,3
70.19999999999601,0.5654282430010423,3
70.299999999996,0.564740444890596,3
70.399999999996,0.5642553896084331,3
70.49999999999599,0.5636734711397806,3
70.59999999999599,0.5631066263917912,3
70.69999999999598,0.5625646150941711,3
70.79999999999598,0.562291633897292,3
70.89999999999597,0.5619998197920315,3
70.99999999999596,0.561689172778378,3
71.09999999999596,0.5613596928563318,3
71.19999999999595,0.5610113800258927,3
71.29999999999595,0.5610911385398496,3
71.39999999999594,0.5610691250107542,3
71.49999999999594,0.56096360359196,3
71.59999999999593,0.5608392492647701,3
71.69999999999592,0.5596240215064011,3
71.79999999999592,0.5586916516298396,3
71.89999999999591,0.5577592817532899,3
71.99999999999591,0.5568269118767403,3
72.0999999999959,0.5558945420001903,3
72.1999999999959,0.5550421420307879,3
72.29999999999589,0.5541375006133991,3
72.39999999999588,0.5538162549456286,3
72.49999999999588,0.5540729146249774,3
72.59999999999587,0.5536771638489523,3
72.69999999999587,0.5535895744607536,3
72.79999999999586,0.5535019850725676,3
72.89999999999586,0.5534143956843817,3
72.99999999999585,0.5533268062961957,3
73.09999999999584,0.5533050056567773,3
73.19999999999584,0.5532832050173616,3
73.29999999999583,0.5533240482880374,3
73.39999999999583,0.5531373796084448,3
73.49999999999582,0.5532933479604558,3
73.59999999999582,0.5533550168904684,3
73.69999999999581,0.5532968698951352,3
73.7999999999958,0.5532197512875507,3
73.8999999999958,0.553123661067719,3
73.9999999999958,0.5531332291030471,3
74.09999999999579,0.5531238255261332,3
74.19999999999578,0.5530954503369719,3
74.29999999999578,0.5530167558405626,3
74.39999999999577,0.5527240991822849,3
74.49999999999577,0.5521223272891728,3
74.59999999999576,0.5517824707031489,3
74.69999999999575,0.5514881766096258,3
74.79999999999575,0.5512686093601252,3
74.89999999999574,0.551128161109509,3
74.99999999999574,0.5509877128588961,3
75.09999999999573,0.5508472646082834,3
75.19999999999573,0.5507068163576704,3
75.29999999999572,0.5503990163701994,3
75.39999999999571,0.5503788916064147,3
75.49999999999571,0.5502810534654206,3
75.5999999999957,0.5508961681394744,3
75.6999999999957,0.5509210825894598,3
75.79999999999569,0.5504400541817743,3
75.89999999999569,0.5495761282795127,3
75.99999999999568,0.5487122023772346,3
76.09999999999567,0.5478482764749565,3
76.19999999999567,0.5469843505726784,3
76.29999999999566,0.5461429630194804,3
76.39999999999566,0.5446852984255461,3
76.49999999999565,0.5432958018143872,3
76.59999999999565,0.5419744731860334,3
76.69999999999564,0.5407213125404849,3
76.79999999999563,0.539385435519987,3
76.89999999999563,0.5380823498523614,3
76.99999999999562,0.5367900578350008,3
77.09999999999562,0.5355085594679044,3
77.19999999999561,0.5342378547510725,3
77.2999999999956,0.5330167125407472,3
77.3999999999956,0.53182519688908,3
77.4999999999956,0.5307126590918677,3
77.59999999999559,0.5297032091843703,3
77.69999999999558,0.5288018274642219,3
77.79999999999558,0.527919307509514,3
77.89999999999557,0.5269603713627375,3
77.99999999999557,0.5260202681243497,3
78.09999999999556,0.5250989977943546,3
78.19999999999555,0.5241965315157086,3
78.29999999999555,0.5229853136384962,3
78.39999999999554,0.5217960978748885,3
78.49999999999554,0.5206850628484677,3
78.59999999999553,0.5198241916692009,3
78.69999999999553,0.5192620281002619,3
78.79999999999552,0.5187182180982443,3
78.89999999999552,0.5181416659942776,3
78.99999999999551,0.5175839467987012,3
79.0999999999955,0.5170450605115179,3
79.1999999999955,0.5165254864742116,3
79.29999999999549,0.5157704368376022,3
79.39999999999549,0.5150342201093744,3
79.49999999999548,0.5142671188937098,3
79.59999999999548,0.5152044072691435,3
79.69999999999547,0.5164751952119812,3
79.79999999999546,0.5177648160632263,3
79.89999999999546,0.5190732698228641,3
79.99999999999545,0.5189204574687256,3
80.09999999999545,0.5187864780229127,3
80.19999999999544,0.5186713314854927,3
80.29999999999544,0.5183705951446619,3
80.39999999999543,0.5180666807025774,3
80.49999999999542,0.5188554487999829,3
80.59999999999542,0.5196630498058307,3
80.69999999999541,0.520771502755144,3
80.7999999999954,0.5218292078964587,3
80.8999999999954,0.522886913037771,3
80.9999999999954,0.5239446181790833,3
81.09999999999539,0.5238769786556358,3
81.19999999999538,0.5237293692249895,3
81.29999999999538,0.5235817597943394,3
81.39999999999537,0.5232709303965701,3
81.49999999999537,0.5230737617902843,3
81.59999999999536,0.5236457067402552,3
81.69999999999536,0.5233622437661835,3
81.79999999999535,0.5230246299694011,3
81.89999999999534,0.5226870161726164,3
81.99999999999534,0.5223416689463164,3
82.09999999999533,0.522181909461636,3
82.19999999999533,0.5220221499769646,3
82.29999999999532,0.5218492557552347,3
82.39999999999532,0.5218011807230629,3
82.49999999999531,0.522152278335902,3
82.5999999999953,0.5225240189010739,3
82.6999999999953,0.5229468628497019,3
82.7999999999953,0.5233199658686933,3
82.89999999999529,0.5236930688876824,3
82.99999999999528,0.5237759046846255,3
83.09999999999528,0.523858740481555,3
83.19999999999527,0.5239415762784846,3
83.29999999999526,0.5241237086151155,3
83.39999999999526,0.5246650039868591,3
83.49999999999525,0.5252279365052158,3
83.59999999999525,0.5257305851224191,3
83.69999999999524,0.5262045515789682,3
83.79999999999524,0.5265751090308443,3
83.89999999999523,0.5268378653231837,3
83.99999999999523,0.5268909481075242,3
84.09999999999522,0.5269440308918548,3
84.19999999999521,0.5270297509918717,3
84.29999999999521,0.527205109451526,3
84.3999999999952,0.5263883289755572,3
84.4999999999952,0.5255494317760049,3
84.59999999999519,0.5246884178529155,3
84.69999999999519,0.5239732629254071,3
84.79999999999518,0.5237419341320125,3
84.89999999999517,0.5244070704902283,3
84.99999999999517,0.5250500901249512,3
85.09999999999516,0.5257167110216927,3
85.19999999999516,0.5263833319184354,3
85.29999999999515,0.5270274144660979,3
85.39999999999515,0.5276711923858685,3
85.49999999999514,0.5268799878856404,3
85.59999999999513,0.5260887833853425,3
85.69999999999513,0.5252975788850448,3
85.79999999999512,0.5245998844099627,3
85.89999999999512,0.5235181358944887,3
85.99999999999511,0.5230859718109779,3
86.0999999999951,0.5226027528641982,3
86.1999999999951,0.5221195339174158,3
86.2999999999951,0.5215975461143914,3
86.39999999999509,0.521075558311365,3
86.49999999999508,0.5227196472059943,3
86.59999999999508,0.5242687281165112,3
86.69999999999507,0.5257709443667741,3
86.79999999999507,0.527273160617035,3
86.89999999999506,0.5286508524999481,3
86.99999999999505,0.52923951037579,3
87.09999999999505,0.529828168251593,3
87.19999999999504,0.5316196985124634,3
87.29999999999504,0.5334112287733933,3
87.39999999999503,0.5352055468249843,3
87.49999999999503,0.5381705582219054,3
87.59999999999502,0.5410550049409913,3
87.69999999999501,0.5435053696194146,3
87.79999999999501,0.5458015269590816,3
87.899999999995,0.546755799510276,3
87.999999999995,0.5475558647226683,3
88.09999999999499,0.548201722596318,3
88.19999999999499,0.5486933731312248,3
88.29999999999498,0.5490308163273887,3
88.39999999999498,0.5507894412109143,3
88.49999999999497,0.5525408469542966,3
88.59999999999496,0.5525727893859209,3
88.69999999999496,0.55261098825224,3
88.79999999999495,0.5526554435533407,3
88.89999999999495,0.551382611293258,3
88.99999999999494,0.5515961344900518,3
89.09999999999494,0.5518159141217022,3
89.19999999999493,0.5520419501881341,3
89.29999999999492,0.5522742426893475,3
89.39999999999492,0.5528463180732014,3
89.49999999999491,0.5522555899557328,3
89.5999999999949,0.551664861838205,3
89.6999999999949,0.5511332967983259,3
89.7999999999949,0.5507166321418487,3
89.89999999999489,0.5483734037550372,3
89.99999999999488,0.5460301753681269,3
90.09999999999488,0.5448122916459709,3
90.19999999999487,0.5435944079238726,3
90.29999999999487,0.5423765242017741,3
90.39999999999486,0.5409369661220851,3
90.49999999999486,0.5394545198573384,3
90.59999999999485,0.5392305523978528,3
90.69999999999484,0.5395013509382777,3
90.79999999999484,0.5398753132992038,3
90.89999999999483,0.5401132568271162,3
90.99999999999483,0.5403710372338305,3
91.09999999999482,0.5406409210898395,3
91.19999999999482,0.5409229083951425,3
91.29999999999481,0.5411674899767075,3
91.3999999999948,0.5418124283964727,3
91.4999999999948,0.5420489620617804,3
91.5999999999948,0.5423352366567059,3
91.69999999999479,0.542704666940324,3
91.79999999999478,0.5431123281718427,3
91.89999999999478,0.5433840429894031,3
91.99999999999477,0.5438213951615952,3
92.09999999999476,0.5442587473337959,3
92.19999999999476,0.5446960995059965,3
92.29999999999475,0.5450844744457432,3
92.39999999999475,0.5455058935684871,3
92.49999999999474,0.5459186495826335,3
92.59999999999474,0.5463227424881802,3
92.69999999999473,0.5467181722851272,3
92.79999999999472,0.546341411931832,3
92.89999999999472,0.5459559884698969,3
92.99999999999471,0.5457802385159538,3
93.09999999999471,0.5456044885620218,3
93.1999999999947,0.5453961012924036,3
93.2999999999947,0.5451877140227838,3
93.39999999999469,0.5463220128596714,3
93.49999999999469,0.5474473099773608,3
93.59999999999468,0.549043472015799,3
93.69999999999467,0.5504622588288148,3
93.79999999999467,0.5519915361473564,3
93.89999999999466,0.5524980997649555,3
93.99999999999466,0.553015865968268,3
94.09999999999465,0.5534991167717935,3
94.19999999999465,0.5539714534375494,3
94.29999999999464,0.5544328759655365,3
94.39999999999463,0.5549074618124119,3
94.49999999999463,0.5565392544310112,3
94.59999999999462,0.5571978965703074,3
94.69999999999462,0.5578435146506316,3
94.79999999999461,0.5584234467575494,3
94.8999999999946,0.5593765187670899,3
94.9999999999946,0.559669092206904,3
95.0999999999946,0.5600127205099831,3
95.19999999999459,0.5603563488130647,3
95.29999999999458,0.5606999771161466,3
95.39999999999458,0.5610436054192283,3
95.49999999999457,0.5592225690317192,3
95.59999999999457,0.556859929533827,3
95.69999999999456,0.5544200696557461,3
95.79999999999455,0.5519700147485406,3
95.89999999999455,0.5497295382800225,3
95.99999999999454,0.5482679007894566,3
96.09999999999454,0.5467273233248708,3
96.19999999999453,0.5439736784460998,3
96.29999999999453,0.5412098385381421,3
96.39999999999452,0.5384358036010642,3
96.49999999999451,0.5344274894566358,3
96.59999999999451,0.5297372541806226,3
96.6999999999945,0.5252124430109198,3
96.7999999999945,0.5208418391799602,3
96.89999999999449,0.5178256531044406,3
96.99999999999449,0.5149636743677295,3
97.09999999999448,0.5122559029697612,3
97.19999999999447,0.5097023389105361,3
97.29999999999447,0.5072605844603363,3
97.39999999999446,0.5033328914928135,3
97.49999999999446,0.4994613671089616,3
97.59999999999445,0.4958354656529675,3
97.69999999999445,0.49210569806360516,3
97.79999999999444,0.48835852509886096,3
97.89999999999444,0.4859286396952933,3
97.99999999999443,0.4834924978570172,3
98.09999999999442,0.48103262514763917,3
98.19999999999442,0.4784591995195759,3
98.29999999999441,0.4758620430204042,3
98.3999999999944,0.47292585593415754,3
98.4999999999944,0.4700649325595702,3
98.5999999999944,0.4671179803757006,3
98.69999999999439,0.46411186511417807,3
98.79999999999438,0.4610116137897653,3
98.89999999999438,0.45983792619567815,3
98.99999999999437,0.45866423860169886,3
99.09999999999437,0.4574905510077197,3
99.19999999999436,0.45618387157874113,3
99.29999999999436,0.4548771921497548,3
99.39999999999435,0.45354229523135436,3
99.49999999999434,0.45183795118872233,3
99.59999999999434,0.44841654228519184,3
99.69999999999433,0.4450929068359361,3
99.79999999999433,0.4416865087169269,3
99.89999999999432,0.43841612943093206,3
99.99999999999432,0.43513364669565074,3
100.09999999999431,0.43174508423432806,3
100.1999999999943,0.42834586078921094,3
100.2999999999943,0.4249107953589246,3
100.3999999999943,0.4211716794578289,3
100.49999999999429,0.41752944399404024,3
100.59999999999428,0.41388720853025723,3
100.69999999999428,0.4102149119872896,3
100.79999999999427,0.40701848595326656,3
100.89999999999426,0.4039267921377265,3
100.99999999999426,0.400835098322192,3
101.09999999999425,0.39765057851579355,3
101.19999999999425,0.3944660587093903,3
101.29999999999424,0.3912815389029866,3
101.39999999999424,0.3877737950831555,3
101.49999999999423,0.38430338544611303,3
101.59999999999422,0.38087032107832286,3
101.69999999999422,0.3772348039641485,3
101.79999999999421,0.37453020644421686,3
101.89999999999421,0.3718438185908159,3
101.9999999999942,0.3706884173597241,3
102.0999999999942,0.36953301612872114,3
102.19999999999419,0.3683776148977183,3
102.29999999999418,0.36722221366671537,3
102.39999999999418,0.36569927268011876,3
102.49999999999417,0.36424644834043224,3
102.59999999999417,0.36234487580353875,3
102.69999999999416,0.36078279404180447,3
102.79999999999416,0.3591550522842992,3
102.89999999999415,0.35756093845076614,3
102.99999999999415,0.3551892403851316,3
103.09999999999414,0.3520399580873481,3
103.19999999999413,0.3488843114044764,3
103.29999999999413,0.3457622926455799,3
103.39999999999412,0.3426739018106617,3
103.49999999999412,0.33988600041022005,3
103.59999999999411,0.3381066007689942,3
103.6999999999941,0.3363755764665856,3
103.7999999999941,0.33472287563121544,3
103.8999999999941,0.3348922537043573,3
103.99999999999409,0.3350538029177386,3
104.09999999999408,0.3352306984981605,3
104.19999999999408,0.3354229404456242,3
104.29999999999407,0.33563052876012983,3
104.39999999999407,0.3358534634416774,3
104.49999999999406,0.33607910699663673,3
104.59999999999405,0.3368706091884335,3
104.69999999999405,0.33720474283098456,3
104.79999999999404,0.33701401222999183,3
104.89999999999404,0.33629888772864946,3
104.99999999999403,0.33559395825639565,3
105.09999999999403,0.33496796875820456,3
105.19999999999402,0.3343615789574667,3
105.29999999999401,0.3337747888541785,3
105.39999999999401,0.33318806685329944,3
105.499999999994,0.3324656176832678,3
105.599999999994,0.33258870165180376,3
105.69999999999399,0.33323993762493637,3
105.79999999999399,0.33443054237025976,3
105.89999999999398,0.3361821857371288,3
105.99999999999397,0.33793382910403197,3
106.09999999999397,0.33972243979648503,3
106.19999999999396,0.3414740831633902,3
106.29999999999396,0.34331002188498044,3
106.39999999999395,0.34521071743654286,3
106.49999999999395,0.3471114129881094,3
106.59999999999394,0.3472879837683695,3
106.69999999999393,0.34757628366385385,3
106.79999999999393,0.34788985191666716,3
106.89999999999392,0.34810560924073486,3
106.99999999999392,0.3483354859815247,3
107.09999999999391,0.3485969565753637,3
107.1999999999939,0.34897984306983515,3
107.2999999999939,0.3494291494034419,3
107.3999999999939,0.349895930173373,3
107.49999999999389,0.3504265819013112,3
107.59999999999388,0.35104326243853917,3
107.69999999999388,0.35165994297577235,3
107.79999999999387,0.35232486281105446,3
107.89999999999387,0.3527513994025522,3
107.99999999999386,0.3531779359940353,3
108.09999999999386,0.3536044725855185,3
108.19999999999385,0.35416400101200046,3
108.29999999999384,0.3547235294384907,3
108.39999999999384,0.3557098961621119,3
108.49999999999383,0.3566691456774072,3
108.59999999999383,0.3576480363574403,3
108.69999999999382,0.35863767266069013,3
108.79999999999382,0.3596146282722537,3
108.89999999999381,0.3603963805400083,3
108.9999999999938,0.3611781328077508,3
109.0999999999938,0.36205386135224016,3
109.19999999999379,0.36292814743123064,3
109.29999999999379,0.3638261720460956,3
109.39999999999378,0.36464745942019006,3
109.49999999999378,0.3650405573531914,3
109.59999999999377,0.36537400854545554,3
109.69999999999376,0.36562592635157376,3
109.79999999999376,0.365215427810466,3
109.89999999999375,0.36475796375854497,3
109.99999999999375,0.3643004997066208,3
110.09999999999374,0.3639358616455602,3
110.19999999999374,0.36357122358450544,3
110.29999999999373,0.36320658552345053,3
110.39999999999372,0.36312187157544923,3
110.49999999999372,0.363022607326067,3
110.59999999999371,0.3629544980807892,3
110.69999999999371,0.36321078325630135,3
110.7999999999937,0.36329343953169846,3
110.8999999999937,0.36339523140985824,3
110.99999999999369,0.3618712509580612,3
111.09999999999368,0.3603472705061616,3
111.19999999999368,0.3588232900542623,3
111.29999999999367,0.35725289168748625,3
111.39999999999367,0.35568902017642134,3
111.49999999999366,0.35408615046123054,3
111.59999999999366,0.3524832807460372,3
111.69999999999365,0.35076513843142604,3
111.79999999999364,0.3489944762247854,3
111.89999999999364,0.3472324350333938,3
111.99999999999363,0.3462162519118251,3
112.09999999999363,0.34598856716017107,3
112.19999999999362,0.34595103727208915,3
112.29999999999362,0.3459062415751284,3
112.39999999999361,0.34583873209195914,3
112.4999999999936,0.3457485088225806,3
112.5999999999936,0.3456088733951513,3
112.6999999999936,0.3454479475660924,3
112.79999999999359,0.345318543844441,3
112.89999999999358,0.3431507819425849,3
112.99999999999358,0.34100084112345735,3
113.09999999999357,0.33882567703530153,3
113.19999999999357,0.33665535169762234,3
113.29999999999356,0.33445980309091367,3
113.39999999999355,0.3322390312151742,3
113.49999999999355,0.33000567356403326,3
113.59999999999354,0.32775973013749204,3
113.69999999999354,0.3260384987383975,3
113.79999999999353,0.3248869235950999,3
113.89999999999353,0.3243045343644044,3
113.99999999999352,0.3237221451337454,3
114.09999999999351,0.32305983171725267,3
114.19999999999351,0.3223881136324262,3
114.2999999999935,0.3217069908792705,3
114.3999999999935,0.3210359950528264,3
114.49999999999349,0.3205044378799079,3
114.59999999999349,0.31996995958341645,3
114.69999999999348,0.3188961125147688,3
114.79999999999347,0.3172828966739296,3
114.89999999999347,0.3152213491406575,3
114.99999999999346,0.31326879192778107,3
115.09999999999346,0.31118517487359965,3
115.19999999999345,0.3091348592510626,3
115.29999999999345,0.3070426460035574,3
115.39999999999344,0.3049540986499469,3
115.49999999999343,0.3028655512963363,3
115.59999999999343,0.3022555057861713,3
115.69999999999342,0.3016313408593753,3
115.79999999999342,0.3010622992667419,3
115.89999999999341,0.3008146322396555,3
115.9999999999934,0.3003136414026322,3
116.0999999999934,0.2998092595304897,3
116.1999999999934,0.2993083514968866,3
116.29999999999339,0.2987584980604762,3
116.39999999999338,0.29820864462406277,3
116.49999999999338,0.29761239466596373,3
116.59999999999337,0.29701614470786164,3
116.69999999999337,0.29658641629203214,3
116.79999999999336,0.2959999202331582,3
116.89999999999336,0.2955132955855532,3
116.99999999999335,0.2953942450135562,3
117.09999999999334,0.29527515066464527,3
117.19999999999334,0.2951677635425541,3
117.29999999999333,0.29506037642046373,3
117.39999999999333,0.29452619870274055,3
117.49999999999332,0.29411898062229885,3
117.59999999999332,0.2937821724058533,3
117.69999999999331,0.29338927794670805,3
117.7999999999933,0.2927720762282196,3
117.8999999999933,0.2923500778535233,3
117.99999999999329,0.2917044688328206,3
118.09999999999329,0.29106688099719635,3
118.19999999999328,0.2904212719764793,3
118.29999999999328,0.28978559310645774,3
118.39999999999327,0.28933595605018153,3
118.49999999999326,0.28931450843500406,3
118.59999999999326,0.28939169255762615,3
118.69999999999325,0.28954705638653083,3
118.79999999999325,0.28970680548280503,3
118.89999999999324,0.2899161202257637,3
118.99999999999324,0.29012543496872567,3
119.09999999999323,0.2903347497116877,3
119.19999999999322,0.2906410976081899,3
119.29999999999322,0.2909705837945669,3
119.39999999999321,0.2909913333784895,3
119.49999999999321,0.29101010144724865,3
119.5999999999932,0.2909977145119023,3
119.6999999999932,0.2909007311714022,3
119.79999999999319,0.29064869334231097,3
119.89999999999318,0.29026470404116383,3
119.99999999999318,0.2899755004476643,3
120.09999999999317,0.28971517738507896,3
120.19999999999317,0.2894837348534031,3
120.29999999999316,0.289327590767513,3
120.39999999999316,0.2891810467348453,3
120.49999999999315,0.2889850667836284,3
120.59999999999314,0.2888179673633157,3
120.69999999999314,0.2886550222471283,3
120.79999999999313,0.2883491070312618,3
120.89999999999313,0.2880118570139256,3
120.99999999999312,0.28768363573041217,3
121.09999999999312,0.2873218028806797,3
121.19999999999311,0.2867534821240156,3
121.2999999999931,0.2861361018238005,3
121.3999999999931,0.28548510995736265,3
121.4999999999931,0.28482247322123966,3
121.59999999999309,0.2841037778011056,3
121.69999999999308,0.283300901940535,3
121.79999999999308,0.2824173584829177,3
121.89999999999307,0.2816457672915987,3
121.99999999999307,0.2808389739994946,3
122.09999999999306,0.28004244158980934,3
122.19999999999305,0.2792261080430391,3
122.29999999999305,0.2784200353786886,3
122.39999999999304,0.277596994148008,3
122.49999999999304,0.2767569843509951,3
122.59999999999303,0.27591566768976034,3
122.69999999999303,0.27505699848176185,3
122.79999999999302,0.27413650284188035,3
122.89999999999301,0.2733615729808506,3
122.99999999999301,0.27251426401053064,3
123.099999999993,0.27171964977728674,3
123.199999999993,0.27092503554404684,3
123.29999999999299,0.27013042131080667,3
123.39999999999299,0.26906972399597895,3
123.49999999999298,0.2675738709621928,3
123.59999999999297,0.2660862466644292,3
123.69999999999297,0.2645986223666664,3
123.79999999999296,0.2631109980689034,3
123.89999999999296,0.2620287844705101,3
123.99999999999295,0.26079829392102216,3
124.09999999999295,0.259640834040967,3
124.19999999999294,0.2584870400548141,3
124.29999999999293,0.2573332460686614,3
124.39999999999293,0.2560213810010253,3
124.49999999999292,0.25475961988654694,3
124.59999999999292,0.25349785877207226,3
124.69999999999291,0.2521452222308111,3
124.7999999999929,0.2507233429386522,3
124.8999999999929,0.24932247038172392,3
124.9999999999929,0.24816080221802547,3
125.09999999999289,0.24698840567271874,3
125.19999999999288,0.24589262462820957,3
125.29999999999288,0.24479684358370565,3
125.39999999999287,0.24356631709741175,3
125.49999999999287,0.24233750922257716,3
125.59999999999286,0.24110843151788666,3
125.69999999999285,0.2397185755394137,3
125.79999999999285,0.23853820018260655,3
125.89999999999284,0.2374963366583206,3
125.99999999999284,0.23638889733202004,3
126.09999999999283,0.23528150178265325,3
126.19999999999283,0.23416239900646685,3
126.29999999999282,0.23282849932590674,3
126.39999999999281,0.2314945519438354,3
126.49999999999281,0.2300607621328065,3
126.5999999999928,0.22863737013917143,3
126.6999999999928,0.22729146393345803,3
126.79999999999279,0.22633323959647011,3
126.89999999999279,0.22537500398832844,3
126.99999999999278,0.2246403902973868,3
127.09999999999278,0.22408594191070152,3
127.19999999999277,0.22354131903573804,3
127.29999999999276,0.22298676601007913,3
127.39999999999276,0.22232435087695146,3
127.49999999999275,0.22166193574381596,3
127.59999999999275,0.22111474389310057,3
127.69999999999274,0.22056755204239353,3
127.79999999999274,0.22021403074433898,3
127.89999999999273,0.21988912350589027,3
127.99999999999272,0.21957233885110825,3
128.09999999999272,0.2192555541963269,3
128.1999999999927,0.21785975807753855,3
128.2999999999927,0.2164408236688041,3
128.3999999999927,0.2150320378520417,3
128.4999999999927,0.21379684827517664,3
128.5999999999927,0.21252956974102322,3
128.69999999999268,0.21126229120686757,3
128.79999999999268,0.2101936487780662,3
128.89999999999267,0.20925695782132378,3
128.99999999999267,0.20962852013281674,3
129.09999999999266,0.20999212891592375,3
129.19999999999266,0.21032685716812272,3
129.29999999999265,0.21105841528068084,3
129.39999999999264,0.21177384648433742,3
129.49999999999264,0.21253871360654242,3
129.59999999999263,0.21328138806052474,3
129.69999999999263,0.21399518198359788,3
129.79999999999262,0.2148817521121611,3
129.89999999999262,0.21569967085902206,3
129.9999999999926,0.21660521349918924,3
130.0999999999926,0.21752720870548212,3
130.1999999999926,0.21860786191997858,3
130.2999999999926,0.21844641597347883,3
130.3999999999926,0.21831858159310666,3
130.49999999999258,0.2182246299459909,3
130.59999999999258,0.21820079786109883,3
130.69999999999257,0.21824708533843315,3
130.79999999999256,0.21832988081177432,3
130.89999999999256,0.21996215843939937,3
130.99999999999255,0.22174041402655664,3
131.09999999999255,0.2232848001578398,3
131.19999999999254,0.22482880230867275,3
131.29999999999254,0.22637242047907238,3
131.39999999999253,0.22663310164284986,3
131.49999999999253,0.2269774663180315,3
131.59999999999252,0.2273330147594285,3
131.6999999999925,0.2277157926495786,3
131.7999999999925,0.22841915825826828,3
131.8999999999925,0.22896162875790405,3
131.9999999999925,0.22956512191714284,3
132.0999999999925,0.23011011834921735,3
132.19999999999249,0.23065511478128753,3
132.29999999999248,0.231409906778694,3
132.39999999999247,0.23273225767709102,3
132.49999999999247,0.23470604340455115,3
132.59999999999246,0.23687491241659728,3
132.69999999999246,0.23924060153236346,3
132.79999999999245,0.24180311075184924,3
132.89999999999245,0.24408336448994405,3
132.99999999999244,0.2463724680817444,3
133.09999999999243,0.2486696580582327,3
133.19999999999243,0.25114193204336455,3
133.29999999999242,0.253614206028509,3
133.39999999999242,0.25637332650291955,3
133.4999999999924,0.2590823430241829,3
133.5999999999924,0.2617913595454425,3
133.6999999999924,0.2645912514934883,3
133.7999999999924,0.2673911434415401,3
133.8999999999924,0.26869111739980855,3
133.99999999999238,0.2693645375768087,3
134.09999999999238,0.2700379577537612,3
134.19999999999237,0.2711888348508063,3
134.29999999999237,0.2719422846658422,3
134.39999999999236,0.273008367454581,3
134.49999999999235,0.27424697002598714,3
134.59999999999235,0.275660080821375,3
134.69999999999234,0.27784572621913073,3
134.79999999999234,0.2801346412218865,3
134.89999999999233,0.28259779461876305,3
134.99999999999233,0.28486126678345375,3
135.09999999999232,0.28617191916321205,3
135.19999999999231,0.2874825715428973,3
135.2999999999923,0.2894269702695242,3
135.3999999999923,0.291523883438672,3
135.4999999999923,0.29354500245054965,3
135.5999999999923,0.2954853137810336,3
135.6999999999923,0.2973481870250871,3
135.79999999999228,0.2990941160233923,3
135.89999999999227,0.30084005629287097,3
135.99999999999227,0.3023247486086644,3
136.09999999999226,0.3046779761660793,3
136.19999999999226,0.3070293993969461,3
136.29999999999225,0.3092883644870616,3
136.39999999999225,0.31161363607828857,3
136.49999999999224,0.3140052141706388,3
136.59999999999224,0.3163088904846325,3
136.69999999999223,0.3186788732997376,3
136.79999999999222,0.321115162615965,3
136.89999999999222,0.3236177584333163,3
136.9999999999922,0.32636940886188825,3
137.0999999999922,0.32914844323484554,3
137.1999999999922,0.33359055602374293,3
137.2999999999922,0.3379837708295275,3
137.3999999999922,0.34251499609635,3
137.49999999999218,0.34688916802627073,3
137.59999999999218,0.35129542891348003,3
137.69999999999217,0.35570168980069194,3
137.79999999999217,0.3601079506879024,3
137.89999999999216,0.36427778843841435,3
137.99999999999216,0.3670225351131531,3
138.09999999999215,0.36974635478535456,3
138.19999999999214,0.372403124160365,3
138.29999999999214,0.37468371597723743,3
138.39999999999213,0.3770138406272157,3
138.49999999999213,0.37939349811033257,3
138.59999999999212,0.3818160005639069,3
138.69999999999212,0.38428803585061927,3
138.7999999999921,0.3868096039704696,3
138.8999999999921,0.38944935630517413,3
138.9999999999921,0.3920321474130109,3
139.0999999999921,0.3948545758193814,3
139.1999999999921,0.39763667416384224,3
139.29999999999208,0.4016915343357343,3
139.39999999999208,0.4057434456079429,3
139.49999999999207,0.40977017011679484,3
139.59999999999206,0.41379394572585965,3
139.69999999999206,0.41781477243513904,3
139.79999999999205,0.42183265024463185,3
139.89999999999205,0.4241699088372446,3
139.99999999999204,0.4262184873000239,3
140.09999999999204,0.42875398814563703,3
140.19999999999203,0.43133475360111806,3
140.29999999999202,0.4339308524268662,3
140.39999999999202,0.4378874626731933,3
140.499999999992,0.4417872348764486,3
140.599999999992,0.4456870070796994,3
140.699999999992,0.449403905440477,3
140.799999999992,0.45282744553145493,3
140.899999999992,0.45623171796950457,3
140.99999999999199,0.45941158417605205,3
141.09999999999198,0.4624859281390468,3
141.19999999999197,0.46556027210203316,3
141.29999999999197,0.46872191806601515,3
141.39999999999196,0.4716131116340221,3
141.49999999999196,0.47429450963667197,3
141.59999999999195,0.47638776409012934,3
141.69999999999195,0.478284198439835,3
141.79999999999194,0.47998381268581997,3
141.89999999999193,0.4810515534196182,3
141.99999999999193,0.4821497309303369,3
142.09999999999192,0.4829808992904899,3
142.19999999999192,0.4836369836419793,3
142.2999999999919,0.48433851465373307,3
142.3999999999919,0.48493373018919134,3
142.4999999999919,0.4854345070895114,3
142.5999999999919,0.48593528398982394,3
142.6999999999919,0.48643606089013636,3
142.79999999999188,0.4869368377904488,3
142.89999999999188,0.4884149616695764,3
142.99999999999187,0.49051963932993425,3
143.09999999999187,0.4925456693168848,3
143.19999999999186,0.49400003362767375,3
143.29999999999185,0.4953277448369861,3
143.39999999999185,0.4965503525554245,3
143.49999999999184,0.4975987218797428,3
143.59999999999184,0.49847285280993514,3
143.69999999999183,0.4985687058692738,3
143.79999999999183,0.4984903205344373,3
143.89999999999182,0.4982376968054752,3
143.99999999999181,0.4976204497497845,3
144.0999999999918,0.4978847759897656,3
144.1999999999918,0.4981463693388675,3
144.2999999999918,0.49805873166822906,3
144.3999999999918,0.4977464920335049,3
144.4999999999918,0.49743795903445776,3
144.59999999999178,0.4970600714047759,3
144.69999999999177,0.49661282914445365,3
144.79999999999177,0.4960962322534908,3
144.89999999999176,0.49551028073188724,3
144.99999999999176,0.4950862819609832,3
145.09999999999175,0.4935362068284885,3
145.19999999999175,0.49191443354442815,3
145.29999999999174,0.49030753157738177,3
145.39999999999173,0.48880620947577863,3
145.49999999999173,0.48704854059201397,3
145.59999999999172,0.48524824344605405,3
145.69999999999172,0.4833816397989728,3
145.7999999999917,0.4814448215652192,3
145.8999999999917,0.47943778874479176,3
145.9999999999917,0.47716967064392984,3
146.0999999999917,0.4762099741776715,3
146.1999999999917,0.4745998758104289,3
146.29999999999168,0.47303476734082356,3
146.39999999999168,0.4713277403246319,3
146.49999999999167,0.4681621814746009,3
146.59999999999167,0.46499271453889873,3
146.69999999999166,0.46181933951764625,3
146.79999999999166,0.45866826539045835,3
146.89999999999165,0.4557536143999701,3
146.99999999999164,0.45295580121703666,3
147.09999999999164,0.45031416712518063,3
147.19999999999163,0.44772495932160844,3
147.29999999999163,0.44510411357817165,3
147.39999999999162,0.4424240112932976,3
147.49999999999162,0.4398890197757326,3
147.5999999999916,0.4373044954250452,3
147.6999999999916,0.43467043824121926,3
147.7999999999916,0.4319868482242555,3
147.8999999999916,0.4292537253741524,3
147.9999999999916,0.42653162837582964,3
148.09999999999158,0.4235951300310705,3
148.19999999999158,0.42058199225823945,3
148.29999999999157,0.4197631812524951,3
148.39999999999156,0.41954192835302545,3
148.49999999999156,0.4193255324881949,3
148.59999999999155,0.4191139936579534,3
148.69999999999155,0.4189073118623012,3
148.79999999999154,0.41870548710123806,3
148.89999999999154,0.4187519486807558,3
148.99999999999153,0.41919373165996726,3
149.09999999999152,0.41938398586661113,3
149.19999999999152,0.41956881954704245,3
149.2999999999915,0.4194262328852858,3
149.3999999999915,0.41912169714507025,3
149.4999999999915,0.4187059412720511,3
149.5999999999915,0.4181789652662326,3
149.6999999999915,0.417723642970087,3
149.79999999999148,0.4171571005411579,3
149.89999999999148,0.4168396324635366,3
149.99999999999147,0.41684646806765774,3
150.09999999999147,0.417133093091798,3
150.19999999999146,0.41750825911649936,3
150.29999999999146,0.418234014444174,3
150.39999999999145,0.4187474703086799,3
150.49999999999145,0.4192609261731676,3
150.59999999999144,0.4201527300214936,3
150.69999999999143,0.4201084542479528,3
150.79999999999143,0.42027345454222126,3
150.89999999999142,0.4208735082449723,3
150.99999999999142,0.4214735619477607,3
151.0999999999914,0.4223273316632146,3
151.1999999999914,0.42315483277915816,3
151.2999999999914,0.4239106186352888,3
151.3999999999914,0.4243502003452115,3
151.4999999999914,0.4249209079797429,3
151.59999999999138,0.42544544680322316,3
151.69999999999138,0.42625595734942,3
151.79999999999137,0.4270401992961092,3
151.89999999999137,0.4280761732821958,3
151.99999999999136,0.4290858786687721,3
152.09999999999135,0.4301479631292721,3
152.19999999999135,0.4311837789902446,3
152.29999999999134,0.43271740663515273,3
152.39999999999134,0.434112382991362,3
152.49999999999133,0.4354810907480271,3
152.59999999999133,0.43682324528907174,3
152.69999999999132,0.43813913123058196,3
152.79999999999131,0.43947369898083744,3
152.8999999999913,0.4407819981315629,3
152.9999999999913,0.442326334968093,3
153.0999999999913,0.4439156496943217,3
153.1999999999913,0.4454814287119735,3
153.2999999999913,0.44688648564017946,3
153.39999999999128,0.44833736149042575,3
153.49999999999127,0.44980760780702617,3
153.59999999999127,0.4512944916990275,3
153.69999999999126,0.45282446162213263,3
153.79999999999126,0.45439751757634356,3
153.89999999999125,0.45604166905660753,3
153.99999999999125,0.4577588358691422,3
154.09999999999124,0.4594558760135519,3
154.19999999999123,0.46119834570990054,3
154.29999999999123,0.4630336121548518,3
154.39999999999122,0.4646707236337204,3
154.49999999999122,0.4664716067940913,3
154.5999999999912,0.468222543116001,3
154.6999999999912,0.4698108593345451,3
154.7999999999912,0.47137681503909223,3
154.8999999999912,0.4728664935304366,3
154.9999999999912,0.474333811507792,3
155.09999999999118,0.4744601547784293,3
155.19999999999118,0.4745042779678499,3
155.29999999999117,0.47452604064328097,3
155.39999999999117,0.4745254428047279,3
155.49999999999116,0.47595710820046083,3
155.59999999999116,0.47736641308233807,3
155.69999999999115,0.47871020679944615,3
155.79999999999114,0.47988482105616753,3
155.89999999999114,0.4810331667133423,3
155.99999999999113,0.4821552437709826,3
156.09999999999113,0.4830385912815982,3
156.19999999999112,0.48392983525829564,3
156.29999999999112,0.4847769157421971,3
156.3999999999911,0.48560745133486205,3
156.4999999999911,0.4862170747275462,3
156.5999999999911,0.48679642372191784,3
156.6999999999911,0.4873454983179939,3
156.7999999999911,0.4875890208302455,3
156.89999999999108,0.4878022689441772,3
156.99999999999108,0.48797716570781396,3
157.09999999999107,0.49017552595055297,3
157.19999999999106,0.49236180344271224,3
157.29999999999106,0.4923526972688131,3
157.39999999999105,0.4917449760896553,3
157.49999999999105,0.49113534677564025,3
157.59999999999104,0.49052380932682166,3
157.69999999999104,0.48991036374319935,3
157.79999999999103,0.4892950100247735,3
157.89999999999102,0.4883951004787906,3
157.99999999999102,0.48696583196044513,3
158.099999999991,0.4855164331032264,3
158.199999999991,0.4840271901623683,3
158.299999999991,0.4828516533555994,3
158.399999999991,0.48178895584381803,3
158.499999999991,0.4808390976270071,3
158.59999999999098,0.480002078705166,3
158.69999999999098,0.47927789907829504,3
158.79999999999097,0.4766640424696176,3
158.89999999999097,0.47538249820947875,3
158.99999999999096,0.4740964693014598,3
159.09999999999096,0.4726545878060168,3
159.19999999999095,0.47112416531002294,3
159.29999999999094,0.468972943592068,3
159.39999999999094,0.4670029979138503,3
159.49999999999093,0.4650330522356492,3
159.59999999999093,0.4629393029213575,3
159.69999999999092,0.4617742065347518,3
159.79999999999092,0.4603998340803424,3
159.8999999999909,0.45893695085388725,3
159.9999999999909,0.4574740676274242,3
160.0999999999909,0.45615729127889854,3
160.1999999999909,0.4548667835299183,3
160.2999999999909,0.453638069199152,3
160.39999999999088,0.4526994331892118,3
160.49999999999088,0.4516755041368121,3
160.59999999999087,0.4506977438954672,3
160.69999999999087,0.44943401193140725,3
160.79999999999086,0.44819654856685354,3
160.89999999999085,0.44704961564615814,3
160.99999999999085,0.44592895132500293,3
161.09999999999084,0.4448345556033822,3
161.19999999999084,0.4439983252125996,3
161.29999999999083,0.44247160468440105,3
161.39999999999083,0.44101075140380264,3
161.49999999999082,0.4395761667227422,3
161.5999999999908,0.4381681352573022,3
161.6999999999908,0.43678637239139667,3
161.7999999999908,0.4363835650230666,3
161.8999999999908,0.4360070262543582,3
161.9999999999908,0.4356561403973315,3
162.09999999999079,0.43533152313983897,3
162.19999999999078,0.4350696575896306,3
162.29999999999077,0.43532066838623823,3
162.39999999999077,0.43562708349242496,3
162.49999999999076,0.4359862156538521,3
162.59999999999076,0.4363980648705191,3
162.69999999999075,0.4368361826867231,3
162.79999999999075,0.43761626458288916,3
162.89999999999074,0.43839460558367277,3
162.99999999999073,0.43919921518398825,3
163.09999999999073,0.4399712189851202,3
163.19999999999072,0.44076949138578114,3
163.29999999999072,0.44208983231342397,3
163.3999999999907,0.4434811852108207,3
163.4999999999907,0.4448763903352324,3
163.5999999999907,0.44629786405917654,3
163.6999999999907,0.4483782447695681,3
163.7999999999907,0.45048489407955233,3
163.89999999999068,0.45267172868829025,3
163.99999999999068,0.45482349442318043,3
164.09999999999067,0.45698042928579924,3
164.19999999999067,0.4591888860251376,3
164.29999999999066,0.46144928141553904,3
164.39999999999065,0.46376275863084165,3
164.49999999999065,0.4664083697156825,3
164.59999999999064,0.46967043203078,3
164.69999999999064,0.4730019135962517,3
164.79999999999063,0.47648027372804486,3
164.89999999999063,0.4798535060497105,3
164.99999999999062,0.4832530069708983,3
165.09999999999062,0.4866888652463202,3
165.1999999999906,0.48951895763322145,3
165.2999999999906,0.49237531861959716,3
165.3999999999906,0.4954956087941978,3
165.4999999999906,0.49864216756835517,3
165.5999999999906,0.5018190007408078,3
165.69999999999058,0.5046486988114564,3
165.79999999999058,0.5077839489658916,3
165.89999999999057,0.5109395197564074,3
165.99999999999056,0.5141154111829763,3
166.09999999999056,0.517197452188714,3
166.19999999999055,0.5204264680685483,3
166.29999999999055,0.5236495359849148,3
166.39999999999054,0.5268766097000425,3
166.49999999999054,0.5301036834151706,3
166.59999999999053,0.5331594652280653,3
166.69999999999052,0.5359506598359348,3
166.79999999999052,0.5387418544437785,3
166.8999999999905,0.5418156967443748,3
166.9999999999905,0.5452024028035133,3
167.0999999999905,0.5490933313397796,3
167.1999999999905,0.5529841246050161,3
167.2999999999905,0.5568732987080812,3
167.39999999999048,0.5607205736723563,3
167.49999999999048,0.564566229474457,3
167.59999999999047,0.5683871067512773,3
167.69999999999047,0.5722063648659246,3
167.79999999999046,0.5776923677646095,3
167.89999999999046,0.5814039717126093,3
167.99999999999045,0.5850315193079035,3
168.09999999999044,0.5890518326723986,3
168.19999999999044,0.5930420787733168,3
168.29999999999043,0.5970054372268918,3
168.39999999999043,0.6009687956804655,3
168.49999999999042,0.6047148556590076,3
168.59999999999042,0.6085847192736189,3
168.6999999999904,0.6123292421243614,3
168.7999999999904,0.6160737649750908,3
168.8999999999904,0.6167893018095723,3
168.9999999999904,0.6175048386437628,3
169.0999999999904,0.6181119960022802,3
169.19999999999038,0.6216280405036282,3
169.29999999999038,0.6251085601865759,3
169.39999999999037,0.6285890798695211,3
169.49999999999037,0.6321182053054449,3
169.59999999999036,0.6351812063668566,3
169.69999999999035,0.6382229841254975,3
169.79999999999035,0.6412647618841355,3
169.89999999999034,0.6439126624124978,3
169.99999999999034,0.6465765205281776,3
170.09999999999033,0.6492403786438588,3
170.19999999999033,0.6518104710455429,3
170.29999999999032,0.6550973221841853,3
170.3999999999903,0.6581485737089112,3
170.4999999999903,0.6610873097115629,3
170.5999999999903,0.6639315960481317,3
170.6999999999903,0.6667758823846915,3
170.7999999999903,0.6686225314149352,3
170.89999999999029,0.6704691804450823,3
170.99999999999028,0.6721006358182674,3
171.09999999999027,0.6737320911914316,3
171.19999999999027,0.672482664697618,3
171.29999999999026,0.6708113655233313,3
171.39999999999026,0.6688775808951418,3
171.49999999999025,0.6669437962669263,3
171.59999999999025,0.6647438103213154,3
171.69999999999024,0.6625438243756786,3
171.79999999999023,0.6600281429496159,3
171.89999999999023,0.6575234106616289,3
171.99999999999022,0.655018678373643,3
172.09999999999022,0.6553864190230325,3
172.1999999999902,0.6557269998902115,3
172.2999999999902,0.655530302305542,3
172.3999999999902,0.6552888613506469,3
172.4999999999902,0.6550676475996561,3
172.5999999999902,0.654616526446664,3
172.69999999999018,0.6536691184105671,3
172.79999999999018,0.6527217103744217,3
172.89999999999017,0.6517994918295781,3
172.99999999999017,0.6509386107581235,3
173.09999999999016,0.6499472427955811,3
173.19999999999015,0.6489558748330259,3
173.29999999999015,0.6479388368189439,3
173.39999999999014,0.6471414444869725,3
173.49999999999014,0.6458601618426479,3
173.59999999999013,0.6439886965675853,3
173.69999999999013,0.6421172312924642,3
173.79999999999012,0.640245766017344,3
173.89999999999011,0.6385056971518964,3
173.9999999999901,0.6365553416427452,3
174.0999999999901,0.6346572671707933,3
174.1999999999901,0.6316891820187673,3
174.2999999999901,0.6287210968666362,3
174.3999999999901,0.6260577273694379,3
174.49999999999008,0.6232496945172682,3
174.59999999999008,0.620441661665084,3
174.69999999999007,0.6180110383129972,3
174.79999999999006,0.6155804149609486,3
174.89999999999006,0.6131549134608987,3
174.99999999999005,0.6111231568675533,3
175.09999999999005,0.6071665476258256,3
175.19999999999004,0.6043555730611564,3
175.29999999999004,0.6015545522588436,3
175.39999999999003,0.5989777376961724,3
175.49999999999002,0.5968374832392368,3
175.59999999999002,0.594859202990296,3
175.69999999999,0.5931455099463792,3
175.79999999999,0.5914318169024894,3
175.89999999999,0.589718123858599,3
175.99999999999,0.5875920289860193,3
176.09999999999,0.5849933228189172,3
176.19999999998998,0.5827331664999095,3
176.29999999998998,0.5804629360982962,3
176.39999999998997,0.5781579681028697,3
176.49999999998997,0.5758530001074397,3
176.59999999998996,0.5736696301889757,3
176.69999999998996,0.5715846989843802,3
176.79999999998995,0.569932358824207,3
176.89999999998994,0.5685714696287602,3
176.99999999998994,0.5680718558329377,3
177.09999999998993,0.5665249601204152,3
177.19999999998993,0.5651065703852579,3
177.29999999998992,0.5637866193639706,3
177.39999999998992,0.5624666683426927,3
177.4999999999899,0.5613640157964451,3
177.5999999999899,0.5602613632502195,3
177.6999999999899,0.55930009210205,3
177.7999999999899,0.5583347127801571,3
177.8999999999899,0.5604954441865019,3
177.99999999998988,0.5626779047013037,3
178.09999999998988,0.5648065157522089,3
178.19999999998987,0.5640348536002616,3
178.29999999998986,0.5632718053880003,3
178.39999999998986,0.5625173711157189,3
178.49999999998985,0.5617558256458867,3
178.59999999998985,0.5614690184905476,3
178.69999999998984,0.5612120485779618,3
178.79999999998984,0.560963692605358,3
178.89999999998983,0.5610691029757943,3
178.99999999998983,0.5611671696988902,3
179.09999999998982,0.5612441244538304,3
179.1999999999898,0.5611915621314431,3
179.2999999999898,0.5611250611407733,3
179.3999999999898,0.561302773704067,3
179.4999999999898,0.5616016157294154,3
179.5999999999898,0.5620035213608269,3
179.69999999998979,0.5624854042023301,3
179.79999999998978,0.5629759009838206,3
179.89999999998977,0.5634750117052914,3
179.99999999998977,0.5641896149829159,3
180.09999999998976,0.565112729427579,3
180.19999999998976,0.5690887537984941,3
180.29999999998975,0.573273289336737,3
180.39999999998975,0.5778996857858798,3
180.49999999998974,0.5828331506792215,3
180.59999999998973,0.5882413280570051,3
180.69999999998973,0.5937284489776488,3
180.79999999998972,0.5994240810653154,3
180.89999999998972,0.6053172751819148,3
180.9999999999897,0.611418980465551,3
181.0999999999897,0.6127424894648509,3
181.1999999999897,0.6141017721861296,3
181.2999999999897,0.6154696688473908,3
181.3999999999897,0.6167999403134677,3
181.49999999998968,0.6182208073571464,3
181.59999999998968,0.6198801957428155,3
181.69999999998967,0.6215481980684886,3
181.79999999998967,0.6232248143341415,3
181.89999999998966,0.6249781889787771,3
181.99999999998965,0.6267401775633998,3
182.09999999998965,0.6286412669790962,3
182.19999999998964,0.6304579583978223,3
182.29999999998964,0.6322832637565182,3
182.39999999998963,0.6338707241477195,3
182.49999999998963,0.6356448235212491,3
182.59999999998962,0.6374275368347775,3
182.69999999998961,0.639218864088286,3
182.7999999999896,0.641018805281774,3
182.8999999999896,0.6429499616762472,3
182.9999999999896,0.6450968440055901,3
183.0999999999896,0.647246252339438,3
183.1999999999896,0.6511113853583214,3
183.29999999998958,0.6549851323173611,3
183.39999999998957,0.6583251169727627,3
183.49999999998957,0.661818378923089,3
183.59999999998956,0.6653202548134106,3
183.69999999998956,0.6688307446437122,3
183.79999999998955,0.6723414167204057,3
183.89999999998955,0.6760219726392965,3
183.99999999998954,0.679318919660136,3
184.09999999998954,0.6826025256158482,3
184.19999999998953,0.6846054558093012,3
184.29999999998952,0.6866476557683981,3
184.39999999998952,0.6885049192536382,3
184.4999999999895,0.6899673911314083,3
184.5999999999895,0.6914784504691962,3
184.6999999999895,0.6930287795727681,3
184.7999999999895,0.6946183784421224,3
184.8999999999895,0.6962386331372805,3
184.99999999998948,0.6982712896611294,3
185.09999999998948,0.6999289028265901,3
185.19999999998947,0.7012581530634415,3
185.29999999998947,0.7025974773828977,3
185.39999999998946,0.7040118192727866,3
185.49999999998946,0.7054261611626833,3
185.59999999998945,0.706742064338724,3
185.69999999998944,0.7079595288008983,3
185.79999999998944,0.7088658128841603,3
185.89999999998943,0.709687646422668,3
185.99999999998943,0.7096301889351997,3
186.09999999998942,0.7101325027581383,3
186.19999999998942,0.7103693627994806,3
186.2999999999894,0.7105077841269387,3
186.3999999999894,0.7106462054543866,3
186.4999999999894,0.7107846267818344,3
186.5999999999894,0.7109456746172379,3
186.6999999999894,0.7110981085126648,3
186.79999999998938,0.7102409003694091,3
186.89999999998938,0.7096259999042074,3
186.99999999998937,0.7089893703308907,3
187.09999999998936,0.7081657986730642,3
187.19999999998936,0.7073336130752385,3
187.29999999998935,0.7064928135374329,3
187.39999999998935,0.7055270033480068,3
187.49999999998934,0.7045683043561187,3
187.59999999998934,0.7036009914242524,3
187.69999999998933,0.7034469857295343,3
187.79999999998932,0.7032843660949236,3
187.89999999998932,0.7033906548272907,3
187.9999999999893,0.7032222778121225,3
188.0999999999893,0.7030285910427011,3
188.1999999999893,0.7028262903332978,3
188.2999999999893,0.7026379282921628,3
188.3999999999893,0.7024409523110501,3
188.49999999998929,0.7008594288455069,3
188.59999999998928,0.7006393131460511,3
188.69999999998927,0.7003552162250403,3
188.79999999998927,0.7003784215828713,3
188.89999999998926,0.7001197754688335,3
188.99999999998926,0.6998614461434266,3
189.09999999998925,0.6993946056510042,3
189.19999999998925,0.6987192539915438,3
189.29999999998924,0.6978353911650457,3
189.39999999998923,0.6969148907589231,3
189.49999999998923,0.6955586639840163,3
189.59999999998922,0.6927917621424836,3
189.69999999998922,0.6899459167579881,3
189.7999999999892,0.6868915602064695,3
189.8999999999892,0.6836224222490398,3
189.9999999999892,0.6801447731245713,3
190.0999999999892,0.6786949344450166,3
190.1999999999892,0.6772533399783137,3
190.29999999998918,0.6758199897242451,3
190.39999999998918,0.6744242646653623,3
190.49999999998917,0.6729401331974932,3
190.59999999998917,0.6724932877195581,3
190.69999999998916,0.6720702129578614,3
190.79999999998915,0.6716385242561884,3
190.89999999998915,0.6714041061556367,3
190.99999999998914,0.6708692296931081,3
191.09999999998914,0.6703154869702411,3
191.19999999998913,0.6698461422443565,3
191.29999999998913,0.6693681835785016,3
191.39999999998912,0.6688816109726666,3
191.49999999998911,0.6683864244268515,3
191.5999999999891,0.6679193722268596,3
191.6999999999891,0.6672519350531938,3
191.7999999999891,0.6665786006917102,3
191.8999999999891,0.6660145418361816,3
191.9999999999891,0.6654194586808795,3
192.09999999998908,0.6645469831823904,3
192.19999999998907,0.6636412871102423,3
192.29999999998907,0.6627269770981119,3
192.39999999998906,0.6618045648088271,3
192.49999999998906,0.6608740502423881,3
192.59999999998905,0.6599354333987949,3
192.69999999998905,0.6589887142780477,3
192.79999999998904,0.6578813417992687,3
192.89999999998903,0.6567255093094067,3
192.99999999998903,0.6555694945731476,3
193.09999999998902,0.6544106608298982,3
193.19999999998902,0.6530401224196202,3
193.299999999989,0.651630314243541,3
193.399999999989,0.6501812363016787,3
193.499999999989,0.648690389861552,3
193.599999999989,0.6471602736556422,3
193.699999999989,0.645591621291364,3
193.79999999998898,0.6440344239831862,3
193.89999999998898,0.642515519172778,3
193.99999999998897,0.6417843247270193,3
194.09999999998897,0.6414147846611842,3
194.19999999998896,0.6410351929468968,3
194.29999999998896,0.64048519351129,3
194.39999999998895,0.6399351940756642,3
194.49999999998894,0.6393825213310133,3
194.59999999998894,0.638829848586362,3
194.69999999998893,0.6382771758417108,3
194.79999999998893,0.6381398025638952,3
194.89999999998892,0.6379884411169916,3
194.99999999998892,0.6367168143639789,3
195.0999999999889,0.6356072440348042,3
195.1999999999889,0.6345073301059247,3
195.2999999999889,0.633272601927089,3
195.3999999999889,0.6320356277032669,3
195.4999999999889,0.6307964074344737,3
195.59999999998888,0.6295323146127534,3
195.69999999998888,0.6291365412477783,3
195.79999999998887,0.6297522720503431,3
195.89999999998886,0.6301148351899103,3
195.99999999998886,0.6302977971746945,3
196.09999999998885,0.630710091905132,3
196.19999999998885,0.6310606208247105,3
196.29999999998884,0.6304448786280946,3
196.39999999998884,0.6299135592692023,3
196.49999999998883,0.6293502660365115,3
196.59999999998882,0.629857393828683,3
196.69999999998882,0.6295429305150614,3
196.7999999999888,0.6291964933275399,3
196.8999999999888,0.6285250229421414,3
196.9999999999888,0.6280307462845065,3
197.0999999999888,0.6275828913492701,3
197.1999999999888,0.6268067151791079,3
197.29999999998878,0.625702217773978,3
197.39999999998878,0.6237965182046458,3
197.49999999998877,0.6229384309447358,3
197.59999999998877,0.6207043684059333,3
197.69999999998876,0.6184543098785971,3
197.79999999998876,0.6158132827981448,3
197.89999999998875,0.6149016560565913,3
197.99999999998875,0.6139900293152323,3
198.09999999998874,0.613607703127645,3
198.19999999998873,0.6129867344540046,3
198.29999999998873,0.6123657657803375,3
198.39999999998872,0.6115729235192574,3
198.49999999998872,0.6108298366687731,3
198.5999999999887,0.6112687235369711,3
198.6999999999887,0.6117076104053024,3
198.7999999999887,0.612306454286282,3
198.8999999999887,0.6129115684061522,3
198.9999999999887,0.6135166825260231,3
199.09999999998868,0.6141217966458942,3
199.19999999998868,0.6145026810876614,3
199.29999999998867,0.6148667073767907,3
199.39999999998867,0.6151489168181885,3
199.49999999998866,0.615412854371271,3
199.59999999998865,0.6146308919944342,3
199.69999999998865,0.6137426438604138,3
199.79999999998864,0.6128543957263817,3
199.89999999998864,0.6114591760187666,3
199.99999999998863,0.6101480476309322,3
200.09999999998863,0.6086394184612549,3
200.19999999998862,0.6067370455012999,3
200.29999999998861,0.6053338863024024,3
200.3999999999886,0.6037229740013822,3
200.4999999999886,0.6019043085981591,3
200.5999999999886,0.5998411418069302,3
200.6999999999886,0.5979697460493703,3
200.7999999999886,0.5960956335396498,3
200.89999999998858,0.593959625585165,3
200.99999999998857,0.591849202639295,3
201.09999999998857,0.5894572192825366,3
201.19999999998856,0.5870501781607481,3
201.29999999998856,0.5846431370389588,3
201.39999999998855,0.5822355842543429,3
201.49999999998855,0.5797419247724024,3
201.59999999998854,0.577229566183473,3
201.69999999998853,0.5747166959317155,3
201.79999999998853,0.5723642967915971,3
201.89999999998852,0.569928735231181,3
201.99999999998852,0.5674931736707552,3
202.0999999999885,0.5668511287019474,3
202.1999999999885,0.5663132766292674,3
202.2999999999885,0.5657641544122397,3
202.3999999999885,0.5636386819443286,3
202.4999999999885,0.5615132094762362,3
202.59999999998848,0.5593877370081438,3
202.69999999998848,0.5572615309326366,3
202.79999999998847,0.5547484780717654,3
202.89999999998847,0.5521664768872813,3
202.99999999998846,0.5488735106417767,3
203.09999999998846,0.5459047245246328,3
203.19999999998845,0.5429359384075264,3
203.29999999998844,0.5399352995350316,3
203.39999999998844,0.5369346606625324,3
203.49999999998843,0.5339366950990582,3
203.59999999998843,0.5309387295355844,3
203.69999999998842,0.528000504881957,3
203.79999999998842,0.5252985784852349,3
203.8999999999884,0.5225966520885391,3
203.9999999999884,0.5210330066243213,3
204.0999999999884,0.5196525839283891,3
204.1999999999884,0.5184295198999984,3
204.2999999999884,0.517269276846661,3
204.39999999998838,0.5161112798383017,3
204.49999999998838,0.5147402438296332,3
204.59999999998837,0.5133714538659112,3
204.69999999998836,0.5112687591405567,3
204.79999999998836,0.5091683104600885,3
204.89999999998835,0.5069542282834923,3
204.99999999998835,0.5049197472616367,3
205.09999999998834,0.5035541039772737,3
205.19999999998834,0.502250226503873,3
205.29999999998833,0.502020334708351,3
205.39999999998832,0.5018224167867621,3
205.49999999998832,0.5016033500604911,3
205.5999999999883,0.5005022402501338,3
205.6999999999883,0.49940080036846224,3
205.7999999999883,0.4977574238487245,3
205.8999999999883,0.49614602120273094,3
205.9999999999883,0.4949507822800802,3
206.09999999998828,0.49382656957951826,3
206.19999999998828,0.49326393699666654,3
206.29999999998827,0.4930296256488102,3
206.39999999998827,0.49359651646515346,3
206.49999999998826,0.4944917285165202,3
206.59999999998826,0.4954607362885515,3
206.69999999998825,0.49642974406059154,3
206.79999999998824,0.4975411868417181,3
206.89999999998824,0.49696587390725,3
206.99999999998823,0.49639056097258333,3
207.09999999998823,0.4952859474841477,3
207.19999999998822,0.49441997648176117,3
207.29999999998822,0.493554005479403,3
207.3999999999882,0.4926686511471166,3
207.4999999999882,0.4918833858537253,3
207.5999999999882,0.4905440918656772,3
207.6999999999882,0.48922598440244885,3
207.7999999999882,0.4877285365966479,3
207.89999999998818,0.48621170546089726,3
207.99999999998818,0.4846754909952167,3
208.09999999998817,0.4831198931996057,3
208.19999999998817,0.4821858866025104,3
208.29999999998816,0.481232496675561,3
208.39999999998815,0.48045158503821583,3
208.49999999998815,0.47935287455158443,3
208.59999999998814,0.47836070457375524,3
208.69999999998814,0.4774424356968978,3
208.79999999998813,0.47652416682004933,3
208.89999999998813,0.4758988251568903,3
208.99999999998812,0.4754812365959442,3
209.0999999999881,0.47568556147734636,3
209.1999999999881,0.476379568600693,3
209.2999999999881,0.47657436196299846,3
209.3999999999881,0.47697690842742263,3
209.4999999999881,0.4775872079940496,3
209.59999999998809,0.4789262510935573,3
209.69999999998808,0.4803662514099363,3
209.79999999998807,0.48190720894311107,3
209.89999999998807,0.4835705284309082,3
209.99999999998806,0.48522682512714016,3
210.09999999998806,0.4875344178542475,3
210.19999999998805,0.4899580255632145,3
210.29999999998805,0.4924825904889789,3
210.39999999998804,0.4951802212052428,3
210.49999999998803,0.49806440417280956,3
210.59999999998803,0.5013237621636703,3
210.69999999998802,0.5033645283503535,3
210.79999999998802,0.5057228474594869,3
210.899999999988,0.5080477370680873,3
210.999999999988,0.5103726266766837,3
211.099999999988,0.5109553640035821,3
211.199999999988,0.5116376851110466,3
211.299999999988,0.5123312763628828,3
211.39999999998798,0.5146012178655942,3
211.49999999998798,0.5177073690616932,3
211.59999999998797,0.5207948458057601,3
211.69999999998797,0.5236961922621949,3
211.79999999998796,0.5259801185919412,3
211.89999999998795,0.5282453704694813,3
211.99999999998795,0.5304152025912576,3
212.09999999998794,0.5322421801324491,3
212.19999999998794,0.5340504832214665,3
212.29999999998793,0.5360423723350545,3
212.39999999998793,0.5379445437522646,3
212.49999999998792,0.5398280407173314,3
212.59999999998792,0.5427826585346792,3
212.6999999999879,0.5456588609901774,3
212.7999999999879,0.5483459449554308,3
212.8999999999879,0.5510143544685294,3
212.9999999999879,0.5536640895294931,3
213.0999999999879,0.5561119273701693,3
213.19999999998788,0.5585410907586885,3
213.29999999998788,0.5609696523205354,3
213.39999999998787,0.5633795394302504,3
213.49999999998786,0.5657540930401287,3
213.59999999998786,0.5681099721978703,3
213.69999999998785,0.5703127622083666,3
213.79999999998785,0.5726673637919464,3
213.89999999998784,0.5751191704645109,3
213.99999999998784,0.5775523026849544,3
214.09999999998783,0.5792979227157947,3
214.19999999998782,0.580984576642051,3
214.29999999998782,0.582544841554479,3
214.3999999999878,0.5838216709502734,3
214.4999999999878,0.5851329485723941,3
214.5999999999878,0.5862371738016102,3
214.6999999999878,0.5873127625641864,3
214.7999999999878,0.5890829769569518,3
214.89999999998778,0.5908345168976696,3
214.99999999998778,0.5922400767426982,3
215.09999999998777,0.5935327237584659,3
215.19999999998777,0.5943017629006901,3
215.29999999998776,0.5950521275907176,3
215.39999999998776,0.5957838178286101,3
215.49999999998775,0.5964968336143679,3
215.59999999998774,0.5971233328001667,3
215.69999999998774,0.5975550767901646,3
215.79999999998773,0.5978955644144573,3
215.89999999998773,0.5984531697339524,3
215.99999999998772,0.5989921006013414,3
216.09999999998772,0.5995809936116596,3
216.1999999999877,0.6001512121698512,3
216.2999999999877,0.6007214307280403,3
216.3999999999877,0.6013110326161574,3
216.4999999999877,0.601879447979392,3
216.5999999999877,0.6030746310723439,3
216.69999999998768,0.6044078915695358,3
216.79999999998768,0.6057831816996546,3
216.89999999998767,0.6072005014626894,3
216.99999999998766,0.6086598508586399,3
217.09999999998766,0.6096788962860464,3
217.19999999998765,0.610306368343356,3
217.29999999998765,0.6109758700335276,3
217.39999999998764,0.6115773565848106,3
217.49999999998764,0.6125375601766784,3
217.59999999998763,0.6134833762674782,3
217.69999999998763,0.6147246887752323,3
217.79999999998762,0.6159886475860054,3
217.8999999999876,0.617190078588253,3
217.9999999999876,0.6183414608861332,3
218.0999999999876,0.6192280249258882,3
218.1999999999876,0.6200412968169761,3
218.2999999999876,0.6208772150110372,3
218.39999999998759,0.6217357795080839,3
218.49999999998758,0.6226169903081161,3
218.59999999998757,0.6229772106774757,3
218.69999999998757,0.6233236149221377,3
218.79999999998756,0.623569061950014,3
218.89999999998756,0.6237135517610942,3
218.99999999998755,0.6238650643637415,3
219.09999999998755,0.6236670931415479,3
219.19999999998754,0.6237307885954496,3
219.29999999998753,0.6237046889615064,3
219.39999999998753,0.6235166856659724,3
219.49999999998752,0.6232388872825406,3
219.59999999998752,0.6228653770716053,3
219.6999999999875,0.6237216207937806,3
219.7999999999875,0.6242652774110966,3
219.8999999999875,0.6248200961572801,3
219.9999999999875,0.6253860770323713,3
220.0999999999875,0.6256814157643577,3
220.19999999998748,0.6259719590092199,3
220.29999999998748,0.6262577067669913,3
220.39999999998747,0.626538659037672,3
220.49999999998747,0.6262741447482943,3
220.59999999998746,0.6260235094238907,3
220.69999999998745,0.6259542089000275,3
220.79999999998745,0.6268336549792383,3
220.89999999998744,0.627742937639607,3
220.99999999998744,0.6286820568810181,3
221.09999999998743,0.6296124503489547,3
221.19999999998743,0.6305726803979291,3
221.29999999998742,0.6315627470279458,3
221.39999999998741,0.6326536934832725,3
221.4999999999874,0.6340831425713013,3
221.5999999999874,0.6344526329360011,3
221.6999999999874,0.6346653928024745,3
221.7999999999874,0.6346395772293848,3
221.8999999999874,0.6346435982373041,3
221.99999999998738,0.6348439306326769,3
222.09999999998738,0.6352334727038391,3
222.19999999998737,0.6356528513560641,3
222.29999999998736,0.6361559872387895,3
222.39999999998736,0.6366889597025646,3
222.49999999998735,0.6374837128403618,3
222.59999999998735,0.6384804099972715,3
222.69999999998734,0.6395069437352455,3
222.79999999998734,0.6403928280290273,3
222.89999999998733,0.6408480541636105,3
222.99999999998732,0.6411454391700789,3
223.09999999998732,0.6414614986286601,3
223.1999999999873,0.6418365241917435,3
223.2999999999873,0.642230224206967,3
223.3999999999873,0.6429073597388101,3
223.4999999999873,0.6436031697228217,3
223.5999999999873,0.6446449984815802,3
223.69999999998728,0.6459890372673244,3
223.79999999998728,0.6472765580147449,3
223.89999999998727,0.6485665468605966,3
223.99999999998727,0.6491558279782619,3
224.09999999998726,0.6497707893493221,3
224.19999999998726,0.6506598933574477,3
224.29999999998725,0.6515514654640461,3
224.39999999998724,0.6524455056690829,3
224.49999999998724,0.6531495587863798,3
224.59999999998723,0.6538560800020905,3
224.69999999998723,0.6554830803661443,3
224.79999999998722,0.6571177480675034,3
224.89999999998722,0.6585120034418244,3
224.9999999999872,0.6599249332682472,3
225.0999999999872,0.661233034120516,3
225.1999999999872,0.6625598094249042,3
225.2999999999872,0.6638865847292944,3
225.3999999999872,0.6652133600336849,3
225.49999999998718,0.6664278302629723,3
225.59999999998718,0.6675897516380719,3
225.69999999998717,0.6685861619742276,3
225.79999999998716,0.6696347074592074,3
225.89999999998716,0.6703971507664006,3
225.99999999998715,0.6711443139996859,3
226.09999999998715,0.6723585307605546,3
226.19999999998714,0.673557467447612,3
226.29999999998714,0.6747411240607958,3
226.39999999998713,0.6759095006001065,3
226.49999999998712,0.6770355696147524,3
226.59999999998712,0.6780768518507779,3
226.6999999999871,0.6787943061465921,3
226.7999999999871,0.6791141344003186,3
226.8999999999871,0.6794113163510116,3
226.9999999999871,0.6797585470060611,3
227.0999999999871,0.6799564355790934,3
227.19999999998709,0.6801316778491238,3
227.29999999998708,0.6802842738161687,3
227.39999999998707,0.6804072901259048,3
227.49999999998707,0.6805033601728677,3
227.59999999998706,0.6802674082696804,3
227.69999999998706,0.6803013284951264,3
227.79999999998705,0.680175671002587,3
227.89999999998705,0.6800281042158077,3
227.99999999998704,0.6798804984057384,3
228.09999999998703,0.6799819424050271,3
228.19999999998703,0.6797207625114271,3
228.29999999998702,0.6794484204888742,3
228.39999999998702,0.6790995579229842,3
228.499999999987,0.6787399643080912,3
228.599999999987,0.6779624985194643,3
228.699999999987,0.677173870601877,3
228.799999999987,0.6763814766527702,3
228.899999999987,0.6754726826074801,3
228.99999999998698,0.6745527264332689,3
229.09999999998698,0.6738553708024982,3
229.19999999998697,0.6731628106588472,3
229.29999999998697,0.6724750460022868,3
229.39999999998696,0.6717920768328173,3
229.49999999998695,0.6708046127936602,3
229.59999999998695,0.6702977347958177,3
229.69999999998694,0.6697819005485748,3
229.79999999998694,0.6692571100518677,3
229.89999999998693,0.6691601303685951,3
229.99999999998693,0.6690382368199188,3
230.09999999998692,0.6689299917602965,3
230.19999999998691,0.6687968328352166,3
230.2999999999869,0.6686387600446739,3
230.3999999999869,0.6684695251252218,3
230.4999999999869,0.6679530424710087,3
230.5999999999869,0.6673824242621658,3
230.6999999999869,0.6672411083354123,3
230.79999999998688,0.6670612107256048,3
230.89999999998687,0.6668427314326816,3
230.99999999998687,0.666131528896616,3
231.09999999998686,0.6652223715826503,3
231.19999999998686,0.6642746325855482,3
231.29999999998685,0.6632883119053309,3
231.39999999998685,0.662263409541998,3
231.49999999998684,0.6612914222375822,3
231.59999999998684,0.6602276621082601,3
231.69999999998683,0.6592442365920522,3
231.79999999998682,0.6582424574498815,3
231.89999999998682,0.6579267003922356,3
231.9999999999868,0.6577874589148717,3
232.0999999999868,0.6576482174375311,3
232.1999999999868,0.6575547867565826,3
232.2999999999868,0.6574613560756403,3
232.3999999999868,0.6572383060400239,3
232.49999999998678,0.6576572979467896,3
232.59999999998678,0.6577489455310302,3
232.69999999998677,0.6571555620894665,3
232.79999999998677,0.6564979815678534,3
232.89999999998676,0.6558566073999262,3
232.99999999998676,0.6560082370930179,3
233.09999999998675,0.6562496948206105,3
233.19999999998674,0.6565809805826106,3
233.29999999998674,0.6569895462838793,3
233.39999999998673,0.6587644430186059,3
233.49999999998673,0.6608216229740869,3
233.59999999998672,0.6628950092832997,3
233.69999999998672,0.663050183987178,3
233.7999999999867,0.663221565044496,3
233.8999999999867,0.6636468336422369,3
233.9999999999867,0.6640607882357815,3
234.0999999999867,0.6649833100770672,3
234.1999999999867,0.6659058319184208,3
234.29999999998668,0.6668283537597738,3
234.39999999998668,0.6677500048877428,3
234.49999999998667,0.6687839610908138,3
234.59999999998666,0.6698318067719023,3
234.69999999998666,0.6708843984613134,3
234.79999999998665,0.6718607075973274,3
234.89999999998665,0.6730989715065713,3
234.99999999998664,0.6743283680851694,3
235.09999999998664,0.6755488973330855,3
235.19999999998663,0.677244325143017,3
235.29999999998662,0.678930885622331,3
235.39999999998662,0.6805798043986164,3
235.4999999999866,0.6822181089226604,3
235.5999999999866,0.6838202728452449,3
235.6999999999866,0.6853478380354397,3
235.7999999999866,0.6872112896459773,3
235.8999999999866,0.6890747412565604,3
235.99999999998658,0.6909381928671436,3
236.09999999998658,0.6928016444777269,3
236.19999999998657,0.6946723287333061,3
236.29999999998657,0.6965528835944085,3
236.39999999998656,0.6984403718098365,3
236.49999999998656,0.7007149501370281,3
236.59999999998655,0.7031035836724664,3
236.69999999998655,0.705135203987095,3
236.79999999998654,0.7073264020196942,3
236.89999999998653,0.7091616871032284,3
236.99999999998653,0.7110036380644846,3
237.09999999998652,0.7128450658244404,3
237.19999999998652,0.7146864935843963,3
237.2999999999865,0.7165495762508263,3
237.3999999999865,0.7184780173316887,3
237.4999999999865,0.7200935268461616,3
237.5999999999865,0.7218847269951104,3
237.6999999999865,0.7236759271440828,3
237.79999999998648,0.725579358324044,3
237.89999999998648,0.7275788410048092,3
237.99999999998647,0.7289743978110123,3
238.09999999998647,0.7303699546171338,3
238.19999999998646,0.7317655114232552,3
238.29999999998645,0.733210064695272,3
238.39999999998645,0.7346151373041799,3
238.49999999998644,0.7359944809865208,3
238.59999999998644,0.736858553451481,3
238.69999999998643,0.7376968969898096,3
238.79999999998643,0.738478925606826,3
238.89999999998642,0.7387500910873891,3
238.99999999998641,0.7398728998707519,3
239.0999999999864,0.7404129537363812,3
239.1999999999864,0.7409272786753691,3
239.2999999999864,0.7414553553509067,3
239.3999999999864,0.7415757972061575,3
239.4999999999864,0.741723658615557,3
239.59999999998638,0.7419144934506384,3
239.69999999998637,0.7409517056064963,3
239.79999999998637,0.7400163373164014,3
239.89999999998636,0.7391083885805142,3
239.99999999998636,0.73851552615245,3
240.09999999998635,0.7379576713508879,3
240.19999999998635,0.7371912108172176,3
240.29999999998634,0.736452169837723,3
240.39999999998633,0.7357466841980371,3
240.49999999998633,0.7346446047556262,3
240.59999999998632,0.7334510285711285,3
240.69999999998632,0.7321659556445864,3
240.7999999999863,0.7308383961955466,3
240.8999999999863,0.7292741472732857,3
240.9999999999863,0.7277098983509923,3
241.0999999999863,0.7262508045197372,3
241.1999999999863,0.7247514969925962,3
241.29999999998628,0.7229640977904181,3
241.39999999998628,0.7213063179428733,3
241.49999999998627,0.7190064961529501,3
241.59999999998627,0.7164637748487825,3
241.69999999998626,0.7143325110100153,3
241.79999999998626,0.712201247171305,3
241.89999999998625,0.7108091414792059,3
241.99999999998624,0.7094385853426809,3
242.09999999998624,0.7084736556622272,3
242.19999999998623,0.7074351043011284,3
242.29999999998623,0.706533358778826,3
242.39999999998622,0.7041203103554784,3
242.49999999998622,0.7016336402512217,3
242.5999999999862,0.6991367999592305,3
242.6999999999862,0.6978324473200185,3
242.7999999999862,0.6951250457344068,3
242.8999999999862,0.6924176441486011,3
242.9999999999862,0.6898498889157447,3
243.09999999998618,0.6868284332663922,3
243.19999999998618,0.6840046399714463,3
243.29999999998617,0.6813785090309978,3
243.39999999998616,0.67895091115843,3
243.49999999998616,0.6767912030451017,3
243.59999999998615,0.674617605453808,3
243.69999999998615,0.6724455089640822,3
243.79999999998614,0.6701352682808945,3
243.89999999998614,0.667826528699257,3
243.99999999998613,0.6656387055687181,3
244.09999999998612,0.6634144502412969,3
244.19999999998612,0.6607079301227455,3
244.2999999999861,0.6580029111056978,3
244.3999999999861,0.6553281675625658,3
244.4999999999861,0.6526836994933545,3
244.5999999999861,0.6500680057964942,3
244.6999999999861,0.6472770443115361,3
244.79999999998608,0.6444647788585138,3
244.89999999998608,0.6416525134054879,3
244.99999999998607,0.6389393329573557,3
245.09999999998607,0.6362261525092373,3
245.19999999998606,0.6335057394161229,3
245.29999999998606,0.6307754557174854,3
245.39999999998605,0.6280451720188457,3
245.49999999998604,0.6249221330084401,3
245.59999999998604,0.6220170607399292,3
245.69999999998603,0.6191119884714488,3
245.79999999998603,0.6166854939871609,3
245.89999999998602,0.6147049242628975,3
245.99999999998602,0.613004146588887,3
246.099999999986,0.6113033689149159,3
246.199999999986,0.6091500078229004,3
246.299999999986,0.6069749918243478,3
246.399999999986,0.6047999758257916,3
246.499999999986,0.6029374603137193,3
246.59999999998598,0.601055850589281,3
246.69999999998598,0.5991462106642703,3
246.79999999998597,0.5979568674535293,3
246.89999999998597,0.5964137933682044,3
246.99999999998596,0.5954746451574021,3
247.09999999998595,0.5947230072021448,3
247.19999999998595,0.5940320387226262,3
247.29999999998594,0.5932920737772209,3
247.39999999998594,0.5925915894949239,3
247.49999999998593,0.5919305858757477,3
247.59999999998593,0.5913279483936165,3
247.69999999998592,0.5907228822063719,3
247.7999999999859,0.5899926151159024,3
247.8999999999859,0.5893342382195212,3
247.9999999999859,0.5878379697568387,3
248.0999999999859,0.5869382079484375,3
248.1999999999859,0.5860779268032358,3
248.29999999998589,0.584957215452475,3
248.39999999998588,0.5841950485075053,3
248.49999999998587,0.5834328815625862,3
248.59999999998587,0.5826707146176672,3
248.69999999998586,0.5830940782352637,3
248.79999999998586,0.5835342007197876,3
248.89999999998585,0.5839743232043139,3
248.99999999998585,0.5845970551416125,3
249.09999999998584,0.585212199006682,3
249.19999999998583,0.5860633681580661,3
249.29999999998583,0.5869145373094837,3
249.39999999998582,0.586697900792287,3
249.49999999998582,0.5864618786002628,3
249.5999999999858,0.5862258564082357,3
249.6999999999858,0.5858507247851409,3
249.7999999999858,0.5855252711815792,3
249.8999999999858,0.5851998175780245,3
249.9999999999858,0.5848743639744698,3
250.09999999998578,0.5844910869355228,3
250.19999999998578,0.5841022127960759,3
250.29999999998577,0.5840014303316591,3
250.39999999998577,0.5838910191951605,3
250.49999999998576,0.5840409034571669,3
250.59999999998576,0.5838232965735223,3
250.69999999998575,0.5834617695940244,3
250.79999999998574,0.5831047639507955,3
250.89999999998574,0.5820131214972484,3
250.99999999998573,0.5808308291437133,3
251.09999999998573,0.579173809989688,3
251.19999999998572,0.5775167908355948,3
251.29999999998572,0.5756618922571352,3
251.3999999999857,0.5743156437703987,3
251.4999999999857,0.572969395283735,3
251.5999999999857,0.5715609094926343,3
251.6999999999857,0.5699625757637637,3
251.7999999999857,0.5698738536644014,3
251.89999999998568,0.569785131565255,3
251.99999999998568,0.5695680771173897,3
252.09999999998567,0.569351022669506,3
252.19999999998566,0.5689363058671538,3
252.29999999998566,0.5683239267103053,3
252.39999999998565,0.5671616018116578,3
252.49999999998565,0.565884295612382,3
252.59999999998564,0.5644189181841485,3
252.69999999998564,0.5629535407558879,3
252.79999999998563,0.5616040189914638,3
252.89999999998562,0.5602544972270561,3
252.99999999998562,0.5587855601131201,3
253.0999999999856,0.5573545562976353,3
253.1999999999856,0.5559235524821561,3
253.2999999999856,0.5540773746311923,3
253.3999999999856,0.5526220613643836,3
253.4999999999856,0.551058523189901,3
253.59999999998558,0.5494949850154027,3
253.69999999998558,0.5483117078909719,3
253.79999999998557,0.5471888280533443,3
253.89999999998557,0.5459648825572564,3
253.99999999998556,0.5446418520562606,3
254.09999999998556,0.543416530748562,3
254.19999999998555,0.5421912094408775,3
254.29999999998554,0.5409658881331936,3
254.39999999998554,0.5395752262758876,3
254.49999999998553,0.5383284596783561,3
254.59999999998553,0.536905127339145,3
254.69999999998552,0.5355599811694166,3
254.79999999998552,0.5336894613167935,3
254.8999999999855,0.5317351337226331,3
254.9999999999855,0.5294786819989808,3
255.0999999999855,0.5272222302752847,3
255.1999999999855,0.5254183619696303,3
255.2999999999855,0.5235414037398846,3
255.39999999998548,0.5216644455101277,3
255.49999999998548,0.5197874872803707,3
255.59999999998547,0.5179844740399724,3
255.69999999998547,0.5168361800136919,3
255.79999999998546,0.5141132594543188,3
255.89999999998545,0.5119845573299084,3
255.99999999998545,0.5098558552055844,3
256.09999999998547,0.5076967674127201,3
256.19999999998544,0.5051713392630703,3
256.2999999999854,0.5026912109372558,3
256.3999999999854,0.5002110826114451,3
256.49999999998545,0.4977309542856358,3
256.5999999999854,0.4952319404859033,3
256.6999999999854,0.49277483605440336,3
256.7999999999854,0.4905129991839942,3
256.8999999999854,0.48804932476192436,3
256.9999999999854,0.48606013732672926,3
257.09999999998536,0.4839286875143502,3
257.1999999999854,0.48179723770194816,3
257.2999999999854,0.47992621809511077,3
257.39999999998537,0.4781042889027698,3
257.49999999998533,0.4762823597104369,3
257.59999999998536,0.47446043051810305,3
257.6999999999854,0.47235269611060815,3
257.79999999998535,0.4702529441694534,3
257.8999999999853,0.46798435845340375,3
257.99999999998533,0.4660064024263484,3
258.09999999998536,0.46389415352565466,3
258.1999999999853,0.46178190462494123,3
258.2999999999853,0.459669655724229,3
258.3999999999853,0.45861907670652274,3
258.49999999998533,0.4577595879495244,3
258.5999999999853,0.45690009919255475,3
258.69999999998527,0.45617971986665173,3
258.7999999999853,0.45545934054076903,3
258.8999999999853,0.45477065201945105,3
258.9999999999853,0.45408196349813856,3
259.09999999998524,0.453527358601338,3
259.19999999998527,0.45302228309845183,3
259.2999999999853,0.4525066112363812,3
259.39999999998525,0.4519899716872399,3
259.4999999999852,0.45120244038040197,3
259.59999999998524,0.45101470337417116,3
259.69999999998527,0.4509602901046374,3
259.79999999998523,0.45089075913964205,3
259.8999999999852,0.45080611047916314,3
259.9999999999852,0.45063611306998447,3
260.09999999998524,0.45042627395299845,3
260.1999999999852,0.4502130956037627,3
260.2999999999852,0.4499975045219438,3
260.3999999999852,0.4494320288371077,3
260.4999999999852,0.44886414041963724,3
260.5999999999852,0.4484323985074791,3
260.69999999998515,0.44818809180051805,3
260.7999999999852,0.4478348096780245,3
260.8999999999852,0.44747912062885487,3
260.99999999998516,0.4469661232962494,3
261.09999999998513,0.4465635821322847,3
261.19999999998515,0.4459950220459463,3
261.2999999999852,0.445671895853107,3
261.39999999998514,0.44568004262576316,3
261.4999999999851,0.44551427051796627,3
261.59999999998513,0.44551555921724234,3
261.69999999998515,0.4454958374947016,3
261.7999999999851,0.44547889498151166,3
261.8999999999851,0.4454409420464806,3
261.9999999999851,0.44529830547238186,3
262.09999999998513,0.44425677111344575,3
262.1999999999851,0.4441141345391976,3
262.29999999998506,0.44396211323113777,3
262.3999999999851,0.44347319450022743,3
262.4999999999851,0.4430918715076453,3
262.5999999999851,0.44270991934572784,3
262.69999999998504,0.442225275008122,3
262.79999999998506,0.44164806242841675,3
262.8999999999851,0.44117191550716583,3
262.99999999998505,0.44069576858593035,3
263.099999999985,0.440121912471384,3
263.19999999998504,0.4395480563568223,3
263.29999999998506,0.43849495812395256,3
263.399999999985,0.4376720397012995,3
263.499999999985,0.4366884502342749,3
263.599999999985,0.43590816745332567,3
263.69999999998504,0.4352671026068382,3
263.799999999985,0.43467283365908904,3
263.89999999998497,0.43409426993615413,3
263.999999999985,0.43353141143802887,3
264.099999999985,0.43269410068376346,3
264.199999999985,0.43185678992945675,3
264.29999999998495,0.4306970158047472,3
264.39999999998497,0.4295372416799879,3
264.499999999985,0.4283774675552292,3
264.59999999998496,0.4271437484411131,3
264.6999999999849,0.42506866800689447,3
264.79999999998495,0.42421984199878077,3
264.89999999998497,0.4231397148968295,3
264.99999999998494,0.42205958779484476,3
265.0999999999849,0.4208223361059417,3
265.1999999999849,0.41989075529808106,3
265.29999999998495,0.41869932475618393,3
265.3999999999849,0.4175078942142478,3
265.4999999999849,0.41631646367231223,3
265.5999999999849,0.41471208343089083,3
265.6999999999849,0.413194540601612,3
265.7999999999849,0.41167699777234795,3
265.89999999998486,0.4103128646702266,3
265.9999999999849,0.40847424458122933,3
266.0999999999849,0.40677788686941246,3
266.19999999998487,0.4051726965774037,3
266.29999999998483,0.40354205414695604,3
266.39999999998486,0.40191141171650263,3
266.4999999999849,0.4002807692860502,3
266.59999999998485,0.3985869248123161,3
266.6999999999848,0.3968930803385713,3
266.79999999998483,0.395174494531687,3
266.89999999998486,0.3936247424996921,3
266.9999999999848,0.3916772464285136,3
267.0999999999848,0.38985764793364514,3
267.1999999999848,0.3882058803804498,3
267.29999999998483,0.3865422751140934,3
267.3999999999848,0.38487227455042516,3
267.49999999998477,0.3833566907184692,3
267.5999999999848,0.3817846752484426,3
267.6999999999848,0.3802062644810964,3
267.7999999999848,0.37862145841644085,3
267.89999999998474,0.3770049615472186,3
267.99999999998477,0.3753884646779915,3
268.0999999999848,0.3735905525286081,3
268.19999999998475,0.3722911865745784,3
268.2999999999847,0.3706595369529882,3
268.39999999998474,0.36903848369053743,3
268.49999999998477,0.36738776962086983,3
268.59999999998473,0.36574765191039055,3
268.6999999999847,0.36413668767516333,3
268.7999999999847,0.36253631979913264,3
268.89999999998474,0.36125130140490097,3
268.9999999999847,0.3600471104231266,3
269.0999999999847,0.3591872706120067,3
269.1999999999847,0.3579652666034001,3
269.2999999999847,0.3568516740252441,3
269.3999999999847,0.35574049417968734,3
269.49999999998465,0.3546317270667145,3
269.5999999999847,0.35346763722934743,3
269.6999999999847,0.3523059601245541,3
269.79999999998466,0.3511681026842724,3
269.89999999998463,0.35003265217065377,3
269.99999999998465,0.34905450994047027,3
270.0999999999847,0.3483253062368355,3
270.19999999998464,0.3477621214556277,3
270.2999999999846,0.34704597642735613,3
270.39999999998463,0.3463508418209016,3
270.49999999998465,0.34569636379688234,3
270.5999999999846,0.3450825423553012,3
270.6999999999846,0.3444897313355675,3
270.7999999999846,0.3438238227863842,3
270.89999999998463,0.3431789246590307,3
270.9999999999846,0.3427022690424033,3
271.09999999998456,0.3431880700822765,3
271.1999999999846,0.34282950620832914,3
271.2999999999846,0.3429500339745255,3
271.3999999999846,0.3430075685786216,3
271.49999999998454,0.3431124178621618,3
271.59999999998456,0.34320887031425046,3
271.6999999999846,0.3432969259348793,3
271.79999999998455,0.34347754979759,3
271.8999999999845,0.3436581736603151,3
271.99999999998454,0.3438387975230403,3
272.09999999998456,0.3440999738894945,3
272.1999999999845,0.34428344840302233,3
272.2999999999845,0.34502386688778236,3
272.3999999999845,0.34561825143569663,3
272.49999999998454,0.3462987861586344,3
272.5999999999845,0.3469644284133417,3
272.69999999998447,0.3473515631211295,3
272.7999999999845,0.3477505463050314,3
272.8999999999845,0.3481613779650925,3
272.9999999999845,0.34858405810131227,3
273.09999999998445,0.34929303896983216,3
273.19999999998447,0.3499027184930618,3
273.2999999999845,0.3509197997869915,3
273.39999999998446,0.35182905684120236,3
273.4999999999844,0.35273831389539584,3
273.59999999998445,0.3536475709495899,3
273.69999999998447,0.35477150031034005,3
273.79999999998444,0.35541007424675625,3
273.8999999999844,0.35594838170150256,3
273.9999999999844,0.3564866891562331,3
274.09999999998445,0.3570249966109638,3
274.1999999999844,0.3576116947293424,3
274.2999999999844,0.3582287238014333,3
274.3999999999844,0.35861073248872183,3
274.4999999999844,0.3589927411759734,3
274.5999999999844,0.35978769956270784,3
274.69999999998436,0.36049582053730167,3
274.7999999999844,0.36120394151188195,3
274.8999999999844,0.3619291452992394,3
274.99999999998437,0.3626543490865987,3
275.09999999998433,0.36337023964971454,3
275.19999999998436,0.36403569244741857,3
275.2999999999844,0.3645055005560778,3
275.39999999998435,0.3647610098236917,3
275.4999999999843,0.36501651909127203,3
275.59999999998433,0.3653352304021349,3
275.69999999998436,0.3656539417130078,3
275.7999999999843,0.3659726530238803,3
275.8999999999843,0.3663248642904798,3
275.9999999999843,0.36656963264463466,3
276.09999999998433,0.3668207962960827,3
276.1999999999843,0.3669662290670268,3
276.29999999998427,0.3671234995511415,3
276.3999999999843,0.3668423768433029,3
276.4999999999843,0.36656764943270553,3
276.5999999999843,0.3663493536602022,3
276.69999999998424,0.3661374531850177,3
276.79999999998427,0.3658925470257868,3
276.8999999999843,0.3656476408665506,3
276.99999999998425,0.3654521541069875,3
277.0999999999842,0.365256667347432,3
277.19999999998424,0.36453643139200426,3
277.29999999998427,0.36415907546332127,3
277.39999999998423,0.3636421581802671,3
277.4999999999842,0.3630259367091771,3
277.5999999999842,0.36240971523807125,3
277.69999999998424,0.36171925787454495,3
277.7999999999842,0.36102880051100766,3
277.8999999999842,0.3599975204456524,3
277.9999999999842,0.35902767505590694,3
278.0999999999842,0.35776342405649175,3
278.1999999999842,0.35686467648681025,3
278.29999999998415,0.3558599302192651,3
278.3999999999842,0.3547400740448365,3
278.4999999999842,0.35362021787039016,3
278.59999999998416,0.3526707281821954,3
278.69999999998413,0.351721238494027,3
278.79999999998415,0.3507503418739315,3
278.8999999999842,0.3497487696648536,3
278.99999999998414,0.34852702598896457,3
279.0999999999841,0.34695376038743936,3
279.19999999998413,0.3453804947858565,3
279.29999999998415,0.34371475553784253,3
279.3999999999841,0.3419945264654736,3
279.4999999999841,0.34030679786787904,3
279.5999999999841,0.33859152065469705,3
279.69999999998413,0.3368683409865083,3
279.7999999999841,0.3352313668146126,3
279.89999999998406,0.3335864901877281,3
