elapsed_seconds,average_HRV_LFHF,files_in_average
0.0,0.5821341280543095,7
0.09999999999999432,0.5819165193863397,7
0.19999999999998863,0.5817751754791114,7
0.29999999999998295,0.5817045162192354,7
0.39999999999997726,0.5805770828788619,7
0.4999999999999716,0.5806065778842042,7
0.5999999999999659,0.5786010653794659,7
0.6999999999999602,0.5765305293204719,7
0.7999999999999545,0.572896911984122,7
0.8999999999999488,0.5695075906512559,7
0.9999999999999432,0.5667344961120259,7
1.0999999999999375,0.56428839540691,7
1.1999999999999318,0.5616161025761274,7
1.299999999999926,0.5593255764308658,7
1.3999999999999204,0.5573154123121641,7
1.4999999999999147,0.5565996056437409,7
1.599999999999909,0.5547213071917155,7
1.6999999999999034,0.5528172463577677,7
1.7999999999998977,0.5507559363931089,7
1.899999999999892,0.5486607619851779,7
1.9999999999998863,0.5468104750613502,7
2.0999999999998806,0.5451283960396885,7
2.199999999999875,0.5435925847590412,7
2.2999999999998693,0.5423861010414006,7
2.3999999999998636,0.5397600694773195,7
2.499999999999858,0.5370994848212434,7
2.599999999999852,0.5343586149757459,7
2.6999999999998465,0.5318135215477836,7
2.799999999999841,0.529327925834982,7
2.899999999999835,0.5296243187546642,7
2.9999999999998295,0.5299201968094337,7
3.099999999999824,0.5300524630753163,7
3.199999999999818,0.5300336393797058,7
3.2999999999998124,0.5298665256091072,7
3.3999999999998067,0.5291460759452561,7
3.499999999999801,0.5263606661618627,7
3.5999999999997954,0.5236926641725471,7
3.6999999999997897,0.5210352638774176,7
3.799999999999784,0.5183876497615364,7
3.8999999999997783,0.5161964281855456,7
3.9999999999997726,0.5142442653413425,7
4.099999999999767,0.5121526193846603,7
4.199999999999761,0.5097729811596544,7
4.299999999999756,0.5075083430184921,7
4.39999999999975,0.5053462091298527,7
4.499999999999744,0.5047292642329516,7
4.5999999999997385,0.5038026611828929,7
4.699999999999733,0.502927474765469,7
4.799999999999727,0.502355962309082,7
4.8999999999997215,0.5017990647993961,7
4.999999999999716,0.5008730069079056,7
5.09999999999971,0.49980247732514194,7
5.199999999999704,0.49863494965795013,7
5.299999999999699,0.49772281835329574,7
5.399999999999693,0.49661559351523116,7
5.499999999999687,0.49537641448430925,7
5.599999999999682,0.4940004344380773,7
5.699999999999676,0.4926468607759812,7
5.79999999999967,0.4913145541903532,7
5.899999999999665,0.49005446101830996,7
5.999999999999659,0.48902596115918445,7
6.099999999999653,0.4880446649466714,7
6.199999999999648,0.48717331913187634,7
6.299999999999642,0.4863381873203987,7
6.399999999999636,0.48553759809670083,7
6.4999999999996305,0.485091954738108,7
6.599999999999625,0.48494457914371025,7
6.699999999999619,0.4848015381256194,7
6.7999999999996135,0.4847367753266748,7
6.899999999999608,0.48467711807801866,7
6.999999999999602,0.48461914131524025,7
7.099999999999596,0.48443214501176407,7
7.199999999999591,0.4837715598983751,7
7.299999999999585,0.4828654251073502,7
7.399999999999579,0.4819834539107516,7
7.499999999999574,0.4811778420776604,7
7.599999999999568,0.4802130214238324,7
7.699999999999562,0.4793716444811352,7
7.799999999999557,0.4785551704469561,7
7.899999999999551,0.4780554841866051,7
7.999999999999545,0.47747771996325783,7
8.09999999999954,0.47691403635071733,7
8.199999999999534,0.4765098978964678,7
8.299999999999528,0.4762770577215917,7
8.399999999999523,0.47613243130371447,7
8.499999999999517,0.4759973733290627,7
8.599999999999511,0.4758654201354374,7
8.699999999999505,0.47573646587803087,7
8.7999999999995,0.47532919733204554,7
8.899999999999494,0.47516063644259193,7
8.999999999999488,0.4738053541006762,7
9.099999999999483,0.47245490750693137,7
9.199999999999477,0.47116092844851626,7
9.299999999999471,0.4698951538031638,7
9.399999999999466,0.46867140323167383,7
9.49999999999946,0.46742369403156475,7
9.599999999999454,0.46639098042433763,7
9.699999999999449,0.465363689936615,7
9.799999999999443,0.4646461250422966,7
9.899999999999437,0.4638637482232422,7
9.999999999999432,0.463073887000405,7
10.099999999999426,0.46233339178354077,7
10.19999999999942,0.4616934933874202,7
10.299999999999415,0.46103668512158613,7
10.399999999999409,0.4604384617786093,7
10.499999999999403,0.45971323891657256,7
10.599999999999397,0.4589710915582216,7
10.699999999999392,0.45837948864246086,7
10.799999999999386,0.457894932535833,7
10.89999999999938,0.45738048451831104,7
10.999999999999375,0.45685844010930615,7
11.099999999999369,0.4562580331133512,7
11.199999999999363,0.4558014546258177,7
11.299999999999358,0.45529118459438694,7
11.399999999999352,0.4554326903104603,7
11.499999999999346,0.4556107585354276,7
11.59999999999934,0.4560721307607111,7
11.699999999999335,0.4565786539086562,7
11.79999999999933,0.45723721812297796,7
11.899999999999324,0.45698482884997527,7
11.999999999999318,0.456686905192424,7
12.099999999999312,0.45643472377802385,7
12.199999999999307,0.4562031547677165,7
12.2999999999993,0.45600441867538105,7
12.399999999999295,0.4560265815812338,7
12.49999999999929,0.45692490390106777,7
12.599999999999284,0.4578710219410538,7
12.699999999999278,0.45872189811113034,7
12.799999999999272,0.45932232164202463,7
12.899999999999267,0.4599314038206557,7
12.999999999999261,0.46048126562232455,7
13.099999999999255,0.4613613817770195,7
13.19999999999925,0.4624255752589523,7
13.299999999999244,0.4634639392822418,7
13.399999999999238,0.4645256311126652,7
13.499999999999233,0.4648280614314077,7
13.599999999999227,0.465286759955882,7
13.699999999999221,0.4656629565480353,7
13.799999999999216,0.46585577623165886,7
13.89999999999921,0.46583875504505584,7
13.999999999999204,0.4660849304325353,7
14.099999999999199,0.46643515741700664,7
14.199999999999193,0.46688544006542393,7
14.299999999999187,0.46722412131819924,7
14.399999999999181,0.46762647501943544,7
14.499999999999176,0.46808407865143525,7
14.59999999999917,0.46863431177485915,7
14.699999999999164,0.46914116101463044,7
14.799999999999159,0.4696936631724255,7
14.899999999999153,0.4702276298675118,7
14.999999999999147,0.47057498182192614,7
15.099999999999142,0.47091267126109776,7
15.199999999999136,0.47118553774718547,7
15.29999999999913,0.4713222091232273,7
15.399999999999125,0.4713379902671918,7
15.499999999999119,0.47109607987668267,7
15.599999999999113,0.4705798365871426,7
15.699999999999108,0.4700512130370972,7
15.799999999999102,0.4694505661032964,7
15.899999999999096,0.4688321985875465,7
15.99999999999909,0.4682594582800804,7
16.099999999999085,0.4677366308790884,7
16.19999999999908,0.46754173929023585,7
16.299999999999073,0.46748572412105094,7
16.399999999999068,0.4674297089518672,7
16.499999999999062,0.4672798823150922,7
16.599999999999056,0.4673241971209072,7
16.69999999999905,0.4672618888156949,7
16.799999999999045,0.4672228221580526,7
16.89999999999904,0.4668024003152766,7
16.999999999999034,0.4664633527783133,7
17.099999999999028,0.4662974476050484,7
17.199999999999022,0.46594405040931913,7
17.299999999999017,0.46543476426039715,7
17.39999999999901,0.4647965770810643,7
17.499999999999005,0.4641619940650919,7
17.599999999999,0.46340082937067034,7
17.699999999998994,0.4626551302102249,7
17.799999999998988,0.4622915055829813,7
17.899999999998983,0.4617269757340206,7
17.999999999998977,0.46120466781340064,7
18.09999999999897,0.4606407482631688,7
18.199999999998965,0.4600226547670929,7
18.29999999999896,0.4592103199955345,7
18.399999999998954,0.45843117042549314,7
18.49999999999895,0.45762390500192135,7
18.599999999998943,0.4568390996849729,7
18.699999999998937,0.45609921806455966,7
18.79999999999893,0.45529395238048137,7
18.899999999998926,0.4546275018077822,7
18.99999999999892,0.45383757759456744,7
19.099999999998914,0.45289377364504624,7
19.19999999999891,0.451891072260285,7
19.299999999998903,0.4509439069703115,7
19.399999999998897,0.45017422749823804,7
19.49999999999889,0.44933950390452687,7
19.599999999998886,0.4487505874400379,7
19.69999999999888,0.44801949681359815,7
19.799999999998875,0.4472502629164174,7
19.89999999999887,0.44659997672569357,7
19.999999999998863,0.446002259741408,7
20.099999999998857,0.44581867980430057,7
20.19999999999885,0.4451683893191796,7
20.299999999998846,0.444516040874586,7
20.39999999999884,0.443630988318534,7
20.499999999998835,0.4427630250860989,7
20.59999999999883,0.4417103745023067,7
20.699999999998823,0.44060044107700597,7
20.799999999998818,0.43938607523329976,7
20.899999999998812,0.4381082091570442,7
20.999999999998806,0.4369147922754463,7
21.0999999999988,0.4357494807351538,7
21.199999999998795,0.4345645503450228,7
21.29999999999879,0.43339745930686835,7
21.399999999998784,0.43222836909058093,7
21.499999999998778,0.4309821879613899,7
21.599999999998772,0.42983812325018855,7
21.699999999998766,0.4288662088246755,7
21.79999999999876,0.42827039160983355,7
21.899999999998755,0.4276789773604751,7
21.99999999999875,0.4271043159650657,7
22.099999999998744,0.4263591597992959,7
22.199999999998738,0.42557035433056634,7
22.299999999998732,0.42484532470925335,7
22.399999999998727,0.42411242973451035,7
22.49999999999872,0.4233382124977198,7
22.599999999998715,0.4226471313276732,7
22.69999999999871,0.4220464695187348,7
22.799999999998704,0.4214832996043721,7
22.8999999999987,0.42116940485434984,7
22.999999999998693,0.42073659176250533,7
23.099999999998687,0.4203407097414251,7
23.19999999999868,0.4199046854091883,7
23.299999999998676,0.4195873166506213,7
23.39999999999867,0.41933293011470996,7
23.499999999998664,0.41921952083399905,7
23.59999999999866,0.41918356881927965,7
23.699999999998653,0.4191961217887267,7
23.799999999998647,0.41921166840487034,7
23.89999999999864,0.4192426468664872,7
23.999999999998636,0.41954414268602896,7
24.09999999999863,0.41984563850557427,7
24.199999999998624,0.4199839426443411,7
24.29999999999862,0.4202520529533423,7
24.399999999998613,0.4207384334918044,7
24.499999999998607,0.42147603039015413,7
24.5999999999986,0.42244192287120896,7
24.699999999998596,0.4235778916498038,7
24.79999999999859,0.424753269814918,7
24.899999999998585,0.4260275048644183,7
24.99999999999858,0.4272227642026456,7
25.099999999998573,0.4289181095364243,7
25.199999999998568,0.43071347501819485,7
25.299999999998562,0.4323404623614656,7
25.399999999998556,0.43405481668821594,7
25.49999999999855,0.4358181006021881,7
25.599999999998545,0.43755335381493177,7
25.69999999999854,0.4394331861952052,7
25.799999999998533,0.441303405557618,7
25.899999999998528,0.44334862707257877,7
25.999999999998522,0.4453938485875421,7
26.099999999998516,0.44776108884375837,7
26.19999999999851,0.45017825648050414,7
26.299999999998505,0.4529817794872499,7
26.3999999999985,0.45583606475779886,7
26.499999999998494,0.45872149966621084,7
26.599999999998488,0.4618022747951839,7
26.699999999998482,0.4648094540204616,7
26.799999999998477,0.4683135368045178,7
26.89999999999847,0.47164372799221743,7
26.999999999998465,0.4749316972515717,7
27.09999999999846,0.4778791828969307,7
27.199999999998454,0.48085117668868704,7
27.299999999998448,0.48405041949151206,7
27.399999999998442,0.48777329366743316,7
27.499999999998437,0.4916215814517813,7
27.59999999999843,0.4954137473707879,7
27.699999999998425,0.4992304214361964,7
27.79999999999842,0.5030295821584264,7
27.899999999998414,0.5068328508919473,7
27.99999999999841,0.5108770223048344,7
28.099999999998403,0.5151432118379569,7
28.199999999998397,0.5196888735731225,7
28.29999999999839,0.5237592358332894,7
28.399999999998386,0.5280028840021935,7
28.49999999999838,0.5320089352268803,7
28.599999999998374,0.5357598074435407,7
28.69999999999837,0.5392874168502327,7
28.799999999998363,0.5425598472488989,7
28.899999999998357,0.5455167098185764,7
28.99999999999835,0.5490035096165955,7
29.099999999998346,0.5522650886834041,7
29.19999999999834,0.5558296156726134,7
29.299999999998334,0.559396200621295,7
29.39999999999833,0.5630128715317545,7
29.499999999998323,0.5678757840643703,7
29.599999999998317,0.5728929510017247,7
29.69999999999831,0.5776378452914935,7
29.799999999998306,0.582649848549372,7
29.8999999999983,0.5874425153959313,7
29.999999999998295,0.5927138327870612,7
30.09999999999829,0.598073595780433,7
30.199999999998283,0.6034336280768375,7
30.299999999998278,0.608809059596586,7
30.399999999998272,0.6141941236102857,7
30.499999999998266,0.6195473363778187,7
30.59999999999826,0.6247738998476746,7
30.699999999998255,0.6301384802505211,7
30.79999999999825,0.6340970966193563,7
30.899999999998244,0.6378667564845367,7
30.999999999998238,0.6417531918778592,7
31.099999999998232,0.6454775400996603,7
31.199999999998226,0.6492926512797609,7
31.29999999999822,0.6541868066115807,7
31.399999999998215,0.6590645726554809,7
31.49999999999821,0.6639421455766069,7
31.599999999998204,0.6686373068508068,7
31.699999999998198,0.673345172062838,7
31.799999999998192,0.6781273042686935,7
31.899999999998187,0.6829159020532021,7
31.99999999999818,0.6877060436614588,7
32.099999999998175,0.6924592541989503,7
32.19999999999817,0.696347691492502,7
32.299999999998164,0.70041184098252,7
32.39999999999816,0.7050484164667062,7
32.49999999999815,0.7098027102296418,7
32.59999999999815,0.7144042936318991,7
32.69999999999814,0.7180982892417298,7
32.799999999998136,0.7217616586805048,7
32.89999999999813,0.7252903849306398,7
32.999999999998124,0.7282705034262728,7
33.09999999999812,0.7312525046509919,7
33.19999999999811,0.7354840175551852,7
33.29999999999811,0.7397194070622778,7
33.3999999999981,0.7438529103612757,7
33.499999999998096,0.7477935654879148,7
33.59999999999809,0.7511539114605831,7
33.699999999998084,0.754447631807561,7
33.79999999999808,0.7577951849982887,7
33.89999999999807,0.7610590700763329,7
33.99999999999807,0.7637089771691696,7
34.09999999999806,0.7658478669870447,7
34.199999999998056,0.7676610563729244,7
34.29999999999805,0.7697203235484287,7
34.399999999998045,0.7716922237404561,7
34.49999999999804,0.7737091144097327,7
34.59999999999803,0.7766213512029241,7
34.69999999999803,0.7795174471647562,7
34.79999999999802,0.7824539689055509,7
34.899999999998016,0.7856027678332268,7
34.99999999999801,0.7887401791457546,7
35.099999999998005,0.7908153609524141,7
35.199999999998,0.7929274771019185,7
35.29999999999799,0.7946922087839227,7
35.39999999999799,0.7965230802071029,7
35.49999999999798,0.7990027293821427,7
35.599999999997976,0.801591824069346,7
35.69999999999797,0.8038873809206252,7
35.799999999997965,0.8052591545972899,7
35.89999999999796,0.8067716290094314,7
35.999999999997954,0.8082841034215759,7
36.09999999999795,0.8101786730773248,7
36.19999999999794,0.8114370885507692,7
36.29999999999794,0.8126585620308147,7
36.39999999999793,0.8134675937103696,7
36.499999999997925,0.8139669234718147,7
36.59999999999792,0.8149644494040734,7
36.699999999997914,0.8161592768673971,7
36.79999999999791,0.8171641478628706,7
36.8999999999979,0.8183489482395424,7
36.9999999999979,0.8194204005401017,7
37.09999999999789,0.8203923735959708,7
37.199999999997885,0.8211588405683725,7
37.29999999999788,0.82240364436464,7
37.399999999997874,0.8233514942027803,7
37.49999999999787,0.8245649575161894,7
37.59999999999786,0.8260804659363233,7
37.69999999999786,0.8278818572651402,7
37.79999999999785,0.8299569467953635,7
37.899999999997846,0.8323305615240384,7
37.99999999999784,0.8341373660728362,7
38.099999999997834,0.8358479452057667,7
38.19999999999783,0.837670840887634,7
38.29999999999782,0.8392852789536074,7
38.39999999999782,0.8408973970854727,7
38.49999999999781,0.84143209159496,7
38.599999999997806,0.8418090379411335,7
38.6999999999978,0.8426684777608059,7
38.799999999997794,0.8431889444409844,7
38.89999999999779,0.8440311071684781,7
38.99999999999778,0.8444438588786218,7
39.09999999999778,0.8447679855656121,7
39.19999999999777,0.8451433097975096,7
39.299999999997766,0.8455556369356126,7
39.39999999999776,0.845945309715148,7
39.499999999997755,0.8464274337420045,7
39.59999999999775,0.8469913943501607,7
39.69999999999774,0.8471257068950024,7
39.79999999999774,0.8486422873593468,7
39.89999999999773,0.8503247790390871,7
39.999999999997726,0.8518619835212258,7
40.09999999999772,0.8535688807930645,7
40.199999999997715,0.855228664409562,7
40.29999999999771,0.8559817801044785,7
40.3999999999977,0.8567810242736947,7
40.4999999999977,0.8576384254785597,7
40.59999999999769,0.8585990641838482,7
40.69999999999769,0.8586257098434105,7
40.79999999999768,0.8595121765745002,7
40.899999999997675,0.860360740761574,7
40.99999999999767,0.8612570697915981,7
41.099999999997664,0.8621397054486758,7
41.19999999999766,0.8644041452864242,7
41.29999999999765,0.8669178930287986,7
41.39999999999765,0.8693689911836601,7
41.49999999999764,0.8715709153066805,7
41.599999999997635,0.8737661685441566,7
41.69999999999763,0.8767168465582749,7
41.799999999997624,0.8782339410384895,7
41.89999999999762,0.8797645131925049,7
41.99999999999761,0.881525090083949,7
42.09999999999761,0.8847230165241705,7
42.1999999999976,0.8867327722975255,7
42.299999999997596,0.8871211844042579,7
42.39999999999759,0.8873738308077941,7
42.499999999997584,0.887661419764883,7
42.59999999999758,0.8884829529218159,7
42.69999999999757,0.8892229909943307,7
42.79999999999757,0.8901558766321677,7
42.89999999999756,0.8912036505697646,7
42.999999999997556,0.8930136392953129,7
43.09999999999755,0.8950040386986241,7
43.199999999997544,0.8975216046995923,7
43.29999999999754,0.8999300720918221,7
43.39999999999753,0.9040855893121116,7
43.49999999999753,0.9082018078202907,7
43.59999999999752,0.9114163757045498,7
43.699999999997516,0.9145293752131936,7
43.79999999999751,0.9175946675083301,7
43.899999999997505,0.9183180022718883,7
43.9999999999975,0.9192834916211263,7
44.09999999999749,0.9207431858381084,7
44.19999999999749,0.9219886612370286,7
44.29999999999748,0.9233180890474986,7
44.399999999997476,0.9241154165117919,7
44.49999999999747,0.924219577360767,7
44.599999999997465,0.9245296095191105,7
44.69999999999746,0.9251876040795619,7
44.79999999999745,0.926148011215225,7
44.89999999999745,0.9271026026286542,7
44.99999999999744,0.9281039728417667,7
45.099999999997436,0.9290989767826171,7
45.19999999999743,0.931650643686232,7
45.299999999997425,0.9341187817031997,7
45.39999999999742,0.9364608007490977,7
45.499999999997414,0.9386626835775356,7
45.59999999999741,0.9400182347911837,7
45.6999999999974,0.9397932106480109,7
45.7999999999974,0.939359675334037,7
45.89999999999739,0.9394372399460907,7
45.999999999997385,0.939615251418897,7
46.09999999999738,0.9398385155223082,7
46.199999999997374,0.9400339849888736,7
46.29999999999737,0.9401417991461208,7
46.39999999999736,0.9401422250664384,7
46.49999999999736,0.9398491001763405,7
46.59999999999735,0.9395165560286812,7
46.699999999997345,0.9392543956952644,7
46.79999999999734,0.9381604300302534,7
46.899999999997334,0.9370346777151746,7
46.99999999999733,0.9359545116148159,7
47.09999999999732,0.9351642756931081,7
47.19999999999732,0.9342402966806505,7
47.29999999999731,0.9335397570212169,7
47.399999999997306,0.933339209964255,7
47.4999999999973,0.9330956564153405,7
47.599999999997294,0.9323400044332111,7
47.69999999999729,0.9309114711457055,7
47.79999999999728,0.9295454204051923,7
47.89999999999728,0.9282249959227206,7
47.99999999999727,0.9269137400195782,7
48.099999999997266,0.9255708697712581,7
48.19999999999726,0.9241867582181007,7
48.299999999997254,0.9226735526049901,7
48.39999999999725,0.9211903538600152,7
48.49999999999724,0.919689480653152,7
48.59999999999724,0.917901201860467,7
48.69999999999723,0.9164584422367642,7
48.799999999997226,0.9149808821971278,7
48.89999999999722,0.9136513417566465,7
48.999999999997215,0.9126844290322651,7
49.09999999999721,0.9114898459916676,7
49.1999999999972,0.9102638265624121,7
49.2999999999972,0.9088241396627639,7
49.39999999999719,0.9071274674392191,7
49.499999999997186,0.9051206542835759,7
49.59999999999718,0.9032346849795978,7
49.699999999997175,0.90230272725528,7
49.79999999999717,0.9004366814656208,7
49.89999999999716,0.8986154665966782,7
49.99999999999716,0.8970350063839142,7
50.09999999999715,0.8957834464706987,7
50.19999999999715,0.8941130336687643,7
50.29999999999714,0.8918844923143833,7
50.399999999997135,0.8891852032707513,7
50.49999999999713,0.886573594608308,7
50.599999999997124,0.8841909056591072,7
50.69999999999712,0.8819802523460252,7
50.79999999999711,0.881239946379767,7
50.89999999999711,0.8807696250037803,7
50.9999999999971,0.8804436838391329,7
51.099999999997095,0.878708272155795,7
51.19999999999709,0.8764594278329556,7
51.299999999997084,0.8760563919231731,7
51.39999999999708,0.8757865978743452,7
51.49999999999707,0.8756569604606528,7
51.59999999999707,0.875406943609991,7
51.69999999999706,0.8751467103192446,7
51.799999999997056,0.8746585514636115,7
51.89999999999705,0.8746903107099906,7
51.999999999997044,0.874545142370121,7
52.09999999999704,0.8743673545049174,7
52.19999999999703,0.8738244297447826,7
52.29999999999703,0.8735621635441733,7
52.39999999999702,0.87149051438558,7
52.499999999997016,0.8696530996734259,7
52.59999999999701,0.8676450295014864,7
52.699999999997004,0.8656475131094837,7
52.799999999997,0.863838117978084,7
52.89999999999699,0.864118699456422,7
52.99999999999699,0.8641889918392562,7
53.09999999999698,0.8641290529670304,7
53.199999999996976,0.86427807850957,7
53.29999999999697,0.8643915729567471,7
53.399999999996965,0.8651469445658135,7
53.49999999999696,0.866147714577629,7
53.59999999999695,0.8669403257827032,7
53.69999999999695,0.8678914664642573,7
53.79999999999694,0.8690209365450376,7
53.899999999996936,0.8701699983577843,7
53.99999999999693,0.8712538099877573,7
54.099999999996925,0.8723463724379252,7
54.19999999999692,0.8724426606688256,7
54.29999999999691,0.8729256856554041,7
54.39999999999691,0.8734012395951529,7
54.4999999999969,0.8742645725983644,7
54.599999999996896,0.8754448590818831,7
54.69999999999689,0.8779688796089664,7
54.799999999996885,0.8804203195032108,7
54.89999999999688,0.8827839968855234,7
54.999999999996874,0.885037134622098,7
55.09999999999687,0.8872315218582898,7
55.19999999999686,0.8894214259416241,7
55.29999999999686,0.8911307639305077,7
55.39999999999685,0.8929710718481098,7
55.499999999996845,0.8955722326152127,7
55.59999999999684,0.8980418493102486,7
55.699999999996834,0.9005321976211705,7
55.79999999999683,0.9038439508749837,7
55.89999999999682,0.9072846151218454,7
55.99999999999682,0.9106603711957469,7
56.09999999999681,0.9141065600955501,7
56.199999999996805,0.9175934685412065,7
56.2999999999968,0.9207324709750803,7
56.399999999996794,0.923070171479491,7
56.49999999999679,0.9252873100758903,7
56.59999999999678,0.9280031523134594,7
56.69999999999678,0.9300928046395863,7
56.79999999999677,0.9321761568923624,7
56.899999999996766,0.9343081916162814,7
56.99999999999676,0.936430802985761,7
57.099999999996754,0.9385749443037295,7
57.19999999999675,0.9403966992503954,7
57.29999999999674,0.9423956324649614,7
57.39999999999674,0.944962988329703,7
57.49999999999673,0.9475252958779177,7
57.599999999996726,0.9502784916201584,7
57.69999999999672,0.9529506552536319,7
57.799999999996714,0.9550983446442088,7
57.89999999999671,0.9570677443877917,7
57.9999999999967,0.9579637665496146,7
58.0999999999967,0.9593798756521306,7
58.19999999999669,0.9608267800301558,7
58.299999999996686,0.9619124235128252,7
58.39999999999668,0.9629694277330219,7
58.499999999996675,0.9643386579855132,7
58.59999999999667,0.9655859128262073,7
58.69999999999666,0.9667869906131373,7
58.79999999999666,0.9678207027009881,7
58.89999999999665,0.9681670829565991,7
58.999999999996646,0.9682526885442885,7
59.09999999999664,0.9681173075367466,7
59.199999999996635,0.9678976216013782,7
59.29999999999663,0.9677309434416237,7
59.39999999999662,0.9676298629497843,7
59.49999999999662,0.9671891176556554,7
59.59999999999661,0.9665385383757392,7
59.69999999999661,0.9654612974527174,7
59.7999999999966,0.9641839764526541,7
59.899999999996595,0.9627342460855439,7
59.99999999999659,0.961195294308107,7
60.099999999996584,0.9599832893028726,7
60.19999999999658,0.9591296922139787,7
60.29999999999657,0.9582008034716453,7
60.39999999999657,0.9574244525642752,7
60.49999999999656,0.9563912930031923,7
60.599999999996555,0.9553482537172847,7
60.69999999999655,0.9541260785448474,7
60.799999999996544,0.9526139621478987,7
60.89999999999654,0.950450506549285,7
60.99999999999653,0.9484298906632057,7
61.09999999999653,0.946321888053826,7
61.19999999999652,0.944332770883927,7
61.299999999996515,0.9421676169275263,7
61.39999999999651,0.9398114801088174,7
61.499999999996504,0.9372657493788953,7
61.5999999999965,0.9348458499989591,7
61.69999999999649,0.9322564979793818,7
61.79999999999649,0.9293653427566839,7
61.89999999999648,0.9264550627873224,7
61.999999999996476,0.9229772233152705,7
62.09999999999647,0.9201838744005733,7
62.199999999996464,0.91737894094619,7
62.29999999999646,0.9144677011327167,7
62.39999999999645,0.9114177119390999,7
62.49999999999645,0.9080725734274113,7
62.59999999999644,0.9041329837263009,7
62.699999999996436,0.9003771509898189,7
62.79999999999643,0.8963422441127981,7
62.899999999996425,0.8922980000642386,7
62.99999999999642,0.8883061234269228,7
63.09999999999641,0.884861044951019,7
63.19999999999641,0.881545057089021,7
63.2999999999964,0.8780509801536709,7
63.399999999996396,0.874491395435659,7
63.49999999999639,0.8707487858259023,7
63.599999999996385,0.86715175088728,7
63.69999999999638,0.8636922644500433,7
63.79999999999637,0.8606793181378986,7
63.89999999999637,0.8571416889270959,7
63.99999999999636,0.8537641985935158,7
64.09999999999636,0.8502684204312158,7
64.19999999999635,0.8468297977624433,7
64.29999999999634,0.8440030801156657,7
64.39999999999634,0.8410408168885272,7
64.49999999999633,0.8373995794433321,7
64.59999999999633,0.8338934411095147,7
64.69999999999632,0.830411546914787,7
64.79999999999632,0.8268983794645901,7
64.89999999999631,0.8233512710978903,7
64.9999999999963,0.8198129345353111,7
65.0999999999963,0.81601146993988,7
65.1999999999963,0.8122187771485619,7
65.29999999999629,0.8088865684400902,7
65.39999999999628,0.8058800936423974,7
65.49999999999628,0.8027961628716158,7
65.59999999999627,0.799642284654716,7
65.69999999999627,0.7975916008161328,7
65.79999999999626,0.7960020835976965,7
65.89999999999625,0.7942127825715367,7
65.99999999999625,0.7923291728161869,7
66.09999999999624,0.790138587241545,7
66.19999999999624,0.7883116293430295,7
66.29999999999623,0.7869525742279461,7
66.39999999999623,0.7849785170358894,7
66.49999999999622,0.7830123172299324,7
66.59999999999621,0.7807271785445247,7
66.69999999999621,0.7787241444444568,7
66.7999999999962,0.7771957766626796,7
66.8999999999962,0.7758828977717924,7
66.99999999999619,0.7752540646726963,7
67.09999999999619,0.774276853108657,7
67.19999999999618,0.7732628101119857,7
67.29999999999617,0.7725400462600288,7
67.39999999999617,0.7724898986107646,7
67.49999999999616,0.7723403320101168,7
67.59999999999616,0.7721403997035404,7
67.69999999999615,0.771909958675215,7
67.79999999999615,0.7718915568881692,7
67.89999999999614,0.7725879473640106,7
67.99999999999613,0.7733277114857666,7
68.09999999999613,0.7739686294260412,7
68.19999999999612,0.7745810413538837,7
68.29999999999612,0.7751373680504473,7
68.39999999999611,0.77552651339685,7
68.4999999999961,0.7757348011127851,7
68.5999999999961,0.7760147784483136,7
68.6999999999961,0.7766863312876355,7
68.79999999999609,0.7775472706327545,7
68.89999999999608,0.7784082971775685,7
68.99999999999608,0.7795927800811365,7
69.09999999999607,0.7804124832068935,7
69.19999999999607,0.7814534004305489,7
69.29999999999606,0.7824735900719781,7
69.39999999999606,0.7830273921095987,7
69.49999999999605,0.7832353422760211,7
69.59999999999604,0.7836493836478403,7
69.69999999999604,0.7842462327483182,7
69.79999999999603,0.785082181799916,7
69.89999999999603,0.7859265924049532,7
69.99999999999602,0.7866821313374893,7
70.09999999999602,0.7869602918721992,7
70.19999999999601,0.7870943226678475,7
70.299999999996,0.7871927774037946,7
70.399999999996,0.7875364768855261,7
70.49999999999599,0.7878034369401005,7
70.59999999999599,0.7880453229638419,7
70.69999999999598,0.788587430384328,7
70.79999999999598,0.7892256393514139,7
70.89999999999597,0.7898183340835574,7
70.99999999999596,0.7909500391969138,7
71.09999999999596,0.7914319819252782,7
71.19999999999595,0.7912508539578127,7
71.29999999999595,0.7915526117040089,7
71.39999999999594,0.7918107528603382,7
71.49999999999594,0.79214734779647,7
71.59999999999593,0.7928944061186647,7
71.69999999999592,0.7927737107193227,7
71.79999999999592,0.7927412689048692,7
71.89999999999591,0.7928535868355098,7
71.99999999999591,0.7928774457273585,7
72.0999999999959,0.7923035394375569,7
72.1999999999959,0.7917057003719031,7
72.29999999999589,0.7909882047324308,7
72.39999999999588,0.7903896064362146,7
72.49999999999588,0.7900386818601868,7
72.59999999999587,0.7893820531237398,7
72.69999999999587,0.7886209161218373,7
72.79999999999586,0.7875237832619383,7
72.89999999999586,0.7863457572794511,7
72.99999999999585,0.7852627309773977,7
73.09999999999584,0.7842319527702978,7
73.19999999999584,0.7831804770880167,7
73.29999999999583,0.7817608178379725,7
73.39999999999583,0.7802495070663701,7
73.49999999999582,0.7787963303359008,7
73.59999999999582,0.7774207150989815,7
73.69999999999581,0.7758441959833304,7
73.7999999999958,0.7743128139199422,7
73.8999999999958,0.7726988154330415,7
73.9999999999958,0.7711349585109162,7
74.09999999999579,0.769397100319067,7
74.19999999999578,0.7676511114362479,7
74.29999999999578,0.7657559973278397,7
74.39999999999577,0.7636387956117988,7
74.49999999999577,0.7615707634461014,7
74.59999999999576,0.7596160287124488,7
74.69999999999575,0.7576220727140187,7
74.79999999999575,0.7552044350812536,7
74.89999999999574,0.7529619085727174,7
74.99999999999574,0.7506522793101863,7
75.09999999999573,0.7486376401126921,7
75.19999999999573,0.7466268353394147,7
75.29999999999572,0.7438918753626418,7
75.39999999999571,0.7412246543465908,7
75.49999999999571,0.73842675273787,7
75.5999999999957,0.735952838325139,7
75.6999999999957,0.7331298780497096,7
75.79999999999569,0.7301427162690696,7
75.89999999999569,0.7268857430943694,7
75.99999999999568,0.723676622078301,7
76.09999999999567,0.7202931220826356,7
76.19999999999567,0.7169390944626174,7
76.29999999999566,0.7136309579015144,7
76.39999999999566,0.7098457594726701,7
76.49999999999565,0.706169178526034,7
76.59999999999565,0.7024111774637353,7
76.69999999999564,0.698691757728016,7
76.79999999999563,0.6948979683378677,7
76.89999999999563,0.6927963022628487,7
76.99999999999562,0.6906841988172585,7
77.09999999999562,0.6885616580010226,7
77.19999999999561,0.6845153956895462,7
77.2999999999956,0.680472524352078,7
77.3999999999956,0.6764899834980957,7
77.4999999999956,0.672954385865145,7
77.59999999999559,0.6694371338434736,7
77.69999999999558,0.6660647751326555,7
77.79999999999558,0.6625282328611725,7
77.89999999999557,0.6589438775723238,7
77.99999999999557,0.6550715775722813,7
78.09999999999556,0.651179383981057,7
78.19999999999555,0.6473174527196787,7
78.29999999999555,0.6432176214828894,7
78.39999999999554,0.6394213981057558,7
78.49999999999554,0.6360173752137924,7
78.59999999999553,0.6324296717564033,7
78.69999999999553,0.6289438623891414,7
78.79999999999552,0.625465877097242,7
78.89999999999552,0.621908948667944,7
78.99999999999551,0.6183600914850959,7
79.0999999999955,0.6152288919143276,7
79.1999999999955,0.612260433837973,7
79.29999999999549,0.6092979922391798,7
79.39999999999549,0.606300437592625,7
79.49999999999548,0.603308311739907,7
79.59999999999548,0.6011617667773715,7
79.69999999999547,0.5988454815724732,7
79.79999999999546,0.5965144013690032,7
79.89999999999546,0.5942305716498087,7
79.99999999999545,0.5912972989253872,7
80.09999999999545,0.5884103817665697,7
80.19999999999544,0.5861722739894003,7
80.29999999999544,0.5834691067507898,7
80.39999999999543,0.5807297696755394,7
80.49999999999542,0.578389227183283,7
80.59999999999542,0.576041334375139,7
80.69999999999541,0.5742136561174361,7
80.7999999999954,0.5724492432712563,7
80.8999999999954,0.5705311121464718,7
80.9999999999954,0.5686192150784677,7
81.09999999999539,0.5662684162821983,7
81.19999999999538,0.5638637169402656,7
81.29999999999538,0.5613769630061746,7
81.39999999999537,0.5589541939430753,7
81.49999999999537,0.5565925693329904,7
81.59999999999536,0.5546701644802403,7
81.69999999999536,0.5525067411946095,7
81.79999999999535,0.5506561062715281,7
81.89999999999534,0.5486217431544597,7
81.99999999999534,0.5463199457649488,7
82.09999999999533,0.5446754035821078,7
82.19999999999533,0.5429980456559512,7
82.29999999999532,0.5409906597398575,7
82.39999999999532,0.5390299217366193,7
82.49999999999531,0.5372575551063655,7
82.5999999999953,0.535474357626002,7
82.6999999999953,0.5337356779411089,7
82.7999999999953,0.5319646930413461,7
82.89999999999529,0.5307308454118476,7
82.99999999999528,0.529379121984996,7
83.09999999999528,0.5280819468646413,7
83.19999999999527,0.5262914762811204,7
83.29999999999526,0.5245550170447816,7
83.39999999999526,0.5256789017626862,7
83.49999999999525,0.5268406743382078,7
83.59999999999525,0.5253320557113248,7
83.69999999999524,0.5238304187109512,7
83.79999999999524,0.522280951582596,7
83.89999999999523,0.5206460440708639,7
83.99999999999523,0.5189514816206782,7
84.09999999999522,0.5172534071873675,7
84.19999999999521,0.5159686954489183,7
84.29999999999521,0.5152225899019987,7
84.3999999999952,0.5144236296510332,7
84.4999999999952,0.514208149984911,7
84.59999999999519,0.5143865047112167,7
84.69999999999519,0.5125237167730629,7
84.79999999999518,0.5108531539501818,7
84.89999999999517,0.5095673513210667,7
84.99999999999517,0.5083456458648192,7
85.09999999999516,0.507306065213147,7
85.19999999999516,0.5062464935078929,7
85.29999999999515,0.5076028601835582,7
85.39999999999515,0.5090164666995685,7
85.49999999999514,0.5098047011370025,7
85.59999999999513,0.5107748939461728,7
85.69999999999513,0.5117357202785419,7
85.79999999999512,0.5103332683270837,7
85.89999999999512,0.5071346127297859,7
85.99999999999511,0.5042241010310847,7
86.0999999999951,0.5013014592473896,7
86.1999999999951,0.5003328564887591,7
86.2999999999951,0.4993043249365507,7
86.39999999999509,0.49830488345543117,7
86.49999999999508,0.4982919537902326,7
86.59999999999508,0.4982641413304624,7
86.69999999999507,0.498117665642881,7
86.79999999999507,0.4982704592013639,7
86.89999999999506,0.5000123136501043,7
86.99999999999505,0.5014286768086664,7
87.09999999999505,0.5028730048048352,7
87.19999999999504,0.5047940768945245,7
87.29999999999504,0.506869829985051,7
87.39999999999503,0.5089548730236743,7
87.49999999999503,0.5099447662045375,7
87.59999999999502,0.5108550876496526,7
87.69999999999501,0.5117519920834676,7
87.79999999999501,0.5125602822081254,7
87.899999999995,0.5128567965857548,7
87.999999999995,0.5130556611344308,7
88.09999999999499,0.5131890058888475,7
88.19999999999499,0.5132411749030856,7
88.29999999999498,0.5132612914757233,7
88.39999999999498,0.513939558453295,7
88.49999999999497,0.5146206197583691,7
88.59999999999496,0.5153880106920861,7
88.69999999999496,0.5160239790737473,7
88.79999999999495,0.5165422994395484,7
88.89999999999495,0.5162501103302688,7
88.99999999999494,0.5164749212117569,7
89.09999999999494,0.5166812390866449,7
89.19999999999493,0.5169267343113136,7
89.29999999999492,0.5171995267004791,7
89.39999999999492,0.517750709263462,7
89.49999999999491,0.5178243699526315,7
89.5999999999949,0.517913452204136,7
89.6999999999949,0.518046869376909,7
89.7999999999949,0.5181203745636849,7
89.89999999999489,0.5173771681138304,7
89.99999999999488,0.5166822906177899,7
90.09999999999488,0.5164794460607746,7
90.19999999999487,0.5162733064581915,7
90.29999999999487,0.5161842693346069,7
90.39999999999486,0.5159907773268565,7
90.49999999999486,0.5157775531568197,7
90.59999999999485,0.5159169903622741,7
90.69999999999484,0.516268026915726,7
90.79999999999484,0.5166743577087896,7
90.89999999999483,0.5171839239898265,7
90.99999999999483,0.5177313393696078,7
91.09999999999482,0.5177227498666046,7
91.19999999999482,0.5175177778648279,7
91.29999999999481,0.517928584762633,7
91.3999999999948,0.5186680351911884,7
91.4999999999948,0.5193097216294167,7
91.5999999999948,0.5198802815070453,7
91.69999999999479,0.5204820905723733,7
91.79999999999478,0.5210860266068196,7
91.89999999999478,0.5210544381785478,7
91.99999999999477,0.5208778322237609,7
92.09999999999476,0.5207585514831703,7
92.19999999999476,0.521146180744166,7
92.29999999999475,0.5214236673878113,7
92.39999999999475,0.5191347278144421,7
92.49999999999474,0.5168250579110184,7
92.59999999999474,0.5171233450618175,7
92.69999999999473,0.5174310940581365,7
92.79999999999472,0.5173896242477752,7
92.89999999999472,0.5174893322101236,7
92.99999999999471,0.5177157978649298,7
93.09999999999471,0.5178724737659703,7
93.1999999999947,0.5176119525479433,7
93.2999999999947,0.5169218507303966,7
93.39999999999469,0.5164467481279643,7
93.49999999999469,0.5155026999883058,7
93.59999999999468,0.5144823361159243,7
93.69999999999467,0.5151748944386678,7
93.79999999999467,0.515939563369428,7
93.89999999999466,0.5162349390722324,7
93.99999999999466,0.5160467665477303,7
94.09999999999465,0.515871599604346,7
94.19999999999465,0.515748105135477,7
94.29999999999464,0.5132564476659469,7
94.39999999999463,0.5107751733839552,7
94.49999999999463,0.5088236955165276,7
94.59999999999462,0.5064208760221689,7
94.69999999999462,0.5039977460615939,7
94.79999999999461,0.5039394393655993,7
94.8999999999946,0.5039048276945711,7
94.9999999999946,0.5038405865391254,7
95.0999999999946,0.5038707975070263,7
95.19999999999459,0.5039063211249981,7
95.29999999999458,0.5040002215332973,7
95.39999999999458,0.5040048627324393,7
95.49999999999457,0.5026715908542949,7
95.59999999999457,0.5010595716794317,7
95.69999999999456,0.4994304305141629,7
95.79999999999455,0.49763983771457904,7
95.89999999999455,0.49431765531040633,7
95.99999999999454,0.49133761443900476,7
96.09999999999454,0.4881705283086399,7
96.19999999999453,0.48449899903309873,7
96.29999999999453,0.4808462199867452,7
96.39999999999452,0.4771899312964131,7
96.49999999999451,0.474615871180837,7
96.59999999999451,0.471769314514822,7
96.6999999999945,0.4688360572271121,7
96.7999999999945,0.4659901620141719,7
96.89999999999449,0.4637250306543976,7
96.99999999999449,0.4615562551501702,7
97.09999999999448,0.4595273172631723,7
97.19999999999447,0.4579678047119045,7
97.29999999999447,0.456614306344672,7
97.39999999999446,0.4546275338191782,7
97.49999999999446,0.452672261859849,7
97.59999999999445,0.4499639976058893,7
97.69999999999445,0.4473773948207036,7
97.79999999999444,0.44492652817899686,7
97.89999999999444,0.44312415314467496,7
97.99999999999443,0.44143672781317284,7
98.09999999999442,0.43971474118494663,7
98.19999999999442,0.43824986735064947,7
98.29999999999441,0.4367562866095748,7
98.3999999999944,0.4352901622535003,7
98.4999999999944,0.4338281433298303,7
98.5999999999944,0.4323292549164664,7
98.69999999999439,0.43047668574875564,7
98.79999999999438,0.4286408843110373,7
98.89999999999438,0.4276337315002201,7
98.99999999999437,0.42671075829011557,7
99.09999999999437,0.42587311215548823,7
99.19999999999436,0.42510262735857873,7
99.29999999999436,0.42438690568418863,7
99.39999999999435,0.423786598302049,7
99.49999999999434,0.4231377380572546,7
99.59999999999434,0.42185359881708484,7
99.69999999999433,0.4206133679857745,7
99.79999999999433,0.4187224734308708,7
99.89999999999432,0.4169084556668552,7
99.99999999999432,0.4151009653939835,7
100.09999999999431,0.41325006985893875,7
100.1999999999943,0.4116125809069468,7
100.2999999999943,0.40998053330396517,7
100.3999999999943,0.408082528710649,7
100.49999999999429,0.4062406106621581,7
100.59999999999428,0.40441325897108643,7
100.69999999999428,0.40259364070807196,7
100.79999999999427,0.40098687341476985,7
100.89999999999426,0.39946185130560385,7
100.99999999999426,0.39813743361663,7
101.09999999999425,0.39671978117639656,7
101.19999999999425,0.3952428614419536,7
101.29999999999424,0.39395327315310447,7
101.39999999999424,0.39239602403831864,7
101.49999999999423,0.39091318383107787,7
101.59999999999422,0.3884332508606774,7
101.69999999999422,0.3858264328999969,7
101.79999999999421,0.38363705862377573,7
101.89999999999421,0.38131009329199206,7
101.9999999999942,0.37962429414294,7
102.0999999999942,0.37803142969766285,7
102.19999999999419,0.376434548604462,7
102.29999999999418,0.37488835402362053,7
102.39999999999418,0.37313235413926665,7
102.49999999999417,0.37260976495539083,7
102.59999999999417,0.37170485322953856,7
102.69999999999416,0.3712561344159232,7
102.79999999999416,0.37075989446988766,7
102.89999999999415,0.3703044763563863,7
102.99999999999415,0.3699161851637206,7
103.09999999999414,0.3692232133222814,7
103.19999999999413,0.3685010189778242,7
103.29999999999413,0.3678103160870286,7
103.39999999999412,0.3670172922826964,7
103.49999999999412,0.36631518236137817,7
103.59999999999411,0.3660416971070464,7
103.6999999999941,0.3657996562195049,7
103.7999999999941,0.36561300780538136,7
103.8999999999941,0.3662032337041206,7
103.99999999999409,0.3665791303894346,7
104.09999999999408,0.3669718193098731,7
104.19999999999408,0.3673385705870861,7
104.29999999999407,0.3664786401555401,7
104.39999999999407,0.36570608494157986,7
104.49999999999406,0.3653194950042911,7
104.59999999999405,0.3652276134337307,7
104.69999999999405,0.364929310156776,7
104.79999999999404,0.36440567458550877,7
104.89999999999404,0.3636963167702904,7
104.99999999999403,0.36306374935863195,7
105.09999999999403,0.3636048173561041,7
105.19999999999402,0.3641966418925864,7
105.29999999999401,0.36472860732731505,7
105.39999999999401,0.3652713776367734,7
105.499999999994,0.3657606762738756,7
105.599999999994,0.3666124333827246,7
105.69999999999399,0.3676945050450779,7
105.79999999999399,0.3691048790957708,7
105.89999999999398,0.37076285808610326,7
105.99999999999397,0.3713926749270745,7
106.09999999999397,0.3720328195135477,7
106.19999999999396,0.37225790959384847,7
106.29999999999396,0.3723649941689516,7
106.39999999999395,0.3725108980760035,7
106.49999999999395,0.3726474491167256,7
106.59999999999394,0.37203960835599187,7
106.69999999999393,0.37246651527672997,7
106.79999999999393,0.3730012259020689,7
106.89999999999392,0.37346054765007175,7
106.99999999999392,0.37395544882914544,7
107.09999999999391,0.37463544043881036,7
107.1999999999939,0.3750262775460872,7
107.2999999999939,0.3754495387013558,7
107.3999999999939,0.3756183381153058,7
107.49999999999389,0.37588068289790805,7
107.59999999999388,0.37618701283619294,7
107.69999999999388,0.3768357828272841,7
107.79999999999387,0.3775293624894837,7
107.89999999999387,0.37814193513379973,7
107.99999999999386,0.37869446386365435,7
108.09999999999386,0.37916117981259884,7
108.19999999999385,0.3794527245764923,7
108.29999999999384,0.3796287884227622,7
108.39999999999384,0.37984510045064007,7
108.49999999999383,0.3799420201939244,7
108.59999999999383,0.3800539020302757,7
108.69999999999382,0.38016126615455076,7
108.79999999999382,0.38087127222536477,7
108.89999999999381,0.38146347815572446,7
108.9999999999938,0.382043902385237,7
109.0999999999938,0.3826517156272846,7
109.19999999999379,0.3832504109233292,7
109.29999999999379,0.3837510548354258,7
109.39999999999378,0.38440884589855273,7
109.49999999999378,0.38487536214831236,7
109.59999999999377,0.38530571284616016,7
109.69999999999376,0.38568446761091496,7
109.79999999999376,0.3857842556421895,7
109.89999999999375,0.38587189593972226,7
109.99999999999375,0.3859701485698473,7
110.09999999999374,0.3860546570352331,7
110.19999999999374,0.3860682569870993,7
110.29999999999373,0.3860838391740525,7
110.39999999999372,0.38635586128061544,7
110.49999999999372,0.3865709800232531,7
110.59999999999371,0.38782028981206995,7
110.69999999999371,0.38925726961196305,7
110.7999999999937,0.39062711473040024,7
110.8999999999937,0.39198863013864976,7
110.99999999999369,0.3926057393563052,7
111.09999999999368,0.39335705637093454,7
111.19999999999368,0.39411635372789317,7
111.29999999999367,0.3948626926859255,7
111.39999999999367,0.39562530881722674,7
111.49999999999366,0.3951471839491787,7
111.59999999999366,0.39475763620574134,7
111.69999999999365,0.3943266662620231,7
111.79999999999364,0.39385107007406434,7
111.89999999999364,0.39336210473915384,7
111.99999999999363,0.393356134493664,7
112.09999999999363,0.3936374446365955,7
112.19999999999362,0.39399329443210274,7
112.29999999999362,0.39430204346628334,7
112.39999999999361,0.39469088354462306,7
112.4999999999936,0.3950754571725175,7
112.5999999999936,0.3954384555416707,7
112.6999999999936,0.3958001105251879,7
112.79999999999359,0.39615741340444277,7
112.89999999999358,0.3958250431551985,7
112.99999999999358,0.39546711951393515,7
113.09999999999357,0.3950415154159033,7
113.19999999999357,0.39465659380518225,7
113.29999999999356,0.39549808463961156,7
113.39999999999355,0.3963231514680174,7
113.49999999999355,0.39723910964502157,7
113.59999999999354,0.3981248838247267,7
113.69999999999354,0.40083505549579296,7
113.79999999999353,0.4037877634123103,7
113.89999999999353,0.40694339752381364,7
113.99999999999352,0.41002461790430983,7
114.09999999999351,0.4121277471595865,7
114.19999999999351,0.41282102853106906,7
114.2999999999935,0.41350993686452053,7
114.3999999999935,0.41417992240873824,7
114.49999999999349,0.4149096673758942,7
114.59999999999349,0.41729517249720144,7
114.69999999999348,0.4194495195734064,7
114.79999999999347,0.4212812733806762,7
114.89999999999347,0.4229194343373292,7
114.99999999999346,0.4240065981161544,7
115.09999999999346,0.42503759339152414,7
115.19999999999345,0.42607700160170453,7
115.29999999999345,0.42697117698479786,7
115.39999999999344,0.4280192472216334,7
115.49999999999343,0.42906731745847926,7
115.59999999999343,0.4308788580655912,7
115.69999999999342,0.43169200253403195,7
115.79999999999342,0.43232220184920356,7
115.89999999999341,0.4332895845909877,7
115.9999999999934,0.43419061011785093,7
116.0999999999934,0.43508654816988723,7
116.1999999999934,0.4358904404271398,7
116.29999999999339,0.43809589800311927,7
116.39999999999338,0.44039564068457177,7
116.49999999999338,0.44220874935780946,7
116.59999999999337,0.4440187060594235,7
116.69999999999337,0.44587985714447914,7
116.79999999999336,0.4476985528769405,7
116.89999999999336,0.44954782982226177,7
116.99999999999335,0.45167919248278204,7
117.09999999999334,0.4538104370431482,7
117.19999999999334,0.4551280603907099,7
117.29999999999333,0.45624531713182825,7
117.39999999999333,0.4572054470363751,7
117.49999999999332,0.4582168055135503,7
117.59999999999332,0.45926174659602587,7
117.69999999999331,0.4602826507173444,7
117.7999999999933,0.46115374867837033,7
117.8999999999933,0.46207435299120675,7
117.99999999999329,0.46293680830820094,7
118.09999999999329,0.4636091371693927,7
118.19999999999328,0.4642769226707902,7
118.29999999999328,0.4650426215025977,7
118.39999999999327,0.46568741533734037,7
118.49999999999326,0.46651940755039856,7
118.59999999999326,0.46739367050822817,7
118.69999999999325,0.4683183964430327,7
118.79999999999325,0.4692619591667079,7
118.89999999999324,0.4701958127528652,7
118.99999999999324,0.4711145971071807,7
119.09999999999323,0.472107769321418,7
119.19999999999322,0.47325061489501985,7
119.29999999999322,0.4742832863382734,7
119.39999999999321,0.4751723929625486,7
119.49999999999321,0.47602829367500404,7
119.5999999999932,0.4768826702357601,7
119.6999999999932,0.47767139656417096,7
119.79999999999319,0.47836427633876116,7
119.89999999999318,0.47902511650758944,7
119.99999999999318,0.4797931603786639,7
120.09999999999317,0.48042231868140367,7
120.19999999999317,0.48106385435452304,7
120.29999999999316,0.48173651019894626,7
120.39999999999316,0.4821693664831754,7
120.49999999999315,0.4826151886785042,7
120.59999999999314,0.4830519069565918,7
120.69999999999314,0.4834918936898929,7
120.79999999999313,0.48389010275411104,7
120.89999999999313,0.48429874670516876,7
120.99999999999312,0.48455471870235234,7
121.09999999999312,0.4847271701071588,7
121.19999999999311,0.4848190017264193,7
121.2999999999931,0.4848641965498542,7
121.3999999999931,0.48542399841677086,7
121.4999999999931,0.48597406478020166,7
121.59999999999309,0.48650848495523963,7
121.69999999999308,0.48700681106192684,7
121.79999999999308,0.48747056534130817,7
121.89999999999307,0.4873434257069819,7
121.99999999999307,0.4872011994579892,7
122.09999999999306,0.4868807876304752,7
122.19999999999305,0.48654975921629434,7
122.29999999999305,0.48625181149991803,7
122.39999999999304,0.4859506034244977,7
122.49999999999304,0.48554423570402827,7
122.59999999999303,0.48514730142957296,7
122.69999999999303,0.48314180729120515,7
122.79999999999302,0.4810839284382478,7
122.89999999999301,0.47909412981282395,7
122.99999999999301,0.477018013626588,7
123.099999999993,0.474938177023074,7
123.199999999993,0.47433776372682657,7
123.29999999999299,0.4737501775734941,7
123.39999999999299,0.4730723849408527,7
123.49999999999298,0.472208097000088,7
123.59999999999297,0.469676037875212,7
123.69999999999297,0.46714397875021924,7
123.79999999999296,0.4646114681736261,7
123.89999999999296,0.46219274945970507,7
123.99999999999295,0.46133944699464463,7
124.09999999999295,0.46051851677922195,7
124.19999999999294,0.4597064484275343,7
124.29999999999293,0.45902165677794704,7
124.39999999999293,0.4581002490327871,7
124.49999999999292,0.45719488720612195,7
124.59999999999292,0.45615969865638367,7
124.69999999999291,0.4551184604197957,7
124.7999999999929,0.45419294020505563,7
124.8999999999929,0.45326299243779056,7
124.9999999999929,0.452379909179072,7
125.09999999999289,0.4514917517108877,7
125.19999999999288,0.4507299640400592,7
125.29999999999288,0.4485456397410337,7
125.39999999999287,0.4461793576990128,7
125.49999999999287,0.4442075186113255,7
125.59999999999286,0.4422371320514352,7
125.69999999999285,0.4403237798903028,7
125.79999999999285,0.43845530236650715,7
125.89999999999284,0.43664813098443667,7
125.99999999999284,0.4346445497092261,7
126.09999999999283,0.4326370235011548,7
126.19999999999283,0.43153180543289604,7
126.29999999999282,0.4305346702585226,7
126.39999999999281,0.429525802692048,7
126.49999999999281,0.4285906935961305,7
126.5999999999928,0.42764492180976327,7
126.6999999999928,0.42671948514656594,7
126.79999999999279,0.4260021603847845,7
126.89999999999279,0.4252811139926332,7
126.99999999999278,0.42460367186810916,7
127.09999999999278,0.4241058766796312,7
127.19999999999277,0.4236069189090661,7
127.29999999999276,0.42310147380691593,7
127.39999999999276,0.4226650841408844,7
127.49999999999275,0.4222196468766949,7
127.59999999999275,0.42172920739348524,7
127.69999999999274,0.42121927374090296,7
127.79999999999274,0.420790357343028,7
127.89999999999273,0.420402128170449,7
127.99999999999272,0.420071059878547,7
128.09999999999272,0.41972608864957106,7
128.1999999999927,0.41893009902585965,7
128.2999999999927,0.4182182819250713,7
128.3999999999927,0.41741364576328327,7
128.4999999999927,0.4167125842668323,7
128.5999999999927,0.4160058525322373,7
128.69999999999268,0.415300778734402,7
128.79999999999268,0.41468350040246177,7
128.89999999999267,0.4141188090070123,7
128.99999999999267,0.41411771156674676,7
129.09999999999266,0.414147878618223,7
129.19999999999266,0.41440639747435853,7
129.29999999999265,0.41483102257627386,7
129.39999999999264,0.41543294877920495,7
129.49999999999264,0.41603516911742133,7
129.59999999999263,0.41664419006621944,7
129.69999999999263,0.4172301493319755,7
129.79999999999262,0.4178873719711729,7
129.89999999999262,0.41851238901787297,7
129.9999999999926,0.41867287161279254,7
130.0999999999926,0.418906653721324,7
130.1999999999926,0.4192108433120617,7
130.2999999999926,0.41901205935142055,7
130.3999999999926,0.4183024117305752,7
130.49999999999258,0.41760079563703567,7
130.59999999999258,0.4169154839823444,7
130.69999999999257,0.41624669277335313,7
130.79999999999256,0.4154623552938318,7
130.89999999999256,0.4157860848778582,7
130.99999999999255,0.41617046835849597,7
131.09999999999255,0.41661867684019516,7
131.19999999999254,0.4170704203850613,7
131.29999999999254,0.41749141791101,7
131.39999999999253,0.4173596668970308,7
131.49999999999253,0.4171759825981951,7
131.59999999999252,0.4169623821946074,7
131.6999999999925,0.4167330764880111,7
131.7999999999925,0.41666683628357243,7
131.8999999999925,0.4165219824442653,7
131.9999999999925,0.41645461542151213,7
132.0999999999925,0.41634541241864204,7
132.19999999999249,0.4161583221429051,7
132.29999999999248,0.41604360184261685,7
132.39999999999247,0.41610936140162974,7
132.49999999999247,0.4164508651669266,7
132.59999999999246,0.4168725339051644,7
132.69999999999246,0.4173751119674007,7
132.79999999999245,0.4179537827427013,7
132.89999999999245,0.41846754886241,7
132.99999999999244,0.418985167375611,7
133.09999999999243,0.4195017359420311,7
133.19999999999243,0.42005923760289177,7
133.29999999999242,0.42058007879547255,7
133.39999999999242,0.421195268278468,7
133.4999999999924,0.4217869729426994,7
133.5999999999924,0.42237471391253756,7
133.6999999999924,0.4229645408748243,7
133.7999999999924,0.4235185693813258,7
133.8999999999924,0.4234119574671377,7
133.99999999999238,0.4231302946433039,7
134.09999999999238,0.4227135800884902,7
134.19999999999237,0.42259961251828587,7
134.29999999999237,0.4223113552756937,7
134.39999999999236,0.4221782426165479,7
134.49999999999235,0.4221432140666921,7
134.59999999999235,0.42217348941289723,7
134.69999999999234,0.4223980668751061,7
134.79999999999234,0.4226581345268407,7
134.89999999999233,0.4230753048404074,7
134.99999999999233,0.42343753752266966,7
135.09999999999232,0.42337263924119356,7
135.19999999999231,0.4233303589255973,7
135.2999999999923,0.4235356554026705,7
135.3999999999923,0.4238630408740484,7
135.4999999999923,0.4239780314750802,7
135.5999999999923,0.4241330324784001,7
135.6999999999923,0.4241968610961219,7
135.79999999999228,0.42421306807421505,7
135.89999999999227,0.42437242675861336,7
135.99999999999227,0.42441253380354593,7
136.09999999999226,0.4248971687698657,7
136.19999999999226,0.4253796035397948,7
136.29999999999225,0.42582068125058253,7
136.39999999999225,0.426171574180192,7
136.49999999999224,0.4265514354212989,7
136.59999999999224,0.4269840444030605,7
136.69999999999223,0.4267801208804226,7
136.79999999999222,0.42657480369430356,7
136.89999999999222,0.42641069387390473,7
136.9999999999922,0.42621824446330636,7
137.0999999999922,0.4260345894861999,7
137.1999999999922,0.42656074085897633,7
137.2999999999922,0.4271230375393215,7
137.3999999999922,0.4279928405366249,7
137.49999999999218,0.42891449352353594,7
137.59999999999218,0.429966095539775,7
137.69999999999217,0.4311287115091983,7
137.79999999999217,0.43231336455196395,7
137.89999999999216,0.4333932162916332,7
137.99999999999216,0.43383353528979546,7
138.09999999999215,0.43408682371657475,7
138.19999999999214,0.43409023779427186,7
138.29999999999214,0.4339314358157948,7
138.39999999999213,0.433849599735285,7
138.49999999999213,0.4337549422153388,7
138.59999999999212,0.4336760129575879,7
138.69999999999212,0.433623544635997,7
138.7999999999921,0.4335957855020859,7
138.8999999999921,0.43361867674596943,7
138.9999999999921,0.4339049850616547,7
139.0999999999921,0.4342905813078546,7
139.1999999999921,0.43465369847706803,7
139.29999999999208,0.43550863804036716,7
139.39999999999208,0.43635721419004597,7
139.49999999999207,0.43717809853072,7
139.59999999999206,0.43798072641007285,7
139.69999999999206,0.43876014972349503,7
139.79999999999205,0.43951461964012856,7
139.89999999999205,0.43965203776908984,7
139.99999999999204,0.4396636802341032,7
140.09999999999204,0.43988164656264034,7
140.19999999999203,0.44005728082734474,7
140.29999999999202,0.44023742112116115,7
140.39999999999202,0.44076018838235553,7
140.499999999992,0.4417145724994792,7
140.599999999992,0.44272291596292124,7
140.699999999992,0.4436926597544256,7
140.799999999992,0.44399902052609325,7
140.899999999992,0.44447690825222524,7
140.99999999999199,0.4447468445133836,7
141.09999999999198,0.4449718745386563,7
141.19999999999197,0.44519722214671387,7
141.29999999999197,0.445356433379186,7
141.39999999999196,0.44543346219165636,7
141.49999999999196,0.44542005707360893,7
141.59999999999195,0.4451694663549707,7
141.69999999999195,0.4448494244494627,7
141.79999999999194,0.44418801205572817,7
141.89999999999193,0.4432552751828109,7
141.99999999999193,0.4423337229681121,7
142.09999999999192,0.441247309113506,7
142.19999999999192,0.4402947225393605,7
142.2999999999919,0.4393601884228003,7
142.3999999999919,0.43839122570730493,7
142.4999999999919,0.43728278260923414,7
142.5999999999919,0.43634349931408783,7
142.6999999999919,0.4353778806737973,7
142.79999999999188,0.4344695179897105,7
142.89999999999188,0.43376134425572216,7
142.99999999999187,0.43348365847531417,7
143.09999999999187,0.4333200643898635,7
143.19999999999186,0.4328093844442419,7
143.29999999999185,0.43221612143401505,7
143.39999999999185,0.43168084299110543,7
143.49999999999184,0.43111630228509934,7
143.59999999999184,0.43048104146087735,7
143.69999999999183,0.42951911405224497,7
143.79999999999183,0.4284213940388387,7
143.89999999999182,0.4271527125701354,7
143.99999999999181,0.42577977951957946,7
144.0999999999918,0.42480344322308544,7
144.1999999999918,0.4236774075259751,7
144.2999999999918,0.42304166759138173,7
144.3999999999918,0.422260692264654,7
144.4999999999918,0.42153475960472786,7
144.59999999999178,0.4207486951435931,7
144.69999999999177,0.42003027392242187,7
144.79999999999177,0.4192838538048199,7
144.89999999999176,0.41810565811095357,7
144.99999999999176,0.41669957435322136,7
145.09999999999175,0.41492979085255033,7
145.19999999999175,0.4131444249920803,7
145.29999999999174,0.4113654325531893,7
145.39999999999173,0.4096310447331461,7
145.49999999999173,0.40774722765898763,7
145.59999999999172,0.40586566653529677,7
145.69999999999172,0.40607326637070884,7
145.7999999999917,0.40630121419906473,7
145.8999999999917,0.4051603609887093,7
145.9999999999917,0.4040273122171273,7
146.0999999999917,0.40342957170870114,7
146.1999999999917,0.4025530875284225,7
146.29999999999168,0.40162587622316787,7
146.39999999999168,0.40049315937746915,7
146.49999999999167,0.39869188199874867,7
146.59999999999167,0.3968866403960636,7
146.69999999999166,0.3950009020013518,7
146.79999999999166,0.3932181100725024,7
146.89999999999165,0.39163067558057657,7
146.99999999999164,0.39008536072720873,7
147.09999999999164,0.3887091308101964,7
147.19999999999163,0.38728984538895234,7
147.29999999999163,0.3858683654548608,7
147.39999999999162,0.384482282216439,7
147.49999999999162,0.3831483977435979,7
147.5999999999916,0.3817773150728861,7
147.6999999999916,0.3804041143043726,7
147.7999999999916,0.3789826079403645,7
147.8999999999916,0.3775398732192943,7
147.9999999999916,0.37627668741306713,7
148.09999999999158,0.3749757516706237,7
148.19999999999158,0.3736419704590112,7
148.29999999999157,0.37329706720051004,7
148.39999999999156,0.3732081651080002,7
148.49999999999156,0.37307749477836694,7
148.59999999999155,0.37285767392038777,7
148.69999999999155,0.37268822779913674,7
148.79999999999154,0.37265293214330153,7
148.89999999999154,0.37261252647013227,7
148.99999999999153,0.3727708729004991,7
149.09999999999152,0.37282170322091884,7
149.19999999999152,0.3729883768881575,7
149.2999999999915,0.37298375699359465,7
149.3999999999915,0.37318884694670934,7
149.4999999999915,0.37291487166615145,7
149.5999999999915,0.37258321113397147,7
149.6999999999915,0.3722658958748983,7
149.79999999999148,0.3724415964390943,7
149.89999999999148,0.37261983029311935,7
149.99999999999147,0.37420868302067284,7
150.09999999999147,0.37592421583496144,7
150.19999999999146,0.37770785017711656,7
150.29999999999146,0.37856787317111645,7
150.39999999999145,0.37936810005822647,7
150.49999999999145,0.380181090897125,7
150.59999999999144,0.38115359735788984,7
150.69999999999143,0.38168975162993696,7
150.79999999999143,0.3825769097260979,7
150.89999999999142,0.38371124989147276,7
150.99999999999142,0.3848455900568687,7
151.0999999999914,0.38612564172793873,7
151.1999999999914,0.3872277777550758,7
151.2999999999914,0.388308478035087,7
151.3999999999914,0.38926714930069434,7
151.4999999999914,0.39037301200107904,7
151.59999999999138,0.39128992826522896,7
151.69999999999138,0.392361867820241,7
151.79999999999137,0.39336529344783255,7
151.89999999999137,0.3947435354849575,7
151.99999999999136,0.3958833571451444,7
152.09999999999135,0.39708023217469524,7
152.19999999999135,0.39823900229219655,7
152.29999999999134,0.3997281897731062,7
152.39999999999134,0.4010519171316726,7
152.49999999999133,0.40234082593459863,7
152.59999999999133,0.4032278314190143,7
152.69999999999132,0.40437133700176,7
152.79999999999131,0.4055857633785447,7
152.8999999999913,0.4067859225631762,7
152.9999999999913,0.40799505739513403,7
153.0999999999913,0.4092234684655262,7
153.1999999999913,0.4108391045192356,7
153.2999999999913,0.41132387836061884,7
153.39999999999128,0.41182828888278417,7
153.49999999999127,0.41234100103338694,7
153.59999999999127,0.4128427952440075,7
153.69999999999126,0.41328848923401196,7
153.79999999999126,0.41376133450030694,7
153.89999999999125,0.41506756946896445,7
153.99999999999125,0.4167914242314823,7
154.09999999999124,0.4184190294814312,7
154.19999999999123,0.42006910386477214,7
154.29999999999123,0.42177709302808825,7
154.39999999999122,0.4233993102084822,7
154.49999999999122,0.4251578502194434,7
154.5999999999912,0.42685853181396777,7
154.6999999999912,0.42710280453422517,7
154.7999999999912,0.4272979282815417,7
154.8999999999912,0.42880011258333095,7
154.9999999999912,0.43029843861006983,7
155.09999999999118,0.4312963744149867,7
155.19999999999118,0.4325428518757746,7
155.29999999999117,0.43372000986508297,7
155.39999999999117,0.4348882005285146,7
155.49999999999116,0.43655519538531073,7
155.59999999999116,0.43807560929652295,7
155.69999999999115,0.4395624936030866,7
155.79999999999114,0.44088717730754495,7
155.89999999999114,0.44189443411264817,7
155.99999999999113,0.4429232540646885,7
156.09999999999113,0.44388842119765115,7
156.19999999999112,0.4449041716682766,7
156.29999999999112,0.44589463994706596,7
156.3999999999911,0.4456451654319301,7
156.4999999999911,0.44535769193371316,7
156.5999999999911,0.4450503580349251,7
156.6999999999911,0.44584613123452455,7
156.7999999999911,0.4465345499489726,7
156.89999999999108,0.4472099939212858,7
156.99999999999108,0.44792485981211266,7
157.09999999999107,0.4494039738223804,7
157.19999999999106,0.4508746315296089,7
157.29999999999106,0.4514044105228118,7
157.39999999999105,0.4516364515555349,7
157.49999999999105,0.45150442524164325,7
157.59999999999104,0.4514895890250924,7
157.69999999999104,0.45032638896282345,7
157.79999999999103,0.44918122069196614,7
157.89999999999102,0.44793738265406785,7
157.99999999999102,0.44685232212643683,7
158.099999999991,0.4460165244553937,7
158.199999999991,0.4451022222577961,7
158.299999999991,0.4443560061812461,7
158.399999999991,0.44364896893364086,7
158.499999999991,0.4430495487816053,7
158.59999999999098,0.4424984883274193,7
158.69999999999098,0.44199578757107766,7
158.79999999999097,0.4404303630122993,7
158.89999999999097,0.4394071501178756,7
158.99999999999096,0.43716988834472914,7
159.09999999999096,0.4349030196919966,7
159.19999999999095,0.432568049511406,7
159.29999999999094,0.43114553198512434,7
159.39999999999094,0.42997403638958814,7
159.49999999999093,0.4289951431942319,7
159.59999999999093,0.42815579369786866,7
159.69999999999092,0.4279415844931877,7
159.79999999999092,0.4276815685867761,7
159.8999999999909,0.4273104864282099,7
159.9999999999909,0.4269394042696337,7
160.0999999999909,0.42661665202342514,7
160.1999999999909,0.4262658725010623,7
160.2999999999909,0.42612305489340585,7
160.39999999999088,0.42607733771532075,7
160.49999999999088,0.42585805803337845,7
160.59999999999087,0.4256627212709602,7
160.69999999999087,0.4253844388122238,7
160.79999999999086,0.4249784683958881,7
160.89999999999085,0.4245903247019589,7
160.99999999999085,0.42419464217443986,7
161.09999999999084,0.4233482160436754,7
161.19999999999084,0.42263927913833993,7
161.29999999999083,0.42157401035914355,7
161.39999999999083,0.4205249052188231,7
161.49999999999082,0.4198195069819552,7
161.5999999999908,0.41956106542510163,7
161.6999999999908,0.4190269103565288,7
161.7999999999908,0.4189540980384622,7
161.8999999999908,0.41890103807705253,7
161.9999999999908,0.41889360147144433,7
162.09999999999079,0.41890290800152297,7
162.19999999999078,0.4187790228442994,7
162.29999999999077,0.4192550365731441,7
162.39999999999077,0.4198166339707608,7
162.49999999999076,0.42041491860930685,7
162.59999999999076,0.4210305253414816,7
162.69999999999075,0.42133847408494524,7
162.79999999999075,0.4217878194429416,7
162.89999999999074,0.4216731950137193,7
162.99999999999073,0.4215076362005788,7
163.09999999999073,0.4211510130890079,7
163.19999999999072,0.4207785670455736,7
163.29999999999072,0.42061171991169827,7
163.3999999999907,0.42053070294885,7
163.4999999999907,0.42042277475705353,7
163.5999999999907,0.42084733152569825,7
163.6999999999907,0.42148173778055587,7
163.7999999999907,0.4221189529075686,7
163.89999999999068,0.4227880862388336,7
163.99999999999068,0.42339381689499056,7
164.09999999999067,0.4239528935336544,7
164.19999999999067,0.4243189393665567,7
164.29999999999066,0.4247302734211052,7
164.39999999999065,0.4251878054681181,7
164.49999999999065,0.4258336891275688,7
164.59999999999064,0.4268393358483412,7
164.69999999999064,0.4277941939604056,7
164.79999999999063,0.42880903436465223,7
164.89999999999063,0.4299792796972732,7
164.99999999999062,0.43116944630010134,7
165.09999999999062,0.4332395393760408,7
165.1999999999906,0.43503041679733306,7
165.2999999999906,0.43683181714144464,7
165.3999999999906,0.4399183897647569,7
165.4999999999906,0.44308301993820526,7
165.5999999999906,0.445461646454861,7
165.69999999999058,0.44655630868518614,7
165.79999999999058,0.4479660888409824,7
165.89999999999057,0.44936984419971193,7
165.99999999999056,0.45082296998146426,7
166.09999999999056,0.45229409306938123,7
166.19999999999055,0.4538314833704121,7
166.29999999999055,0.45534029933154496,7
166.39999999999054,0.45711491613131167,7
166.49999999999054,0.45932331291859185,7
166.59999999999053,0.46142262062521955,7
166.69999999999052,0.46440271302937103,7
166.79999999999052,0.46739794839249893,7
166.8999999999905,0.47051377078800066,7
166.9999999999905,0.474184954788792,7
167.0999999999905,0.4770209431083648,7
167.1999999999905,0.4798542033775409,7
167.2999999999905,0.48280463627289855,7
167.39999999999048,0.4857065807233843,7
167.49999999999048,0.48860783124722085,7
167.59999999999047,0.49149584050876005,7
167.69999999999047,0.49402860202346777,7
167.79999999999046,0.4975389640591966,7
167.89999999999046,0.5002420770846701,7
167.99999999999045,0.5029524283296151,7
168.09999999999044,0.5057961606401645,7
168.19999999999044,0.5090729432008156,7
168.29999999999043,0.5123382024840761,7
168.39999999999043,0.5154142257518914,7
168.49999999999042,0.5181917547498683,7
168.59999999999042,0.5206816026877888,7
168.6999999999904,0.5229036398697098,7
168.7999999999904,0.5250817940100113,7
168.8999999999904,0.5259525633112384,7
168.9999999999904,0.5277454944200345,7
169.0999999999904,0.5286238434086314,7
169.19999999999038,0.5307834938367824,7
169.29999999999038,0.5327712624137747,7
169.39999999999037,0.5347862498415504,7
169.49999999999037,0.5368477295935282,7
169.59999999999036,0.5387052854702045,7
169.69999999999035,0.5405118574500786,7
169.79999999999035,0.5425398076395863,7
169.89999999999034,0.5444569623963008,7
169.99999999999034,0.5464704680180725,7
170.09999999999033,0.5489812030018775,7
170.19999999999033,0.5515341849605514,7
170.29999999999032,0.5544484227531037,7
170.3999999999903,0.55708954061355,7
170.4999999999903,0.559435430105478,7
170.5999999999903,0.5616941456801853,7
170.6999999999903,0.563972074668281,7
170.7999999999903,0.5657978504096135,7
170.89999999999029,0.5676247472233631,7
170.99999999999028,0.5686783664516806,7
171.09999999999027,0.5697265005154681,7
171.19999999999027,0.5694038166817129,7
171.29999999999026,0.568816961071383,7
171.39999999999026,0.568056551262247,7
171.49999999999025,0.5672820472358449,7
171.59999999999025,0.5663693309141332,7
171.69999999999024,0.5657983435547334,7
171.79999999999023,0.5650866759415498,7
171.89999999999023,0.5643933030788206,7
171.99999999999022,0.5636881279331892,7
172.09999999999022,0.5644070547983773,7
172.1999999999902,0.5649942618162905,7
172.2999999999902,0.5653308361799096,7
172.3999999999902,0.5655936867697561,7
172.4999999999902,0.5658158664146036,7
172.5999999999902,0.565441830279252,7
172.69999999999018,0.5648679136935569,7
172.79999999999018,0.564284867510168,7
172.89999999999017,0.5636882564637825,7
172.99999999999017,0.5631328226467739,7
173.09999999999016,0.5624897289144383,7
173.19999999999015,0.5617664288788659,7
173.29999999999015,0.5610037420547423,7
173.39999999999014,0.5603207065682155,7
173.49999999999014,0.5594433200531661,7
173.59999999999013,0.5580788709651072,7
173.69999999999013,0.5567735678658531,7
173.79999999999012,0.555450677841023,7
173.89999999999011,0.5540935174839338,7
173.9999999999901,0.5526346053157642,7
174.0999999999901,0.5503337545565303,7
174.1999999999901,0.5479728898846111,7
174.2999999999901,0.5456485832729111,7
174.3999999999901,0.543454869084757,7
174.49999999999008,0.5406947585091866,7
174.59999999999008,0.5387405119909234,7
174.69999999999007,0.5369480124013533,7
174.79999999999006,0.5348994713769006,7
174.89999999999006,0.5328387676699408,7
174.99999999999005,0.5308987157162611,7
175.09999999999005,0.528124322157548,7
175.19999999999004,0.525776905275183,7
175.29999999999004,0.5234597795036622,7
175.39999999999003,0.521015846725336,7
175.49999999999002,0.5186900251157409,7
175.59999999999002,0.5168588902755292,7
175.69999999999,0.5153257024224795,7
175.79999999999,0.5137773716105664,7
175.89999999999,0.5122261484349815,7
175.99999999999,0.5096115505933408,7
176.09999999999,0.5076017384668506,7
176.19999999998998,0.5057979863928511,7
176.29999999998998,0.503930347485429,7
176.39999999998997,0.5017421314461777,7
176.49999999998997,0.49961820697592124,7
176.59999999998996,0.49761330943057513,7
176.69999999998996,0.4960532747914592,7
176.79999999998995,0.49471180593008734,7
176.89999999998994,0.49354560366511985,7
176.99999999998994,0.492760854037777,7
177.09999999998993,0.49152158331138374,7
177.19999999998993,0.4898834505230744,7
177.29999999998992,0.4883026514166903,7
177.39999999998992,0.48625338083075015,7
177.4999999999899,0.48434246462314257,7
177.5999999999899,0.4825669218248075,7
177.6999999999899,0.48085867153654843,7
177.7999999999899,0.479148660602409,7
177.8999999999899,0.4789439224457301,7
177.99999999998988,0.47782633495643095,7
178.09999999998988,0.4776149048678541,7
178.19999999998987,0.4764991365843866,7
178.29999999998986,0.47549173820278534,7
178.39999999998986,0.4744880315097573,7
178.49999999998985,0.473604111493953,7
178.59999999998985,0.4729240880968031,7
178.69999999998984,0.47224948677666606,7
178.79999999998984,0.47120265980423287,7
178.89999999998983,0.4703278294428785,7
178.99999999998983,0.46934444221179283,7
179.09999999998982,0.46829633735361975,7
179.1999999999898,0.4672263445320123,7
179.2999999999898,0.4660679457146109,7
179.3999999999898,0.4652014329203532,7
179.4999999999898,0.46431908503507907,7
179.5999999999898,0.46356093791580844,7
179.69999999998979,0.46283706674372815,7
179.79999999998978,0.4620994936101473,7
179.89999999998977,0.46135900592821216,7
179.99999999998977,0.46140974904038273,7
180.09999999998976,0.4616901105920741,7
180.19999999998976,0.463413240415455,7
180.29999999998975,0.4653555827994374,7
180.39999999998975,0.4674865156134557,7
180.49999999998974,0.4697490491892734,7
180.59999999998973,0.4722259906251673,7
180.69999999998973,0.4747518626921346,7
180.79999999998972,0.47739294055922876,7
180.89999999998972,0.48021352239613424,7
180.9999999999897,0.48331957510151746,7
181.0999999999897,0.4843437328584602,7
181.1999999999897,0.4855005563332914,7
181.2999999999897,0.4866814419573312,7
181.3999999999897,0.4878462024977229,7
181.49999999998968,0.4890991294608959,7
181.59999999998968,0.490467154053592,7
181.69999999998967,0.4918436136572388,7
181.79999999998967,0.4933626442638975,7
181.89999999998966,0.4949589837309493,7
181.99999999998965,0.49655694642528897,7
182.09999999998965,0.4982462607235222,7
182.19999999998964,0.4999109435313949,7
182.29999999998964,0.5015177383984087,7
182.39999999998963,0.5030194668510864,7
182.49999999998963,0.5045079994952244,7
182.59999999998962,0.5058927728172801,7
182.69999999998961,0.5077780392216157,7
182.7999999999896,0.5096970666248416,7
182.8999999999896,0.5117905476683121,7
182.9999999999896,0.5139889650685762,7
183.0999999999896,0.5165402487546997,7
183.1999999999896,0.5194361271133381,7
183.29999999998958,0.5222958616278002,7
183.39999999998957,0.5244008871898281,7
183.49999999998957,0.5270021740968042,7
183.59999999998956,0.5299437807925383,7
183.69999999998956,0.5329134076399515,7
183.79999999998955,0.5359583961900007,7
183.89999999998955,0.539105283504028,7
183.99999999998954,0.5420708027359218,7
184.09999999998954,0.5450306043684733,7
184.19999999998953,0.5467610210392574,7
184.29999999998952,0.5481679226293625,7
184.39999999998952,0.5494955657306363,7
184.4999999999895,0.5510137546228616,7
184.5999999999895,0.55216317572605,7
184.6999999999895,0.5532816718268002,7
184.7999999999895,0.55443228661026,7
184.8999999999895,0.555605904397393,7
184.99999999998948,0.5569802369832495,7
185.09999999998948,0.5583012263094217,7
185.19999999998947,0.5590306824605018,7
185.29999999998947,0.5597099135509879,7
185.39999999998946,0.5604259518526709,7
185.49999999998946,0.5610776985853311,7
185.59999999998945,0.5619832310750003,7
185.69999999998944,0.5628475875942088,7
185.79999999998944,0.5635773551693409,7
185.89999999998943,0.5642433322646695,7
185.99999999998943,0.5645127698758217,7
186.09999999998942,0.5650231562646889,7
186.19999999998942,0.5654321476753654,7
186.2999999999894,0.5657386581056966,7
186.3999999999894,0.5665661536450967,7
186.4999999999894,0.5673975558395894,7
186.5999999999894,0.5682078420235496,7
186.6999999999894,0.569018205494437,7
186.79999999998938,0.5694047394954986,7
186.89999999998938,0.5696434787394474,7
186.99999999998937,0.5697891345346787,7
187.09999999998936,0.5697399694651587,7
187.19999999998936,0.5692259117479085,7
187.29999999998935,0.5685197131548678,7
187.39999999998935,0.5676761675944709,7
187.49999999998934,0.5667518987163683,7
187.59999999998934,0.5657982327662332,7
187.69999999998933,0.5651966383195411,7
187.79999999998932,0.5646071545943421,7
187.89999999998932,0.5640605365785978,7
187.9999999999893,0.5634496281062188,7
188.0999999999893,0.562594980288589,7
188.1999999999893,0.561658114888056,7
188.2999999999893,0.5607647489444167,7
188.3999999999893,0.5600650644301131,7
188.49999999998929,0.5592264762837338,7
188.59999999998928,0.5589304858287862,7
188.69999999998927,0.5585702865838778,7
188.79999999998927,0.5583364428858257,7
188.89999999998926,0.5579818056998291,7
188.99999999998926,0.5575445373518594,7
189.09999999998925,0.5568776505644422,7
189.19999999998925,0.5560344795075086,7
189.29999999998924,0.5551175791171754,7
189.39999999998923,0.5541510278807961,7
189.49999999998923,0.5529629395039833,7
189.59999999998922,0.5511357662790584,7
189.69999999998922,0.5494883080412988,7
189.7999999999892,0.5477310261942142,7
189.8999999999892,0.5457347662310835,7
189.9999999999892,0.5434530353994692,7
190.0999999999892,0.5420049008618906,7
190.1999999999892,0.5401232927844399,7
190.29999999998918,0.5386003542895398,7
190.39999999998918,0.5370935408783287,7
190.49999999998917,0.5355488390061236,7
190.59999999998917,0.534429680236834,7
190.69999999998916,0.5333083500650819,7
190.79999999998915,0.53215389562902,7
190.89999999998915,0.5310370866406208,7
190.99999999998914,0.5297588554365131,7
191.09999999998914,0.5284689207733602,7
191.19999999998913,0.5272115387614454,7
191.29999999998913,0.5260008112415927,7
191.39999999998912,0.5247782914412173,7
191.49999999998911,0.5236219467236606,7
191.5999999999891,0.5227603040843906,7
191.6999999999891,0.5214563380335459,7
191.7999999999891,0.5201286080845867,7
191.8999999999891,0.518835228110626,7
191.9999999999891,0.5175160696234956,7
192.09999999998908,0.5155436235173336,7
192.19999999998907,0.5135698282249698,7
192.29999999998907,0.511592341244044,7
192.39999999998906,0.5101373355380627,7
192.49999999998906,0.5087711250626493,7
192.59999999998905,0.5071529476858042,7
192.69999999998905,0.5055069694413563,7
192.79999999998904,0.5038028587948336,7
192.89999999998903,0.5020779795721334,7
192.99999999998903,0.5004054817919293,7
193.09999999998902,0.49885173819090617,7
193.19999999998902,0.49782782824296606,7
193.299999999989,0.4972569478148522,7
193.399999999989,0.49675093441439666,7
193.499999999989,0.4960179609814746,7
193.599999999989,0.49526815764890825,7
193.699999999989,0.49450569047740084,7
193.79999999998898,0.4937328438325572,7
193.89999999998898,0.4928057756548713,7
193.99999999998897,0.4922300770230552,7
194.09999999998897,0.49174569794373035,7
194.19999999998896,0.49164684996039004,7
194.29999999998896,0.4915921934669318,7
194.39999999998895,0.49178796472695596,7
194.49999999998894,0.4919825902831399,7
194.59999999998894,0.49181695049305935,7
194.69999999998893,0.4918447534290636,7
194.79999999998893,0.4919897990701498,7
194.89999999998892,0.4921060881307248,7
194.99999999998892,0.4917586396530629,7
195.0999999999889,0.49153738289561527,7
195.1999999999889,0.4913661427134305,7
195.2999999999889,0.4910729826362762,7
195.3999999999889,0.49075375398999943,7
195.4999999999889,0.4904002544601615,7
195.59999999998888,0.49007227866705305,7
195.69999999998888,0.49012849563118055,7
195.79999999998887,0.49062516494305014,7
195.89999999998886,0.4911506116264431,7
195.99999999998886,0.49179779806934965,7
196.09999999998885,0.49262408968510485,7
196.19999999998885,0.4935700607697598,7
196.29999999998884,0.49405305851127584,7
196.39999999998884,0.49464850119068576,7
196.49999999998883,0.4953342069287131,7
196.59999999998882,0.4965336747582792,7
196.69999999998882,0.4974426664073818,7
196.7999999999888,0.49863583279129137,7
196.8999999999888,0.49967399637676874,7
196.9999999999888,0.5007707695629519,7
197.0999999999888,0.5019864439167306,7
197.1999999999888,0.5030238834279083,7
197.29999999998878,0.5038830880964511,7
197.39999999998878,0.5042374070092397,7
197.49999999998877,0.5045715442016311,7
197.59999999998877,0.5043128045617513,7
197.69999999998876,0.5040518199140116,7
197.79999999998876,0.5035853115014431,7
197.89999999998875,0.5038167783273463,7
197.99999999998875,0.5040645054730407,7
198.09999999998874,0.5045690583435631,7
198.19999999998873,0.5049713358629233,7
198.29999999998873,0.5053749271085715,7
198.39999999998872,0.5057446102946088,7
198.49999999998872,0.5060769705301851,7
198.5999999999887,0.5069517144767582,7
198.6999999999887,0.5076007778243857,7
198.7999999999887,0.5083078344729296,7
198.8999999999887,0.5091298645413597,7
198.9999999999887,0.5099011519518816,7
199.09999999998868,0.510657162029668,7
199.19999999998868,0.5117132924304746,7
199.29999999998867,0.5123545915666196,7
199.39999999998867,0.512963485920787,7
199.49999999998866,0.5135894769384539,7
199.59999999998865,0.5137670571638063,7
199.69999999998865,0.5139004000766652,7
199.79999999998864,0.5139874159143244,7
199.89999999998864,0.5138572123077346,7
199.99999999998863,0.5137970159107776,7
200.09999999998863,0.5136519757858808,7
200.19999999998862,0.5132554374882903,7
200.29999999998861,0.5131005469332854,7
200.3999999999886,0.5127661420057178,7
200.4999999999886,0.5124327762916867,7
200.5999999999886,0.5119541698059583,7
200.6999999999886,0.5114371354381936,7
200.7999999999886,0.5108064851915592,7
200.89999999998858,0.5100649077663126,7
200.99999999998857,0.5093171107512685,7
201.09999999998857,0.5085050654799399,7
201.19999999998856,0.5076815183342372,7
201.29999999998856,0.5069861275853544,7
201.39999999998855,0.5063520219879659,7
201.49999999998855,0.5054487021631722,7
201.59999999998854,0.5044505485584615,7
201.69999999998853,0.5034640485030821,7
201.79999999998853,0.5025335072758151,7
201.89999999998852,0.5015303427855989,7
201.99999999998852,0.5006171450742681,7
202.0999999999885,0.5001447796877652,7
202.1999999999885,0.499978272093276,7
202.2999999999885,0.49954281306658277,7
202.3999999999885,0.4983513921599811,7
202.4999999999885,0.49707946412949594,7
202.59999999998848,0.4958398626703087,7
202.69999999998848,0.4945947350252618,7
202.79999999998847,0.49319547480042375,7
202.89999999998847,0.49193087316150164,7
202.99999999998846,0.49037420126330694,7
203.09999999998846,0.4888988167504733,7
203.19999999998845,0.4874230139821688,7
203.29999999998844,0.48580991192673023,7
203.39999999998844,0.48420661112760705,7
203.49999999998843,0.4825665395052958,7
203.59999999998843,0.4809716676018379,7
203.69999999998842,0.4791576448159553,7
203.79999999998842,0.47745432408891847,7
203.8999999999884,0.4757488250740573,7
203.9999999999884,0.4745311607445436,7
204.0999999999884,0.473330910395242,7
204.1999999999884,0.47217510500555676,7
204.2999999999884,0.4711370762707151,7
204.39999999998838,0.47011339810406005,7
204.49999999998838,0.4690405150008758,7
204.59999999998837,0.4679632241714852,7
204.69999999998836,0.46651260038145015,7
204.79999999998836,0.4650471143593838,7
204.89999999998835,0.46354803049011556,7
204.99999999998835,0.4620124136582607,7
205.09999999998834,0.46075381865622944,7
205.19999999998834,0.45949069243920704,7
205.29999999998833,0.45881641378871635,7
205.39999999998832,0.45826821337560986,7
205.49999999998832,0.45768669388150357,7
205.5999999999883,0.4567566334775258,7
205.6999999999883,0.45592484741598094,7
205.7999999999883,0.45468146871769816,7
205.8999999999883,0.4536038543765491,7
205.9999999999883,0.452684400743255,7
206.09999999998828,0.4519025104433351,7
206.19999999998828,0.45171475319048593,7
206.29999999998827,0.4514939604002283,7
206.39999999998827,0.45158311808637724,7
206.49999999998826,0.4518332998034884,7
206.59999999998826,0.45207508605269353,7
206.69999999998825,0.45235148799110236,7
206.79999999998824,0.4527378894644585,7
206.89999999998824,0.4524934548858491,7
206.99999999998823,0.4523329432694111,7
207.09999999998823,0.4519932153851414,7
207.19999999998822,0.45174584699793996,7
207.29999999998822,0.45149960272302,7
207.3999999999882,0.45124529136032515,7
207.4999999999882,0.4511309245040952,7
207.5999999999882,0.45061906438448796,7
207.6999999999882,0.4501345992033614,7
207.7999999999882,0.4495838335798989,7
207.89999999998818,0.44941679704977916,7
207.99999999998818,0.4493133764195001,7
208.09999999998817,0.44925262669542587,7
208.19999999998817,0.4490662597143997,7
208.29999999998816,0.44896635135025115,7
208.39999999998815,0.4489670076002583,7
208.49999999998815,0.4488358417992071,7
208.59999999998814,0.44882466572012286,7
208.69999999998814,0.4491664539621686,7
208.79999999998813,0.44946270123751697,7
208.89999999998813,0.44998939629230544,7
208.99999999998812,0.45060660257413954,7
209.0999999999881,0.45108484393088233,7
209.1999999999881,0.4518694600180665,7
209.2999999999881,0.45246597492403856,7
209.3999999999881,0.4532557642810882,7
209.4999999999881,0.4540097552014199,7
209.59999999998809,0.45515286134563604,7
209.69999999998808,0.4563480633018346,7
209.79999999998807,0.45773033306890554,7
209.89999999998807,0.45917387210700333,7
209.99999999998806,0.4605912940197855,7
210.09999999998806,0.46246868514863887,7
210.19999999998805,0.46439448325772537,7
210.29999999998805,0.46697386470760927,7
210.39999999998804,0.46956591277508986,7
210.49999999998803,0.47237975309528174,7
210.59999999998803,0.47535756690541076,7
210.69999999998802,0.47780125425176806,7
210.79999999998802,0.48023546215544016,7
210.899999999988,0.48250178074949546,7
210.999999999988,0.48446894874780677,7
211.099999999988,0.4857970344485256,7
211.199999999988,0.48703056452860655,7
211.299999999988,0.4884035316016958,7
211.39999999998798,0.4904418068685903,7
211.49999999998798,0.49283872243772187,7
211.59999999998797,0.49519676262175,7
211.69999999998797,0.49747784733047545,7
211.79999999998796,0.49947643536835606,7
211.89999999998795,0.5014756185944929,7
211.99999999998795,0.5033708899518985,7
212.09999999998794,0.5051192236319029,7
212.19999999998794,0.5068949635387996,7
212.29999999998793,0.5087493831705163,7
212.39999999998793,0.5106001052053472,7
212.49999999998792,0.5124746895170949,7
212.59999999998792,0.5146398885869721,7
212.6999999999879,0.5167676084475044,7
212.7999999999879,0.518711789721212,7
212.8999999999879,0.5207830848797725,7
212.9999999999879,0.5228403198002706,7
213.0999999999879,0.5247055830843899,7
213.19999999998788,0.5265355882869936,7
213.29999999998788,0.5284007415281984,7
213.39999999998787,0.5302202356685246,7
213.49999999998786,0.5318328349551361,7
213.59999999998786,0.5333642274096879,7
213.69999999998785,0.5348964098607077,7
213.79999999998785,0.5363501628210846,7
213.89999999998784,0.53773876147506,7
213.99999999998784,0.5391179209692557,7
214.09999999998783,0.5402120552969956,7
214.19999999998782,0.5412809184370577,7
214.29999999998782,0.5422996749908896,7
214.3999999999878,0.5429559893097575,7
214.4999999999878,0.5439612311780443,7
214.5999999999878,0.54483072502314,7
214.6999999999878,0.5455303383597547,7
214.7999999999878,0.5466892296569315,7
214.89999999998778,0.5477001907385867,7
214.99999999998778,0.5485653169943049,7
215.09999999998777,0.5487558824167152,7
215.19999999998777,0.5486055018534811,7
215.29999999998776,0.5486794765834382,7
215.39999999998776,0.548743010138224,7
215.49999999998775,0.5488390332919854,7
215.59999999998774,0.5489036475075835,7
215.69999999998774,0.5488823573721263,7
215.79999999998773,0.5488195195270823,7
215.89999999998773,0.5483351394115276,7
215.99999999998772,0.5478020293323852,7
216.09999999998772,0.5471813032350586,7
216.1999999999877,0.5466482763621767,7
216.2999999999877,0.5461128116507356,7
216.3999999999877,0.5456157154498568,7
216.4999999999877,0.5451059340716219,7
216.5999999999877,0.5448890385385101,7
216.69999999998768,0.54473131903579,7
216.79999999998768,0.5445916122328959,7
216.89999999998767,0.5441681705546645,7
216.99999999998766,0.5437215785932299,7
217.09999999998766,0.5431543802230627,7
217.19999999998765,0.5429002491561875,7
217.29999999998765,0.5425260531917856,7
217.39999999998764,0.5420300505852316,7
217.49999999998764,0.5416584789246499,7
217.59999999998763,0.5414092692946463,7
217.69999999998763,0.5409640948392077,7
217.79999999998762,0.5405023910798759,7
217.8999999999876,0.539922953819212,7
217.9999999999876,0.5393789167243078,7
218.0999999999876,0.5391193511135082,7
218.1999999999876,0.5388147423365526,7
218.2999999999876,0.5385741513672294,7
218.39999999998759,0.5384373646884063,7
218.49999999998758,0.5384369092111483,7
218.59999999998757,0.5381367039226987,7
218.69999999998757,0.5377720218165642,7
218.79999999998756,0.5373414776032303,7
218.89999999998756,0.5368897789683118,7
218.99999999998755,0.5362667404553224,7
219.09999999998755,0.5354142152638328,7
219.19999999998754,0.534673832933517,7
219.29999999998753,0.5331119395651247,7
219.39999999998753,0.5314765374358685,7
219.49999999998752,0.5298026516975127,7
219.59999999998752,0.5280832486839905,7
219.6999999999875,0.5268908830703721,7
219.7999999999875,0.5257205707726198,7
219.8999999999875,0.5247573462428208,7
219.9999999999875,0.5239658928221975,7
220.0999999999875,0.5233276830269181,7
220.19999999998748,0.522687418022905,7
220.29999999998748,0.5220107841722352,7
220.39999999998747,0.5213410518716658,7
220.49999999998747,0.5204360936654265,7
220.59999999998746,0.5195356290642442,7
220.69999999998745,0.518718312275435,7
220.79999999998745,0.5183691294127591,7
220.89999999998744,0.5178560315039341,7
220.99999999998744,0.5174187383889385,7
221.09999999998743,0.5169777056567474,7
221.19999999998743,0.516538277449624,7
221.29999999998742,0.5160851028992441,7
221.39999999998741,0.5156812134732192,7
221.4999999999874,0.5154971655818416,7
221.5999999999874,0.5149303280923571,7
221.6999999999874,0.5142786300730114,7
221.7999999999874,0.513594115291876,7
221.8999999999874,0.5127732502665711,7
221.99999999998738,0.5120251110011147,7
222.09999999998738,0.5114852833501474,7
222.19999999998737,0.5109407782120178,7
222.29999999998736,0.5103977347499706,7
222.39999999998736,0.5098512799774239,7
222.49999999998735,0.5095239724916413,7
222.59999999998735,0.5092848794928024,7
222.69999999998734,0.5090391275743169,7
222.79999999998734,0.5088654425113092,7
222.89999999998733,0.508558257169007,7
222.99999999998732,0.5081881508434852,7
223.09999999998732,0.5078149014498886,7
223.1999999999873,0.5074557768392394,7
223.2999999999873,0.507093509160525,7
223.3999999999873,0.5069728126895644,7
223.4999999999873,0.506421017905683,7
223.5999999999873,0.505989110013099,7
223.69999999998728,0.5056788436582696,7
223.79999999998728,0.5053257145124089,7
223.89999999998727,0.5049550023484101,7
223.99999999998727,0.5041853902212408,7
224.09999999998726,0.5040567021522097,7
224.19999999998726,0.5038056746173913,7
224.29999999998725,0.5034420068848575,7
224.39999999998724,0.5031216077229231,7
224.49999999998724,0.5026499557580342,7
224.59999999998723,0.5021793615495993,7
224.69999999998723,0.5020990329064299,7
224.79999999998722,0.501953227899192,7
224.89999999998722,0.5021717944878945,7
224.9999999999872,0.5024000400717319,7
225.0999999999872,0.5025940908790699,7
225.1999999999872,0.5026896713345936,7
225.2999999999872,0.5027628891501885,7
225.3999999999872,0.5027477000432874,7
225.49999999998718,0.5026118089164735,7
225.59999999998718,0.502565501776358,7
225.69999999998717,0.5024798748992508,7
225.79999999998716,0.5023942290174422,7
225.89999999998716,0.5020899574597205,7
225.99999999998715,0.5017767572586815,7
226.09999999998715,0.5015953921734272,7
226.19999999998714,0.5013701477601668,7
226.29999999998714,0.5011848670200018,7
226.39999999998713,0.5010563900450979,7
226.49999999998712,0.5009097812739175,7
226.59999999998712,0.500549545922053,7
226.6999999999871,0.5000505271672182,7
226.7999999999871,0.499621362831777,7
226.8999999999871,0.49920435683209835,7
226.9999999999871,0.4987572839454718,7
227.0999999999871,0.49825755999825505,7
227.19999999998709,0.49772583755182925,7
227.29999999998708,0.49708016865529453,7
227.39999999998707,0.49632997200395623,7
227.49999999998707,0.495492368586108,7
227.59999999998706,0.4945842658403469,7
227.69999999998706,0.4938415189381661,7
227.79999999998705,0.49302470604395443,7
227.89999999998705,0.49217016634839367,7
227.99999999998704,0.4915341695382839,7
228.09999999998703,0.49106209052637045,7
228.19999999998703,0.4904758697940779,7
228.29999999998702,0.48993501349526547,7
228.39999999998702,0.4894366087621843,7
228.499999999987,0.48893752302095395,7
228.599999999987,0.48826326721810887,7
228.699999999987,0.4875835597039325,7
228.799999999987,0.4869487779236333,7
228.899999999987,0.486138206997986,7
228.99999999998698,0.4853300131608543,7
229.09999999998698,0.48445220537763495,7
229.19999999998697,0.4836559519963207,7
229.29999999998697,0.482899985474516,7
229.39999999998696,0.48228440347562074,7
229.49999999998695,0.4815429440882653,7
229.59999999998695,0.48106876011443495,7
229.69999999998694,0.47959717840841926,7
229.79999999998694,0.47804657621760255,7
229.89999999998693,0.4768474251456958,7
229.99999999998693,0.47563759670292377,7
230.09999999998692,0.47451732314029194,7
230.19999999998691,0.4733686089925208,7
230.2999999999869,0.4722553676938352,7
230.3999999999869,0.4711833696411721,7
230.4999999999869,0.4699001771665077,7
230.5999999999869,0.46864554263053443,7
230.6999999999869,0.46742481539489317,7
230.79999999998688,0.4662227893901677,7
230.89999999998687,0.46487117619105167,7
230.99999999998687,0.46445133901052715,7
231.09999999998686,0.4639295125741304,7
231.19999999998686,0.46386508794324477,7
231.29999999998685,0.46380159289871997,7
231.39999999998685,0.4637377612638071,7
231.49999999998684,0.4637234815523061,7
231.59999999998684,0.4637107265615351,7
231.69999999998683,0.463797279790004,7
231.79999999998682,0.4636756073842285,7
231.89999999998682,0.46385549008928784,7
231.9999999999868,0.4643886254952439,7
232.0999999999868,0.46493290730594167,7
232.1999999999868,0.46558170522105835,7
232.2999999999868,0.4662416495408839,7
232.3999999999868,0.46692444531680577,7
232.49999999998678,0.4679485095050901,7
232.59999999998678,0.4677839486074035,7
232.69999999998677,0.46705430877280685,7
232.79999999998677,0.46619622202778677,7
232.89999999998676,0.46534990399277365,7
232.99999999998676,0.46521283198472796,7
233.09999999998675,0.4653837420275467,7
233.19999999998674,0.46586372040795687,7
233.29999999998674,0.46678530517389916,7
233.39999999998673,0.46819217552333825,7
233.49999999998673,0.46984156185198794,7
233.59999999998672,0.4718868315069318,7
233.69999999998672,0.4731557435731229,7
233.7999999999867,0.47407821110955956,7
233.8999999999867,0.4749705769643742,7
233.9999999999867,0.4758385948813821,7
234.0999999999867,0.47694525717173253,7
234.1999999999867,0.478072606443571,7
234.29999999998668,0.4792197605613561,7
234.39999999998668,0.4804564339738772,7
234.49999999998667,0.48224670074916925,7
234.59999999998666,0.4840652827978809,7
234.69999999998666,0.48578658533038555,7
234.79999999998665,0.48749755797990807,7
234.89999999998665,0.48932536110251246,7
234.99999999998664,0.49120374457579097,7
235.09999999998664,0.4920302241345013,7
235.19999999998663,0.4940217033510525,7
235.29999999998662,0.496174145500689,7
235.39999999998662,0.49828781532763766,7
235.4999999999866,0.5004328584460863,7
235.5999999999866,0.5025178700651535,7
235.6999999999866,0.5037208015064559,7
235.7999999999866,0.5048895758094011,7
235.8999999999866,0.5060724084749167,7
235.99999999998658,0.5071744560902779,7
236.09999999998658,0.5091735688892316,7
236.19999999998657,0.5112015644198192,7
236.29999999998657,0.5133924710584449,7
236.39999999998656,0.5155739590017764,7
236.49999999998656,0.517851649648679,7
236.59999999998655,0.5201099153912514,7
236.69999999998655,0.522006521905652,7
236.79999999998654,0.5239028513086587,7
236.89999999998653,0.5256427285777863,7
236.99999999998653,0.5274334811629646,7
237.09999999998652,0.5293986705109999,7
237.19999999998652,0.531358174297869,7
237.2999999999865,0.5333213656259275,7
237.3999999999865,0.5352490768947581,7
237.4999999999865,0.5370387566222853,7
237.5999999999865,0.5388516330005859,7
237.6999999999865,0.5407394143991564,7
237.79999999998648,0.5426169956716892,7
237.89999999998648,0.5446529372635004,7
237.99999999998647,0.5464178214947991,7
238.09999999998647,0.5482179717671304,7
238.19999999998646,0.5499409904447005,7
238.29999999998645,0.5516769263673161,7
238.39999999998645,0.5533674095703259,7
238.49999999998644,0.5550441113923406,7
238.59999999998644,0.5564386727253737,7
238.69999999998643,0.5588073728146384,7
238.79999999998643,0.5611718209361738,7
238.89999999998642,0.563317327713518,7
238.99999999998641,0.5659347554890057,7
239.0999999999864,0.5673426961333007,7
239.1999999999864,0.5687235081544466,7
239.2999999999864,0.5700535924683418,7
239.3999999999864,0.5711629491294147,7
239.4999999999864,0.5722777129279633,7
239.59999999998638,0.573463227747159,7
239.69999999998637,0.574332120644055,7
239.79999999998637,0.5765201642625366,7
239.89999999998636,0.5788692097227178,7
239.99999999998636,0.5802620041564985,7
240.09999999998635,0.5816837744757486,7
240.19999999998635,0.5825280221620485,7
240.29999999998634,0.5833840210857852,7
240.39999999998633,0.5842505732221709,7
240.49999999998633,0.583946762504297,7
240.59999999998632,0.5836887392879234,7
240.69999999998632,0.5833235168883794,7
240.7999999999863,0.5831524610633937,7
240.8999999999863,0.5828844365363623,7
240.9999999999863,0.5823433243618218,7
241.0999999999863,0.5818556259360076,7
241.1999999999863,0.583087240847257,7
241.29999999998628,0.5840809227325632,7
241.39999999998628,0.5850677562924568,7
241.49999999998627,0.585822319199674,7
241.59999999998627,0.5875906636370221,7
241.69999999998626,0.589812275886981,7
241.79999999998626,0.5921510204297409,7
241.89999999998625,0.5947985594585161,7
241.99999999998624,0.5976768687844075,7
242.09999999998624,0.6006615531167112,7
242.19999999998623,0.6033470306165435,7
242.29999999998623,0.6057377367410595,7
242.39999999998622,0.6075388156675501,7
242.49999999998622,0.6091958268885553,7
242.5999999999862,0.6104595417115535,7
242.6999999999862,0.6105185557106138,7
242.7999999999862,0.610441718240588,7
242.8999999999862,0.6104551883526211,7
242.9999999999862,0.6106124296596617,7
243.09999999998618,0.6105752279310729,7
243.19999999998618,0.610622738640087,7
243.29999999998617,0.6107575195807146,7
243.39999999998616,0.613365857994179,7
243.49999999998616,0.6134186260670562,7
243.59999999998615,0.6133406781536435,7
243.69999999998615,0.6133310735238345,7
243.79999999998614,0.6133641023853007,7
243.89999999998614,0.6135268200026592,7
243.99999999998613,0.6137093409609012,7
244.09999999998612,0.617518332826685,7
244.19999999998612,0.6201554976588673,7
244.2999999999861,0.6224856824931588,7
244.3999999999861,0.6248468825325217,7
244.4999999999861,0.6271805353559838,7
244.5999999999861,0.6296882758219654,7
244.6999999999861,0.6329664106518234,7
244.79999999998608,0.6362039217174541,7
244.89999999998608,0.639400910364068,7
244.99999999998607,0.6427845294307293,7
245.09999999998607,0.6452796755848994,7
245.19999999998606,0.6476993250707366,7
245.29999999998606,0.6499514632862657,7
245.39999999998605,0.6522095802947213,7
245.49999999998604,0.6543520763615998,7
245.59999999998604,0.6565833865841775,7
245.69999999998603,0.659016624576699,7
245.79999999998603,0.6617390673875239,7
245.89999999998602,0.6645280525749788,7
245.99999999998602,0.6674585356743723,7
246.099999999986,0.6700980083240867,7
246.199999999986,0.6726472085806735,7
246.299999999986,0.6751825280007807,7
246.399999999986,0.6777056134598232,7
246.499999999986,0.6803580275365227,7
246.59999999998598,0.6830778253495918,7
246.69999999998598,0.6857006784385672,7
246.79999999998597,0.6886276299570966,7
246.89999999998597,0.691320280165476,7
246.99999999998596,0.6942942300229096,7
247.09999999998595,0.697309357364526,7
247.19999999998595,0.7004140398040352,7
247.29999999998594,0.7035018869856575,7
247.39999999998594,0.7065635968033135,7
247.49999999998593,0.7096077601344313,7
247.59999999998593,0.7122812434172866,7
247.69999999998592,0.7148797746250442,7
247.7999999999859,0.717453734561245,7
247.8999999999859,0.7200304881872439,7
247.9999999999859,0.722141214416452,7
248.0999999999859,0.7253836158505376,7
248.1999999999859,0.7286529939964206,7
248.29999999998589,0.731632406915368,7
248.39999999998588,0.7347761966246594,7
248.49999999998587,0.7379307012361461,7
248.59999999998587,0.7409958860752005,7
248.69999999998586,0.7445488685633198,7
248.79999999998586,0.7468123488410415,7
248.89999999998585,0.749086544020754,7
248.99999999998585,0.7510559792540062,7
249.09999999998584,0.7529994163100938,7
249.19999999998583,0.7550863699195981,7
249.29999999998583,0.7572082665759658,7
249.39999999998582,0.7575148985657191,7
249.49999999998582,0.7588813665607705,7
249.5999999999858,0.7602095075181425,7
249.6999999999858,0.7625047128008078,7
249.7999999999858,0.7648180394752163,7
249.8999999999858,0.7671464901041029,7
249.9999999999858,0.769481692838898,7
250.09999999998578,0.7718073042482478,7
250.19999999998578,0.7723553116594652,7
250.29999999998577,0.7730782449359624,7
250.39999999998577,0.7728510866418897,7
250.49999999998576,0.7727388122321083,7
250.59999999998576,0.7723988122925624,7
250.69999999998575,0.7720004610255647,7
250.79999999998574,0.7716233993164775,7
250.89999999998574,0.7717350727040458,7
250.99999999998573,0.771182693367356,7
251.09999999998573,0.7700475546020967,7
251.19999999998572,0.7689402295318418,7
251.29999999998572,0.7677565608467269,7
251.3999999999857,0.7669649752058149,7
251.4999999999857,0.7661818514176808,7
251.5999999999857,0.7654751513335627,7
251.6999999999857,0.7665312639509809,7
251.7999999999857,0.7682422977052404,7
251.89999999998568,0.770022687586098,7
251.99999999998568,0.7716322005477038,7
252.09999999998567,0.7736166904663542,7
252.19999999998566,0.7755173005765534,7
252.29999999998566,0.7773471651359607,7
252.39999999998565,0.7765152768098885,7
252.49999999998565,0.7775384598138916,7
252.59999999998564,0.7786058302471103,7
252.69999999998564,0.7797002030149857,7
252.79999999998563,0.780723427676075,7
252.89999999998562,0.7816176329422169,7
252.99999999998562,0.7824117603733923,7
253.0999999999856,0.7806281898879676,7
253.1999999999856,0.7787972073615702,7
253.2999999999856,0.7770729558387277,7
253.3999999999856,0.7755208178713987,7
253.4999999999856,0.7739268979630444,7
253.59999999998558,0.772174507783161,7
253.69999999998558,0.7706184868979165,7
253.79999999998557,0.7693006876858496,7
253.89999999998557,0.7678786343623648,7
253.99999999998556,0.7663204318255611,7
254.09999999998556,0.7648199832550986,7
254.19999999998555,0.7633697489927987,7
254.29999999998554,0.761901932237714,7
254.39999999998554,0.7603240388269378,7
254.49999999998553,0.7590819174569415,7
254.59999999998553,0.7577842422455378,7
254.69999999998552,0.7565632179700409,7
254.79999999998552,0.7553105827277596,7
254.8999999999855,0.7540448437123742,7
254.9999999999855,0.7526137990532735,7
255.0999999999855,0.7512956712700898,7
255.1999999999855,0.7500699326052701,7
255.2999999999855,0.7488551695330108,7
255.39999999998548,0.7479149606305444,7
255.49999999998548,0.7467995340402238,7
255.59999999998547,0.7457261121954434,7
255.69999999998547,0.7449082476169571,7
255.79999999998546,0.7434640014146237,7
255.89999999998545,0.7424713604525534,7
255.99999999998545,0.7418918498131,7
256.09999999998547,0.7412993167443326,7
256.19999999998544,0.7407395316781796,7
256.2999999999854,0.7401991608222692,7
256.3999999999854,0.7396408420432579,7
256.49999999998545,0.739115124320331,7
256.5999999999854,0.7390268597699355,7
256.6999999999854,0.7390321295949835,7
256.7999999999854,0.7389794676644642,7
256.8999999999854,0.7388684758557388,7
256.9999999999854,0.7390534871439955,7
257.09999999998536,0.7391776843783251,7
257.1999999999854,0.739302037148927,7
257.2999999999854,0.7398192425439216,7
257.39999999998537,0.7403425309958269,7
257.49999999998533,0.7408552600818419,7
257.59999999998536,0.7414051306383577,7
257.6999999999854,0.7417583566346241,7
257.79999999998535,0.7420977443698636,7
257.8999999999853,0.7423542154071125,7
257.99999999998533,0.743084228188173,7
258.09999999998536,0.743844593418219,7
258.1999999999853,0.7445718819946193,7
258.2999999999853,0.7452643830604521,7
258.3999999999853,0.7477735023540418,7
258.49999999998533,0.7502476582984252,7
258.5999999999853,0.7526748837925459,7
258.69999999998527,0.7541343316126874,7
258.7999999999853,0.7555962352722082,7
258.8999999999853,0.7570558834019602,7
258.9999999999853,0.7585938858493334,7
259.09999999998524,0.760216351393202,7
259.19999999998527,0.7618251203178261,7
259.2999999999853,0.7633335166392665,7
259.39999999998525,0.7657404278408108,7
259.4999999999852,0.7680219376997045,7
259.59999999998524,0.7705775388763757,7
259.69999999998527,0.7731871056199925,7
259.79999999998523,0.7758735032039557,7
259.8999999999852,0.7778513405392041,7
259.9999999999852,0.7799231904331647,7
260.09999999998524,0.782091028340669,7
260.1999999999852,0.7842297769898482,7
260.2999999999852,0.786359185294331,7
260.3999999999852,0.7879872425993121,7
260.4999999999852,0.7896059595595271,7
260.5999999999852,0.7911800837238105,7
260.69999999998515,0.7928818599869997,7
260.7999999999852,0.7944858405661409,7
260.8999999999852,0.7960505379641551,7
260.99999999998516,0.7975220461278987,7
261.09999999998513,0.7986660712288408,7
261.19999999998515,0.7997382682701539,7
261.2999999999852,0.8009858434404953,7
261.39999999998514,0.8022703782370796,7
261.4999999999851,0.8039098723473789,7
261.59999999998513,0.8057630905834072,7
261.69999999998515,0.8073438088126534,7
261.7999999999851,0.8089446805201216,7
261.8999999999851,0.8105365217293866,7
261.9999999999851,0.8121323983499149,7
262.09999999998513,0.8133334846602052,7
262.1999999999851,0.814972433066142,7
262.29999999998506,0.8165125136716063,7
262.3999999999851,0.8180911588100112,7
262.4999999999851,0.8195607974643471,7
262.5999999999851,0.820910129127843,7
262.69999999998504,0.8220522371709028,7
262.79999999998506,0.8226705424078905,7
262.8999999999851,0.8234120761693356,7
262.99999999998505,0.8241573951507134,7
263.099999999985,0.8248493612708195,7
263.19999999998504,0.8254559506123441,7
263.29999999998506,0.8258353861544225,7
263.399999999985,0.8263583872693577,7
263.499999999985,0.8266619294531001,7
263.599999999985,0.8270487655008522,7
263.69999999998504,0.8274692461497448,7
263.799999999985,0.8277181555061403,7
263.89999999998497,0.8280535146948912,7
263.999999999985,0.8285113945408594,7
264.099999999985,0.8288029303748539,7
264.199999999985,0.8285084531389499,7
264.29999999998495,0.8280380776321488,7
264.39999999998497,0.8272977481177933,7
264.499999999985,0.8267372364535535,7
264.59999999998496,0.826107334396122,7
264.6999999999849,0.8251571614196667,7
264.79999999998495,0.8245683625772363,7
264.89999999998497,0.8232561650889094,7
264.99999999998494,0.821501599011082,7
265.0999999999849,0.819672929831935,7
265.1999999999849,0.8177128259613035,7
265.29999999998495,0.8156345939263291,7
265.3999999999849,0.8135030434995397,7
265.4999999999849,0.8113740596733093,7
265.5999999999849,0.8095534968855466,7
265.6999999999849,0.8076582828864097,7
265.7999999999849,0.8058756004820437,7
265.89999999998486,0.804158509567331,7
265.9999999999849,0.8021454155556397,7
266.0999999999849,0.8002946135103768,7
266.19999999998487,0.7984827276801943,7
266.29999999998483,0.796594050931269,7
266.39999999998486,0.7952720503618197,7
266.4999999999849,0.7939699485531416,7
266.59999999998485,0.7923591953906595,7
266.6999999999848,0.7908389185412384,7
266.79999999998483,0.788849195562192,7
266.89999999998486,0.7869316743788899,7
266.9999999999848,0.7848435359282294,7
267.0999999999848,0.7826891614860969,7
267.1999999999848,0.780629076341854,7
267.29999999998483,0.7783359704761089,7
267.3999999999848,0.7760399682323431,7
267.49999999998477,0.7739355424182837,7
267.5999999999848,0.7718378692273183,7
267.6999999999848,0.769762722945709,7
267.7999999999848,0.7676469860294154,7
267.89999999998474,0.7655127251782644,7
267.99999999998477,0.7632841171700528,7
268.0999999999848,0.7606725267034531,7
268.19999999998475,0.7583243783418018,7
268.2999999999847,0.7560242588243906,7
268.39999999998474,0.7537520746870386,7
268.49999999998477,0.7515047526000295,7
268.59999999998473,0.7492873748455571,7
268.6999999999847,0.7470823359013432,7
268.7999999999847,0.7447315413536248,7
268.89999999998474,0.7425913046017246,7
268.9999999999847,0.7405211036840154,7
269.0999999999847,0.7386589558608243,7
269.1999999999847,0.7365664183167091,7
269.2999999999847,0.7345172529852972,7
269.3999999999847,0.732475600661745,7
269.49999999998465,0.7304610855592027,7
269.5999999999847,0.7284017904789113,7
269.6999999999847,0.7259760160433762,7
269.79999999998466,0.7235798915964426,7
269.89999999998463,0.7212241961609996,7
269.99999999998465,0.7190350425333812,7
270.0999999999847,0.7169725110067128,7
270.19999999998464,0.7150045494804662,7
270.2999999999846,0.7129738053159771,7
270.39999999998463,0.7110610575924736,7
270.49999999998465,0.7089593071658514,7
270.5999999999846,0.7067328283201934,7
270.6999999999846,0.7046236778413174,7
270.7999999999846,0.7025608773666887,7
270.89999999998463,0.7005070813585695,7
270.9999999999846,0.6985205579428602,7
271.09999999998456,0.6970030300958766,7
271.1999999999846,0.6950850836398856,7
271.2999999999846,0.6935058075635541,7
271.3999999999846,0.6915922558956068,7
271.49999999998454,0.6898541008907533,7
271.59999999998456,0.6882834384413469,7
271.6999999999846,0.6868372486280149,7
271.79999999998455,0.6856861002497426,7
271.8999999999845,0.6845552181336914,7
271.99999999998454,0.683442733452784,7
272.09999999998456,0.6823990267506375,7
272.1999999999845,0.6813157142257721,7
272.2999999999845,0.680515038949505,7
272.3999999999845,0.6797385016763489,7
272.49999999998454,0.6787823943246504,7
272.5999999999845,0.6778082250309546,7
272.69999999998447,0.6766868975600541,7
272.7999999999845,0.675558968551904,7
272.8999999999845,0.6743756070802871,7
272.9999999999845,0.6730420045005453,7
273.09999999998445,0.671851140800519,7
273.19999999998447,0.6711620039370959,7
273.2999999999845,0.6706474678326296,7
273.39999999998446,0.6700614540605558,7
273.4999999999844,0.6694754402884715,7
273.59999999998445,0.6688894265163867,7
273.69999999998447,0.6683403718355982,7
273.79999999998444,0.6677854538443856,7
273.8999999999844,0.6676897322594062,7
273.9999999999844,0.667574862732118,7
274.09999999998445,0.6674667571974007,7
274.1999999999844,0.6673539053048873,7
274.2999999999844,0.6672608163851061,7
274.3999999999844,0.6669504973143319,7
274.4999999999844,0.6666376116429582,7
274.5999999999844,0.6659926522716325,7
274.69999999998436,0.665313722575161,7
274.7999999999844,0.6646609930572751,7
274.8999999999844,0.664139793242602,7
274.99999999998437,0.6636154161298018,7
275.09999999998433,0.6629016428497726,7
275.19999999998436,0.6621924535631283,7
275.2999999999844,0.6614256167312033,7
275.39999999998435,0.6598962977273478,7
275.4999999999843,0.6583731246050002,7
275.59999999998433,0.6571846474787691,7
275.69999999998436,0.6560954895042624,7
275.7999999999843,0.6554522766208921,7
275.8999999999843,0.6547574799174972,7
275.9999999999843,0.6540428364302072,7
276.09999999998433,0.6533944241899546,7
276.1999999999843,0.652601384726086,7
276.29999999998427,0.6521165934648228,7
276.3999999999843,0.6514439194070553,7
276.4999999999843,0.6506531752421988,7
276.5999999999843,0.6498448518984163,7
276.69999999998424,0.6490213490017477,7
276.79999999998427,0.6482213950686176,7
276.8999999999843,0.6473188449668816,7
276.99999999998425,0.6465586060569336,7
277.0999999999842,0.6461081917522077,7
277.19999999998424,0.645382949948889,7
277.29999999998427,0.6446545294815167,7
277.39999999998423,0.6438899383155209,7
277.4999999999842,0.6430532200597423,7
277.5999999999842,0.6421145520685546,7
277.69999999998424,0.6411440686948845,7
277.7999999999842,0.6403475889449851,7
277.8999999999842,0.6392635079721554,7
277.9999999999842,0.6381235605819897,7
278.0999999999842,0.6367957810606687,7
278.1999999999842,0.6356996668235225,7
278.29999999998415,0.6345030782580942,7
278.3999999999842,0.633393263831637,7
278.4999999999842,0.6322771521904073,7
278.59999999998416,0.6313788625099077,7
278.69999999998413,0.6305672769252161,7
278.79999999998415,0.6297269198438524,7
278.8999999999842,0.6287851349459325,7
278.99999999998414,0.6277254162779916,7
279.0999999999841,0.626416892403784,7
279.19999999998413,0.6250847939595898,7
279.29999999998415,0.6239661202342577,7
279.3999999999841,0.6229254203037683,7
279.4999999999841,0.6219852473528508,7
279.5999999999841,0.6210333832228647,7
279.69999999998413,0.619834877441133,7
279.7999999999841,0.6185819603948594,7
279.89999999998406,0.6173287073046589,7
