elapsed_seconds,average_HRV_LFHF,files_in_average
0.0,0.48755792319763336,5
0.09999999999999432,0.4872532710624756,5
0.19999999999998863,0.48705538959235595,5
0.29999999999998295,0.4869564666285294,5
0.39999999999997726,0.4853780599520066,5
0.4999999999999716,0.4843257888343243,5
0.5999999999999659,0.4812382739030497,5
0.6999999999999602,0.47856833018364336,5
0.7999999999999545,0.47611122307879244,5
0.8999999999999488,0.4734701389456123,5
0.9999999999999432,0.471309233099371,5
1.0999999999999375,0.46931921420277634,5
1.1999999999999318,0.466791830624007,5
1.299999999999926,0.46462551663577745,5
1.3999999999999204,0.4627129864693803,5
1.4999999999999147,0.46103950962940593,5
1.599999999999909,0.4583863213171183,5
1.6999999999999034,0.455699684612301,5
1.7999999999998977,0.452824573563945,5
1.899999999999892,0.44990098000479134,5
1.9999999999998863,0.44731930981748225,5
2.0999999999998806,0.4449723369199286,5
2.199999999999875,0.4428294486221622,5
2.2999999999998693,0.44114701495467745,5
2.3999999999998636,0.4382198589380854,5
2.499999999999858,0.435186691040923,5
2.599999999999852,0.43239764669120834,5
2.6999999999998465,0.42980781979504473,5
2.799999999999841,0.4272341652930036,5
2.899999999999835,0.4248450956563191,5
2.9999999999998295,0.4226362097070891,5
3.099999999999824,0.4203622119550364,5
3.199999999999818,0.4180257288947293,5
3.2999999999998124,0.4156175297227594,5
3.3999999999998067,0.41314382582103615,5
3.499999999999801,0.4106699545510982,5
3.5999999999997954,0.4082833891968306,5
3.6999999999997897,0.40584068529701434,5
3.799999999999784,0.4033461612013066,5
3.8999999999997783,0.400957338625783,5
3.9999999999997726,0.3986873879374941,5
4.099999999999767,0.39620010959203916,5
4.199999999999761,0.3932891292340052,5
4.299999999999756,0.3905200347589447,5
4.39999999999975,0.3878766062853021,5
4.499999999999744,0.38580258900532305,5
4.5999999999997385,0.38334655220131586,5
4.699999999999733,0.3810107817052443,5
4.799999999999727,0.3791454816734686,5
4.8999999999997215,0.37737200782642394,5
4.999999999999716,0.37536289986127774,5
5.09999999999971,0.3734164994207501,5
5.199999999999704,0.3715842713718354,5
5.299999999999699,0.3703456807341844,5
5.399999999999693,0.3690571644259956,5
5.499999999999687,0.3677951600985303,5
5.599999999999682,0.3665425600709074,5
5.699999999999676,0.3652988779138247,5
5.79999999999967,0.3640636601762376,5
5.899999999999665,0.3629092972044873,5
5.999999999999659,0.36180802234968834,5
6.099999999999653,0.36076190921472756,5
6.199999999999648,0.3598593234123636,5
6.299999999999642,0.3589975216415707,5
6.399999999999636,0.3581746215624302,5
6.4999999999996305,0.357839617669163,5
6.599999999999625,0.3575146138921145,5
6.699999999999619,0.3571991690496851,5
6.7999999999996135,0.3569661569783077,5
6.899999999999608,0.3567443596531298,5
6.999999999999602,0.3565288101399288,5
7.099999999999596,0.356136366104343,5
7.199999999999591,0.35575467396014243,5
7.299999999999585,0.355014533158753,5
7.399999999999579,0.35429412944539906,5
7.499999999999574,0.35366709315774814,5
7.599999999999568,0.3530580249031316,5
7.699999999999562,0.3523120771712918,5
7.799999999999557,0.35158499791741293,5
7.899999999999551,0.35129102193704403,5
7.999999999999545,0.35087772236936615,5
8.09999999999954,0.3504744875996225,5
8.199999999999534,0.3501095048006742,5
8.299999999999528,0.34997955837768124,5
8.399999999999523,0.34996849874809055,5
8.499999999999517,0.34996638337260993,5
8.599999999999511,0.3499643166264507,5
8.699999999999505,0.3499622968517952,5
8.7999999999995,0.3497331254776864,5
8.899999999999494,0.34983056694293935,5
8.999999999999488,0.34839662176686903,5
9.099999999999483,0.3469694466382388,5
9.199999999999477,0.3455416337124888,5
9.299999999999471,0.3441533069650261,5
9.399999999999466,0.3428238139209707,5
9.49999999999946,0.34153368307185905,5
9.599999999999454,0.34047361183276564,5
9.699999999999449,0.33941408409981055,5
9.799999999999443,0.33850609679590826,5
9.899999999999437,0.33767589600864645,5
9.999999999999432,0.33683521705608943,5
10.099999999999426,0.33606365051189463,5
10.19999999999942,0.3354166681973226,5
10.299999999999415,0.3347460120651516,5
10.399999999999409,0.33415737482498065,5
10.499999999999403,0.33365055330772353,5
10.599999999999397,0.3330125984466057,5
10.699999999999392,0.33258540580511353,5
10.799999999999386,0.3322577052295875,5
10.89999999999938,0.3320046699019799,5
10.999999999999375,0.3317409996262971,5
11.099999999999369,0.33136762172888423,5
11.199999999999363,0.33121748413187646,5
11.299999999999358,0.33099217837341244,5
11.399999999999352,0.3314729208506533,5
11.499999999999346,0.3320048508403446,5
11.59999999999934,0.33281107957288014,5
11.699999999999335,0.333680519597141,5
11.79999999999933,0.33476281711432926,5
11.899999999999324,0.3358325805880936,5
11.999999999999318,0.3368385959234984,5
12.099999999999312,0.3379086503993148,5
12.199999999999307,0.33904395136096294,5
12.2999999999993,0.3402252184077719,5
12.399999999999295,0.3414882739026929,5
12.49999999999929,0.3428541990658085,5
12.599999999999284,0.3442870382371289,5
12.699999999999278,0.34558653879057616,5
12.799999999999272,0.3465354056491684,5
12.899999999999267,0.34749272792313646,5
12.999999999999261,0.3484874256995498,5
13.099999999999255,0.3499444795702008,5
13.19999999999925,0.3516592416989847,5
13.299999999999244,0.3533546703918103,5
13.399999999999238,0.35508275801462363,5
13.499999999999233,0.3565539921679517,5
13.599999999999227,0.3582440018093106,5
13.699999999999221,0.3598185087454201,5
13.799999999999216,0.3614634677508781,5
13.89999999999921,0.36279867289600143,5
13.999999999999204,0.36435051048366396,5
14.099999999999199,0.3659107639007736,5
14.199999999999193,0.36747383884106605,5
14.299999999999187,0.3687434154211183,5
14.399999999999181,0.3699648770226745,5
14.499999999999176,0.371126432120958,5
14.59999999999917,0.37231007570328434,5
14.699999999999164,0.3734995680166081,5
14.799999999999159,0.3747524701687917,5
14.899999999999153,0.3759789184268088,5
14.999999999999147,0.37712977622538724,5
15.099999999999142,0.37826710650262757,5
15.199999999999136,0.3793136846455502,5
15.29999999999913,0.3801695896344089,5
15.399999999999125,0.3808562482983591,5
15.499999999999119,0.38118213881404645,5
15.599999999999113,0.38148676504934925,5
15.699999999999108,0.3817701270042705,5
15.799999999999102,0.38197603610639125,5
15.899999999999096,0.38215713639378346,5
15.99999999999909,0.3824021147727731,5
16.099999999999085,0.382741889827711,5
16.19999999999908,0.3829971709527275,5
16.299999999999073,0.3834468790652738,5
16.399999999999068,0.3838965871778218,5
16.499999999999062,0.3842834606578512,5
16.599999999999056,0.3846928331732968,5
16.69999999999905,0.38523695899730165,5
16.799999999999045,0.3857810991069156,5
16.89999999999904,0.38579134195734205,5
16.999999999999034,0.3859155088359062,5
17.099999999999028,0.386294006849573,5
17.199999999999022,0.3865840855159561,5
17.299999999999017,0.38665591964787094,5
17.39999999999901,0.3866183595065273,5
17.499999999999005,0.38658584519388905,5
17.599999999999,0.3863761165314219,5
17.699999999998994,0.3861880396165214,5
17.799999999998988,0.3863702170439151,5
17.899999999998983,0.3862711271609033,5
17.999999999998977,0.3861720372778886,5
18.09999999999897,0.38603872964260955,5
18.199999999998965,0.3859092708297299,5
18.29999999999896,0.3855999831729222,5
18.399999999998954,0.3853371547982393,5
18.49999999999895,0.38503496422861383,5
18.599999999998943,0.3847961604876854,5
18.699999999998937,0.3845883072424823,5
18.79999999999893,0.38432579207483875,5
18.899999999998926,0.38408909485185516,5
18.99999999999892,0.3836117146389616,5
19.099999999998914,0.38299168973351044,5
19.19999999999891,0.38236892258356214,5
19.299999999998903,0.3818239059663176,5
19.399999999998897,0.3815273694941331,5
19.49999999999889,0.38113977125165577,5
19.599999999998886,0.38109630299008934,5
19.69999999999888,0.380853790901792,5
19.799999999998875,0.3806020304648873,5
19.89999999999887,0.38040028289385236,5
19.999999999998863,0.38027213221182954,5
20.099999999998857,0.38030370201740704,5
20.19999999999885,0.3801371494198875,5
20.299999999998846,0.3799677156791115,5
20.39999999999884,0.3794724961822936,5
20.499999999998835,0.37900120173853946,5
20.59999999999883,0.37827134500288545,5
20.699999999998823,0.37746129228911934,5
20.799999999998818,0.3765050341895856,5
20.899999999998812,0.3754136706768896,5
20.999999999998806,0.3744405360367136,5
21.0999999999988,0.37351482229551586,5
21.199999999998795,0.3725534458484407,5
21.29999999999879,0.3716251179152833,5
21.399999999998784,0.3706939911327397,5
21.499999999998778,0.36965493707213115,5
21.599999999998772,0.3687588459967082,5
21.699999999998766,0.3681037653212488,5
21.79999999999876,0.36797522074072886,5
21.899999999998755,0.36806656978215535,5
21.99999999999875,0.3681443159952116,5
22.099999999998744,0.36791846125588645,5
22.199999999998738,0.36769260651655744,5
22.299999999998732,0.36753921015747004,5
22.399999999998727,0.3674041461925941,5
22.49999999999872,0.36721123106085163,5
22.599999999998715,0.36713470642255075,5
22.69999999999871,0.3671847688898014,5
22.799999999998704,0.3669601402681694,5
22.8999999999987,0.36708449687660993,5
22.999999999998693,0.36705695416133494,5
23.099999999998687,0.367029411446058,5
23.19999999999868,0.3670495184725679,5
23.299999999998676,0.367235743302217,5
23.39999999999867,0.36753527310877415,5
23.499999999998664,0.3680321710726123,5
23.59999999999866,0.3686073413600744,5
23.699999999998653,0.3691833282108833,5
23.799999999998647,0.3697635061670662,5
23.89999999999864,0.3703652887069119,5
23.999999999998636,0.37133034935758163,5
24.09999999999863,0.37229541000825633,5
24.199999999998624,0.3729431024625385,5
24.29999999999862,0.37377252355514756,5
24.399999999998613,0.374907522969002,5
24.499999999998607,0.3761725031349413,5
24.5999999999986,0.37769129217037517,5
24.699999999998596,0.3794521199380411,5
24.79999999999859,0.38126812084683426,5
24.899999999998585,0.383222521393768,5
24.99999999999858,0.38506635594491934,5
25.099999999998573,0.3875853922829583,5
25.199999999998568,0.3901889225509289,5
25.299999999998562,0.3928234812003909,5
25.399999999998556,0.39558035362672805,5
25.49999999999855,0.3983372260530671,5
25.599999999998545,0.4011283718070591,5
25.69999999999854,0.40408982818889855,5
25.799999999998533,0.4070747913883597,5
25.899999999998528,0.41030475760138874,5
25.999999999998522,0.41353472381442125,5
26.099999999998516,0.41720358443928296,5
26.19999999999851,0.4209382508026779,5
26.299999999998505,0.4251581065012136,5
26.3999999999985,0.4293779621997566,5
26.499999999998494,0.4336414273913067,5
26.599999999998488,0.43823799726933615,5
26.699999999998482,0.44273153288219325,5
26.799999999998477,0.4479207334773402,5
26.89999999999847,0.4528664858375878,5
26.999999999998465,0.45781223819783146,5
27.09999999999846,0.46279220831033935,5
27.199999999998454,0.4678064898278114,5
27.299999999998448,0.47302066329027437,5
27.399999999998442,0.47896903679647085,5
27.499999999998437,0.48509410547586623,5
27.59999999999843,0.49114171966518444,5
27.699999999998425,0.4972236452594652,5
27.79999999999842,0.5032810521732963,5
27.899999999998414,0.5093442103029344,5
27.99999999999841,0.5158615769950126,5
28.099999999998403,0.52261698211715,5
28.199999999998397,0.5297072912322542,5
28.29999999999839,0.5361392868378856,5
28.399999999998386,0.5422466264136598,5
28.49999999999838,0.5480284360230472,5
28.599999999998374,0.5534529950211978,5
28.69999999999837,0.5585649860853931,5
28.799999999998363,0.5633197265383517,5
28.899999999998357,0.5676971442373517,5
28.99999999999835,0.5728164740560313,5
29.099999999998346,0.5779855258888744,5
29.19999999999834,0.5831015520603456,5
29.299999999998334,0.5882204593750704,5
29.39999999999833,0.5933422478330497,5
29.499999999998323,0.6003025201041533,5
29.599999999998317,0.6074787345660122,5
29.69999999999831,0.6143453442174688,5
29.799999999998306,0.6215859064242799,5
29.8999999999983,0.6285193976552442,5
29.999999999998295,0.6361229996486074,5
30.09999999999829,0.6438125175126974,5
30.199999999998283,0.6514742195970349,5
30.299999999998278,0.6591494071729025,5
30.399999999998272,0.6668380802403017,5
30.499999999998266,0.6745733849875685,5
30.59999999999826,0.682131380718089,5
30.699999999998255,0.6899486309346344,5
30.79999999999825,0.6957975315035652,5
30.899999999998244,0.7013818929673791,5
30.999999999998238,0.7069948230106136,5
31.099999999998232,0.7124457392875916,5
31.199999999998226,0.7179626146820499,5
31.29999999999822,0.724990151888914,5
31.399999999998215,0.7319654002036773,5
31.49999999999821,0.7391280372374899,5
31.599999999998204,0.7459676461377942,5
31.699999999998198,0.7528819895599469,5
31.799999999998192,0.7599003067734544,5
31.899999999998187,0.7667847585783047,5
31.99999999999818,0.7736713717363998,5
32.099999999998175,0.7805579848944952,5
32.19999999999817,0.7861300665336696,5
32.299999999998164,0.791948145247895,5
32.39999999999816,0.7985424904887657,5
32.49999999999815,0.80524690861767,5
32.59999999999815,0.8119143537245153,5
32.69999999999814,0.8173634657223795,5
32.799999999998136,0.8227670652600316,5
32.89999999999813,0.8279795285128527,5
32.999999999998124,0.832421305088636,5
33.09999999999812,0.8368630816644048,5
33.19999999999811,0.8431404386140047,5
33.29999999999811,0.8494205869869302,5
33.3999999999981,0.855555458847788,5
33.499999999998096,0.8615816142369441,5
33.59999999999809,0.8667927009898092,5
33.699999999998084,0.8719518211483906,5
33.79999999999808,0.877183671467488,5
33.89999999999807,0.8822983864288284,5
33.99999999999807,0.886553532210878,5
34.09999999999806,0.8900932538079814,5
34.199999999998056,0.8932325290775479,5
34.29999999999805,0.8964495554771993,5
34.399999999998045,0.8995442680999775,5
34.49999999999804,0.9026431084458941,5
34.59999999999803,0.9069540172626118,5
34.69999999999803,0.9110240815989403,5
34.79999999999802,0.9151841539403913,5
34.899999999998016,0.9196414143434766,5
34.99999999999801,0.9240827320853544,5
35.099999999998005,0.9270369285190169,5
35.199999999998,0.930034993800945,5
35.29999999999799,0.9326024290112317,5
35.39999999999799,0.9352174355058956,5
35.49999999999798,0.9387407308531619,5
35.599999999997976,0.9423118274961896,5
35.69999999999797,0.9454393165262303,5
35.799999999997965,0.9472735091118102,5
35.89999999999796,0.949319116146168,5
35.999999999997954,0.9513647231805301,5
36.09999999999795,0.953410330214892,5
36.19999999999794,0.9545653213940166,5
36.29999999999794,0.9556947415111416,5
36.39999999999793,0.9562503941048714,5
36.499999999997925,0.9566293515254026,5
36.59999999999792,0.9577094345823685,5
36.699999999997914,0.9587552062343863,5
36.79999999999791,0.9595398059500996,5
36.8999999999979,0.9605810739181819,5
36.9999999999979,0.9614192967802582,5
37.09999999999789,0.9621182486997675,5
37.199999999997885,0.9625223863468955,5
37.29999999999788,0.9635890897919088,5
37.399999999997874,0.9647381833460879,5
37.49999999999787,0.9662278807916758,5
37.59999999999786,0.9681404413866777,5
37.69999999999786,0.970454893130561,5
37.79999999999785,0.9731525223564133,5
37.899999999997846,0.9762036146534726,5
37.99999999999784,0.9784611726987027,5
38.099999999997834,0.9806604288175302,5
38.19999999999783,0.983016928104871,5
38.29999999999782,0.9850815867299602,5
38.39999999999782,0.9871629238771688,5
38.49999999999781,0.9876421224109423,5
38.599999999997806,0.9879004874919548,5
38.6999999999978,0.9888020775625609,5
38.799999999997794,0.989229105237875,5
38.89999999999779,0.9901065073794305,5
38.99999999999778,0.990382734096696,5
39.09999999999778,0.9906115879478575,5
39.19999999999777,0.990912118361891,5
39.299999999997766,0.9912670846800873,5
39.39999999999776,0.9916085655067544,5
39.499999999997755,0.9919908864906463,5
39.59999999999775,0.9924904105238312,5
39.69999999999774,0.992727829404585,5
39.79999999999774,0.994903055208125,5
39.89999999999773,0.997313188548695,5
39.999999999997726,0.9996574688080757,5
40.09999999999772,1.0022419508085147,5
40.199999999997715,1.0047604736914764,5
40.29999999999771,1.0057105318384831,5
40.3999999999977,1.0067264354749286,5
40.4999999999977,1.0076373654957753,5
40.59999999999769,1.0087617454704516,5
40.69999999999769,1.0086178965755197,5
40.79999999999768,1.0096790628061532,5
40.899999999997675,1.0108313483193612,5
40.99999999999767,1.0120517702381284,5
41.099999999997664,1.013254287060197,5
41.19999999999766,1.01639259536063,5
41.29999999999765,1.0197925336093825,5
41.39999999999765,1.0231047624356147,5
41.49999999999764,1.0261228803194844,5
41.599999999997635,1.0289548374807027,5
41.69999999999763,1.0328935946162066,5
41.799999999997624,1.0348279706249819,5
41.89999999999762,1.036783851197813,5
41.99999999999761,1.0390643742237795,5
42.09999999999761,1.0433598224387697,5
42.1999999999976,1.0460196930176815,5
42.299999999997596,1.0464740991567982,5
42.39999999999759,1.0467662946089769,5
42.499999999997584,1.047167860818286,5
42.59999999999758,1.0483195847281128,5
42.69999999999757,1.049413290053717,5
42.79999999999757,1.050779617791508,5
42.89999999999756,1.0523067891489635,5
42.999999999997556,1.0549010612095508,5
43.09999999999755,1.0577479082190062,5
43.199999999997544,1.0613327884651813,5
43.29999999999754,1.064780543098601,5
43.39999999999753,1.0706741674913045,5
43.49999999999753,1.076571632632064,5
43.59999999999752,1.0812067868993371,5
43.699999999997516,1.085923198250208,5
43.79999999999751,1.0905394075875958,5
43.899999999997505,1.0918768763807727,5
43.9999999999975,1.0935533615939013,5
44.09999999999749,1.0959217336218716,5
44.19999999999749,1.0981893627196526,5
44.29999999999748,1.1004042324080863,5
44.399999999997476,1.1019191859651385,5
44.49999999999747,1.1024637062607467,5
44.599999999997465,1.1033422404330442,5
44.69999999999746,1.104740576610985,5
44.79999999999745,1.1065857743605219,5
44.89999999999745,1.1084083966798215,5
44.99999999999744,1.1102965093186774,5
45.099999999997436,1.1121781437761318,5
45.19999999999743,1.1161660234545712,5
45.299999999997425,1.120119924125864,5
45.39999999999742,1.1238924911189696,5
45.499999999997414,1.1272108637740763,5
45.59999999999741,1.129339605049779,5
45.6999999999974,1.1295660743743703,5
45.7999999999974,1.1294547917126334,5
45.89999999999739,1.130054281828642,5
45.999999999997385,1.1306556335492066,5
46.09999999999738,1.131256985269771,5
46.199999999997374,1.1318194244987496,5
46.29999999999737,1.1323247096519808,5
46.39999999999736,1.1327487819250546,5
46.49999999999736,1.132786032282,5
46.59999999999735,1.1327680956783601,5
46.699999999997345,1.1328470413379343,5
46.79999999999734,1.1317614595332768,5
46.899999999997334,1.130650901774467,5
46.99999999999733,1.1295153680615357,5
47.09999999999732,1.1287643632834898,5
47.19999999999732,1.1278852003300044,5
47.29999999999731,1.1273188524707545,5
47.399999999997306,1.127499807028328,5
47.4999999999973,1.127620552497169,5
47.599999999997294,1.1270243601595091,5
47.69999999999729,1.1254468229714105,5
47.79999999999728,1.1239567613491004,5
47.89999999999728,1.1224678769557888,5
47.99999999999727,1.1208466036564628,5
48.099999999997266,1.1191328775460885,5
48.19999999999726,1.117472007618117,5
48.299999999997254,1.1156277741707386,5
48.39999999999725,1.113807319728285,5
48.49999999999724,1.111959489203712,5
48.59999999999724,1.109706659023513,5
48.69999999999723,1.1074100122460866,5
48.799999999997226,1.1050620130508633,5
48.89999999999722,1.1029186094589818,5
48.999999999997215,1.1007870427143707,5
49.09999999999721,1.098733149124743,5
49.1999999999972,1.0966936804294165,5
49.2999999999972,1.0946542069212812,5
49.39999999999719,1.0922536883342737,5
49.499999999997186,1.0894177068169024,5
49.59999999999718,1.0866642051949034,5
49.699999999997175,1.085150009381134,5
49.79999999999717,1.0823268246504578,5
49.89999999999716,1.0795651375833593,5
49.99999999999716,1.0770099111000733,5
50.09999999999715,1.0748588766935006,5
50.19999999999715,1.0720651799000689,5
50.29999999999714,1.0685848064364327,5
50.399999999997135,1.064390383490623,5
50.49999999999713,1.0602637103612504,5
50.599999999997124,1.05629093471691,5
50.69999999999712,1.052402511158503,5
50.79999999999711,1.0505175711684198,5
50.89999999999711,1.0489556068874903,5
50.9999999999971,1.047540772185209,5
51.099999999997095,1.0441526787567592,5
51.19999999999709,1.0408307893418225,5
51.299999999997084,1.0401089572088469,5
51.39999999999708,1.0395484382044082,5
51.49999999999707,1.0390565616210055,5
51.59999999999707,1.038396153825842,5
51.69999999999706,1.0376240591989152,5
51.799999999997056,1.0365328687811437,5
51.89999999999705,1.0361474267960709,5
51.999999999997044,1.0355142861902493,5
52.09999999999704,1.0348354782489602,5
52.19999999999703,1.033818185840055,5
52.29999999999703,1.0331782029750127,5
52.39999999999702,1.0300914527922835,5
52.499999999997016,1.0271855560179326,5
52.59999999999701,1.0240349917289706,5
52.699999999997004,1.0208997471098522,5
52.799999999997,1.0180278722555776,5
52.89999999999699,1.0180923881175743,5
52.99999999999699,1.0178624992458658,5
53.09999999999698,1.0174502866170736,5
53.199999999996976,1.0171314720236815,5
53.29999999999697,1.0170659889723468,5
53.399999999996965,1.0178991339476666,5
53.49999999999696,1.0189837502276282,5
53.59999999999695,1.0197769441781495,5
53.69999999999695,1.0207920793957421,5
53.79999999999694,1.022033391805953,5
53.899999999996936,1.0233021326409157,5
53.99999999999693,1.0245087215234305,5
54.099999999996925,1.0257251269544532,5
54.19999999999692,1.0256929347143755,5
54.29999999999691,1.0260457175945275,5
54.39999999999691,1.026401838841799,5
54.4999999999969,1.0272154927941697,5
54.599999999996896,1.0284866794516536,5
54.69999999999689,1.0316528916028143,5
54.799999999996885,1.034772357929209,5
54.89999999999688,1.0377827545715865,5
54.999999999996874,1.0407861904244222,5
55.09999999999687,1.0437845270922554,5
55.19999999999686,1.0467765873460908,5
55.29999999999686,1.049030291710397,5
55.39999999999685,1.0512777196606822,5
55.499999999996845,1.0547700018966901,5
55.59999999999684,1.0580781224318099,5
55.699999999996834,1.0614182827655372,5
55.79999999999683,1.0659053944829453,5
55.89999999999682,1.0705534562346781,5
55.99999999999682,1.0751994431989964,5
56.09999999999681,1.0792419360386984,5
56.199999999996805,1.083282354090962,5
56.2999999999968,1.0868357037267278,5
56.399999999996794,1.0897276574164347,5
56.49999999999679,1.0924563931218803,5
56.59999999999678,1.095877745238024,5
56.69999999999678,1.098627953368094,5
56.79999999999677,1.1013693413954795,5
56.899999999996766,1.1042415844147246,5
56.99999999999676,1.1072458596548294,5
57.099999999996754,1.110281601935569,5
57.19999999999675,1.1127358308705106,5
57.29999999999674,1.1154381093805081,5
57.39999999999674,1.1181202030423614,5
57.49999999999673,1.12079522906105,5
57.599999999996726,1.123737498551375,5
57.69999999999672,1.1266884336071834,5
57.799999999996714,1.1291238998768884,5
57.89999999999671,1.1313097606408091,5
57.9999999999967,1.132486102910057,5
58.0999999999967,1.133991523463119,5
58.19999999999669,1.1354816215634698,5
58.299999999996686,1.136176548863284,5
58.39999999999668,1.1373622207461875,5
58.499999999996675,1.138985009074321,5
58.59999999999667,1.1405224676974708,5
58.69999999999666,1.141995278445354,5
58.79999999999666,1.1434651586560025,5
58.89999999999665,1.1439727743015233,5
58.999999999996646,1.1442446357213647,5
59.09999999999664,1.144120236326731,5
59.199999999996635,1.143932812750362,5
59.29999999999663,1.143726379275583,5
59.39999999999662,1.1435270425057456,5
59.49999999999662,1.1429071777299247,5
59.59999999999661,1.1421601354875084,5
59.69999999999661,1.14144572364908,5
59.7999999999966,1.1405062024200399,5
59.899999999996595,1.1393803107943605,5
59.99999999999659,1.1381845119114504,5
60.099999999996584,1.1369372389048489,5
60.19999999999658,1.1353815017954962,5
60.29999999999657,1.133418572759774,5
60.39999999999657,1.131445119457863,5
60.49999999999656,1.1292397109088985,5
60.599999999996555,1.1270204707451839,5
60.69999999999655,1.1247511076933965,5
60.799999999996544,1.1220758269273001,5
60.89999999999654,1.1185108081889914,5
60.99999999999653,1.1150066501504141,5
61.09999999999653,1.1113801506992111,5
61.19999999999652,1.107747383677994,5
61.299999999996515,1.1038681651556685,5
61.39999999999651,1.0997681472446215,5
61.499999999996504,1.0955024937362778,5
61.5999999999965,1.0914187539888254,5
61.69999999999649,1.0873070304855879,5
61.79999999999649,1.0829455003034691,5
61.89999999999648,1.078546772013389,5
61.999999999996476,1.0733534604195425,5
62.09999999999647,1.069118435605992,5
62.199999999996464,1.0648671811670565,5
62.29999999999646,1.0603343155353453,5
62.39999999999645,1.0555551667239704,5
62.49999999999645,1.050418360904369,5
62.59999999999644,1.0444493234195789,5
62.699999999996436,1.0382635327926388,5
62.79999999999643,1.0318567530980398,5
62.899999999996425,1.025436901363293,5
62.99999999999642,1.0190611657008524,5
63.09999999999641,1.0134509474643876,5
63.19999999999641,1.0079483527784023,5
63.2999999999964,1.0022699282932843,5
63.399999999996396,0.9964859950797568,5
63.49999999999639,0.9906987234991181,5
63.599999999996385,0.9849081135513721,5
63.69999999999638,0.9792962736728729,5
63.79999999999637,0.974295792136816,5
63.89999999999637,0.9685469567099521,5
63.99999999999636,0.9630085178785135,5
64.09999999999636,0.9574415041484148,5
64.19999999999635,0.9519545081092599,5
64.29999999999634,0.9473241791008977,5
64.39999999999634,0.9426937205942545,5
64.49999999999633,0.9371941754582798,5
64.59999999999633,0.9318723861108887,5
64.69999999999632,0.9265701400545086,5
64.79999999999632,0.9212157440094897,5
64.89999999999631,0.9158024477140184,5
64.9999999999963,0.9103900489769676,5
65.0999999999963,0.9052999881074537,5
65.1999999999963,0.9002108247963758,5
65.29999999999629,0.8957663392012822,5
65.39999999999628,0.8913174543260924,5
65.49999999999628,0.8865992848450732,5
65.59999999999627,0.881926945766382,5
65.69999999999627,0.8785935569273949,5
65.79999999999626,0.8759058013566058,5
65.89999999999625,0.8729383484550036,5
65.99999999999625,0.8698388633325355,5
66.09999999999624,0.8663096120630582,5
66.19999999999624,0.8633090179569567,5
66.29999999999623,0.8609168597213277,5
66.39999999999623,0.8584330471099871,5
66.49999999999622,0.8559136068128821,5
66.59999999999621,0.8533754237735769,5
66.69999999999621,0.8509788524507744,5
66.7999999999962,0.8490280188196223,5
66.8999999999962,0.8473788696357081,5
66.99999999999619,0.8466873845603015,5
67.09999999999619,0.8455081696339743,5
67.19999999999618,0.8442773907019625,5
67.29999999999617,0.8437438081195854,5
67.39999999999617,0.8433799368227037,5
67.49999999999616,0.842917779783537,5
67.59999999999616,0.8424260115457534,5
67.69999999999615,0.8419324318872043,5
67.79999999999615,0.8415108019151315,5
67.89999999999614,0.8420963573012503,5
67.99999999999613,0.8427491119818085,5
68.09999999999613,0.8434118404968306,5
68.19999999999612,0.8440411367846125,5
68.29999999999612,0.8446843085379673,5
68.39999999999611,0.8452396453386193,5
68.4999999999961,0.845578715628492,5
68.5999999999961,0.8460246275759552,5
68.6999999999961,0.8464692136128488,5
68.79999999999609,0.8471789580720632,5
68.89999999999608,0.8478888246108507,5
68.99999999999608,0.8490515300518936,5
69.09999999999607,0.8502127434087754,5
69.19999999999607,0.8516836391885082,5
69.29999999999606,0.8531530428840742,5
69.39999999999606,0.854197155366968,5
69.49999999999605,0.8547606494277258,5
69.59999999999604,0.8557956553358006,5
69.69999999999604,0.8568859247109367,5
69.79999999999603,0.8583106464127421,5
69.89999999999603,0.859747214289363,5
69.99999999999602,0.8611984767222992,5
70.09999999999602,0.861981409398284,5
70.19999999999601,0.8625628480444734,5
70.299999999996,0.8629418951024628,5
70.399999999996,0.8635313393625446,5
70.49999999999599,0.8640601665914642,5
70.59999999999599,0.8645335461997844,5
70.69999999999598,0.8654010359482897,5
70.79999999999598,0.8662303500565545,5
70.89999999999597,0.8669959442358929,5
70.99999999999596,0.8685161529489293,5
71.09999999999596,0.8691266943229771,5
71.19999999999595,0.8688089367228627,5
71.29999999999595,0.8690445654947923,5
71.39999999999594,0.8692688945217093,5
71.49999999999594,0.8696418638291338,5
71.59999999999593,0.8705894818770477,5
71.69999999999592,0.8709767687735173,5
71.79999999999592,0.8713178959597462,5
71.89999999999591,0.8718616867890997,5
71.99999999999591,0.872281634964145,5
72.0999999999959,0.8718647118848797,5
72.1999999999959,0.8713663009751329,5
72.29999999999589,0.8707003708620382,5
72.39999999999588,0.8701322346516994,5
72.49999999999588,0.8697433031520385,5
72.59999999999587,0.8693178321010222,5
72.69999999999587,0.8685611526456727,5
72.79999999999586,0.8673340789891203,5
72.89999999999586,0.8659937549609446,5
72.99999999999585,0.8647864304853761,5
73.09999999999584,0.8636127800934819,5
73.19999999999584,0.8624101532363326,5
73.29999999999583,0.8606544830382598,5
73.39999999999583,0.858808087056059,5
73.49999999999582,0.8568241714882516,5
73.59999999999582,0.8550024553079254,5
73.69999999999581,0.8529713632525816,5
73.7999999999958,0.8510148460377568,5
73.8999999999958,0.8489540487973629,5
73.9999999999958,0.8469000547945585,5
74.09999999999579,0.8446138419814859,5
74.19999999999578,0.8423276291684039,5
74.29999999999578,0.8398326410394977,5
74.39999999999577,0.8370267302599055,5
74.49999999999577,0.8344449344073412,5
74.59999999999576,0.8318646057753856,5
74.69999999999575,0.8292293673727344,5
74.79999999999575,0.825956138575602,5
74.89999999999574,0.8228805939530595,5
74.99999999999574,0.8197111054749223,5
75.09999999999573,0.8169546030878365,5
75.19999999999573,0.8142034688946543,5
75.29999999999572,0.8104851454429115,5
75.39999999999571,0.8069082845625145,5
75.49999999999571,0.8031950988787147,5
75.5999999999957,0.7995077235802721,5
75.6999999999957,0.7956858042084927,5
75.79999999999569,0.7919375684440209,5
75.89999999999569,0.7877423960809182,5
75.99999999999568,0.7836142167398971,5
76.09999999999567,0.7792419068274405,5
76.19999999999567,0.7749108582408896,5
76.29999999999566,0.7706440571368203,5
76.39999999999566,0.7659504812656396,5
76.49999999999565,0.7613680690798794,5
76.59999999999565,0.7566307679425088,5
76.69999999999564,0.751906579872666,5
76.79999999999563,0.747127904111592,5
76.89999999999563,0.7447117248015434,5
76.99999999999562,0.7422744569825361,5
77.09999999999562,0.7398161006544666,5
77.19999999999561,0.7346580580429019,5
77.2999999999956,0.7294982866047897,5
77.3999999999956,0.7244165016533993,5
77.4999999999956,0.7199235030395837,5
77.59999999999559,0.7154056352927661,5
77.69999999999558,0.7110370770137694,5
77.79999999999558,0.7064386444356133,5
77.89999999999557,0.7018304230934217,5
77.99999999999557,0.696819079155562,5
78.09999999999556,0.6917798841900474,5
78.19999999999555,0.6867830738005436,5
78.29999999999555,0.6816497541496401,5
78.39999999999554,0.6769379113047307,5
78.49999999999554,0.6727378677673863,5
78.59999999999553,0.6681418728751892,5
78.69999999999553,0.6635206048880092,5
78.79999999999552,0.6589105782112197,5
78.89999999999552,0.6542209761482776,5
78.99999999999551,0.6495426738303663,5
79.0999999999955,0.6454490921693672,5
79.1999999999955,0.6415830609956567,5
79.29999999999549,0.6378780379951494,5
79.39999999999549,0.6341238567277828,5
79.49999999999548,0.6303632264411322,5
79.59999999999548,0.6267590613409193,5
79.69999999999547,0.6227284599059911,5
79.79999999999546,0.618677145473054,5
79.89999999999546,0.6146919817181027,5
79.99999999999545,0.6106856571691347,5
80.09999999999545,0.606744230412053,5
80.19999999999544,0.6037111367892786,5
80.29999999999544,0.6001496135475689,5
80.39999999999543,0.5965506591403512,5
80.49999999999542,0.5927966603099846,5
80.59999999999542,0.5890323710373426,5
80.69999999999541,0.5858158709692391,5
80.7999999999954,0.58268794247726,5
80.8999999999954,0.579344808395234,5
80.9999999999954,0.5760104019927004,5
81.09999999999539,0.5727367399694515,5
81.19999999999538,0.5694355991265934,5
81.29999999999538,0.5660195818547157,5
81.39999999999537,0.5626118706718248,5
81.49999999999537,0.55900987004398,5
81.59999999999536,0.5555288184490376,5
81.69999999999536,0.5521910953088842,5
81.79999999999535,0.549291275876322,5
81.89999999999534,0.5461342369721782,5
81.99999999999534,0.5426074301443241,5
82.09999999999533,0.5398894279608358,5
82.19999999999533,0.5371254837367008,5
82.29999999999532,0.5339073811688886,5
82.39999999999532,0.5307756486327586,5
82.49999999999531,0.52764864654156,5
82.5999999999953,0.5244642509310234,5
82.6999999999953,0.5212816736462869,5
82.7999999999953,0.5180538690607298,5
82.89999999999529,0.5155780566535428,5
82.99999999999528,0.5131113784632891,5
83.09999999999528,0.510721067902139,5
83.19999999999527,0.5076401436925566,5
83.29999999999526,0.5046054490295561,5
83.39999999999526,0.5053899296657787,5
83.49999999999525,0.5062274533026561,5
83.59999999999525,0.5033453903004689,5
83.69999999999524,0.5004731015753958,5
83.79999999999524,0.497578686777561,5
83.89999999999523,0.4946121268423288,5
83.99999999999523,0.4916706448016693,5
84.09999999999522,0.4887242459846398,5
84.19999999999521,0.48633697255100505,5
84.29999999999521,0.4847037477855104,5
84.3999999999952,0.4835816142449018,5
84.4999999999952,0.48327635352310205,5
84.59999999999519,0.48352246095070106,5
84.69999999999519,0.48081018321658603,5
84.79999999999518,0.4780634549292622,5
84.89999999999517,0.47530424178812236,5
84.99999999999517,0.47263476468897087,5
85.09999999999516,0.4702061015590127,5
85.19999999999516,0.46774945095403914,5
85.29999999999515,0.4686751140823528,5
85.39999999999515,0.4696953594611438,5
85.49999999999514,0.4706721325543984,5
85.59999999999513,0.4719036473681239,5
85.69999999999513,0.4731220491143279,5
85.79999999999512,0.47097575524804425,5
85.89999999999512,0.4665452087018204,5
85.99999999999511,0.4621283129544538,5
86.0999999999951,0.45769443508807645,5
86.1999999999951,0.4559962118567896,5
86.2999999999951,0.45421408831449395,5
86.39999999999509,0.45247269087172254,5
86.49999999999508,0.4508136111568793,5
86.59999999999508,0.44917777232820494,5
86.69999999999507,0.44740392377674676,5
86.79999999999507,0.4460490521697798,5
86.89999999999506,0.44699358042958204,5
86.99999999999505,0.44795584128737714,5
87.09999999999505,0.4489572529178451,5
87.19999999999504,0.4506261062792419,5
87.29999999999504,0.4525115130418106,5
87.39999999999503,0.4544099257317152,5
87.49999999999503,0.4540743852879543,5
87.59999999999502,0.4535832588176059,5
87.69999999999501,0.4532412733525894,5
87.79999999999501,0.45277522785476093,5
87.899999999995,0.4523053027809305,5
87.999999999995,0.45169866794660096,5
88.09999999999499,0.45100030540030833,5
88.19999999999499,0.4501882968177656,5
88.29999999999498,0.4493314148169823,5
88.39999999999498,0.448543234370685,5
88.49999999999497,0.44780717723513047,5
88.59999999999496,0.44823967361692496,5
88.69999999999496,0.44848817842589456,5
88.79999999999495,0.4485719760126597,5
88.89999999999495,0.44831518673189097,5
88.99999999999494,0.4478941380249399,5
89.09999999999494,0.447447199108704,5
89.19999999999493,0.4470551084821611,5
89.29999999999492,0.4467012338859135,5
89.39999999999492,0.44653698966429534,5
89.49999999999491,0.44647094398081394,5
89.5999999999949,0.4464264884846406,5
89.6999999999949,0.44644410187824335,5
89.7999999999949,0.4463393469462179,5
89.89999999999489,0.4462471339611123,5
89.99999999999488,0.44622258151140537,5
90.09999999999488,0.4462116683774811,5
90.19999999999487,0.4461961421797275,5
90.29999999999487,0.44634455945257195,5
90.39999999999486,0.4464966749957873,5
90.49999999999486,0.4466793889164392,5
90.59999999999485,0.4466647202950531,5
90.69999999999484,0.4466504333326958,5
90.79999999999484,0.4466914125766722,5
90.89999999999483,0.44696579487319815,5
90.99999999999483,0.44728852585026146,5
91.09999999999482,0.4468328499914259,5
91.19999999999482,0.4461022386343078,5
91.29999999999481,0.4462634232404237,5
91.3999999999948,0.44665175675624613,5
91.4999999999948,0.44717810809606895,5
91.5999999999948,0.4476048822510664,5
91.69999999999479,0.44807540526884304,5
91.79999999999478,0.4485558120324308,5
91.89999999999478,0.4482280523965899,5
91.99999999999477,0.44759788581084897,5
92.09999999999476,0.4470479745249774,5
92.19999999999476,0.4472077372413267,5
92.29999999999475,0.447242686632858,5
92.39999999999475,0.4437977932576197,5
92.49999999999474,0.4403462845818612,5
92.59999999999474,0.4405683229435657,5
92.69999999999473,0.44082601505054964,5
92.79999999999472,0.4409397605013258,5
92.89999999999472,0.44127356199546364,5
92.99999999999471,0.4416762294506388,5
93.09999999999471,0.44198119125053614,5
93.1999999999947,0.44172165947315073,5
93.2999999999947,0.44086071485643874,5
93.39999999999469,0.4394951574769824,5
93.49999999999469,0.43747307634536653,5
93.59999999999468,0.43507490426961065,5
93.69999999999467,0.43519451843640544,5
93.79999999999467,0.4353555147025693,5
93.89999999999466,0.43547985022162194,5
93.99999999999466,0.4349272182224784,5
94.09999999999465,0.4344069547941114,5
94.19999999999465,0.43395903283006676,5
94.29999999999464,0.4301956826650965,5
94.39999999999463,0.42643242248868596,5
94.49999999999463,0.42273894557449926,5
94.59999999999462,0.41899093218753103,5
94.69999999999462,0.4152157501005821,5
94.79999999999461,0.4147841836854285,5
94.8999999999946,0.4141553578809932,5
94.9999999999946,0.41387480145754807,5
95.0999999999946,0.4137264780068092,5
95.19999999999459,0.4135855922661696,5
95.29999999999458,0.4135264340319883,5
95.39999999999458,0.413342312904987,5
95.49999999999457,0.4125839122841394,5
95.59999999999457,0.4117731553060134,5
95.69999999999456,0.4109445445588095,5
95.79999999999455,0.40989601854103713,5
95.89999999999455,0.406577520013628,5
95.99999999999454,0.4032707162453272,5
96.09999999999454,0.39970816613192417,5
96.19999999999453,0.3954455126327465,5
96.29999999999453,0.3912152264719041,5
96.39999999999452,0.3869861438269638,5
96.49999999999451,0.38501274871109226,5
96.59999999999451,0.3831595355067979,5
96.6999999999945,0.3811782113715897,5
96.7999999999945,0.3793191941410591,5
96.89999999999449,0.3775296948289216,5
96.99999999999449,0.3758750937145092,5
97.09999999999448,0.37441626526421795,5
97.19999999999447,0.3736146322839487,5
97.29999999999447,0.37310141916132916,5
97.39999999999446,0.3725931853275412,5
97.49999999999446,0.3720953511361811,5
97.59999999999445,0.3703959539756238,5
97.69999999999445,0.3689254486905022,5
97.79999999999444,0.3676516633706114,5
97.89999999999444,0.3664916399034843,5
97.99999999999443,0.365492546020261,5
98.09999999999442,0.36444506632162404,5
98.19999999999442,0.36381143776303704,5
98.29999999999441,0.3631376195349648,5
98.3999999999944,0.3626914200754759,5
98.4999999999944,0.36219532533256477,5
98.5999999999944,0.3616992305896509,5
98.69999999999439,0.36070798279065414,5
98.79999999999438,0.35979669145137894,5
98.89999999999438,0.35888956995157,5
98.99999999999437,0.35810029989269393,5
99.09999999999437,0.35743048773948594,5
99.19999999999436,0.35691146504529486,5
99.29999999999436,0.3564691107226344,5
99.39999999999435,0.3561883364091244,5
99.49999999999434,0.3560612563624357,5
99.59999999999434,0.3560435363169338,5
99.69999999999433,0.35605541177373107,5
99.79999999999433,0.3551987535497753,5
99.89999999999432,0.3543608494636777,5
99.99999999999432,0.35353208386517676,5
100.09999999999431,0.352698936665682,5
100.1999999999943,0.3521636932031612,5
100.2999999999943,0.35163606762925526,5
100.3999999999943,0.35091127048178916,5
100.49999999999429,0.3502068662346938,5
100.59999999999428,0.34952285488798196,5
100.69999999999428,0.3488476581326305,5
100.79999999999427,0.3482037522243279,5
100.89999999999426,0.3476114502427271,5
100.99999999999426,0.347299994449392,5
101.09999999999425,0.34691370559881174,5
101.19999999999425,0.3464444425363412,5
101.29999999999424,0.34623744349770214,5
101.39999999999424,0.3457278716024178,5
101.49999999999423,0.34530007166801635,5
101.59999999999422,0.3434539347036399,5
101.69999999999422,0.34155163040070197,5
101.79999999999421,0.3398107592128532,5
101.89999999999421,0.33786633474730643,5
101.9999999999942,0.33592254725970855,5
102.0999999999942,0.33410886835734344,5
102.19999999999419,0.33228956614788513,5
102.29999999999418,0.33054122505573,5
102.39999999999418,0.3287196803920136,5
102.49999999999417,0.32862491070897953,5
102.59999999999417,0.32826413838550506,5
102.69999999999416,0.32833834167406667,5
102.79999999999416,0.32839195985736336,5
102.89999999999415,0.3284891003344857,5
102.99999999999415,0.32915331752270005,5
103.09999999999414,0.329864080824582,5
103.19999999999413,0.33052030435054136,5
103.29999999999413,0.33120698763990153,5
103.39999999999412,0.33173679337858464,5
103.49999999999412,0.3322201333754625,5
103.59999999999411,0.3327125778294312,5
103.6999999999941,0.33323415017245545,5
103.7999999999941,0.3338004088768814,5
103.8999999999941,0.3343751752530476,5
103.99999999999409,0.3346687090251145,5
104.09999999999408,0.33498412660231003,5
104.19999999999408,0.3352616061549434,5
104.29999999999407,0.3338201059912675,5
104.39999999999407,0.332499305808165,5
104.49999999999406,0.331717231688356,5
104.59999999999405,0.33100823409986413,5
104.69999999999405,0.33032488246259123,5
104.79999999999404,0.32964070195349066,5
104.89999999999404,0.32901114664306824,5
104.99999999999403,0.3284829808801766,5
105.09999999999403,0.32959178767259545,5
105.19999999999402,0.3307598938011588,5
105.29999999999401,0.33183243736879753,5
105.39999999999401,0.33290834794258795,5
105.499999999994,0.3338976383566098,5
105.599999999994,0.334887050747931,5
105.69999999999399,0.33588201231140047,5
105.79999999999399,0.3370129759552308,5
105.89999999999398,0.33816696525124196,5
105.99999999999397,0.3378815275381277,5
106.09999999999397,0.33758836827338623,5
106.19999999999396,0.336736313095332,5
106.29999999999396,0.3356939116350202,5
106.39999999999395,0.33466700314145503,5
106.49999999999395,0.33362700063502554,5
106.59999999999394,0.3325793244693419,5
106.69999999999393,0.33292172923862096,5
106.79999999999393,0.3334083698299812,5
106.89999999999392,0.33385662420035567,5
106.99999999999392,0.3343546897742334,5
107.09999999999391,0.33511188195093883,5
107.1999999999939,0.33541036459575174,5
107.2999999999939,0.3357248736660651,5
107.3999999999939,0.33568313629853075,5
107.49999999999389,0.33574452453409814,5
107.59999999999388,0.335815874702048,5
107.69999999999388,0.3363666409439235,5
107.79999999999387,0.33692136364378966,5
107.89999999999387,0.3375057064648876,5
107.99999999999386,0.3380059878057483,5
108.09999999999386,0.33838613125333483,5
108.19999999999385,0.3384642714556382,5
108.29999999999384,0.338380738373265,5
108.39999999999384,0.33809023368008423,5
108.49999999999383,0.3376488501134677,5
108.59999999999383,0.33721662877830216,5
108.69999999999382,0.33677633579166405,5
108.79999999999382,0.3371594917270083,5
108.89999999999381,0.3374948494720003,5
108.9999999999938,0.3378137128358135,5
109.0999999999938,0.3381145350511277,5
109.19999999999379,0.3384034576213371,5
109.29999999999379,0.3385551082540192,5
109.39999999999378,0.338972807242607,5
109.49999999999378,0.33937963515713643,5
109.59999999999377,0.3397719260893616,5
109.69999999999376,0.34014090274694414,5
109.79999999999376,0.34042602832292507,5
109.89999999999375,0.3407223263781498,5
109.99999999999375,0.34103348169900555,5
110.09999999999374,0.34126969959470843,5
110.19999999999374,0.34140664557148004,5
110.29999999999373,0.34154636667737365,5
110.39999999999372,0.341865950864431,5
110.49999999999372,0.34211460052282067,5
110.59999999999371,0.34379242464339865,5
110.69999999999371,0.3455891079701007,5
110.7999999999937,0.3473698311127747,5
110.8999999999937,0.34912741129952674,5
110.99999999999369,0.350796689921911,5
111.09999999999368,0.35265385946011885,5
111.19999999999368,0.3545222014775877,5
111.29999999999367,0.3564002524854858,5
111.39999999999367,0.35829717542253353,5
111.49999999999366,0.3584570609604922,5
111.59999999999366,0.35874095447290594,5
111.69999999999365,0.35903602046457694,5
111.79999999999364,0.35928223798604064,5
111.89999999999364,0.3595233669734973,5
111.99999999999363,0.35999317424425054,5
112.09999999999363,0.3603920750368445,5
112.19999999999362,0.3608052338103128,5
112.29999999999362,0.36115681100325264,5
112.39999999999361,0.3616341439297402,5
112.4999999999936,0.3621191320973301,5
112.5999999999936,0.3625959797013344,5
112.6999999999936,0.3630761383102479,5
112.79999999999359,0.36355020397319443,5
112.89999999999358,0.3642741596681882,5
112.99999999999358,0.3649440654685396,5
113.09999999999357,0.3655267700946537,5
113.19999999999357,0.3661559444565383,5
113.29999999999356,0.3685096477068726,5
113.39999999999355,0.3708479088140142,5
113.49999999999355,0.3733209692744338,5
113.59999999999354,0.37575932360387476,5
113.69999999999354,0.38043700720475343,5
113.79999999999353,0.3851394143327752,5
113.89999999999353,0.3898110909172886,5
113.99999999999352,0.3943785882783717,5
114.09999999999351,0.3976247125756478,5
114.19999999999351,0.39890269263661227,5
114.2999999999935,0.4001801932453309,5
114.3999999999935,0.40143684475011954,5
114.49999999999349,0.40278669237486725,5
114.59999999999349,0.40645635688957665,5
114.69999999999348,0.4101260214044367,5
114.79999999999347,0.4136676766061022,5
114.89999999999347,0.4172452287251699,5
114.99999999999346,0.4200519874257984,5
115.09999999999346,0.42285874612637653,5
115.19999999999345,0.42565730207670305,5
115.29999999999345,0.42827767064408845,5
115.39999999999344,0.4311112924703763,5
115.49999999999343,0.43394491429667853,5
115.59999999999343,0.43696029353528587,5
115.69999999999342,0.4385779181796954,5
115.79999999999342,0.43993941960952815,5
115.89999999999341,0.44165167929405047,5
115.9999999999934,0.4434145615136137,5
116.0999999999934,0.4451638842394533,5
116.1999999999934,0.44677378689943464,5
116.29999999999339,0.45037524824731756,5
116.39999999999338,0.4541087087428644,5
116.49999999999338,0.45718871953992196,5
116.59999999999337,0.4602643175767083,5
116.69999999999337,0.46335574053411077,5
116.79999999999336,0.4665116200864425,5
116.89999999999336,0.4696503904900188,5
116.99999999999335,0.47303997834588873,5
117.09999999999334,0.4764294271276966,5
117.19999999999334,0.478672781875486,5
117.29999999999333,0.4806356233742545,5
117.39999999999333,0.48264177774598255,5
117.49999999999332,0.484643476337022,5
117.59999999999332,0.4866921905754767,5
117.69999999999331,0.4887409048139343,5
117.7999999999933,0.49074233300177206,5
117.8999999999933,0.4926959480758709,5
117.99999999999329,0.4947634121963505,5
118.09999999999329,0.4965598865676636,5
118.19999999999328,0.4983548129463203,5
118.29999999999328,0.5002808598971338,5
118.39999999999327,0.5019260147638094,5
118.49999999999326,0.5035763336954675,5
118.59999999999326,0.5052497368794321,5
118.69999999999325,0.5069468804073936,5
118.79999999999325,0.5087396899475973,5
118.89999999999324,0.5105340493439132,5
118.99999999999324,0.5123073118156519,5
119.09999999999323,0.5141847172912811,5
119.19999999999322,0.5162134455778965,5
119.29999999999322,0.5180740471080993,5
119.39999999999321,0.5199188998532052,5
119.49999999999321,0.5217085274890713,5
119.5999999999932,0.523514714315021,5
119.6999999999932,0.5252289908156886,5
119.79999999999319,0.5269359303307587,5
119.89999999999318,0.5286771852809978,5
119.99999999999318,0.5305116539897929,5
120.09999999999317,0.5321343545843713,5
120.19999999999317,0.533757055178935,5
120.29999999999316,0.535378144945853,5
120.39999999999316,0.5366577552965657,5
120.49999999999315,0.537938189604273,5
120.59999999999314,0.539188550109297,5
120.69999999999314,0.5404409938691445,5
120.79999999999313,0.5417047136903169,5
120.89999999999313,0.5429830423530694,5
120.99999999999312,0.5440422130401033,5
121.09999999999312,0.5450046218375405,5
121.19999999999311,0.5459780556793723,5
121.2999999999931,0.546915633733179,5
121.3999999999931,0.5485938285875938,5
121.4999999999931,0.5502434758613381,5
121.59999999999309,0.5518829488841368,5
121.69999999999308,0.5535004936779033,5
121.79999999999308,0.5550696379134439,5
121.89999999999307,0.5557224545124103,5
121.99999999999307,0.5563533663137121,5
122.09999999999306,0.5567286617756312,5
122.19999999999305,0.5571009746984676,5
122.29999999999305,0.5575134440687787,5
122.39999999999304,0.5579151924069747,5
122.49999999999304,0.5581635607126489,5
122.59999999999303,0.5584095822920234,5
122.69999999999303,0.556397693920726,5
122.79999999999302,0.55430654080781,5
122.89999999999301,0.5521803385458048,5
122.99999999999301,0.5499603814949825,5
123.099999999993,0.5476872613484725,5
123.199999999993,0.5474853338321323,5
123.29999999999299,0.5473013643158731,5
123.39999999999299,0.5469911057285813,5
123.49999999999298,0.5466808471412807,5
123.59999999999297,0.5440307716546109,5
123.69999999999297,0.5413806961677772,5
123.79999999999296,0.5387299886487029,5
123.89999999999296,0.5359678387413501,5
123.99999999999295,0.5353966689518833,5
124.09999999999295,0.5348270019102433,5
124.19999999999294,0.5342675419414911,5
124.29999999999293,0.5338862693556793,5
124.39999999999293,0.5332685768849558,5
124.49999999999292,0.5326733487001318,5
124.59999999999292,0.5318963631030054,5
124.69999999999291,0.5311654332003614,5
124.7999999999929,0.5305965085283083,5
124.8999999999929,0.5299316102450325,5
124.9999999999929,0.5291887996377784,5
125.09999999999289,0.5284453221662372,5
125.19999999999288,0.5278327931105158,5
125.29999999999288,0.5252287127753151,5
125.39999999999287,0.522450738864995,5
125.49999999999287,0.520224985090748,5
125.59999999999286,0.5180014267533302,5
125.69999999999285,0.5159101178292816,5
125.79999999999285,0.5137985262980046,5
125.89999999999284,0.5116896562656333,5
125.99999999999284,0.5092687159676952,5
126.09999999999283,0.506842226497586,5
126.19999999999283,0.5056859927593065,5
126.29999999999282,0.5048099532150904,5
126.39999999999281,0.5039175169428394,5
126.49999999999281,0.5031882479867431,5
126.5999999999928,0.5024440512640213,5
126.6999999999928,0.5016818322409847,5
126.79999999999279,0.5010485273061406,5
126.89999999999279,0.5004100188514758,5
126.99999999999278,0.49963729196821394,5
127.09999999999278,0.4990079716128582,5
127.19999999999277,0.49837112833554753,5
127.29999999999276,0.4977311608844349,5
127.39999999999276,0.4972525883083697,5
127.49999999999275,0.496761349094888,5
127.59999999999275,0.49621049421754737,5
127.69999999999274,0.4956323475030853,5
127.79999999999274,0.495051422613622,5
127.89999999999273,0.4944654093671665,5
127.99999999999272,0.4940144349394389,5
128.09999999999272,0.49354399639981184,5
128.1999999999927,0.4930895389859592,5
128.2999999999927,0.4927668060781666,5
128.3999999999927,0.4923080373297911,5
128.4999999999927,0.491994273112887,5
128.5999999999927,0.491691823936962,5
128.69999999999268,0.49139169587250187,5
128.79999999999268,0.491087633270544,5
128.89999999999267,0.49077802149643734,5
128.99999999999267,0.4905336088625116,5
129.09999999999266,0.49033773863406055,5
129.19999999999266,0.49047888925067723,5
129.29999999999265,0.4907036879149566,5
129.39999999999264,0.49118638426600547,5
129.49999999999264,0.491686820724999,5
129.59999999999263,0.4922100936397439,5
129.69999999999263,0.4927184085167754,5
129.79999999999262,0.49325672731858566,5
129.89999999999262,0.4937911491199234,5
129.9999999999926,0.49365505574903984,5
130.0999999999926,0.49361171015754,5
130.1999999999926,0.49364676810139657,5
130.2999999999926,0.4937229225699259,5
130.3999999999926,0.4930637009744928,5
130.49999999999258,0.4924172986749352,5
130.59999999999258,0.4917735556500336,5
130.69999999999257,0.49113277430937885,5
130.79999999999256,0.4903302281899804,5
130.89999999999256,0.4901711914645812,5
130.99999999999255,0.49010477539377184,5
131.09999999999255,0.4901279447127087,5
131.19999999999254,0.49015629350833906,5
131.29999999999254,0.4901418282657447,5
131.39999999999253,0.49013961494047614,5
131.49999999999253,0.49003082257881847,5
131.59999999999252,0.4898897750800314,5
131.6999999999925,0.4897267401570328,5
131.7999999999925,0.4897919969370551,5
131.8999999999925,0.48986006936295967,5
131.9999999999925,0.49001634740553046,5
132.0999999999925,0.49011405507593614,5
132.19999999999249,0.49010272056432813,5
132.29999999999248,0.4900668266791464,5
132.39999999999247,0.490102719105344,5
132.49999999999247,0.49013379252291306,5
132.59999999999246,0.4901600469318481,5
132.69999999999246,0.49017369705517033,5
132.79999999999245,0.4901679996375714,5
132.89999999999245,0.4902330037139994,5
132.99999999999244,0.49031387793053316,5
133.09999999999243,0.4903806451137835,5
133.19999999999243,0.49039966822406394,5
133.29999999999242,0.4903673666787448,5
133.39999999999242,0.4902950448464467,5
133.4999999999924,0.49018984426786594,5
133.5999999999924,0.49007909451713455,5
133.6999999999924,0.48991673989975953,5
133.7999999999924,0.48970426744428136,5
133.8999999999924,0.48946402234345976,5
133.99999999999238,0.4889787059692027,5
134.09999999999238,0.48830431717157374,5
134.19999999999237,0.488110299406037,5
134.29999999999237,0.4875677330626941,5
134.39999999999236,0.48705478935192836,5
134.49999999999235,0.4865746203576868,5
134.59999999999235,0.48608117188354133,5
134.69999999999234,0.4857586492964191,5
134.79999999999234,0.4853812699381578,5
134.89999999999233,0.4851192912699858,5
134.99999999999233,0.4849002086572991,5
135.09999999999232,0.484083142695388,5
135.19999999999231,0.48329774188570845,5
135.2999999999923,0.48247870077760135,5
135.3999999999923,0.48173907559600826,5
135.4999999999923,0.4807020975959234,5
135.5999999999923,0.47972113415904205,5
135.6999999999923,0.478658992234178,5
135.79999999999228,0.4775301800138375,5
135.89999999999227,0.4766017734196149,5
135.99999999999227,0.4756631633023513,5
136.09999999999226,0.47545980416864164,5
136.19999999999226,0.47525444735596284,5
136.29999999999225,0.4750466655449369,5
136.39999999999225,0.4746892715062142,5
136.49999999999224,0.4743490795695348,5
136.59999999999224,0.4740559934929497,5
136.69999999999223,0.47284840837615205,5
136.79999999999222,0.47161551859642803,5
136.89999999999222,0.4704169655946589,5
136.9999999999922,0.4689858476305161,5
137.0999999999922,0.4675670418732468,5
137.1999999999922,0.46616054832287046,5
137.2999999999922,0.4648046582030146,5
137.3999999999922,0.46379647065027524,5
137.49999999999218,0.4628608730829801,5
137.59999999999218,0.46208795078236375,5
137.69999999999217,0.46147044801620385,5
137.79999999999217,0.46088379715272393,5
137.89999999999216,0.4602922783469284,5
137.99999999999216,0.4595993487846223,5
138.09999999999215,0.45865713262389785,5
138.19999999999214,0.4573336033347072,5
138.29999999999214,0.45591948088196393,5
138.39999999999213,0.45458339098650447,5
138.49999999999213,0.45319963137595076,5
138.59999999999212,0.45181218435019604,5
138.69999999999212,0.45043206293518256,5
138.7999999999921,0.44905681468303793,5
138.8999999999921,0.44768156643089335,5
138.9999999999921,0.4466768714191368,5
139.0999999999921,0.44549703030385235,5
139.1999999999921,0.4442874878206333,5
139.29999999999208,0.44300283959267367,5
139.39999999999208,0.4417110519254558,5
139.49999999999207,0.44039560778364495,5
139.59999999999206,0.43905637393585695,5
139.69999999999206,0.43768642303563715,5
139.79999999999205,0.43628330671978527,5
139.89999999999205,0.43487863184772435,5
139.99999999999204,0.4333976919465748,5
140.09999999999204,0.4320535433099228,5
140.19999999999203,0.4306229710179955,5
140.29999999999202,0.4292258659327207,5
140.39999999999202,0.4274921317494308,5
140.499999999992,0.4263967639902848,5
140.599999999992,0.4253769393159873,5
140.699999999992,0.4243030751009771,5
140.799999999992,0.4223004746581961,5
140.899999999992,0.4205495725434081,5
140.99999999999199,0.4186421821165581,5
141.09999999999198,0.41678667201115227,5
141.19999999999197,0.41493160652165456,5
141.29999999999197,0.413109827445539,5
141.39999999999196,0.41133526441902013,5
141.49999999999196,0.4095599712289908,5
141.59999999999195,0.4075784955373455,5
141.69999999999195,0.40562566552329393,5
141.79999999999194,0.403320794164937,5
141.89999999999193,0.4010229779200153,5
141.99999999999193,0.39873034340742625,5
142.09999999999192,0.3963748933662858,5
142.19999999999192,0.39431185192298873,5
142.2999999999919,0.3922740839203199,5
142.3999999999919,0.39025190516492114,5
142.4999999999919,0.3880344538739221,5
142.5999999999919,0.3860538263070173,5
142.6999999999919,0.38403632925691045,5
142.79999999999188,0.3820989905454891,5
142.89999999999188,0.37985550817691627,5
142.99999999999187,0.37821470894330833,5
143.09999999999187,0.37678082668671553,5
143.19999999999186,0.3748610242258875,5
143.29999999999185,0.37320987468114586,5
143.39999999999185,0.3717213063659974,5
143.49999999999184,0.37029631391898754,5
143.59999999999184,0.368876856342951,5
143.69999999999183,0.3671046085852152,5
143.79999999999183,0.3652467942172718,5
143.89999999999182,0.36325417684838757,5
143.99999999999181,0.3613343812609471,5
144.0999999999918,0.3600109292881665,5
144.1999999999918,0.3584778981545266,5
144.2999999999918,0.3578391799656837,5
144.3999999999918,0.35713025367173323,5
144.4999999999918,0.3565399998896968,5
144.59999999999178,0.35590717436435265,5
144.69999999999177,0.3554106621533418,5
144.79999999999177,0.3549165642657123,5
144.89999999999176,0.35385959334969697,5
144.99999999999176,0.3523684499131525,5
145.09999999999175,0.35040973961486516,5
145.19999999999175,0.34847223290374635,5
145.29999999999174,0.34653472619263,5
145.39999999999173,0.34457988766201486,5
145.49999999999173,0.34255322587831444,5
145.59999999999172,0.34055307595933115,5
145.69999999999172,0.34150110491714514,5
145.7999999999917,0.34250097459913303,5
145.8999999999917,0.3416078763609785,5
145.9999999999917,0.34086358028741626,5
146.0999999999917,0.3400648875835592,5
146.1999999999917,0.3392474196617482,5
146.29999999999168,0.3383589337650016,5
146.39999999999168,0.33726554638825734,5
146.49999999999167,0.3361089485142561,5
146.59999999999167,0.33494680072677707,5
146.69999999999166,0.3336719574304606,5
146.79999999999166,0.33254123918635115,5
146.89999999999165,0.33154216747191584,5
146.99999999999164,0.33053196056692885,5
147.09999999999164,0.3296647651181931,5
147.19999999999163,0.3287775554086278,5
147.29999999999163,0.32790625614500096,5
147.39999999999162,0.32711423195519446,5
147.49999999999162,0.326308219576815,5
147.5999999999916,0.32547984942129005,5
147.6999999999916,0.32467823362872594,5
147.7999999999916,0.32383870970235207,5
147.8999999999916,0.32299918577597475,5
147.9999999999916,0.3224055597001916,5
148.09999999999158,0.32205923622957433,5
148.19999999999158,0.32166145847195693,5
148.29999999999157,0.3213326586693212,5
148.39999999999156,0.32100487051619064,5
148.49999999999156,0.3206168374911861,5
148.59999999999155,0.32010222438662594,5
148.69999999999155,0.31965636657361396,5
148.79999999999154,0.3193965500723128,5
148.89999999999154,0.3191278102068728,5
148.99999999999153,0.3189012753274617,5
149.09999999999152,0.3186762800385474,5
149.19999999999152,0.31864062420108996,5
149.2999999999915,0.3185252507943694,5
149.3999999999915,0.31880064062146946,5
149.4999999999915,0.31847207120111026,5
149.5999999999915,0.3181294745081596,5
149.6999999999915,0.317873693277238,5
149.79999999999148,0.31837486627857287,5
149.89999999999148,0.3188499979548797,5
149.99999999999147,0.32122527052508754,5
150.09999999999147,0.32372987824471927,5
150.19999999999146,0.326396560183034,5
150.29999999999146,0.3275014307923555,5
150.39999999999145,0.3286499665299275,5
150.49999999999145,0.32981637180001433,5
150.59999999999144,0.33120609894071407,5
150.69999999999143,0.3319849330172088,5
150.79999999999143,0.33312960680672954,5
150.89999999999142,0.3343593034480599,5
150.99999999999142,0.3355890000893976,5
151.0999999999914,0.33687046323107966,5
151.1999999999914,0.33791860563096177,5
151.2999999999914,0.33895249914458836,5
151.3999999999914,0.3400052745257721,5
151.4999999999914,0.3412798790753796,5
151.59999999999138,0.34230571977397917,5
151.69999999999138,0.3433770100461546,5
151.79999999999137,0.34436814197964616,5
151.89999999999137,0.34573297766284583,5
151.99999999999136,0.3467797859780383,5
152.09999999999135,0.3478750415659863,5
152.19999999999135,0.3489327114367814,5
152.29999999999134,0.3501890006060039,5
152.39999999999134,0.35125473644748934,5
152.49999999999133,0.3522874874708012,5
152.59999999999133,0.3527735057775707,5
152.69999999999132,0.35363438538172287,5
152.79999999999131,0.3546103152572506,5
152.8999999999913,0.35558203222348417,5
152.9999999999913,0.3564246924844919,5
153.0999999999913,0.35726899248005917,5
153.1999999999913,0.35867116861198756,5
153.2999999999913,0.358549369594648,5
153.39999999999128,0.3584292103117466,5
153.49999999999127,0.35831069076341615,5
153.59999999999127,0.3581669035538701,5
153.69999999999126,0.3579187244167993,5
153.79999999999126,0.3576827054478716,5
153.89999999999125,0.35858758044358763,5
153.99999999999125,0.3600512715320444,5
154.09999999999124,0.3613543616842409,5
154.19999999999123,0.3626616508920197,5
154.29999999999123,0.3639943427426021,5
154.39999999999122,0.3653258467967432,5
154.49999999999122,0.366749939804777,5
154.5999999999912,0.3681087921895099,5
154.6999999999912,0.36752624421228697,5
154.7999999999912,0.366890648832675,5
154.8999999999912,0.36810069938904527,5
154.9999999999912,0.3693211095200657,5
155.09999999999118,0.37066056269897646,5
155.19999999999118,0.37239965109616785,5
155.29999999999117,0.3740574533930115,5
155.39999999999117,0.3757184625933486,5
155.49999999999116,0.37722078457515434,5
155.59999999999116,0.3785336543927861,5
155.69999999999115,0.3798153439236305,5
155.79999999999114,0.3809580797513191,5
155.89999999999114,0.38167217907963735,5
155.99999999999113,0.38243222797338816,5
156.09999999999113,0.38324640064864496,5
156.19999999999112,0.3841383767510111,5
156.29999999999112,0.38502145588048514,5
156.3999999999911,0.38418437625818547,5
156.4999999999911,0.38342664537956117,5
156.5999999999911,0.3826568710998683,5
156.6999999999911,0.3834472079176385,5
156.7999999999911,0.3842681762272348,5
156.89999999999108,0.3850867410575775,5
156.99999999999108,0.38597995902387755,5
157.09999999999107,0.3867254979097944,5
157.19999999999106,0.38746289926166533,5
157.29999999999106,0.3881967522533966,5
157.39999999999105,0.3888693927434724,5
157.49999999999105,0.38903233894831946,5
157.59999999999104,0.3893593512894436,5
157.69999999999104,0.38807865424656235,5
157.79999999999103,0.38682320171165735,5
157.89999999999102,0.385599200118547,5
157.99999999999102,0.3849139575423461,5
158.099999999991,0.38457768296539674,5
158.199999999991,0.3841315020512711,5
158.299999999991,0.3837333895234587,5
158.399999999991,0.3833233952764789,5
158.499999999991,0.38299733288361704,5
158.59999999999098,0.38267224198806504,5
158.69999999999098,0.3823481225898155,5
158.79999999999097,0.381670967554541,5
158.89999999999097,0.38083463625754677,5
158.99999999999096,0.3781814706390622,5
159.09999999999096,0.3754605102616052,5
159.19999999999095,0.37257747566547117,5
159.29999999999094,0.37124063022694354,5
159.39999999999094,0.3701464498676076,5
159.49999999999093,0.3693219128685137,5
159.59999999999093,0.36876701922966443,5
159.69999999999092,0.3690873219991771,5
159.79999999999092,0.3694690610269996,5
159.8999999999909,0.3697484137650332,5
159.9999999999909,0.3700277665030575,5
160.0999999999909,0.370287116991634,5
160.1999999999909,0.3704914681338674,5
160.2999999999909,0.37097120479696877,5
160.39999999999088,0.3714128350689764,5
160.49999999999088,0.3716233509921726,5
160.59999999999087,0.37185162584298415,5
160.69999999999087,0.3721353597525806,5
160.79999999999086,0.3722245693618341,5
160.89999999999085,0.37228441811614177,5
160.99999999999085,0.3723179513436997,5
161.09999999999084,0.37170468236699317,5
161.19999999999084,0.3711289991073844,5
161.29999999999083,0.3704971270513931,5
161.39999999999083,0.3698721229301497,5
161.49999999999082,0.36971254731401926,5
161.5999999999908,0.3701627791205365,5
161.6999999999908,0.3702112508509262,5
161.7999999999908,0.3702912588885116,5
161.8999999999908,0.3703831590656411,5
161.9999999999908,0.370523170781172,5
162.09999999999079,0.37067086172694386,5
162.19999999999078,0.3705944332861222,5
162.29999999999077,0.37112539451256427,5
162.39999999999077,0.37174293028954664,5
162.49999999999076,0.3723801979706857,5
162.59999999999076,0.3730100863497611,5
162.69999999999075,0.3731934923849188,5
162.79999999999075,0.3733654375657443,5
162.89999999999074,0.37273206388472513,5
162.99999999999073,0.37201162090649975,5
163.09999999999073,0.3710811790095218,5
163.19999999999072,0.3701128238482213,5
163.29999999999072,0.3691533686802605,5
163.3999999999907,0.36827146856988835,5
163.4999999999907,0.3673361315792657,5
163.5999999999907,0.3671305123735401,5
163.6999999999907,0.366823338256644,5
163.7999999999907,0.3665043354010094,5
163.89999999999068,0.36621425687160714,5
163.99999999999068,0.3658564559213652,5
164.09999999999067,0.3654175781869156,5
164.19999999999067,0.36467754419836707,5
164.29999999999066,0.363952782251428,5
164.39999999999065,0.3632769363342152,5
164.49999999999065,0.3626655023526939,5
164.59999999999064,0.36218786591886915,5
164.69999999999064,0.36162336427309927,5
164.79999999999063,0.3610547106965943,5
164.89999999999063,0.36076670070588973,5
164.99999999999062,0.3604908193337621,5
165.09999999999062,0.3613973047504157,5
165.1999999999906,0.36226462314964253,5
165.2999999999906,0.3631309124811307,5
165.3999999999906,0.3656430007083723,5
165.4999999999906,0.36824860834607087,5
165.5999999999906,0.3697380497045391,5
165.69999999999058,0.3696406256024837,5
165.79999999999058,0.3698034388250725,5
165.89999999999057,0.36994205617203113,5
165.99999999999056,0.37013403095150116,5
166.09999999999056,0.37040394343401134,5
166.19999999999055,0.3706748763123343,5
166.29999999999055,0.3709058051147919,5
166.39999999999054,0.37150885509133635,5
166.49999999999054,0.3727191970503997,5
166.59999999999053,0.37387958943788924,5
166.69999999999052,0.37640410777295485,5
166.79999999999052,0.3789498262506002,5
166.8999999999905,0.38149477795791753,5
166.9999999999905,0.38462951765751485,5
167.0999999999905,0.3863033832395428,5
167.1999999999905,0.3879734295509878,5
167.2999999999905,0.3898075175390875,5
167.39999999999048,0.3915737217043658,5
167.49999999999048,0.39333895437233535,5
167.59999999999047,0.3950995448909543,5
167.69999999999047,0.3963627885640104,5
167.79999999999046,0.39799365459877123,5
167.89999999999046,0.39955803989228283,5
167.99999999999045,0.4011829925046782,5
168.09999999999044,0.40276463229485493,5
168.19999999999044,0.4049525424351522,5
168.29999999999043,0.40712431998710324,5
168.39999999999043,0.40903116711743037,5
168.49999999999042,0.41065050135500236,5
168.59999999999042,0.41179279992685436,5
168.6999999999904,0.41263982391514603,5
168.7999999999904,0.4134254116451789,5
168.8999999999904,0.4141821584868809,5
168.9999999999904,0.4162299318593525,5
169.0999999999904,0.4170691932305881,5
169.19999999999038,0.41795694433150177,5
169.29999999999038,0.4186040608406262,5
169.39999999999037,0.41928928374084656,5
169.49999999999037,0.42001196157862636,5
169.59999999999036,0.4207288206156917,5
169.69999999999035,0.42137430219726085,5
169.79999999999035,0.4223297132723177,5
169.89999999999034,0.4233663370796295,5
169.99999999999034,0.42453785209804396,5
170.09999999999033,0.4264054882233051,5
170.19999999999033,0.4283885295417812,5
170.29999999999032,0.43041889204093886,5
170.3999999999903,0.43220824640349526,5
170.4999999999903,0.4336409508497835,5
170.5999999999903,0.43500828161161104,5
170.6999999999903,0.436402511152188,5
170.7999999999903,0.4377623085310861,5
170.89999999999029,0.439123675411426,5
170.99999999999028,0.43954331127583945,5
171.09999999999027,0.4399552679099246,5
171.19999999999027,0.4401680679282867,5
171.29999999999026,0.44022773507311924,5
171.39999999999026,0.4402019176119614,5
171.49999999999025,0.4401563682466466,5
171.59999999999025,0.4400770424583357,5
171.69999999999024,0.44047613721727685,5
171.79999999999023,0.44087193457587703,5
171.89999999999023,0.4412933445851325,5
171.99999999999022,0.4416982313983248,5
172.09999999999022,0.44237337726423914,5
172.1999999999902,0.44288041121329497,5
172.2999999999902,0.4433246238813022,5
172.3999999999902,0.44369246928815953,5
172.4999999999902,0.4440046888731898,5
172.5999999999902,0.4436134417276675,5
172.69999999999018,0.4432401340815266,5
172.79999999999018,0.4428540449986434,5
172.89999999999017,0.44244896510756515,5
172.99999999999017,0.44206473085358244,5
173.09999999999016,0.4416360648527947,5
173.19999999999015,0.44109511002748303,5
173.29999999999015,0.4405313840071732,5
173.39999999999014,0.43992535647797054,5
173.49999999999014,0.43933757169624627,5
173.59999999999013,0.4384220088907515,5
173.69999999999013,0.4375892504696184,5
173.79999999999012,0.4367318703526785,5
173.89999999999011,0.43574767392477226,5
173.9999999999901,0.43475084970887384,5
174.0999999999901,0.43257531146549805,5
174.1999999999901,0.43095776015241033,5
174.2999999999901,0.42939139012369276,5
174.3999999999901,0.4278201048771725,5
174.49999999999008,0.4255426627012514,5
174.59999999999008,0.4243934302055692,5
174.69999999999007,0.4232441977099988,5
174.79999999999006,0.4217365072055702,5
174.89999999999006,0.42021178894563177,5
174.99999999999005,0.4186257084536081,5
175.09999999999005,0.41704013597801043,5
175.19999999999004,0.4153709223004114,5
175.29999999999004,0.4137441161779261,5
175.39999999999003,0.4118052565021288,5
175.49999999999002,0.4097698163991139,5
175.59999999999002,0.4083241626318701,5
175.69999999999,0.40716460727561066,5
175.79999999999,0.405983851776929,5
175.89999999999,0.4047990469691071,5
175.99999999999,0.40237295872602097,5
176.09999999999,0.40108517064801424,5
176.19999999998998,0.3998828178972854,5
176.29999999998998,0.39859102357974396,5
176.39999999998997,0.39689543181990133,5
176.49999999998997,0.39528984825665586,5
176.59999999998996,0.39377794354210505,5
176.69999999998996,0.3928297836679556,5
176.79999999998995,0.39192806125599444,5
176.89999999998994,0.39109684150016355,5
176.99999999998994,0.3902828901972325,5
177.09999999998993,0.3894562913112948,5
177.19999999998993,0.38801222231042337,5
177.29999999998992,0.38658935723592724,5
177.39999999998992,0.3845106320900468,5
177.4999999999899,0.38249522398881386,5
177.5999999999899,0.3806693386605494,5
177.6999999999899,0.3788528340075574,5
177.7999999999899,0.3770286960863366,5
177.8999999999899,0.3754521673399928,5
177.99999999998988,0.37259248116380494,5
178.09999999998988,0.37102684974532807,5
178.19999999998987,0.369935308775715,5
178.29999999998986,0.36899031730490317,5
178.39999999998986,0.3680453258341059,5
178.49999999998985,0.36726286734743363,5
178.59999999998985,0.3664810211381808,5
178.69999999998984,0.36570159747272946,5
178.79999999998984,0.36439588953007535,5
178.89999999998983,0.36312803924737314,5
178.99999999998983,0.36170304098303874,5
179.09999999998982,0.36020010522167445,5
179.1999999999898,0.35874423655789855,5
179.2999999999898,0.35715943113603166,5
179.3999999999898,0.3558367380141863,5
179.4999999999898,0.35443003760127245,5
179.5999999999898,0.3531353800971268,5
179.69999999998979,0.35188354055505366,5
179.79999999998978,0.3506073499028918,5
179.89999999998977,0.34932191051904565,5
179.99999999998977,0.3489486949192544,5
180.09999999998976,0.34877183843456205,5
180.19999999998976,0.3487916522538342,5
180.29999999998975,0.34899325695755257,5
180.39999999998975,0.34919377171678123,5
180.49999999998974,0.34945342084229186,5
180.59999999998973,0.34972841348125006,5
180.69999999998973,0.34994680230347164,5
180.79999999998972,0.35020137254564926,5
180.89999999998972,0.35058214164533885,5
180.9999999999897,0.3512374632606746,5
181.0999999999897,0.35184504971879527,5
181.1999999999897,0.35261690394877265,5
181.2999999999897,0.3534172768236526,5
181.3999999999897,0.35418990621743685,5
181.49999999998968,0.3550794867379582,5
181.59999999998968,0.355993800214098,5
181.69999999998967,0.3569147543415673,5
181.79999999998967,0.3580301395092654,5
181.89999999998966,0.35919258835934315,5
181.99999999998965,0.36035214136363003,5
182.09999999998965,0.36155612611472365,5
182.19999999998964,0.36271139789839746,5
182.29999999998964,0.36378045820088023,5
182.39999999998963,0.364851070540834,5
182.49999999998963,0.365791225359436,5
182.59999999998962,0.36658094876312325,5
182.69999999998961,0.3680661941180146,5
182.7999999999896,0.36959353650736454,5
182.8999999999896,0.37128638487246585,5
182.9999999999896,0.3729911510255549,5
183.0999999999896,0.37518476161484604,5
183.1999999999896,0.376831369934636,5
183.29999999998958,0.3784222085084854,5
183.39999999998957,0.37927671193110996,5
183.49999999998957,0.3807340148597069,5
183.59999999998956,0.38266259712856826,5
183.69999999998956,0.38462523924579217,5
183.79999999998955,0.3866882193827189,5
183.89999999998955,0.38878976761388906,5
183.99999999998954,0.39086250685275037,5
184.09999999998954,0.39292248465835844,5
184.19999999998953,0.3940297289748461,5
184.29999999998952,0.3946604903189967,5
184.39999999998952,0.39529125166309764,5
184.4999999999895,0.3964271513185017,5
184.5999999999895,0.3970232142098119,5
184.6999999999895,0.3975524202382389,5
184.7999999999895,0.39810303056299023,5
184.8999999999895,0.3986674515974013,5
184.99999999998948,0.3992654322528112,5
185.09999999998948,0.3999863619641691,5
185.19999999998947,0.4000821939766559,5
185.29999999998947,0.40010771090433295,5
185.39999999998946,0.4001397473854265,5
185.49999999998946,0.40008177566988345,5
185.59999999998945,0.40043816724246656,5
185.69999999998944,0.4007959756847249,5
185.79999999998944,0.4011520678326235,5
185.89999999998943,0.40147791653713005,5
185.99999999998943,0.4017653752035503,5
186.09999999998942,0.40205337341942676,5
186.19999999998942,0.4023586909347941,5
186.2999999999894,0.40257959830600826,5
186.3999999999894,0.403529884829925,5
186.4999999999894,0.4044856406709715,5
186.5999999999894,0.40541183409727244,5
186.6999999999894,0.4063433040892591,5
186.79999999998938,0.40729483131492944,5
186.89999999998938,0.4078926548708582,5
186.99999999998937,0.40836532996255415,5
187.09999999998936,0.4086774210943032,5
187.19999999998936,0.40834383088322956,5
187.29999999998935,0.4077464118100374,5
187.39999999998935,0.4070964584363462,5
187.49999999998934,0.40633866078186964,5
187.59999999998934,0.4055448755905354,5
187.69999999998933,0.4047618294063004,5
187.79999999998932,0.4040009065960919,5
187.89999999998932,0.403129328548668,5
187.9999999999893,0.4023325433104758,5
188.0999999999893,0.40118185580805726,5
188.1999999999893,0.39992123205356006,5
188.2999999999893,0.39872667590270244,5
188.3999999999893,0.3978084421169027,5
188.49999999998929,0.39752647173685524,5
188.59999999998928,0.39719689105818734,5
188.69999999998927,0.3967825864374751,5
188.79999999998927,0.3963703958080808,5
188.89999999998926,0.3959582051786866,5
188.99999999998926,0.39548497264656246,5
189.09999999998925,0.394815380999427,5
189.19999999998925,0.3940240980751917,5
189.29999999998924,0.39325470078441926,5
189.39999999998923,0.3924478877085104,5
189.49999999998923,0.39154904063710244,5
189.59999999998922,0.3906018798183083,5
189.69999999998922,0.39003142668184604,5
189.7999999999892,0.38943232719255116,5
189.8999999999892,0.38862752718433835,5
189.9999999999892,0.38754817466047153,5
190.0999999999892,0.38641917068130677,5
190.1999999999892,0.3846884721101772,5
190.29999999998918,0.3834650793186061,5
190.39999999998918,0.38226943000818814,5
190.49999999998917,0.38102590521636653,5
190.59999999998917,0.37975576917466103,5
190.69999999998916,0.37846833073976505,5
190.79999999998915,0.37713968669882114,5
190.89999999998915,0.37576382952238957,5
190.99999999998914,0.3743422562611546,5
191.09999999998914,0.37290946652126317,5
191.19999999998913,0.371536479374012,5
191.29999999998913,0.3702339768796371,5
191.39999999998912,0.3689201335565185,5
191.49999999998911,0.36770410371333406,5
191.5999999999891,0.36690582514373904,5
191.6999999999891,0.36560852478214645,5
191.7999999999891,0.3642814932758844,5
191.8999999999891,0.3629369864310469,5
191.9999999999891,0.36156155803175205,5
192.09999999998908,0.3594379623717238,5
192.19999999998907,0.3573324101952084,5
192.29999999998907,0.3552268580186956,5
192.39999999998906,0.35385794799109344,5
192.49999999998906,0.35261851965027435,5
192.59999999998905,0.3510315060114389,5
192.69999999998905,0.3494107395219477,5
192.79999999998904,0.3478103456982188,5
192.89999999998903,0.34621501089064405,5
192.99999999998903,0.3446981784665551,5
193.09999999998902,0.3433523586875179,5
193.19999999998902,0.3428753288230143,5
193.299999999989,0.3430561021457482,5
193.399999999989,0.3433512511666737,5
193.499999999989,0.3433522180016157,5
193.599999999989,0.3433531848365253,5
193.699999999989,0.34335998415638724,5
193.79999999998898,0.34337581407304774,5
193.89999999998898,0.34315275834507053,5
193.99999999998897,0.3429489937625214,5
194.09999999998897,0.34267544693387697,5
194.19999999998896,0.342941643639589,5
194.29999999998896,0.34337195306392715,5
194.39999999998895,0.34415286134315204,5
194.49999999998894,0.34493216563700063,5
194.59999999998894,0.34520709844607894,5
194.69999999998893,0.34575285107167597,5
194.79999999998893,0.3462135638042863,5
194.89999999998892,0.3466340173241536,5
194.99999999998892,0.3470882068499792,5
195.0999999999889,0.3476218309298032,5
195.1999999999889,0.3482196843748181,5
195.2999999999889,0.3487594803307027,5
195.3999999999889,0.3492627802898286,5
195.4999999999889,0.3497181010119689,5
195.59999999998888,0.3502091549655304,5
195.69999999998888,0.3507157394781909,5
195.79999999998887,0.3512307071501835,5
195.89999999998886,0.3519379225160769,5
195.99999999998886,0.35292198661117646,5
196.09999999998885,0.35401919830087203,5
196.19999999998885,0.35528396124701195,5
196.29999999998884,0.35648032418247,5
196.39999999998884,0.357718711265518,5
196.49999999998883,0.3591026509549024,5
196.59999999998882,0.3605636049575235,5
196.69999999998882,0.3621244060934155,5
196.7999999999888,0.3641022361823788,5
196.8999999999888,0.366058082272263,5
196.9999999999888,0.36795553504289197,5
197.0999999999888,0.37001944944813925,5
197.1999999999888,0.37203082781470354,5
197.29999999998878,0.3739896701425597,5
197.39999999998878,0.3754386651533407,5
197.49999999998877,0.3762308383698804,5
197.59999999998877,0.37700897159554814,5
197.69999999998876,0.3777839618103037,5
197.79999999998876,0.37845117089256675,5
197.89999999998875,0.37905790510534476,5
197.99999999998875,0.37968740376571375,5
198.09999999998874,0.38067645844084186,5
198.19999999998873,0.3816655131160105,5
198.29999999998873,0.38265640700799836,5
198.39999999998872,0.3836928409174256,5
198.49999999998872,0.38463135290373096,5
198.5999999999887,0.38560790374569226,5
198.6999999999887,0.3862685017490485,5
198.7999999999887,0.3869099503711789,5
198.8999999999887,0.38770859963781507,5
198.9999999999887,0.3884362091833794,5
199.09999999998868,0.38914243046311414,5
199.19999999998868,0.39039324311037193,5
199.29999999998867,0.3910632919871178,5
199.39999999998867,0.391737064277733,5
199.49999999998866,0.3924347718972533,5
199.59999999998865,0.3931322443654832,5
199.69999999998865,0.3938315560505326,5
199.79999999998864,0.39446600983030955,5
199.89999999998864,0.3950820937338303,5
199.99999999998863,0.39574573293896637,5
200.09999999998863,0.3964152427862882,5
200.19999999998862,0.39695521258057137,5
200.29999999998861,0.39754178027026166,5
200.3999999999886,0.3980016796996386,5
200.4999999999886,0.3985876858892885,5
200.5999999999886,0.39909500685988375,5
200.6999999999886,0.39943346617542397,5
200.7999999999886,0.3996144933118432,5
200.89999999998858,0.3997845168223684,5
200.99999999998857,0.39994583290719354,5
201.09999999998857,0.4002023177046931,5
201.19999999998856,0.40045173453708854,5
201.29999999998856,0.4008805703250327,5
201.39999999998855,0.40139520532506906,5
201.49999999998855,0.40158429742743734,5
201.59999999998854,0.40164062223792774,5
201.69999999998853,0.4017132620174818,5
201.79999999998853,0.4017676544917143,5
201.89999999998852,0.40179032955033944,5
201.99999999998852,0.4019389580994125,5
202.0999999999885,0.40163063557442225,5
202.1999999999885,0.4016879982205749,5
202.2999999999885,0.40136882886163444,5
202.3999999999885,0.4009371230213515,5
202.4999999999885,0.40039270720774034,5
202.59999999998848,0.39989354859394644,5
202.69999999998848,0.39938665331994905,5
202.79999999998847,0.3986639724342435,5
202.89999999998847,0.3981711825629614,5
202.99999999998846,0.3977106207501349,5
203.09999999998846,0.3971693531997991,5
203.19999999998845,0.39662750009178166,5
203.29999999998844,0.39591253963500966,5
203.39999999998844,0.3952113009370816,5
203.49999999998843,0.3944585830866906,5
203.59999999998843,0.3937691448426938,5
203.69999999998842,0.39277289536330284,5
203.79999999998842,0.39199775645338014,5
203.8999999999884,0.3912195679405116,5
203.9999999999884,0.39044137942764273,5
204.0999999999884,0.3895776368260996,5
204.1999999999884,0.38868170196749424,5
204.2999999999884,0.3878812200267849,5
204.39999999998838,0.38710082888152886,5
204.49999999998838,0.3862515508251321,5
204.59999999998837,0.38539610195204643,5
204.69999999998836,0.3844596774180205,5
204.79999999998836,0.38350244575920184,5
204.89999999998835,0.38256770483896013,5
204.99999999998835,0.38147540470523567,5
205.09999999998834,0.3803696324907687,5
205.19999999998834,0.3792575165752673,5
205.29999999998833,0.37839002458320076,5
205.39999999998832,0.3776798577991195,5
205.49999999998832,0.376935733584448,5
205.5999999999883,0.3762328779464079,5
205.6999999999883,0.3756484220635511,5
205.7999999999883,0.3748128984720986,5
205.8999999999883,0.3741902606563869,5
205.9999999999883,0.37376986350738506,5
206.09999999998828,0.37354205502510485,5
206.19999999998828,0.37380908473810237,5
206.29999999998827,0.373832871957731,5
206.39999999998827,0.3740935971033482,5
206.49999999998826,0.374382763151332,5
206.59999999998826,0.37461589811184837,5
206.69999999998825,0.37489749503724484,5
206.79999999998824,0.3753330913115674,5
206.89999999998824,0.37575921479734725,5
206.99999999998823,0.3763028304302698,5
207.09999999998823,0.3765955432882281,5
207.19999999998822,0.37687437395041495,5
207.29999999998822,0.37715477836977895,5
207.3999999999882,0.377435518864215,5
207.4999999999882,0.3778764701572529,5
207.5999999999882,0.3781298041197756,5
207.6999999999882,0.37843312099417165,5
207.7999999999882,0.37875558724976344,5
207.89999999998818,0.3796269042340053,5
207.99999999998818,0.3805989134759822,5
208.09999999998817,0.3816422919846041,5
208.19999999998817,0.3823970134161569,5
208.29999999998816,0.3832844069092817,5
208.39999999998815,0.38426350075358806,5
208.49999999998815,0.3852596861689745,5
208.59999999998814,0.38635993288983467,5
208.69999999998814,0.38790998899969353,5
208.79999999998813,0.38939628775617086,5
208.89999999998813,0.39108056154255755,5
208.99999999998812,0.39276689918548646,5
209.0999999999881,0.39388553786787867,5
209.1999999999881,0.3952105437841273,5
209.2999999999881,0.39656391699088883,5
209.3999999999881,0.39806322256788695,5
209.4999999999881,0.3993877584721583,5
209.59999999998809,0.40087094857773203,5
209.69999999998808,0.40236649848996464,5
209.79999999998807,0.40406336900734086,5
209.89999999998807,0.40578544217407686,5
209.99999999998806,0.40752672839291204,5
210.09999999998806,0.4095050138707901,5
210.19999999998805,0.411481460131877,5
210.29999999998805,0.4143123487400014,5
210.39999999998804,0.4171003962826833,5
210.49999999998803,0.4200870216283845,5
210.59999999998803,0.4230890173125131,5
210.69999999998802,0.4260743910298692,5
210.79999999998802,0.4289028916394731,5
210.899999999988,0.4314963472155961,5
210.999999999988,0.43367099195767755,5
211.099999999988,0.4360250378119462,5
211.199999999988,0.43818695552898557,5
211.299999999988,0.4405440850362291,5
211.39999999998798,0.44288683586427613,5
211.49999999998798,0.4452187526281427,5
211.59999999998797,0.44749624385280284,5
211.69999999998797,0.4497664709133377,5
211.79999999998796,0.4522021232175101,5
211.89999999998795,0.4546386087853086,5
211.99999999998795,0.4569611175342356,5
212.09999999998794,0.4592724216118693,5
212.19999999998794,0.4616220944071757,5
212.29999999998793,0.4639605625312065,5
212.39999999998793,0.4663364799661432,5
212.49999999998792,0.46874580458876836,5
212.59999999998792,0.47090811269012545,5
212.6999999999879,0.4730179498983206,5
212.7999999999879,0.47476519286660046,5
212.8999999999879,0.47669039527366125,5
212.9999999999879,0.47859591334743445,5
213.0999999999879,0.48034260479116897,5
213.19999999998788,0.4820399349207952,5
213.29999999998788,0.4837756287291849,5
213.39999999998787,0.48544739979634316,5
213.49999999998786,0.4869686845240893,5
213.59999999998786,0.4883762796869687,5
213.69999999998785,0.4898656296619695,5
213.79999999998785,0.4911428867349389,5
213.89999999998784,0.49225940005427454,5
213.99999999998784,0.4933626985499105,5
214.09999999998783,0.4944682644549891,5
214.19999999998782,0.4955626256887885,5
214.29999999998782,0.4965868377018684,5
214.3999999999878,0.4972624872246903,5
214.4999999999878,0.4983947617096217,5
214.5999999999878,0.49945001572654746,5
214.6999999999878,0.5002734142403031,5
214.7999999999878,0.5013118218494508,5
214.89999999998778,0.5021431271568162,5
214.99999999998778,0.5027702637078695,5
215.09999999998777,0.5024669423853196,5
215.19999999998777,0.5019892567357076,5
215.29999999998776,0.5018256684965999,5
215.39999999998776,0.5016474626122529,5
215.49999999998775,0.5015147421664713,5
215.59999999998774,0.5013787544959557,5
215.69999999998774,0.5012281491801623,5
215.79999999998773,0.5010224966142103,5
215.89999999998773,0.5002235653262936,5
215.99999999998772,0.4993564120893538,5
216.09999999998772,0.49832541446991785,5
216.1999999999877,0.4974171957646991,5
216.2999999999877,0.4965055640854977,5
216.3999999999877,0.49563601832312676,5
216.4999999999877,0.49473708331449906,5
216.5999999999877,0.49384778593832274,5
216.69999999998768,0.49294773443104944,5
216.79999999998768,0.4920612707055646,5
216.89999999998767,0.49076594815664915,5
216.99999999998766,0.48942658521329124,5
217.09999999998766,0.4881961434606253,5
217.19999999998765,0.4873923659346455,5
217.29999999998765,0.48640886755417057,5
217.39999999998764,0.48525483987468104,5
217.49999999998764,0.48407337307698645,5
217.59999999998763,0.48308543340453297,5
217.69999999998763,0.4816594329080893,5
217.79999999998762,0.48021029138617494,5
217.8999999999876,0.4785963229623957,5
217.9999999999876,0.47707553177508516,5
218.0999999999876,0.4761254794021875,5
218.1999999999876,0.47511236659669276,5
218.2999999999876,0.4741888787218837,5
218.39999999998759,0.47341071685377434,5
218.49999999998758,0.4728234186678564,5
218.59999999998757,0.4720779259970828,5
218.69999999998757,0.4712504554563626,5
218.79999999998756,0.47039135229563456,5
218.89999999998756,0.4695632072747659,5
218.99999999998755,0.4684394093970575,5
219.09999999998755,0.46720402046434695,5
219.19999999998754,0.4659753288089662,5
219.29999999998753,0.4636570960303299,5
219.39999999998753,0.4612965253165619,5
219.49999999998752,0.45894265188013234,5
219.59999999998752,0.4565891786323163,5
219.6999999999875,0.454242402661844,5
219.7999999999875,0.4520738210083669,5
219.8999999999875,0.45019516223004274,5
219.9999999999875,0.4485569830045647,5
220.0999999999875,0.44727360245797776,5
220.19999999998748,0.44599691918877893,5
220.29999999998748,0.44467889410386013,5
220.39999999998747,0.4433801057586807,5
220.49999999998747,0.4420971830302225,5
220.59999999998746,0.4408301259184853,5
220.69999999998745,0.43958857681237173,5
220.79999999998745,0.4384510691896259,5
220.89999999998744,0.43708408050220215,5
220.99999999998744,0.43582321852613937,5
221.09999999998743,0.43458025849871323,5
221.19999999998743,0.43333954480638487,5
221.29999999998742,0.43207958623349746,5
221.39999999998741,0.43084600088814645,5
221.4999999999874,0.4297349940603062,5
221.5999999999874,0.42874195897773915,5
221.6999999999874,0.4277420594009277,5
221.7999999999874,0.426857263569974,5
221.8999999999874,0.42578157739720324,5
221.99999999998738,0.42470782240437355,5
222.09999999998738,0.4238300798149807,5
222.19999999998737,0.42294578874354843,5
222.29999999998736,0.42203119162895686,5
222.39999999998736,0.42111181867966163,5
222.49999999998735,0.42036008547604836,5
222.59999999998735,0.41962858809131454,5
222.69999999998734,0.4188877682190622,5
222.79999999998734,0.4183501335596195,5
222.89999999998733,0.4179018953533095,5
222.99999999998732,0.4174781743959863,5
223.09999999998732,0.4170500531433725,5
223.1999999999873,0.41661753159546455,5
223.2999999999873,0.4161806097522625,5
223.3999999999873,0.4159230309612247,5
223.4999999999873,0.41506191453207775,5
223.5999999999873,0.41417223315718027,5
223.69999999998728,0.41322811817028554,5
223.79999999998728,0.4122691107702153,5
223.89999999998727,0.4112854871447572,5
223.99999999998727,0.41016530906683535,5
224.09999999998726,0.40992849737733306,5
224.19999999998726,0.40935740571255214,5
224.29999999998725,0.40862861777094894,5
224.39999999998724,0.4079604058281848,5
224.49999999998724,0.4071959130729913,5
224.59999999998723,0.4064329011768482,5
224.69999999998723,0.4056654544421338,5
224.79999999998722,0.4048032212544033,5
224.89999999998722,0.40460656036849213,5
224.9999999999872,0.4044234500757895,5
225.0999999999872,0.40423364905302617,5
225.1999999999872,0.4039059895377278,5
225.2999999999872,0.4035470223265293,5
225.3999999999872,0.4030642854238362,5
225.49999999998718,0.40247994873832715,5
225.59999999998718,0.40205255894670844,5
225.69999999998717,0.40165584036487856,5
225.79999999998716,0.4012186460428472,5
225.89999999998716,0.4006378690368857,5
225.99999999998715,0.4000445919303006,5
226.09999999998715,0.39934648382494,5
226.19999999998714,0.3985869446603335,5
226.29999999998714,0.3978833546380608,5
226.39999999998713,0.39725928988715364,5
226.49999999998712,0.3966260570919339,5
226.59999999998712,0.39573545110660485,5
226.6999999999871,0.39483125733945335,5
226.7999999999871,0.39424984760291415,5
226.8999999999871,0.39368545953647155,5
226.9999999999871,0.3930353608238969,5
227.0999999999871,0.39238756809391495,5
227.19999999998709,0.3916949774650503,5
227.29999999998708,0.3908428618060329,5
227.39999999998707,0.38984440729029063,5
227.49999999998707,0.3887235833014345,5
227.59999999998706,0.3877032968375608,5
227.69999999998706,0.3867525852775192,5
227.79999999998705,0.38579390454545354,5
227.89999999998705,0.3847955752820154,5
227.99999999998704,0.3841032060582103,5
228.09999999998703,0.38349120578704615,5
228.19999999998703,0.38293028416574043,5
228.29999999998702,0.3824328727513344,5
228.39999999998702,0.3819948935289522,5
228.499999999987,0.3815559608951609,5
228.599999999987,0.3811155575540572,5
228.699999999987,0.3806675218171215,5
228.799999999987,0.38027866432081936,5
228.899999999987,0.3797068448013953,5
228.99999999998698,0.3791383532059014,5
229.09999999998698,0.37833214448247576,5
229.19999999998697,0.3776305373521013,5
229.29999999998697,0.37697575725544075,5
229.39999999998696,0.3765079409212545,5
229.49999999998695,0.37603164484575996,5
229.59999999998695,0.37562623440513415,5
229.69999999998694,0.3738148925698114,5
229.79999999998694,0.3718833474861681,5
229.89999999998693,0.3701721991616604,5
229.99999999998693,0.3684461025179059,5
230.09999999998692,0.3668222452936374,5
230.19999999998691,0.36515857125017104,5
230.2999999999869,0.3635445591954243,5
230.3999999999869,0.361988287685109,5
230.4999999999869,0.3603215436149815,5
230.5999999999869,0.35870411298193017,5
230.6999999999869,0.3568534221902206,5
230.79999999998688,0.35502891312175644,5
230.89999999998687,0.35299498198114554,5
230.99999999998687,0.3525380222025789,5
231.09999999998686,0.352033901322662,5
231.19999999998686,0.3521701429704731,5
231.29999999998685,0.3523076860391893,5
231.39999999998685,0.3524447578813623,5
231.49999999998684,0.3525963043710925,5
231.59999999998684,0.3527983518874415,5
231.69999999998683,0.35308453286551333,5
231.79999999998682,0.35307919795563575,5
231.89999999998682,0.35307772967286677,5
231.9999999999868,0.3534582085458394,5
232.0999999999868,0.3538542923854355,5
232.1999999999868,0.35436921229338286,5
232.2999999999868,0.354899737167919,5
232.3999999999868,0.35546225408098997,5
232.49999999998678,0.35611042334078724,5
232.59999999998678,0.3552909240737394,5
232.69999999998677,0.35414594333044264,5
232.79999999998677,0.35285965516059,5
232.89999999998676,0.3515898431847521,5
232.99999999998676,0.35084689714227535,5
233.09999999998675,0.35049095296252625,5
233.19999999998674,0.3505235314469786,5
233.29999999998674,0.35113018586274947,5
233.39999999998673,0.3515370763581161,5
233.49999999998673,0.3521238431041338,5
233.59999999998672,0.35326484650694207,5
233.69999999998672,0.3544796000609153,5
233.7999999999867,0.35520933127338644,5
233.8999999999867,0.3557445876073345,5
233.9999999999867,0.35624575682833254,5
234.0999999999867,0.3568088079220997,5
234.1999999999867,0.3574008207899138,5
234.29999999998668,0.3580205604420533,5
234.39999999998668,0.358766149534854,5
234.49999999998667,0.36021938629047245,5
234.59999999998666,0.3616437797280173,5
234.69999999998666,0.36292823357692894,5
234.79999999998665,0.3642386747232957,5
234.89999999998665,0.3655501852696296,5
234.99999999998664,0.36693250830688584,5
235.09999999998664,0.3668421658637463,5
235.19999999998663,0.3680925634059659,5
235.29999999998662,0.3695683090544664,5
235.39999999998662,0.3710070380746118,5
235.4999999999866,0.37249073785579284,5
235.5999999999866,0.37390765816124827,5
235.6999999999866,0.3741344254572664,5
235.7999999999866,0.3740883849161537,5
235.8999999999866,0.37406202608260913,5
235.99999999998658,0.3739225681788483,5
236.09999999998658,0.375039001532117,5
236.19999999998657,0.3761958707096732,5
236.29999999998657,0.3775748930751694,5
236.39999999998656,0.3789407292672526,5
236.49999999998656,0.3802115751531498,5
236.59999999998655,0.3813867696340646,5
236.69999999998655,0.3822698491280248,5
236.79999999998654,0.3830568174492235,5
236.89999999998653,0.3838431348552801,5
236.99999999998653,0.3847006777038372,5
237.09999999998652,0.385802432020394,5
237.19999999998652,0.3868962265513183,5
237.2999999999865,0.38798219069602324,5
237.3999999999865,0.3890184827578068,5
237.4999999999865,0.39004903095365684,5
237.5999999999865,0.3910183552552978,5
237.6999999999865,0.3920925465853039,5
237.79999999998648,0.39308439924862537,5
237.89999999998648,0.3942348135785617,5
237.99999999998647,0.39536810312851733,5
238.09999999998647,0.39655076513596726,5
238.19999999998646,0.39762544291075164,5
238.29999999998645,0.3987004700600616,5
238.39999999998645,0.39973555179978987,5
238.49999999998644,0.40077502800399734,5
238.59999999998644,0.40173692129599214,5
238.69999999998643,0.40408629724462336,5
238.79999999998643,0.406453408836306,5
238.89999999998642,0.4088287714699237,5
238.99999999998641,0.4118885118988545,5
239.0999999999864,0.41361287433676014,5
239.1999999999864,0.41532294510017487,5
239.2999999999864,0.41696199707344184,5
239.3999999999864,0.41853661122493085,5
239.4999999999864,0.4201187953689193,5
239.59999999998638,0.42179069861892904,5
239.69999999998637,0.4231881213093631,5
239.79999999998637,0.4264323550100396,5
239.89999999998636,0.4299019912890959,5
239.99999999998636,0.4318602760790222,5
240.09999999998635,0.4338545742652292,5
240.19999999998635,0.43518195593709547,5
240.29999999998634,0.43652578934139263,5
240.39999999998633,0.4378843972433982,5
240.49999999998633,0.4378589051636008,5
240.59999999998632,0.43795241363115817,5
240.69999999998632,0.4379507412875035,5
240.7999999999863,0.43822090214823783,5
240.8999999999863,0.4384973205100374,5
240.9999999999863,0.4383914161653436,5
241.0999999999863,0.438294867848228,5
241.1999999999863,0.4406294864205328,5
241.29999999998628,0.44280385376153897,5
241.39999999998628,0.4449686334469917,5
241.49999999998627,0.4472003576492768,5
241.59999999998627,0.45099711570229256,5
241.69999999998626,0.45518157421372346,5
241.79999999998626,0.45953001793504145,5
241.89999999998625,0.46431077393678144,5
241.99999999998624,0.4694587813629044,5
242.09999999998624,0.4739880166287758,5
242.19999999998623,0.4781425353375021,5
242.29999999998623,0.481809819474591,5
242.39999999998622,0.48562749620451406,5
242.49999999998622,0.48928765115531264,5
242.5999999999862,0.4923971911489075,5
242.6999999999862,0.4931046573973208,5
242.7999999999862,0.49446376095685346,5
242.8999999999862,0.4959492951313848,5
242.9999999999862,0.49755910956969523,5
243.09999999998618,0.49916892400802293,5
243.19999999998618,0.5008973358590323,5
243.29999999998617,0.5027479260343001,5
243.39999999998616,0.5080609742435092,5
243.49999999998616,0.5096354901203688,5
243.59999999998615,0.511095488317252,5
243.69999999998615,0.51265116711119,5
243.79999999998614,0.514350319969932,5
243.89999999998614,0.5162310370869354,5
243.99999999998613,0.5180678296714581,5
244.09999999998612,0.5249816815265296,5
244.19999999998612,0.5305452350701759,5
244.2999999999861,0.5356790166168147,5
244.3999999999861,0.540838954827146,5
244.4999999999861,0.5459430623118058,5
244.5999999999861,0.5512736278725822,5
244.6999999999861,0.557579166349665,5
244.79999999998608,0.5636553300628848,5
244.89999999998608,0.5696747623894576,5
244.99999999998607,0.5758960263011603,5
245.09999999998607,0.5808734281353671,5
245.19999999998606,0.5857451346339079,5
245.29999999998606,0.5903882477173307,5
245.39999999998605,0.5950397311108516,5
245.49999999998604,0.5997590192773489,5
245.59999999998604,0.6044718672166877,5
245.69999999998603,0.6094674140339293,5
245.79999999998603,0.6148087374924449,5
245.89999999998602,0.6199708077054381,5
245.99999999998602,0.6251591236523028,5
246.099999999986,0.6299400249695927,5
246.199999999986,0.634594544936504,5
246.299999999986,0.6392426246762284,5
246.399999999986,0.6438735768704642,5
246.499999999986,0.6484980888375296,5
246.59999999998598,0.6532169380354862,5
246.69999999998598,0.6578168827400537,5
246.79999999998597,0.6626073139193982,5
246.89999999998597,0.6670697232645002,5
246.99999999998596,0.6715635965935346,5
247.09999999998595,0.676002612247098,5
247.19999999998595,0.680530603352268,5
247.29999999998594,0.6850527598649299,5
247.39999999998594,0.6895146356701722,5
247.49999999998593,0.6939282579963887,5
247.59999999998593,0.6977992398571653,5
247.69999999998592,0.7015667460358748,5
247.7999999999859,0.7055382565381774,5
247.8999999999859,0.7094705440897675,5
247.9999999999859,0.7127267048879753,5
248.0999999999859,0.7172093069803686,5
248.1999999999859,0.7217059880713583,5
248.29999999998589,0.7258261720933102,5
248.39999999998588,0.7299613569782512,5
248.49999999998587,0.7341115427262352,5
248.59999999998587,0.7381366807928137,5
248.69999999998586,0.7426732524389862,5
248.79999999998586,0.7454045209905782,5
248.89999999998585,0.7481507904049571,5
248.99999999998585,0.7504703958942918,5
249.09999999998584,0.7527581567789485,5
249.19999999998583,0.7551052256666001,5
249.29999999998583,0.7575012148198403,5
249.39999999998582,0.7579928353696285,5
249.49999999998582,0.75997985773173,5
249.5999999999858,0.761913222241082,5
249.6999999999858,0.7652555110126239,5
249.7999999999858,0.7686231697326144,5
249.8999999999858,0.7720120019888739,5
249.9999999999858,0.7754102871934054,5
250.09999999998578,0.778860567762952,5
250.19999999998578,0.7798255609954173,5
250.29999999998577,0.7808625954342564,5
250.39999999998577,0.7805779916793204,5
250.49999999998576,0.7803007609250632,5
250.59999999998576,0.7799279219183005,5
250.69999999998575,0.7795624559123914,5
250.79999999998574,0.7792267952875691,5
250.89999999998574,0.7795753637980649,5
250.99999999998573,0.7789942584945997,5
251.09999999998573,0.7784091601687881,5
251.19999999998572,0.7778630010160985,5
251.29999999998572,0.7773286884572254,5
251.3999999999857,0.7771437702744114,5
251.4999999999857,0.7769706986854583,5
251.5999999999857,0.7769480647774244,5
251.6999999999857,0.7795072774142044,5
251.7999999999857,0.7821415502746435,5
251.89999999998568,0.7848729217121999,5
251.99999999998568,0.7874420648720348,5
252.09999999998567,0.7905361757717435,5
252.19999999998566,0.7935128549396205,5
252.29999999998566,0.7963904903363886,5
252.39999999998565,0.7957298999881931,5
252.49999999998565,0.7977353982824595,5
252.59999999998564,0.7999789806888927,5
252.69999999998564,0.8022603663638701,5
252.79999999998563,0.8043726312910454,5
252.89999999998562,0.8063042690652843,5
252.99999999998562,0.8081674470802873,5
253.0999999999856,0.8064218480120605,5
253.1999999999856,0.8046098720864718,5
253.2999999999856,0.80294731956586,5
253.3999999999856,0.801605266410137,5
253.4999999999856,0.80020471853699,5
253.59999999998558,0.7985823122837024,5
253.69999999998558,0.797215406278847,5
253.79999999998557,0.7963545121103663,5
253.89999999998557,0.7954083015810073,5
253.99999999998556,0.7943309331559462,5
254.09999999998556,0.7933344202837713,5
254.19999999998555,0.7924082074430245,5
254.29999999998554,0.7914573791123782,5
254.39999999998554,0.7903618665986486,5
254.49999999998553,0.7897458580768972,5
254.59999999998553,0.7891393592178513,5
254.69999999998552,0.788574605563037,5
254.79999999998552,0.7880341297939495,5
254.8999999999855,0.787525593387403,5
254.9999999999855,0.7869669035573501,5
255.0999999999855,0.7865662973536074,5
255.1999999999855,0.7862950359155744,5
255.2999999999855,0.7860829942616199,5
255.39999999998548,0.786255328445382,5
255.49999999998548,0.7861823578661487,5
255.59999999998547,0.7861681939306713,5
255.69999999998547,0.7861189786395417,5
255.79999999998546,0.7857947865380945,5
255.89999999998545,0.78596406111669,5
255.99999999998545,0.7867117181469292,5
256.09999999998547,0.7874593751772525,5
256.19999999998544,0.7884726836253078,5
256.2999999999854,0.7895131719677334,5
256.3999999999854,0.7905285332178196,5
256.49999999998545,0.7915895359464231,5
256.5999999999854,0.7932629731165696,5
256.6999999999854,0.7950422127913959,5
256.7999999999854,0.7964782555067842,5
256.8999999999854,0.7977118534422936,5
256.9999999999854,0.7992070725503339,5
257.09999999998536,0.8007025094092057,5
257.1999999999854,0.8021981640188727,5
257.2999999999854,0.804214358054014,5
257.39999999998537,0.8062096141201508,5
257.49999999998533,0.8081900870740357,5
257.59999999998536,0.810222558086623,5
257.6999999999854,0.8121512098439579,5
257.79999999998535,0.8140604880358785,5
257.8999999999853,0.8158536828506131,5
257.99999999998533,0.8180258926216094,5
258.09999999998536,0.8203211715453527,5
258.1999999999853,0.8225701431540038,5
258.2999999999853,0.8247704122478595,5
258.3999999999853,0.8288769449307717,5
258.49999999998533,0.8327233875509557,5
258.5999999999853,0.836504127540741,5
258.69999999998527,0.8388749445801768,5
258.7999999999853,0.8412491997947351,5
258.8999999999853,0.8436202972676176,5
258.9999999999853,0.846101090785169,5
259.09999999998524,0.8485912834697201,5
259.19999999998527,0.8510262254354608,5
259.2999999999853,0.8533206457567386,5
259.39999999998525,0.8568644969051148,5
259.4999999999852,0.8603862506111082,5
259.59999999998524,0.8639227849643353,5
259.69999999998527,0.8674458062519778,5
259.79999999998523,0.8710763907160924,5
259.8999999999852,0.8737149908320063,5
259.9999999999852,0.8765337049775621,5
260.09999999998524,0.8795079945649892,5
260.1999999999852,0.8824435627301105,5
260.2999999999852,0.8853675020522072,5
260.3999999999852,0.8876938125676022,5
260.4999999999852,0.8900084942398898,5
260.5999999999852,0.8922187491421265,5
260.69999999998515,0.8944952558597189,5
260.7999999999852,0.896636296259177,5
260.8999999999852,0.8987237878446074,5
260.99999999998516,0.9006948683947135,5
261.09999999998513,0.9022215265495545,5
261.19999999998515,0.9036616793135714,5
261.2999999999852,0.905310810369568,5
261.39999999998514,0.9068360628606973,5
261.4999999999851,0.9089626097193031,5
261.59999999998513,0.9112247548957961,5
261.69999999998515,0.9131180063158746,5
261.7999999999851,0.9150378050798537,5
261.8999999999851,0.9169575673994528,5
261.9999999999851,0.9188829792948223,5
262.09999999998513,0.9207950234267516,5
262.1999999999851,0.9227807358217737,5
262.29999999998506,0.924850388260892,5
262.3999999999851,0.9268944906589909,5
262.4999999999851,0.9287859839793813,5
262.5999999999851,0.9305090475125958,5
262.69999999998504,0.9320032357810017,5
262.79999999998506,0.9328196410661661,5
262.8999999999851,0.9337479268904983,5
262.99999999998505,0.9346815120227273,5
263.099999999985,0.9355404031491759,5
263.19999999998504,0.9362797667856103,5
263.29999999998506,0.9369886603738052,5
263.399999999985,0.9378891226291579,5
263.499999999985,0.9384729192459549,5
263.599999999985,0.9390860422316896,5
263.69999999998504,0.9398665826011389,5
263.799999999985,0.9403975000262251,5
263.89999999998497,0.9410400240817237,5
263.999999999985,0.9418446539224403,5
264.099999999985,0.9424164021463921,5
264.199999999985,0.9421677320724864,5
264.29999999998495,0.9418662824415662,5
264.39999999998497,0.9411868972000997,5
264.499999999985,0.9407592569487948,5
264.59999999998496,0.9402344701470214,5
264.6999999999849,0.9397514461681752,5
264.79999999998495,0.9394756983307436,5
264.89999999998497,0.9383259730454252,5
264.99999999998494,0.9365569317348262,5
265.0999999999849,0.934778420834531,5
265.1999999999849,0.9326324988375317,5
265.29999999998495,0.9304499273565423,5
265.3999999999849,0.9281927101270313,5
265.4999999999849,0.9259390861383021,5
265.5999999999849,0.9241527094717886,5
265.6999999999849,0.9222097186620333,5
265.7999999999849,0.9204242720849486,5
265.89999999998486,0.9188514365437312,5
265.9999999999849,0.9170169798299854,5
266.0999999999849,0.9153243744429117,5
266.19999999998487,0.9136315513050656,5
266.29999999998483,0.9118856966699875,5
266.39999999998486,0.9109331886861852,5
266.4999999999849,0.9100085389674621,5
266.59999999998485,0.9086896985793823,5
266.6999999999848,0.9074975250295945,5
266.79999999998483,0.905648126898331,5
266.89999999998486,0.9038998112811102,5
266.9999999999848,0.9021965749746595,5
267.0999999999848,0.9003200325559826,5
267.1999999999848,0.8984709594109604,5
267.29999999998483,0.8962989227053455,5
267.3999999999848,0.8941228310705018,5
267.49999999998477,0.8922149464372466,5
267.5999999999848,0.8903465372807936,5
267.6999999999848,0.8885096657974442,5
267.7999999999848,0.8866159674255354,5
267.89999999998474,0.8846963355448271,5
267.99999999998477,0.8826446176442337,5
268.0999999999848,0.8801655734699908,5
268.19999999998475,0.8777625783409787,5
268.2999999999847,0.8755702231412368,5
268.39999999998474,0.8734169774736008,5
268.49999999998477,0.871322692976291,5
268.59999999998473,0.8692703305445354,5
268.6999999999847,0.8672241081775068,5
268.7999999999847,0.8649738279655701,5
268.89999999998474,0.8630183286677795,5
268.9999999999847,0.8611123830904104,5
269.0999999999847,0.859291101142974,5
269.1999999999847,0.8571452700468669,5
269.2999999999847,0.8549951131902404,5
269.3999999999847,0.8528540269050578,5
269.49999999998465,0.8507494850897388,5
269.5999999999847,0.8485757538927672,5
269.6999999999847,0.8458875039589042,5
269.79999999998466,0.8432393163695326,5
269.89999999998463,0.8406462817566982,5
269.99999999998465,0.8382723517821636,5
270.0999999999847,0.8358671563845477,5
270.19999999998464,0.8335803050948358,5
270.2999999999846,0.8311866250123847,5
270.39999999998463,0.8289455336942059,5
270.49999999998465,0.8264154446422001,5
270.5999999999846,0.8236863418540807,5
270.6999999999846,0.8211088925263483,5
270.7999999999846,0.8185837269514551,5
270.89999999998463,0.8160585613765685,5
270.9999999999846,0.8135894421080586,5
271.09999999998456,0.8111994426418742,5
271.1999999999846,0.8087500604708854,5
271.2999999999846,0.8065143265436652,5
271.3999999999846,0.8038106067881428,5
271.49999999998454,0.801319015454404,5
271.59999999998456,0.7990619136982859,5
271.6999999999846,0.796979073632672,5
271.79999999998455,0.7952537506308919,5
271.8999999999845,0.7935568003962123,5
271.99999999998454,0.7918856065707341,5
272.09999999998456,0.7902623704132841,5
272.1999999999845,0.7886303072157832,5
272.2999999999845,0.7870597697835808,5
272.3999999999845,0.7855717423614407,5
272.49999999998454,0.7838252077436547,5
272.5999999999845,0.7820462773213774,5
272.69999999998447,0.7799994675292375,5
272.7999999999845,0.7779363064992444,5
272.8999999999845,0.7757884309347023,5
272.9999999999845,0.7734231087330901,5
273.09999999998445,0.7712505118773842,5
273.19999999998447,0.7698399134001226,5
273.2999999999845,0.7684293149229805,5
273.39999999998446,0.7670271374355717,5
273.4999999999844,0.7656249599481653,5
273.59999999998445,0.7642227824607579,5
273.69999999998447,0.7627582189997257,5
273.79999999998444,0.7612854469040828,5
273.8999999999844,0.7604555497771658,5
273.9999999999844,0.7595988455310169,5
274.09999999998445,0.7587516108744669,5
274.1999999999844,0.7578686969188138,5
274.2999999999844,0.7570350202778521,5
274.3999999999844,0.7560382336563869,5
274.4999999999844,0.7550378537941053,5
274.5999999999844,0.7535371128835313,5
274.69999999998436,0.7520409159650703,5
274.7999999999844,0.7505813992966377,5
274.8999999999844,0.7493060242127024,5
274.99999999998437,0.7480262009113898,5
275.09999999998433,0.7464868109105028,5
275.19999999998436,0.7449841011596015,5
275.2999999999844,0.7435248540224585,5
275.39999999998435,0.741126711149241,5
275.4999999999843,0.7387371725101545,5
275.59999999998433,0.7367782870396618,5
275.69999999998436,0.7349584483815772,5
275.7999999999843,0.7337629328510837,5
275.8999999999843,0.7324951999725559,5
275.9999999999843,0.7312188502824983,5
276.09999999998433,0.7300352243382965,5
276.1999999999843,0.7287299020256058,5
276.29999999998427,0.7278528617470494,5
276.3999999999843,0.7269796586469455,5
276.4999999999843,0.7259411573969586,5
276.5999999999843,0.724848023492006,5
276.69999999998424,0.723733638213008,5
276.79999999998427,0.722652221482964,5
276.8999999999843,0.7214271701168714,5
276.99999999998425,0.7204231682267885,5
277.0999999999842,0.7198529207840199,5
277.19999999998424,0.7192127643607448,5
277.29999999998427,0.7184247582604656,5
277.39999999998423,0.717669849994746,5
277.4999999999842,0.7168735463161521,5
277.5999999999842,0.7159345130079948,5
277.69999999998424,0.7149620724339985,5
277.7999999999842,0.7142332369332821,5
277.8999999999842,0.7131234014679915,5
277.9999999999842,0.7119353530184339,5
278.0999999999842,0.7106609829510665,5
278.1999999999842,0.7097109442815719,5
278.29999999998415,0.7086838407712349,5
278.3999999999842,0.7078472869995878,5
278.4999999999842,0.7070019171272696,5
278.59999999998416,0.7064665477732275,5
278.69999999998413,0.7060525641533177,5
278.79999999998415,0.7055983004380671,5
278.8999999999842,0.705020443133025,5
278.99999999998414,0.7042774785499559,5
279.0999999999841,0.7033759454881159,5
279.19999999998413,0.7024414080283259,5
279.29999999998415,0.7018611493628015,5
279.3999999999841,0.7014180064316691,5
279.4999999999841,0.7010913595140709,5
279.5999999999841,0.7007601326421278,5
279.69999999998413,0.700083607457743,5
279.7999999999841,0.6993309065029985,5
279.89999999998406,0.698577735086757,5
279.9999999999841,0.6978308570860958,5
280.0999999999841,0.6970177201406901,5
280.1999999999841,0.6962900138684172,5
280.29999999998404,0.6954070670901129,5
280.39999999998406,0.6946867878988325,5
280.4999999999841,0.6937726719807674,5
280.59999999998405,0.6928126215945488,5
280.699999999984,0.6918668646273193,5
280.79999999998404,0.6909379013389282,5
280.89999999998406,0.689960441332343,5
280.999999999984,0.6887298111945168,5
281.099999999984,0.6875841587236373,5
281.199999999984,0.6865549889163314,5
281.29999999998404,0.6853273742378501,5
281.399999999984,0.683958638657485,5
281.49999999998397,0.6826629879736815,5
281.599999999984,0.6813639811923029,5
281.699999999984,0.6800508271965471,5
281.799999999984,0.6787831453450709,5
281.89999999998395,0.6777829364827501,5
281.99999999998397,0.6768658505749988,5
282.099999999984,0.6760007667912208,5
282.19999999998396,0.675193325493922,5
282.2999999999839,0.6744801589117462,5
282.39999999998395,0.6738528460549646,5
282.49999999998397,0.6731063595526254,5
282.59999999998394,0.6724412834607654,5
282.6999999999839,0.6712047736048125,5
282.7999999999839,0.6698536865774811,5
282.89999999998395,0.668558659475208,5
282.9999999999839,0.6673085106163879,5
283.0999999999839,0.6664719864067817,5
283.1999999999839,0.6657727297700131,5
283.2999999999839,0.6649332522072675,5
283.3999999999839,0.6642894588451447,5
283.49999999998386,0.6630416723126835,5
283.5999999999839,0.6617843682360817,5
283.6999999999839,0.6607051528618852,5
283.79999999998387,0.6596376337149322,5
283.89999999998383,0.6584997390835552,5
283.99999999998386,0.6573466533311689,5
284.0999999999839,0.656206039393399,5
284.19999999998385,0.6550126626661891,5
284.2999999999838,0.6536942999777777,5
284.39999999998383,0.6524851046386857,5
284.49999999998386,0.651318977787803,5
284.5999999999838,0.6501224016842128,5
284.6999999999838,0.6487930097655885,5
284.7999999999838,0.6474966044647188,5
284.89999999998383,0.6461675776226861,5
284.9999999999838,0.6448908661364834,5
285.09999999998377,0.6435832421818145,5
285.1999999999838,0.6423779377177481,5
285.2999999999838,0.6410706538283399,5
285.3999999999838,0.639766926737906,5
285.49999999998374,0.6385315591493145,5
285.59999999998377,0.6373154070750824,5
285.6999999999838,0.6361829844272372,5
285.79999999998375,0.6349955440585908,5
285.8999999999837,0.6339526379482968,5
285.99999999998374,0.6334419372049325,5
286.09999999998377,0.6328540577283763,5
286.19999999998373,0.6322661782518078,5
286.2999999999837,0.6318442401923294,5
286.3999999999837,0.6315678629157129,5
286.49999999998374,0.6310943525186189,5
286.5999999999837,0.6308016892282587,5
286.6999999999837,0.6297177824328873,5
286.7999999999837,0.628718822860477,5
286.8999999999837,0.6276974506725365,5
286.9999999999837,0.6267045199976321,5
287.09999999998365,0.6261191974522748,5
287.1999999999837,0.6257055047219436,5
287.2999999999837,0.6254394083060634,5
287.39999999998366,0.6252870248702593,5
287.49999999998363,0.6251351150444809,5
287.59999999998365,0.6257475832078064,5
287.6999999999837,0.6264606708583614,5
287.79999999998364,0.6271004135754572,5
287.8999999999836,0.6280862032220642,5
287.99999999998363,0.6294048404059953,5
288.09999999998365,0.630794483837897,5
288.1999999999836,0.6321865270682204,5
288.2999999999836,0.6331025883634533,5
288.3999999999836,0.6338922315203195,5
288.49999999998363,0.6346357137906085,5
288.5999999999836,0.6347302035555653,5
288.69999999998356,0.6356243720914792,5
288.7999999999836,0.6366681880318543,5
288.8999999999836,0.6377285815338898,5
288.9999999999836,0.6387894454974113,5
289.09999999998354,0.639823459871767,5
289.19999999998356,0.6408305750987057,5
289.2999999999836,0.6422231222717831,5
289.39999999998355,0.6436324785895466,5
289.4999999999835,0.6452410872346077,5
289.59999999998354,0.6468917408327153,5
289.69999999998356,0.6480713933306268,5
289.7999999999835,0.6493048240095878,5
289.8999999999835,0.6511145539709957,5
289.9999999999835,0.6523096519260487,5
290.09999999998354,0.6533882220887379,5
290.1999999999835,0.6545022731513573,5
290.29999999998347,0.6558073224015478,5
290.3999999999835,0.6571082810657299,5
290.4999999999835,0.6584602654327343,5
290.5999999999835,0.6608656797070783,5
290.69999999998345,0.663365767564394,5
290.79999999998347,0.6648440958542909,5
290.8999999999835,0.6661709784460139,5
290.99999999998346,0.667420935637539,5
291.0999999999834,0.6686225269644783,5
291.19999999998345,0.66977371702127,5
291.29999999998347,0.6708469593381379,5
291.39999999998344,0.6728955762651586,5
291.4999999999834,0.6751719565569027,5
291.5999999999834,0.6772671098501474,5
291.69999999998345,0.6800083283390237,5
291.7999999999834,0.6828125220078072,5
291.8999999999834,0.6855890047062492,5
291.9999999999834,0.6883608702118775,5
292.0999999999834,0.6907459895785385,5
292.1999999999834,0.6931140325067406,5
292.29999999998336,0.6956663046676829,5
292.3999999999834,0.6980180280906285,5
292.4999999999834,0.7009028553071905,5
292.59999999998337,0.7037605198178541,5
292.69999999998333,0.7066038034122178,5
292.79999999998336,0.709375870174511,5
292.8999999999834,0.7107630418769344,5
292.99999999998334,0.7120444541151307,5
293.0999999999833,0.7135295850601563,5
293.19999999998333,0.7150713204875985,5
293.29999999998336,0.7150496320066012,5
293.3999999999833,0.7150440633603463,5
293.4999999999833,0.7162922717550082,5
293.5999999999833,0.7159637969580893,5
293.69999999998333,0.7156290911635941,5
293.7999999999833,0.7152886175875449,5
293.89999999998327,0.7150741391369747,5
293.9999999999833,0.7147706650805647,5
294.0999999999833,0.7160382125684907,5
294.1999999999833,0.7187619014338344,5
294.29999999998324,0.7217756358167089,5
294.39999999998327,0.7244851294834107,5
294.4999999999833,0.7271885947612572,5
294.59999999998325,0.7299313143580782,5
294.6999999999832,0.7326158999095399,5
294.79999999998324,0.7353791437706221,5
294.89999999998327,0.738206978375036,5
294.99999999998323,0.73709275829915,5
295.0999999999832,0.7359954814376934,5
295.1999999999832,0.7348340198572558,5
295.29999999998324,0.7335427986091517,5
295.3999999999832,0.7321099371771141,5
295.4999999999832,0.7308711817743673,5
295.5999999999832,0.7310581386217788,5
295.6999999999832,0.7303486470908037,5
295.7999999999832,0.7292818375051643,5
295.89999999998315,0.7282150279194644,5
295.9999999999832,0.7289276454329217,5
296.0999999999832,0.7290814398488268,5
296.19999999998316,0.729171033568933,5
296.29999999998313,0.7308645302186805,5
296.39999999998315,0.7308696301471789,5
296.4999999999832,0.7309021991155387,5
296.59999999998314,0.7303007631679188,5
296.6999999999831,0.7296877054795761,5
296.79999999998313,0.7291978767127294,5
296.89999999998315,0.7284525902082413,5
296.9999999999831,0.7289696907221691,5
297.0999999999831,0.7279829923658794,5
297.1999999999831,0.7269938942109244,5
297.29999999998313,0.7261908934069982,5
297.3999999999831,0.7253954489543905,5
297.49999999998306,0.7246964861336245,5
297.5999999999831,0.7246383781899589,5
297.6999999999831,0.7258679160656902,5
297.7999999999831,0.726885273088654,5
297.89999999998304,0.7278857931129347,5
297.99999999998306,0.7288855832387153,5
298.0999999999831,0.7294843943720689,5
298.19999999998305,0.7300824756068576,5
298.299999999983,0.7302716053424718,5
298.39999999998304,0.730309945914837,5
298.49999999998306,0.7291600971212355,5
298.599999999983,0.7280294370104684,5
298.699999999983,0.7273690481014075,5
298.799999999983,0.7268131552970957,5
298.89999999998304,0.7263889543989394,5
298.999999999983,0.7268409829403502,5
299.09999999998297,0.7282383169243889,5
299.199999999983,0.7297110418171956,5
299.299999999983,0.7311996406955067,5
299.399999999983,0.7327041135593129,5
299.49999999998295,0.7341758252471517,5
299.59999999998297,0.7346405588396243,5
299.699999999983,0.7353011212697071,5
299.79999999998296,0.7369241098276005,5
299.8999999999829,0.7384301498315219,5
299.99999999998295,0.7399325535760363,5
300.09999999998297,0.7414313210611629,5
300.19999999998294,0.7429284876924704,5
300.2999999999829,0.7444640123932915,5
300.3999999999829,0.7448644404564333,5
300.49999999998295,0.744941883521885,5
300.5999999999829,0.7452608927380058,5
300.6999999999829,0.7456479291388206,5
300.7999999999829,0.7459220408913105,5
300.8999999999829,0.746255016374248,5
300.9999999999829,0.7465857326096941,5
301.09999999998286,0.746645992471812,5
301.1999999999829,0.7458500385680438,5
301.2999999999829,0.7453612045467757,5
301.39999999998287,0.7450601512745723,5
301.49999999998283,0.7457115104846078,5
301.59999999998286,0.7463628696948066,5
301.6999999999829,0.7470023735192205,5
301.79999999998284,0.7471181091874063,5
301.8999999999828,0.7485033024099838,5
301.99999999998283,0.7499668870221745,5
302.09999999998286,0.751295818749697,5
302.1999999999828,0.7525757744834505,5
302.2999999999828,0.7554219596564682,5
302.3999999999828,0.7583533420684936,5
302.49999999998283,0.7599427446506256,5
302.5999999999828,0.7630941453762169,5
302.69999999998277,0.7662370920512981,5
302.7999999999828,0.7693764271416477,5
302.8999999999828,0.7723814247033618,5
302.9999999999828,0.7753828106803192,5
303.09999999998274,0.7770756332790045,5
303.19999999998277,0.7770124994377686,5
303.2999999999828,0.7769499986135809,5
303.39999999998275,0.7774824170402549,5
303.4999999999827,0.778014835467031,5
303.59999999998274,0.7784949498286535,5
303.69999999998277,0.7779605398440312,5
303.79999999998273,0.7774261298592344,5
303.8999999999827,0.7768862862924333,5
303.9999999999827,0.7795352193791342,5
304.09999999998274,0.7820998883000161,5
304.1999999999827,0.7847032570208861,5
304.2999999999827,0.7874469604938031,5
304.3999999999827,0.7901389494538515,5
304.4999999999827,0.7928325525514104,5
304.5999999999827,0.7939672934138075,5
304.69999999998265,0.7969096901202807,5
304.7999999999827,0.7999475418725551,5
304.8999999999827,0.8029853936248479,5
304.99999999998266,0.8041578370180916,5
305.09999999998263,0.8055678169971197,5
305.19999999998265,0.8067978975215071,5
305.2999999999827,0.8063290125627589,5
305.39999999998264,0.8075238977089831,5
305.4999999999826,0.8087350920911197,5
305.59999999998263,0.8094725077552001,5
305.69999999998265,0.8102061247749136,5
305.7999999999826,0.8108066301629829,5
305.8999999999826,0.8114311929864317,5
305.9999999999826,0.8105619274847639,5
306.09999999998263,0.8112465459273297,5
306.1999999999826,0.8120116746714366,5
306.29999999998256,0.8126033624691142,5
306.3999999999826,0.8131865835219632,5
306.4999999999826,0.813532137743004,5
306.5999999999826,0.8138453154735471,5
306.69999999998254,0.8126381873170938,5
306.79999999998256,0.8118411477651206,5
306.8999999999826,0.8110252471565961,5
306.99999999998255,0.8102100764465663,5
307.0999999999825,0.8098232047796111,5
307.19999999998254,0.8094531223567607,5
307.29999999998256,0.8090837698324107,5
307.3999999999825,0.8089147262913897,5
307.4999999999825,0.8099321070090199,5
307.5999999999825,0.8109273212589467,5
307.69999999998254,0.8120198952034963,5
307.7999999999825,0.8128834739027951,5
307.89999999998247,0.813039061413485,5
307.9999999999825,0.8145714591092114,5
308.0999999999825,0.8139683884071387,5
308.1999999999825,0.8132973734797144,5
308.29999999998245,0.812564506621038,5
308.39999999998247,0.8119471999774633,5
308.4999999999825,0.8113920865451995,5
308.59999999998246,0.8109549947251381,5
308.6999999999824,0.8103078845324975,5
308.79999999998245,0.8097270047502467,5
308.89999999998247,0.8092131760283617,5
308.99999999998244,0.808699347306489,5
309.0999999999824,0.8081855185846163,5
309.1999999999824,0.8081346558791603,5
309.29999999998245,0.808029108129074,5
309.3999999999824,0.8077980832295572,5
309.4999999999824,0.8078320727748695,5
309.5999999999824,0.8077243127575449,5
309.6999999999824,0.8075562182681777,5
309.7999999999824,0.8074380732473336,5
309.89999999998236,0.8073846338922535,5
309.9999999999824,0.8074422298133939,5
310.0999999999824,0.8076529615754519,5
310.19999999998237,0.8087698350766723,5
310.29999999998233,0.8095199980216836,5
310.39999999998236,0.810256692653566,5
310.4999999999824,0.8104493463106801,5
310.59999999998234,0.8106513663867168,5
310.6999999999823,0.8109611694672955,5
310.79999999998233,0.8118175810589427,5
310.89999999998236,0.8126902456306977,5
310.9999999999823,0.8136563242084615,5
311.0999999999823,0.8147558320401004,5
311.1999999999823,0.8158714017703723,5
311.29999999998233,0.8170613767778828,5
311.3999999999823,0.8181999614009945,5
311.49999999998226,0.8193546079227051,5
311.5999999999823,0.8206811589925532,5
311.6999999999823,0.8219371375656672,5
311.7999999999823,0.823047862000489,5
311.89999999998224,0.8242667000986298,5
311.99999999998226,0.8254101232339751,5
312.0999999999823,0.8262461349918366,5
312.19999999998225,0.8274983667219511,5
312.2999999999822,0.828369728723137,5
312.39999999998224,0.828946855390629,5
312.49999999998226,0.829523982058068,5
312.59999999998223,0.8302472832129549,5
312.6999999999822,0.832070704817958,5
312.7999999999822,0.8347235160944668,5
312.89999999998224,0.8376734458525232,5
312.9999999999822,0.8406648506445535,5
313.0999999999822,0.8437221490786732,5
313.1999999999822,0.8466863943022075,5
313.2999999999822,0.8496386371321385,5
313.3999999999822,0.8528460936142942,5
313.49999999998215,0.855158748468203,5
313.5999999999822,0.857540578809974,5
313.6999999999822,0.8598857381619966,5
313.79999999998216,0.8622294702048107,5
313.89999999998213,0.8645717749384264,5
313.99999999998215,0.8669986336227391,5
314.0999999999822,0.8692556010286143,5
314.19999999998214,0.8715836114606887,5
314.2999999999821,0.8738223376795748,5
314.39999999998213,0.8760046757957893,5
314.49999999998215,0.8791093863210596,5
314.5999999999821,0.8822246117977744,5
314.6999999999821,0.8852914651599653,5
314.7999999999821,0.888389375406953,5
314.89999999998213,0.8914473123591964,5
314.9999999999821,0.8945200301015671,5
315.09999999998206,0.897565029219817,5
315.1999999999821,0.9007398266411839,5
315.2999999999821,0.9038079135056052,5
315.3999999999821,0.9056856596427177,5
315.49999999998204,0.9077869277196218,5
315.59999999998206,0.9099318625604234,5
315.6999999999821,0.9120330867286262,5
315.79999999998205,0.9138092204490202,5
315.899999999982,0.9155957340677453,5
315.99999999998204,0.917394168612136,5
316.09999999998206,0.918988473139032,5
316.199999999982,0.9218702516932252,5
316.299999999982,0.9247506029384487,5
316.399999999982,0.927580007054327,5
316.49999999998204,0.9303670678070531,5
316.599999999982,0.9330026246481896,5
316.69999999998197,0.9354701199051311,5
316.799999999982,0.9370716153894435,5
316.899999999982,0.9383336814836557,5
316.999999999982,0.9382090827815872,5
317.09999999998195,0.9406740727777783,5
317.19999999998197,0.9431376354652397,5
317.299999999982,0.9456495084322057,5
317.39999999998196,0.9480322795323335,5
317.4999999999819,0.9503644818131306,5
317.59999999998195,0.9525304524174821,5
317.69999999998197,0.9536603543118067,5
317.79999999998194,0.9546270450978673,5
317.8999999999819,0.9557712464334805,5
317.9999999999819,0.9570183946030554,5
318.09999999998195,0.958264115463449,5
318.1999999999819,0.9590454429982284,5
318.2999999999819,0.9597712773354952,5
318.3999999999819,0.9606866088253868,5
318.4999999999819,0.9609147380650841,5
318.5999999999819,0.9612644747518017,5
318.69999999998186,0.961698315242332,5
318.7999999999819,0.9627873983024591,5
318.8999999999819,0.9639727988332478,5
318.99999999998187,0.9650213287600712,5
319.09999999998183,0.9661588733998618,5
319.19999999998186,0.9671700205115024,5
319.2999999999819,0.9681348938015996,5
319.39999999998184,0.969152483022321,5
319.4999999999818,0.9701850377732774,5
319.59999999998183,0.9712067987960186,5
319.69999999998186,0.9713980207490026,5
319.7999999999818,0.9715878153926362,5
319.8999999999818,0.9717906578470904,5
319.9999999999818,0.9719359598482911,5
320.09999999998183,0.9728941095575474,5
320.1999999999818,0.9738745555447043,5
320.29999999998176,0.9747583144911968,5
320.3999999999818,0.9756330382806443,5
320.4999999999818,0.9766581455394603,5
320.5999999999818,0.9776829063874132,5
320.69999999998174,0.9787588501153361,5
320.79999999998176,0.979995370178861,5
320.8999999999818,0.9813137999772591,5
320.99999999998175,0.9827098290140158,5
321.0999999999817,0.9849863396833192,5
321.19999999998174,0.98732785435064,5
321.29999999998176,0.9897545761041455,5
321.39999999998173,0.9923316452608907,5
321.4999999999817,0.9946154260739611,5
321.5999999999817,0.9965229997086563,5
321.69999999998174,0.9985068367481513,5
321.7999999999817,0.9995577884831356,5
321.8999999999817,0.9999649778844889,5
321.9999999999817,1.000329288126457,5
322.0999999999817,1.000693598368417,5
322.1999999999817,1.0013010857073228,5
322.29999999998165,1.0016915763463694,5
322.3999999999817,1.0016056317705342,5
322.4999999999817,1.0024000420490344,5
322.59999999998166,1.0031831000374851,5
322.6999999999816,1.0034832109534642,5
322.79999999998165,1.0037833218693544,5
322.8999999999817,1.0042061609645765,5
322.99999999998164,1.0046290000598208,5
323.0999999999816,1.0053149638966283,5
323.1999999999816,1.0058535541030802,5
323.29999999998165,1.0064141869368828,5
323.3999999999816,1.007081233470262,5
323.4999999999816,1.0067421748229253,5
323.5999999999816,1.006809419131122,5
323.6999999999816,1.0069274068890075,5
323.7999999999816,1.0070961380965149,5
323.89999999998156,1.0070662510684596,5
323.9999999999816,1.0070908799940566,5
324.0999999999816,1.0071499110433104,5
324.19999999998157,1.0069972061789831,5
324.29999999998154,1.0069371281578008,5
324.39999999998156,1.0076647103170768,5
324.4999999999816,1.0083922924764983,5
324.59999999998155,1.0089172426114088,5
324.6999999999815,1.009484486927116,5
324.79999999998154,1.0100490067514039,5
324.89999999998156,1.0104603687891538,5
324.9999999999815,1.0101675058587072,5
325.0999999999815,1.0100898205790374,5
325.1999999999815,1.0087044501259208,5
325.29999999998154,1.0070823290262794,5
325.3999999999815,1.0051859895416757,5
325.49999999998147,1.0033323312182816,5
325.5999999999815,1.001626389808746,5
325.6999999999815,0.9999352368375323,5
325.7999999999815,0.9991976518252903,5
325.89999999998145,0.9987662184999323,5
325.99999999998147,0.9982895842535287,5
326.0999999999815,0.9960003239786838,5
326.19999999998146,0.9934983169496805,5
326.2999999999814,0.9909547960402062,5
326.39999999998145,0.9883100793103676,5
326.49999999998147,0.9856238487000784,5
326.59999999998143,0.9829413051304527,5
326.6999999999814,0.9812934029616187,5
326.7999999999814,0.9801490551616718,5
326.89999999998145,0.9788752037759831,5
326.9999999999814,0.9766185351283028,5
327.0999999999814,0.9743612544897122,5
327.1999999999814,0.9721033618603915,5
327.2999999999814,0.9697092419974389,5
327.3999999999814,0.9673145101437335,5
327.49999999998136,0.9652475951331179,5
327.5999999999814,0.9630662987133345,5
327.6999999999814,0.9607871821354781,5
327.79999999998137,0.9578507836881013,5
327.89999999998133,0.9546683303501136,5
327.99999999998136,0.951397218021271,5
328.0999999999814,0.94793671567442,5
328.19999999998134,0.9441747586977843,5
328.2999999999813,0.9404224523138496,5
328.39999999998133,0.9365432506841141,5
328.49999999998136,0.9323091942106935,5
328.5999999999813,0.9280641271757577,5
328.6999999999813,0.9245293783353793,5
328.7999999999813,0.9209836189336823,5
328.89999999998133,0.9172187369242696,5
328.9999999999813,0.9130896164232075,5
329.09999999998126,0.9082396684310658,5
329.1999999999813,0.9033583890040037,5
329.2999999999813,0.8985374773418325,5
329.3999999999813,0.8937294127930169,5
329.49999999998124,0.8888548814674024,5
329.59999999998126,0.8838158187461103,5
329.6999999999813,0.8784980274002434,5
329.79999999998125,0.8729363573192972,5
329.8999999999812,0.8672861564810045,5
329.99999999998124,0.861542003105974,5
330.09999999998126,0.8549551262190457,5
330.19999999998123,0.848208627171427,5
330.2999999999812,0.8415046470194667,5
330.3999999999812,0.8346488921550845,5
330.49999999998124,0.8281399503472523,5
330.5999999999812,0.8216866257704687,5
330.6999999999812,0.8150339149448949,5
330.7999999999812,0.8084832724433003,5
330.8999999999812,0.8023513632871122,5
330.9999999999812,0.7962194541310103,5
331.09999999998115,0.7900402207692899,5
331.1999999999812,0.7836987479609154,5
331.2999999999812,0.7775076898972031,5
331.39999999998116,0.7715717227050921,5
331.4999999999811,0.765671022489878,5
331.59999999998115,0.7597939981489236,5
331.6999999999812,0.7541908428988258,5
331.79999999998114,0.7485876876487862,5
331.8999999999811,0.7428152133293415,5
331.9999999999811,0.7370427390098647,5
332.09999999998115,0.7314513231624831,5
332.1999999999811,0.7266968505541211,5
332.2999999999811,0.7222985553578194,5
332.3999999999811,0.717808335012158,5
332.4999999999811,0.7133282221232261,5
332.5999999999811,0.7083610045351245,5
332.69999999998106,0.7033937869469281,5
332.7999999999811,0.698451311212415,5
332.8999999999811,0.6926718017611834,5
332.99999999998107,0.6877556553901493,5
333.09999999998104,0.6828148607072311,5
333.19999999998106,0.6778988078779856,5
333.2999999999811,0.6730074969024304,5
333.39999999998105,0.6685020835002676,5
333.499999999981,0.6641332889389441,5
333.59999999998104,0.6601272773565088,5
333.69999999998106,0.6551386706649102,5
333.799999999981,0.6502315452254065,5
333.899999999981,0.6455856945058767,5
333.999999999981,0.6416309522097277,5
334.09999999998104,0.6376899672746547,5
334.199999999981,0.633731554907453,5
334.29999999998097,0.630009893186532,5
334.399999999981,0.6270607567550518,5
334.499999999981,0.623934168029908,5
334.599999999981,0.6207708718251248,5
334.69999999998095,0.6177225369121079,5
334.79999999998097,0.6146559274630103,5
334.899999999981,0.6117575481825038,5
334.99999999998096,0.6089043698231346,5
335.0999999999809,0.6065593382454495,5
335.19999999998095,0.6044077728845407,5
335.29999999998097,0.6024318247150315,5
335.39999999998093,0.600774102266519,5
335.4999999999809,0.5992109566293419,5
335.5999999999809,0.5977200711686792,5
335.69999999998095,0.5962291857080292,5
335.7999999999809,0.5943441605625077,5
335.8999999999809,0.5931562342626542,5
335.9999999999809,0.5929984516059872,5
336.0999999999809,0.5928412809402446,5
336.1999999999809,0.5926847222652295,5
336.29999999998086,0.5925902583747085,5
336.3999999999809,0.5924964064749269,5
336.4999999999809,0.5930437058251506,5
336.59999999998087,0.5946758354956498,5
336.69999999998083,0.5963085771570849,5
336.79999999998086,0.5979344429406079,5
336.8999999999809,0.5996161101791029,5
336.99999999998084,0.6014016314641506,5
337.0999999999808,0.6035343635763792,5
337.19999999998083,0.605937352774276,5
337.29999999998086,0.6083709932988492,5
337.3999999999808,0.6122805403753843,5
337.4999999999808,0.6161910673257206,5
337.5999999999808,0.6200315382533199,5
337.69999999998083,0.6238836799217922,5
337.7999999999808,0.627747492331147,5
337.89999999998076,0.6318310875276503,5
337.9999999999808,0.6361230763810249,5
338.0999999999808,0.6401866968311929,5
338.1999999999808,0.6442509774607502,5
338.29999999998074,0.6483456574260469,5
338.39999999998076,0.652427098037691,5
338.4999999999808,0.6564151945594181,5
338.59999999998075,0.6603729477047942,5
338.6999999999807,0.664665404728774,5
338.79999999998074,0.6694720414310384,5
338.89999999998076,0.6742847287086625,5
338.99999999998073,0.6787171331479367,5
339.0999999999807,0.68314532682003,5
339.1999999999807,0.68756930972502,5
339.29999999998074,0.6919476153869669,5
339.3999999999807,0.6963227627015499,5
339.4999999999807,0.7006436181734881,5
339.5999999999807,0.7055320893270849,5
339.6999999999807,0.7104212206602276,5
339.7999999999807,0.715311012172798,5
339.89999999998065,0.7200960463306837,5
339.9999999999807,0.7243799326766467,5
340.0999999999807,0.7287118034075646,5
340.19999999998066,0.7330883839514318,5
340.2999999999806,0.7375322066299519,5
340.39999999998065,0.7419589441379097,5
340.4999999999807,0.7462613444260189,5
340.59999999998064,0.7505407290192785,5
340.6999999999806,0.7549785387592692,5
340.7999999999806,0.7594170086787239,5
340.89999999998065,0.7638706849809495,5
340.9999999999806,0.7683250214626061,5
341.0999999999806,0.7725090932380607,5
341.1999999999806,0.7760042555843227,5
341.2999999999806,0.7792383540642123,5
341.3999999999806,0.7829731955624191,5
341.49999999998056,0.7867080370607206,5
341.5999999999806,0.789475983561319,5
341.6999999999806,0.792243930061731,5
341.79999999998057,0.794386542139516,5
341.89999999998054,0.7975720204055075,5
341.99999999998056,0.7995896663136881,5
342.0999999999806,0.8016202197595514,5
342.19999999998055,0.8035823318172651,5
342.2999999999805,0.8045112425316947,5
342.39999999998054,0.8054401532459243,5
342.49999999998056,0.8062149953746307,5
342.5999999999805,0.8068228149233727,5
342.6999999999805,0.8084146659510155,5
342.7999999999805,0.8099209393385935,5
342.89999999998054,0.8113268795402637,5
342.9999999999805,0.8117096801603608,5
343.09999999998047,0.8118264765330879,5
343.1999999999805,0.8119634248293215,5
343.2999999999805,0.8121003731255587,5
343.3999999999805,0.8117390145173156,5
343.49999999998045,0.8115551082027872,5
343.59999999998047,0.8113926482356101,5
343.6999999999805,0.8106065754021292,5
343.79999999998046,0.810024202629906,5
343.8999999999804,0.8094575139386336,5
343.99999999998045,0.8090743356183406,5
344.09999999998047,0.8086188749388649,5
344.19999999998043,0.8080593528474298,5
344.2999999999804,0.8073694144857155,5
344.3999999999804,0.8057981526642927,5
344.49999999998045,0.804012209226179,5
344.5999999999804,0.8020197547249686,5
344.6999999999804,0.7997724484564874,5
344.7999999999804,0.7973598364616091,5
344.8999999999804,0.7942712685387945,5
344.9999999999804,0.7910310000916352,5
345.09999999998035,0.787379808031208,5
345.1999999999804,0.7836996416973104,5
345.2999999999804,0.7800971188548892,5
345.39999999998037,0.7765032580787741,5
345.49999999998033,0.7725795607556332,5
345.59999999998035,0.7675663555365475,5
345.6999999999804,0.7625571260886305,5
345.79999999998034,0.7572958580199243,5
345.8999999999803,0.7520373915249001,5
345.99999999998033,0.7467773623581249,5
346.09999999998035,0.7413548260872742,5
346.1999999999803,0.7359668940129966,5
346.2999999999803,0.7305627278260106,5
346.3999999999803,0.7237016653816927,5
346.49999999998033,0.7167157601583973,5
346.5999999999803,0.7098243018402511,5
346.69999999998026,0.7029402762900481,5
346.7999999999803,0.6960636835077748,5
346.8999999999803,0.6893755405742461,5
346.9999999999803,0.6828610419739579,5
347.09999999998024,0.6763839949821291,5
347.19999999998026,0.6698703520778887,5
347.2999999999803,0.6630659921968074,5
347.39999999998025,0.6562620245559877,5
347.4999999999802,0.6494143489029203,5
347.59999999998024,0.6425970166261712,5
347.69999999998026,0.6361605241351423,5
347.79999999998023,0.6295018244254311,5
347.8999999999802,0.6228946082604583,5
347.9999999999802,0.6167616274705592,5
348.09999999998024,0.6106060792665561,5
348.1999999999802,0.6044547418296562,5
348.2999999999802,0.5983065627401157,5
348.3999999999802,0.5920761555224235,5
348.4999999999802,0.5860903511957845,5
348.5999999999802,0.579931941397303,5
348.69999999998015,0.5738182785740886,5
348.7999999999802,0.5676999207468024,5
348.8999999999802,0.5615594479633093,5
348.99999999998016,0.5558871831445132,5
349.0999999999801,0.5502142581463764,5
349.19999999998015,0.5438488380936071,5
349.2999999999802,0.5376524929483301,5
349.39999999998014,0.5315171886890073,5
349.4999999999801,0.5260255798761097,5
349.5999999999801,0.5205333108839031,5
349.69999999998015,0.5150403817122599,5
349.7999999999801,0.5096407259886467,5
349.8999999999801,0.5051394991199071,5
349.9999999999801,0.5011647478547835,5
350.0999999999801,0.4965763164662351,5
350.1999999999801,0.4919872248981316,5
350.29999999998006,0.48751122843502015,5
350.3999999999801,0.48268308906867335,5
350.4999999999801,0.477854949702259,5
350.59999999998007,0.47430947134508095,5
350.69999999998004,0.47077442900064526,5
350.79999999998006,0.46826554007422316,5
350.8999999999801,0.4658911924010273,5
350.99999999998005,0.46367748454818836,5
351.09999999998,0.46146448576743493,5
351.19999999998004,0.4593040683925607,5
351.29999999998006,0.45870439577877853,5
351.39999999998,0.45818599399436477,5
351.49999999998,0.4555659125221614,5
351.59999999998,0.4554137071009345,5
351.69999999998004,0.4552177711296598,5
351.79999999998,0.4550286560377851,5
351.89999999997997,0.45475636470918807,5
351.99999999998,0.45568361685045,5
352.09999999998,0.4570611422856567,5
352.19999999998,0.45849838557564626,5
352.29999999997995,0.4598759110109542,5
352.39999999997997,0.4612552759409619,5
352.49999999998,0.46004751526229165,5
352.59999999997996,0.45880200046192493,5
352.6999999999799,0.4582151241631247,5
352.79999999997995,0.4573959001881479,5
352.89999999997997,0.45642461235765364,5
352.99999999997993,0.45526981415615475,5
353.0999999999799,0.45405632623906583,5
353.1999999999799,0.45350053830254095,5
353.29999999997995,0.4562551033995271,5
353.3999999999799,0.4604712376382256,5
353.4999999999799,0.4648801975294975,5
353.5999999999799,0.4696415844445214,5
353.6999999999799,0.47472296608590464,5
353.7999999999799,0.47999717337962877,5
353.89999999997985,0.48527775768149245,5
353.9999999999799,0.49058586190929354,5
354.0999999999799,0.49634224987245856,5
354.19999999997987,0.49809856560488497,5
354.29999999997983,0.5047830824516395,5
354.39999999997985,0.5114864571590385,5
354.4999999999799,0.5181675479120387,5
354.59999999997984,0.5248446628936445,5
354.6999999999798,0.5315178021038678,5
354.79999999997983,0.538498922417452,5
354.89999999997985,0.5454847290260074,5
354.9999999999798,0.5524795861749473,5
355.0999999999798,0.5600295003345078,5
355.1999999999798,0.5677922652649787,5
355.29999999997983,0.5758591527284379,5
355.3999999999798,0.5839815056496551,5
355.49999999997976,0.5922259921995088,5
355.5999999999798,0.6004580189892315,5
355.6999999999798,0.6077434807117545,5
355.7999999999798,0.615019928925897,5
355.89999999997974,0.6221072671118627,5
355.99999999997976,0.6239719697916777,5
356.0999999999798,0.6258762343694599,5
356.19999999997975,0.6271129793507068,5
356.2999999999797,0.6282385266975249,5
356.39999999997974,0.6293642377986002,5
356.49999999997976,0.6305338853979671,5
356.59999999997973,0.6317035329973423,5
356.6999999999797,0.6324486364165625,5
356.7999999999797,0.6331325081894913,5
356.89999999997974,0.6385073777929217,5
356.9999999999797,0.6446945253044588,5
357.0999999999797,0.6510230026862474,5
357.1999999999797,0.6572386163177555,5
357.2999999999797,0.6633921980610681,5
357.3999999999797,0.6695183025295519,5
357.49999999997965,0.6758273218083952,5
357.5999999999797,0.6810058224452803,5
357.6999999999797,0.6861180753930225,5
357.79999999997966,0.6915987337902204,5
357.8999999999796,0.6970793921874965,5
357.99999999997965,0.7021981162939206,5
358.0999999999797,0.7071489208204975,5
358.19999999997964,0.7127550545340279,5
358.2999999999796,0.7181914531606297,5
358.3999999999796,0.7236502641333912,5
358.49999999997965,0.7285660410053331,5
358.5999999999796,0.7334818178771617,5
358.6999999999796,0.7387640165997619,5
358.7999999999796,0.7433877789817771,5
358.8999999999796,0.7470521570407375,5
358.9999999999796,0.7502264660001907,5
359.09999999997956,0.7539166605694975,5
359.1999999999796,0.7575145151635421,5
359.2999999999796,0.7608858433040925,5
359.39999999997957,0.7640701286841524,5
359.49999999997954,0.7671032393423068,5
359.59999999997956,0.7698566329046689,5
359.6999999999796,0.7725040941771856,5
359.79999999997955,0.774725994600606,5
359.8999999999795,0.7769287237485742,5
359.99999999997954,0.7793506703307566,5
360.09999999997956,0.7817637350415714,5
360.1999999999795,0.7841266937894946,5
360.2999999999795,0.7859373672659116,5
360.3999999999795,0.7863202583059425,5
360.49999999997954,0.7889325052305511,5
360.5999999999795,0.7888804840363194,5
360.69999999997947,0.7888284628415423,5
360.7999999999795,0.790083677196051,5
360.8999999999795,0.7914220677875518,5
360.9999999999795,0.7925838228007102,5
361.09999999997945,0.7937800493573095,5
361.19999999997947,0.7949290072834321,5
361.2999999999795,0.7957117885688906,5
361.39999999997946,0.7961452528480799,5
361.4999999999794,0.7991658427358599,5
361.59999999997945,0.8022027403980354,5
361.69999999997947,0.8051004623910675,5
361.79999999997943,0.8080268319989985,5
361.8999999999794,0.8109860524561728,5
361.9999999999794,0.8139452729133542,5
362.09999999997945,0.8170749814743583,5
362.1999999999794,0.8195291575729261,5
362.2999999999794,0.8188325267693859,5
362.3999999999794,0.8173423074238922,5
362.4999999999794,0.8161266042554678,5
362.5999999999794,0.8146927249499489,5
362.69999999997935,0.813223685793649,5
362.7999999999794,0.8117271267114061,5
362.8999999999794,0.8114676159235665,5
362.99999999997937,0.8111805852100465,5
363.09999999997933,0.8107413106512318,5
363.19999999997935,0.8130376973729465,5
363.2999999999794,0.8104564378259997,5
363.39999999997934,0.8078218120454912,5
363.4999999999793,0.8051460241245939,5
363.59999999997933,0.8024802245604675,5
363.69999999997935,0.7998424678402253,5
363.7999999999793,0.7971143605139701,5
363.8999999999793,0.7944096535850208,5
363.9999999999793,0.7915683505914457,5
364.09999999997933,0.7909800604386963,5
364.1999999999793,0.7901755128631682,5
364.29999999997926,0.789246856848122,5
364.3999999999793,0.7883164770866922,5
364.4999999999793,0.787440552496536,5
364.5999999999793,0.7874338082175547,5
364.69999999997924,0.7880257347613433,5
364.79999999997926,0.7885939176319867,5
364.8999999999793,0.7885952029632147,5
364.99999999997925,0.7931990375053088,5
365.0999999999792,0.7971513168015909,5
365.19999999997924,0.8011950580795204,5
365.29999999997926,0.8042080686958892,5
365.39999999997923,0.8066024248309034,5
365.4999999999792,0.8095500608232327,5
365.5999999999792,0.8124911994365563,5
365.69999999997924,0.8154399861695051,5
365.7999999999792,0.8184830877787637,5
365.8999999999792,0.8161776942162321,5
365.9999999999792,0.8130600227454311,5
366.0999999999792,0.8102530338456218,5
366.1999999999792,0.8077714924828306,5
366.29999999997915,0.805351983008277,5
366.3999999999792,0.8031398142957936,5
366.4999999999792,0.8002082435246278,5
366.59999999997916,0.7979704384260939,5
366.6999999999791,0.7957163678603703,5
366.79999999997915,0.7930626700509158,5
366.8999999999792,0.7903737156224747,5
366.99999999997914,0.7882967665623706,5
367.0999999999791,0.7863524804632652,5
367.1999999999791,0.7844386729715607,5
367.29999999997915,0.7830281485281305,5
367.3999999999791,0.7815637533190928,5
367.4999999999791,0.7801445365287683,5
367.5999999999791,0.7788147718001917,5
367.6999999999791,0.7769902452041259,5
367.7999999999791,0.7758510599017547,5
367.89999999997906,0.7748042145748969,5
367.9999999999791,0.7737203025644976,5
368.0999999999791,0.7727287305294616,5
368.19999999997907,0.7719532638582312,5
368.29999999997904,0.7710029486588893,5
368.39999999997906,0.7701602167327455,5
368.4999999999791,0.7694558911164538,5
368.59999999997905,0.7688342933654557,5
368.699999999979,0.7683817263312378,5
368.79999999997904,0.767912076904935,5
368.89999999997906,0.767317249422962,5
368.999999999979,0.7667812996311281,5
369.099999999979,0.7663724473311959,5
369.199999999979,0.7660065246112534,5
369.29999999997904,0.7679376563745478,5
369.399999999979,0.7709221031935742,5
369.49999999997897,0.773439870991387,5
369.599999999979,0.7759440796283713,5
369.699999999979,0.7781550917133935,5
369.799999999979,0.7788320582451501,5
369.89999999997895,0.7792158282246244,5
369.99999999997897,0.7793346006804186,5
370.099999999979,0.7790129085121402,5
370.19999999997896,0.7783890108470515,5
370.2999999999789,0.7781958752658926,5
370.39999999997895,0.7783550847849556,5
370.49999999997897,0.7785191618927427,5
370.59999999997893,0.7786668920593665,5
370.6999999999789,0.7788949021380429,5
370.7999999999789,0.7791277798053856,5
370.89999999997895,0.7792933731726462,5
370.9999999999789,0.7792855625135997,5
371.0999999999789,0.7789338597244029,5
371.1999999999789,0.7789649994810686,5
371.2999999999789,0.7788422095781684,5
371.3999999999789,0.7787208469844356,5
371.49999999997885,0.7783097284366216,5
371.5999999999789,0.7778957918786771,5
371.6999999999789,0.7773949620336336,5
371.79999999997887,0.7766680730513504,5
371.89999999997883,0.7749399299008543,5
371.99999999997885,0.7732132140593462,5
372.0999999999789,0.7716028092502044,5
372.19999999997884,0.7714971781593547,5
372.2999999999788,0.7713833840366728,5
372.39999999997883,0.7713714931890918,5
372.49999999997885,0.7714109096327741,5
372.5999999999788,0.7714276360088956,5
372.6999999999788,0.7714081565089781,5
372.7999999999788,0.7713657827277809,5
372.89999999997883,0.7711857801478417,5
372.9999999999788,0.7711078797906171,5
373.09999999997876,0.7682280231860642,5
373.1999999999788,0.765142358543282,5
373.2999999999788,0.7618747004637276,5
373.3999999999788,0.7583860237121053,5
373.49999999997874,0.7551336443040692,5
373.59999999997876,0.7512786129992767,5
373.6999999999788,0.747740918071382,5
373.79999999997875,0.7442004337271552,5
373.8999999999787,0.7412667405030705,5
373.99999999997874,0.7389080016645134,5
374.09999999997876,0.7370855283762774,5
374.19999999997873,0.735790720754377,5
374.2999999999787,0.7358231830329316,5
374.3999999999787,0.7364755633478272,5
374.49999999997874,0.7365762548688897,5
374.5999999999787,0.7362155909588481,5
374.6999999999787,0.7358628517370299,5
374.7999999999787,0.7354206329333566,5
374.8999999999787,0.735593507888275,5
374.9999999999787,0.7356307798189147,5
375.09999999997865,0.7351547650640136,5
375.1999999999787,0.733776625131412,5
375.2999999999787,0.7324033189261048,5
375.39999999997866,0.7317375138586386,5
375.4999999999786,0.7305956107804615,5
375.59999999997865,0.7297385499994389,5
375.6999999999787,0.7288810051294026,5
375.79999999997864,0.7275934669563371,5
375.8999999999786,0.7263426127112802,5
375.9999999999786,0.7248690082172357,5
376.09999999997865,0.7234250413233354,5
376.1999999999786,0.7219702366898809,5
376.2999999999786,0.7200029755831058,5
376.3999999999786,0.7180267261192672,5
376.4999999999786,0.7159996792179946,5
376.5999999999786,0.7139072664447452,5
376.69999999997856,0.7119082513212913,5
376.7999999999786,0.711986962489309,5
376.8999999999786,0.7096855298488299,5
376.99999999997857,0.7073784781891339,5
377.09999999997854,0.7050658075107268,5
377.19999999997856,0.7026258363386452,5
377.2999999999786,0.7004678658450342,5
377.39999999997855,0.6983174268347399,5
377.4999999999785,0.6960743033643668,5
377.59999999997854,0.6938524401015627,5
377.69999999997856,0.6915162809271763,5
377.7999999999785,0.689240111047243,5
377.8999999999785,0.6870029902671079,5
377.9999999999785,0.6849912035179642,5
378.09999999997854,0.6827553280936204,5
378.1999999999785,0.6805191744899413,5
378.29999999997847,0.6759562838741949,5
378.3999999999785,0.6717191269571556,5
378.4999999999785,0.6677725283974002,5
378.5999999999785,0.6641357389829088,5
378.69999999997844,0.660771538921874,5
378.79999999997847,0.6576148722009842,5
378.8999999999785,0.6552989713948911,5
378.99999999997846,0.6532567097349292,5
379.0999999999784,0.6514206891081347,5
379.19999999997844,0.6498521731621776,5
379.29999999997847,0.6482802169368289,5
379.39999999997843,0.6467048204320298,5
379.4999999999784,0.6451344341620661,5
379.5999999999784,0.6453395766239637,5
379.69999999997844,0.6454183170976415,5
379.7999999999784,0.6453971223087969,5
379.8999999999784,0.6450325340091906,5
379.9999999999784,0.6444635227742139,5
380.0999999999784,0.643690088603897,5
380.1999999999784,0.642719872761983,5
380.29999999997835,0.6417393024688295,5
380.3999999999784,0.641052163014457,5
380.4999999999784,0.6404829201689999,5
380.59999999997837,0.6400466720915744,5
380.69999999997833,0.6397607172368815,5
380.79999999997835,0.6397078775043361,5
380.8999999999784,0.6393906857318679,5
380.99999999997834,0.6390791226350377,5
381.0999999999783,0.6387731882139036,5
381.19999999997833,0.6379736304582958,5
381.29999999997835,0.63741881670283,5
381.3999999999783,0.636619713877095,5
381.4999999999783,0.6368615295383205,5
381.5999999999783,0.6370921318029332,5
381.69999999997833,0.6363728587042174,5
381.7999999999783,0.635750664573737,5
381.89999999997826,0.6351611631798542,5
381.9999999999783,0.6346384443229398,5
382.0999999999783,0.6341173494322797,5
382.1999999999783,0.6338343512743256,5
382.29999999997824,0.6335994877924711,5
382.39999999997826,0.6335870702918543,5
382.4999999999783,0.6333101127982795,5
382.59999999997825,0.6328044486009097,5
382.6999999999782,0.6321401056399356,5
382.79999999997824,0.6315333072818995,5
382.89999999997826,0.6308880894951828,5
382.99999999997823,0.6303240678323649,5
383.0999999999782,0.6299367271596467,5
383.1999999999782,0.6296082266507866,5
383.29999999997824,0.6293561294877513,5
383.3999999999782,0.6302442429267925,5
383.4999999999782,0.630892944280706,5
383.5999999999782,0.6322952404523343,5
383.6999999999782,0.6339281366473658,5
383.7999999999782,0.6342457421199662,5
383.89999999997815,0.6345896131974996,5
383.9999999999782,0.635067755348252,5
384.0999999999782,0.6356353772338058,5
384.19999999997816,0.6367024846686393,5
384.2999999999781,0.6375747025344038,5
384.39999999997815,0.6376605920317915,5
384.4999999999782,0.6385128763360889,5
384.59999999997814,0.6393478687628097,5
384.6999999999781,0.6401194161643733,5
384.7999999999781,0.6413560075191441,5
384.89999999997815,0.6425025233420414,5
384.9999999999781,0.6436600231307562,5
385.0999999999781,0.6448229359694755,5
385.1999999999781,0.6457931444362117,5
385.2999999999781,0.6467757977785145,5
385.3999999999781,0.6477672335090638,5
385.49999999997806,0.6487685262273932,5
385.5999999999781,0.649749338377952,5
385.6999999999781,0.6506704920806011,5
385.79999999997807,0.6494078758370371,5
385.89999999997804,0.6505467104186236,5
385.99999999997806,0.6518029353792592,5
386.0999999999781,0.6555645962633351,5
386.19999999997805,0.6566115002466452,5
386.299999999978,0.6576972339236292,5
386.39999999997804,0.6588061651388513,5
386.49999999997806,0.6599619257319247,5
386.599999999978,0.6636430658260853,5
386.699999999978,0.664885555637254,5
386.799999999978,0.666106443613797,5
386.89999999997804,0.6671630183442684,5
386.999999999978,0.6678412729898411,5
387.09999999997797,0.6686378258353904,5
387.199999999978,0.6711421180363197,5
387.299999999978,0.671930652387646,5
387.399999999978,0.6726139262788967,5
387.49999999997794,0.6734228927511826,5
387.59999999997797,0.6741587250838548,5
387.699999999978,0.6749218089932234,5
387.79999999997796,0.6755149592960217,5
387.8999999999779,0.6755645919234194,5
387.99999999997794,0.6756096346157954,5
388.09999999997797,0.6756479796929407,5
388.19999999997793,0.6756777277070046,5
388.2999999999779,0.6756623682496542,5
388.3999999999779,0.6753340067819037,5
388.49999999997794,0.675002370308382,5
388.5999999999779,0.671589948707967,5
388.6999999999779,0.6681297519681976,5
388.7999999999779,0.6647709432019027,5
388.8999999999779,0.6617229008346317,5
388.9999999999779,0.6590451759499589,5
389.09999999997785,0.6567177603935799,5
389.1999999999779,0.6543468857030746,5
389.2999999999779,0.6528871816619664,5
389.39999999997787,0.6511551340756813,5
389.49999999997783,0.6481509232380469,5
389.59999999997785,0.6451419802213161,5
389.6999999999779,0.6419691234893117,5
389.79999999997784,0.6387906380815798,5
389.8999999999778,0.6356612110407728,5
389.99999999997783,0.6325260027152765,5
390.09999999997785,0.6292101398624128,5
390.1999999999778,0.6268900490705892,5
390.2999999999778,0.6244334408125363,5
390.3999999999778,0.6211767994989639,5
390.49999999997783,0.616964167756869,5
390.5999999999778,0.6126168801336713,5
390.69999999997776,0.6093887512948232,5
390.7999999999778,0.6060083718332343,5
390.8999999999778,0.6025643794587169,5
390.9999999999778,0.5990983833367002,5
391.09999999997774,0.5961500406531517,5
391.19999999997776,0.5931708365838393,5
391.2999999999778,0.58949537178296,5
391.39999999997775,0.5858884993148272,5
391.4999999999777,0.5820707456168501,5
391.59999999997774,0.5783458478537681,5
391.69999999997776,0.574804235841224,5
391.79999999997773,0.5712376726393579,5
391.8999999999777,0.5676540643495287,5
391.9999999999777,0.5642678232757583,5
392.09999999997774,0.5607820563186874,5
392.1999999999777,0.5573220200611869,5
392.2999999999777,0.5537941263994437,5
392.3999999999777,0.5492189375769592,5
392.4999999999777,0.5448831608396172,5
392.5999999999777,0.5402231546742604,5
392.69999999997765,0.5353414296489197,5
392.7999999999777,0.5317715873607477,5
392.8999999999777,0.5281881307573137,5
392.99999999997766,0.5245004138688518,5
393.0999999999776,0.5208237433542439,5
393.19999999997765,0.5174019746660781,5
393.2999999999777,0.5141674118516482,5
393.39999999997764,0.5109143492880033,5
393.4999999999776,0.5076223652070351,5
393.5999999999776,0.5040965168674697,5
393.69999999997765,0.5006717017896144,5
393.7999999999776,0.49718030207369984,5
393.8999999999776,0.4938486241594264,5
393.9999999999776,0.4907388998224623,5
394.0999999999776,0.48762937960028224,5
394.1999999999776,0.48473052085152857,5
394.29999999997756,0.4818298179614689,5
394.3999999999776,0.4789307483493125,5
394.4999999999776,0.47602886807728834,5
394.59999999997757,0.47305413243276406,5
394.69999999997754,0.4701390791793486,5
394.79999999997756,0.46733889723568184,5
394.8999999999776,0.46451883558453844,5
394.99999999997755,0.4616009886995676,5
395.0999999999775,0.4561847522190832,5
395.19999999997754,0.453488235053789,5
395.29999999997756,0.45076062138002115,5
395.3999999999775,0.4479352522233322,5
395.4999999999775,0.4451397667263494,5
395.5999999999775,0.4398053064417636,5
395.69999999997754,0.4369632958156128,5
395.7999999999775,0.4341130180251117,5
395.89999999997747,0.43142291154324386,5
395.9999999999775,0.4287403076208066,5
