HRV_ULF,HRV_VLF,HRV_LF,HRV_HF,HRV_VHF,HRV_TP,HRV_LFHF,HRV_LFn,HRV_HFn,HRV_LnHF,time,time_of_day
,,0.014946697385121414,0.021804093549491182,0.0017714540025845105,0.0385222449371971,0.6854995990177363,0.3880017223681809,0.566013055185087,-3.825657549315486,0.0,2026-08-28 13:08:12.331561728+09:00
,,0.014946697385121414,0.021804093549491182,0.0017714540025845105,0.0385222449371971,0.6854995990177363,0.3880017223681809,0.566013055185087,-3.825657549315486,0.1,2026-08-28 13:08:12.431561728+09:00
,,0.01507707621898427,0.021683016180582913,0.001890752514579615,0.0386508449141468,0.6887798517882691,0.3900840008148394,0.5609972105072042,-3.8312259893667457,0.2,2026-08-28 13:08:12.531561728+09:00
,,0.01507707621898427,0.021683016180582913,0.001890752514579615,0.0386508449141468,0.6904199781735355,0.3900840008148394,0.5609972105072042,-3.8312259893667457,0.3,2026-08-28 13:08:12.631561728+09:00
,,0.01521775764070243,0.022757735721762158,0.0017890089584979355,0.03976450232096252,0.6860729924659663,0.38269704768013996,0.5723128517508199,-3.782850159657054,0.4,2026-08-28 13:08:12.731561728+09:00
,,0.01521775764070243,0.022757735721762158,0.0017890089584979355,0.03976450232096252,0.6831750019942535,0.38269704768013996,0.5723128517508199,-3.782850159657054,0.5,2026-08-28 13:08:12.831561728+09:00
,,0.01521775764070243,0.022757735721762158,0.0017890089584979355,0.03976450232096252,0.6811050088001729,0.38269704768013996,0.5723128517508199,-3.782850159657054,0.6,2026-08-28 13:08:12.931561728+09:00
,,0.01521775764070243,0.022757735721762158,0.0017890089584979355,0.03976450232096252,0.6795525139046125,0.38269704768013996,0.5723128517508199,-3.782850159657054,0.7,2026-08-28 13:08:13.031561728+09:00
,,0.01521775764070243,0.022757735721762158,0.0017890089584979355,0.03976450232096252,0.6783450178747321,0.38269704768013996,0.5723128517508199,-3.782850159657054,0.8,2026-08-28 13:08:13.131561728+09:00
,,0.01521775764070243,0.022757735721762158,0.0017890089584979355,0.03976450232096252,0.6773790210508278,0.38269704768013996,0.5723128517508199,-3.782850159657054,0.9,2026-08-28 13:08:13.231561728+09:00
,,0.01521775764070243,0.022757735721762158,0.0017890089584979355,0.03976450232096252,0.6765886600130879,0.38269704768013996,0.5723128517508199,-3.782850159657054,1.0,2026-08-28 13:08:13.331561728+09:00
,,0.009474548615211395,0.014413726674315543,0.0019820748910088113,0.02587035018053575,0.6749836193954907,0.36623194309676665,0.5571523606649939,-4.23957428517421,1.1,2026-08-28 13:08:13.431561728+09:00
,,0.009474548615211395,0.014413726674315543,0.0019820748910088113,0.02587035018053575,0.6736255081036776,0.36623194309676665,0.5571523606649939,-4.23957428517421,1.2,2026-08-28 13:08:13.531561728+09:00
,,0.009474548615211395,0.014413726674315543,0.0019820748910088113,0.02587035018053575,0.672461412710695,0.36623194309676665,0.5571523606649939,-4.23957428517421,1.3,2026-08-28 13:08:13.631561728+09:00
,,0.014817022168265633,0.02263181440103539,0.0017267360148620421,0.039175572584163064,0.6712772398204516,0.3782209471586765,0.577702198287318,-3.788398645748408,1.4,2026-08-28 13:08:13.731561728+09:00
,,0.014817022168265633,0.02263181440103539,0.0017267360148620421,0.039175572584163064,0.6702410885414887,0.3782209471586765,0.577702198287318,-3.788398645748408,1.5,2026-08-28 13:08:13.831561728+09:00
,,0.014817022168265633,0.02263181440103539,0.0017267360148620421,0.039175572584163064,0.669326837412992,0.3782209471586765,0.577702198287318,-3.788398645748408,1.6,2026-08-28 13:08:13.931561728+09:00
,,0.014817022168265633,0.02263181440103539,0.0017267360148620421,0.039175572584163064,0.6685141697432172,0.3782209471586765,0.577702198287318,-3.788398645748408,1.7,2026-08-28 13:08:14.031561728+09:00
,,0.014817022168265633,0.02263181440103539,0.0017267360148620421,0.039175572584163064,0.6677870460386818,0.3782209471586765,0.577702198287318,-3.788398645748408,1.8,2026-08-28 13:08:14.131561728+09:00
,,0.008114629488152076,0.013064943764364033,0.0018399377948158757,0.023019511047331985,0.6654526666264342,0.35251094045686,0.5675595688153546,-4.337822684315492,1.9,2026-08-28 13:08:14.231561728+09:00
,,0.008114629488152076,0.013064943764364033,0.0018399377948158757,0.023019511047331985,0.6633406090629721,0.35251094045686,0.5675595688153546,-4.337822684315492,2.0,2026-08-28 13:08:14.331561728+09:00
,,0.008114629488152076,0.013064943764364033,0.0018399377948158757,0.023019511047331985,0.6614205567325521,0.35251094045686,0.5675595688153546,-4.337822684315492,2.1,2026-08-28 13:08:14.431561728+09:00
,,0.008114629488152076,0.013064943764364033,0.0018399377948158757,0.023019511047331985,0.6596674654743423,0.35251094045686,0.5675595688153546,-4.337822684315492,2.2,2026-08-28 13:08:14.531561728+09:00
,,0.013951373223495869,0.021433345780570164,0.0015850435112431509,0.03696976251530919,0.659302948453902,0.3773725410791752,0.5797534071714583,-3.8428073556648434,2.3,2026-08-28 13:08:14.631561728+09:00
,,0.013951373223495869,0.021433345780570164,0.0015850435112431509,0.03696976251530919,0.6589675927950968,0.3773725410791752,0.5797534071714583,-3.8428073556648434,2.4,2026-08-28 13:08:14.731561728+09:00
,,0.013951373223495869,0.021433345780570164,0.0015850435112431509,0.03696976251530919,0.6586580337254305,0.3773725410791752,0.5797534071714583,-3.8428073556648434,2.5,2026-08-28 13:08:14.831561728+09:00
,,0.013951373223495869,0.021433345780570164,0.0015850435112431509,0.03696976251530919,0.658371404957221,0.3773725410791752,0.5797534071714583,-3.8428073556648434,2.6,2026-08-28 13:08:14.931561728+09:00
,,0.013951373223495869,0.021433345780570164,0.0015850435112431509,0.03696976251530919,0.6581052496724551,0.3773725410791752,0.5797534071714583,-3.8428073556648434,2.7,2026-08-28 13:08:15.031561728+09:00
,,0.01375256744927601,0.011305172212667504,0.0016115732586318944,0.012916745471299399,0.6579431056447346,,0.8752337992404696,-4.482494940049565,2.8,2026-08-28 13:08:15.131561728+09:00
,,0.013553761675056153,0.011305172212667504,0.0016115732586318944,0.012916745471299399,0.6578745717483551,,0.8752337992404696,-4.482494940049565,2.9,2026-08-28 13:08:15.231561728+09:00
,,0.013354955900836294,0.011305172212667504,0.0016115732586318944,0.012916745471299399,0.657890588938348,,0.8752337992404696,-4.482494940049565,3.0,2026-08-28 13:08:15.331561728+09:00
,,0.013156150126616436,0.011305172212667504,0.0016115732586318944,0.012916745471299399,0.657983230550366,,0.8752337992404696,-4.482494940049565,3.1,2026-08-28 13:08:15.431561728+09:00
,,0.012957344352396578,0.019533514067278726,0.001393432691429664,0.03388429111110497,0.6581455307278614,0.3823997471250045,0.5764769876173377,-3.9356236185190236,3.2,2026-08-28 13:08:15.531561728+09:00
,,0.012957344352396578,0.019533514067278726,0.001393432691429664,0.03388429111110497,0.6582982838360923,0.3823997471250045,0.5764769876173377,-3.9356236185190236,3.3,2026-08-28 13:08:15.631561728+09:00
,,0.012957344352396578,0.019533514067278726,0.001393432691429664,0.03388429111110497,0.6584423081952815,0.3823997471250045,0.5764769876173377,-3.9356236185190236,3.4,2026-08-28 13:08:15.731561728+09:00
,,0.012957344352396578,0.019533514067278726,0.001393432691429664,0.03388429111110497,0.6585783312011824,0.3823997471250045,0.5764769876173377,-3.9356236185190236,3.5,2026-08-28 13:08:15.831561728+09:00
,,0.012319460582998197,0.01787283712797967,0.0013810324943580726,0.03157333020533594,0.6594082140147822,0.3901856567830843,0.5660738671449721,-4.024473197556441,3.6,2026-08-28 13:08:15.931561728+09:00
,,0.012319460582998197,0.01787283712797967,0.0013810324943580726,0.03157333020533594,0.6601944187855608,0.3901856567830843,0.5660738671449721,-4.024473197556441,3.7,2026-08-28 13:08:16.031561728+09:00
,,0.012319460582998197,0.01787283712797967,0.0013810324943580726,0.03157333020533594,0.6609403053629663,0.3901856567830843,0.5660738671449721,-4.024473197556441,3.8,2026-08-28 13:08:16.131561728+09:00
,,0.012319460582998197,0.01787283712797967,0.0013810324943580726,0.03157333020533594,0.6616488976115016,0.3901856567830843,0.5660738671449721,-4.024473197556441,3.9,2026-08-28 13:08:16.231561728+09:00
,,0.012319460582998197,0.01787283712797967,0.0013810324943580726,0.03157333020533594,0.6623229243844985,0.3901856567830843,0.5660738671449721,-4.024473197556441,4.0,2026-08-28 13:08:16.331561728+09:00
,,0.005239932921598101,0.00844516852993741,0.0010904870920698108,0.014775588543605321,0.6613263111679287,0.35463446387493475,0.5715622430209297,-4.774160772741814,4.1,2026-08-28 13:08:16.431561728+09:00
,,0.005239932921598101,0.00844516852993741,0.0010904870920698108,0.014775588543605321,0.6603760520544553,0.35463446387493475,0.5715622430209297,-4.774160772741814,4.2,2026-08-28 13:08:16.531561728+09:00
,,0.005239932921598101,0.00844516852993741,0.0010904870920698108,0.014775588543605321,0.6594689865370488,0.35463446387493475,0.5715622430209297,-4.774160772741814,4.3,2026-08-28 13:08:16.631561728+09:00
,,0.005239932921598101,0.00844516852993741,0.0010904870920698108,0.014775588543605321,0.6586022350426379,0.35463446387493475,0.5715622430209297,-4.774160772741814,4.4,2026-08-28 13:08:16.731561728+09:00
,,0.010464030837070827,0.01443323638210429,0.0010874036540129558,0.025984670873188072,0.6600455660002987,0.4027001491817237,0.5554519606017804,-4.238221649839585,4.5,2026-08-28 13:08:16.831561728+09:00
,,0.010464030837070827,0.01443323638210429,0.0010874036540129558,0.025984670873188072,0.6614274786193357,0.4027001491817237,0.5554519606017804,-4.238221649839585,4.6,2026-08-28 13:08:16.931561728+09:00
,,0.010464030837070827,0.01443323638210429,0.0010874036540129558,0.025984670873188072,0.6627518115459127,0.4027001491817237,0.5554519606017804,-4.238221649839585,4.7,2026-08-28 13:08:17.031561728+09:00
,,0.010464030837070827,0.01443323638210429,0.0010874036540129558,0.025984670873188072,0.6640220900673233,0.4027001491817237,0.5554519606017804,-4.238221649839585,4.8,2026-08-28 13:08:17.131561728+09:00
,,0.010464030837070827,0.01443323638210429,0.0010874036540129558,0.025984670873188072,0.6652415574478775,0.4027001491817237,0.5554519606017804,-4.238221649839585,4.9,2026-08-28 13:08:17.231561728+09:00
,,0.00462194603712118,0.007189544736337263,0.0008664418051856644,0.012677932578644108,0.6648029087654423,0.36456622627153085,0.5670912581163274,-4.935127428261249,5.0,2026-08-28 13:08:17.331561728+09:00
,,0.00462194603712118,0.007189544736337263,0.0008664418051856644,0.012677932578644108,0.6643811311861779,0.36456622627153085,0.5670912581163274,-4.935127428261249,5.1,2026-08-28 13:08:17.431561728+09:00
,,0.00462194603712118,0.007189544736337263,0.0008664418051856644,0.012677932578644108,0.66397526974198,0.36456622627153085,0.5670912581163274,-4.935127428261249,5.2,2026-08-28 13:08:17.531561728+09:00
,,0.009589606710878903,0.01245339378945683,0.0009128681427421055,0.02295586864307784,0.665939424509529,0.4177409646299999,0.5424928144991826,-4.385762099687617,5.3,2026-08-28 13:08:17.631561728+09:00
,,0.009589606710878903,0.01245339378945683,0.0009128681427421055,0.02295586864307784,0.667832155467349,0.4177409646299999,0.5424928144991826,-4.385762099687617,5.4,2026-08-28 13:08:17.731561728+09:00
,,0.009589606710878903,0.01245339378945683,0.0009128681427421055,0.02295586864307784,0.6696572888909609,0.4177409646299999,0.5424928144991826,-4.385762099687617,5.5,2026-08-28 13:08:17.831561728+09:00
,,0.009589606710878903,0.01245339378945683,0.0009128681427421055,0.02295586864307784,0.6714183825453234,0.4177409646299999,0.5424928144991826,-4.385762099687617,5.6,2026-08-28 13:08:17.931561728+09:00
,,0.009589606710878903,0.01245339378945683,0.0009128681427421055,0.02295586864307784,0.6731187488322942,0.4177409646299999,0.5424928144991826,-4.385762099687617,5.7,2026-08-28 13:08:18.031561728+09:00
,,0.009589606710878903,0.01245339378945683,0.0009128681427421055,0.02295586864307784,0.6747614755841131,0.4177409646299999,0.5424928144991826,-4.385762099687617,5.8,2026-08-28 13:08:18.131561728+09:00
,,0.00927852260297848,0.011717026924061636,0.0007883695027108414,0.021783919029750957,0.6767135126141179,0.4259344973834378,0.537875067753389,-4.446712202435685,5.9,2026-08-28 13:08:18.231561728+09:00
,,0.00927852260297848,0.011717026924061636,0.0007883695027108414,0.021783919029750957,0.6786015484300242,0.4259344973834378,0.537875067753389,-4.446712202435685,6.0,2026-08-28 13:08:18.331561728+09:00
,,0.00927852260297848,0.011717026924061636,0.0007883695027108414,0.021783919029750957,0.6804286798647722,0.4259344973834378,0.537875067753389,-4.446712202435685,6.1,2026-08-28 13:08:18.431561728+09:00
,,0.009514809919499455,0.011797496814560628,0.0008406009160544895,0.022152907650114573,0.6824299851425065,0.4295061429306435,0.5325484582381498,-4.439867904373463,6.2,2026-08-28 13:08:18.531561728+09:00
,,0.009514809919499455,0.011797496814560628,0.0008406009160544895,0.022152907650114573,0.6843687496303116,0.4295061429306435,0.5325484582381498,-4.439867904373463,6.3,2026-08-28 13:08:18.631561728+09:00
,,0.009514809919499455,0.011797496814560628,0.0008406009160544895,0.022152907650114573,0.6862478598261842,0.4295061429306435,0.5325484582381498,-4.439867904373463,6.4,2026-08-28 13:08:18.731561728+09:00
,,0.009514809919499455,0.011797496814560628,0.0008406009160544895,0.022152907650114573,0.6880700272888486,0.4295061429306435,0.5325484582381498,-4.439867904373463,6.5,2026-08-28 13:08:18.831561728+09:00
,,0.009514809919499455,0.011797496814560628,0.0008406009160544895,0.022152907650114573,0.6898378016929259,0.4295061429306435,0.5325484582381498,-4.439867904373463,6.6,2026-08-28 13:08:18.931561728+09:00
,,0.009514809919499455,0.011797496814560628,0.0008406009160544895,0.022152907650114573,0.6915535827321775,0.4295061429306435,0.5325484582381498,-4.439867904373463,6.7,2026-08-28 13:08:19.031561728+09:00
,,0.009537673958114435,0.011593968038124382,0.000773444430683767,0.021905086426922585,0.6934534009953324,0.4354090996140557,0.5292820038306145,-4.4572703128284115,6.8,2026-08-28 13:08:19.131561728+09:00
,,0.009537673958114435,0.011593968038124382,0.000773444430683767,0.021905086426922585,0.6952989387366829,0.4354090996140557,0.5292820038306145,-4.4572703128284115,6.9,2026-08-28 13:08:19.231561728+09:00
,,0.009537673958114435,0.011593968038124382,0.000773444430683767,0.021905086426922585,0.6970924894994038,0.4354090996140557,0.5292820038306145,-4.4572703128284115,7.0,2026-08-28 13:08:19.331561728+09:00
,,0.010296590088776689,0.01254590698578021,0.0008706801112998854,0.023713177185856783,0.6988094422837186,0.43421385536299495,0.5290690019076376,-4.378360803189667,7.1,2026-08-28 13:08:19.431561728+09:00
,,0.010296590088776689,0.01254590698578021,0.0008706801112998854,0.023713177185856783,0.7004793552657232,0.43421385536299495,0.5290690019076376,-4.378360803189667,7.2,2026-08-28 13:08:19.531561728+09:00
,,0.010296590088776689,0.01254590698578021,0.0008706801112998854,0.023713177185856783,0.7021041354644306,0.43421385536299495,0.5290690019076376,-4.378360803189667,7.3,2026-08-28 13:08:19.631561728+09:00
,,0.010296590088776689,0.01254590698578021,0.0008706801112998854,0.023713177185856783,0.7036855881911723,0.43421385536299495,0.5290690019076376,-4.378360803189667,7.4,2026-08-28 13:08:19.731561728+09:00
,,0.010296590088776689,0.01254590698578021,0.0008706801112998854,0.023713177185856783,0.7052254237408946,0.43421385536299495,0.5290690019076376,-4.378360803189667,7.5,2026-08-28 13:08:19.831561728+09:00
,,0.010296590088776689,0.01254590698578021,0.0008706801112998854,0.023713177185856783,0.7067252635620527,0.43421385536299495,0.5290690019076376,-4.378360803189667,7.6,2026-08-28 13:08:19.931561728+09:00
,,0.006519604186988862,0.010107424759908131,0.0008429764254909881,0.017470005372387982,0.7059343138582166,0.373188447743316,0.5785587665521447,-4.594485000463388,7.7,2026-08-28 13:08:20.031561728+09:00
,,0.006519604186988862,0.010107424759908131,0.0008429764254909881,0.017470005372387982,0.7051633881975156,0.373188447743316,0.5785587665521447,-4.594485000463388,7.8,2026-08-28 13:08:20.131561728+09:00
,,0.011370678308832803,0.014020646801869395,0.0009381598829423008,0.026329484993644497,0.7064862867826116,0.4318610224080531,0.5325074457496509,-4.267224264212355,7.9,2026-08-28 13:08:20.231561728+09:00
,,0.011370678308832803,0.014020646801869395,0.0009381598829423008,0.026329484993644497,0.7077765212051126,0.4318610224080531,0.5325074457496509,-4.267224264212355,8.0,2026-08-28 13:08:20.331561728+09:00
,,0.011370678308832803,0.014020646801869395,0.0009381598829423008,0.026329484993644497,0.7090352864953575,0.4318610224080531,0.5325074457496509,-4.267224264212355,8.1,2026-08-28 13:08:20.431561728+09:00
,,0.011370678308832803,0.014020646801869395,0.0009381598829423008,0.026329484993644497,0.7102637200918616,0.4318610224080531,0.5325074457496509,-4.267224264212355,8.2,2026-08-28 13:08:20.531561728+09:00
,,0.011370678308832803,0.014020646801869395,0.0009381598829423008,0.026329484993644497,0.7114629052694013,0.4318610224080531,0.5325074457496509,-4.267224264212355,8.3,2026-08-28 13:08:20.631561728+09:00
,,0.011370678308832803,0.014020646801869395,0.0009381598829423008,0.026329484993644497,0.7126338743251165,0.4318610224080531,0.5325074457496509,-4.267224264212355,8.4,2026-08-28 13:08:20.731561728+09:00
,,0.011254087722751148,0.013924562906325485,0.0008918632213979923,0.026070513850474628,0.7137453221059332,0.43167878421185246,0.5341115632084859,-4.274100882794258,8.5,2026-08-28 13:08:20.831561728+09:00
,,0.011254087722751148,0.013924562906325485,0.0008918632213979923,0.026070513850474628,0.7148312193630528,0.43167878421185246,0.5341115632084859,-4.274100882794258,8.6,2026-08-28 13:08:20.931561728+09:00
,,0.011254087722751148,0.013924562906325485,0.0008918632213979923,0.026070513850474628,0.7158924371370562,0.43167878421185246,0.5341115632084859,-4.274100882794258,8.7,2026-08-28 13:08:21.031561728+09:00
,,0.012626470184503214,0.015988700008916803,0.001030179903711895,0.029645350097131914,0.7167218717790701,0.42591739153469405,0.5393324739471926,-4.1358730556966785,8.8,2026-08-28 13:08:21.131561728+09:00
,,0.012626470184503214,0.015988700008916803,0.001030179903711895,0.029645350097131914,0.7175328745401502,0.42591739153469405,0.5393324739471926,-4.1358730556966785,8.9,2026-08-28 13:08:21.231561728+09:00
,,0.012626470184503214,0.015988700008916803,0.001030179903711895,0.029645350097131914,0.718690791443023,0.42591739153469405,0.5393324739471926,-4.1358730556966785,9.0,2026-08-28 13:08:21.331561728+09:00
,,0.012626470184503214,0.015988700008916803,0.001030179903711895,0.029645350097131914,0.7198487083458959,0.42591739153469405,0.5393324739471926,-4.1358730556966785,9.1,2026-08-28 13:08:21.431561728+09:00
,,0.012626470184503214,0.015988700008916803,0.001030179903711895,0.029645350097131914,0.7208972834897509,0.42591739153469405,0.5393324739471926,-4.1358730556966785,9.2,2026-08-28 13:08:21.531561728+09:00
,,0.012626470184503214,0.015988700008916803,0.001030179903711895,0.029645350097131914,0.721945858633606,0.42591739153469405,0.5393324739471926,-4.1358730556966785,9.3,2026-08-28 13:08:21.631561728+09:00
,,0.012326136616749885,0.015760345287924745,0.0009783653496081035,0.029064847254282735,0.7232060039984187,0.42409087888578584,0.5422476557347964,-4.150258285660125,9.4,2026-08-28 13:08:21.731561728+09:00
,,0.012326136616749885,0.015760345287924745,0.0009783653496081035,0.029064847254282735,0.7244661493632314,0.42409087888578584,0.5422476557347964,-4.150258285660125,9.5,2026-08-28 13:08:21.831561728+09:00
,,0.012326136616749885,0.015760345287924745,0.0009783653496081035,0.029064847254282735,0.7257262947280441,0.42409087888578584,0.5422476557347964,-4.150258285660125,9.6,2026-08-28 13:08:21.931561728+09:00
,,0.013906117437748819,0.01813203474131899,0.0011246949367480484,0.03316284711581586,0.7268179763917524,0.4193282135633277,0.5467574806830006,-4.010075029882924,9.7,2026-08-28 13:08:22.031561728+09:00
,,0.013906117437748819,0.01813203474131899,0.0011246949367480484,0.03316284711581586,0.7279096580554608,0.4193282135633277,0.5467574806830006,-4.010075029882924,9.8,2026-08-28 13:08:22.131561728+09:00
,,0.013906117437748819,0.01813203474131899,0.0011246949367480484,0.03316284711581586,0.7290013397191693,0.4193282135633277,0.5467574806830006,-4.010075029882924,9.9,2026-08-28 13:08:22.231561728+09:00
,,0.013906117437748819,0.01813203474131899,0.0011246949367480484,0.03316284711581586,0.7300930213828775,0.4193282135633277,0.5467574806830006,-4.010075029882924,10.0,2026-08-28 13:08:22.331561728+09:00
,,0.013906117437748819,0.01813203474131899,0.0011246949367480484,0.03316284711581586,0.7313108905691833,0.4193282135633277,0.5467574806830006,-4.010075029882924,10.1,2026-08-28 13:08:22.431561728+09:00
,,0.013906117437748819,0.01813203474131899,0.0011246949367480484,0.03316284711581586,0.732528759755489,0.4193282135633277,0.5467574806830006,-4.010075029882924,10.2,2026-08-28 13:08:22.531561728+09:00
,,0.013224219289254959,0.017514357544791078,0.001048404105784342,0.03178698093983038,0.733614560137429,0.41602627548325843,0.5509915388927319,-4.044734303291404,10.3,2026-08-28 13:08:22.631561728+09:00
,,0.013224219289254959,0.017514357544791078,0.001048404105784342,0.03178698093983038,0.7347295755554228,0.41602627548325843,0.5509915388927319,-4.044734303291404,10.4,2026-08-28 13:08:22.731561728+09:00
,,0.013224219289254959,0.017514357544791078,0.001048404105784342,0.03178698093983038,0.7358445909734167,0.41602627548325843,0.5509915388927319,-4.044734303291404,10.5,2026-08-28 13:08:22.831561728+09:00
,,0.018261761047260575,0.030638998561976678,0.0019361489718055303,0.05083690858104278,0.7351927147438057,0.3592224932038931,0.6026920089590585,-3.4854816186524746,10.6,2026-08-28 13:08:22.931561728+09:00
,,0.018261761047260575,0.030638998561976678,0.0019361489718055303,0.05083690858104278,0.7345408385141945,0.3592224932038931,0.6026920089590585,-3.4854816186524746,10.7,2026-08-28 13:08:23.031561728+09:00
,,0.018261761047260575,0.030638998561976678,0.0019361489718055303,0.05083690858104278,0.7338889622845834,0.3592224932038931,0.6026920089590585,-3.4854816186524746,10.8,2026-08-28 13:08:23.131561728+09:00
,,0.018261761047260575,0.030638998561976678,0.0019361489718055303,0.05083690858104278,0.7336104122945647,0.3592224932038931,0.6026920089590585,-3.4854816186524746,10.9,2026-08-28 13:08:23.231561728+09:00
,,0.018261761047260575,0.030638998561976678,0.0019361489718055303,0.05083690858104278,0.7333318623045461,0.3592224932038931,0.6026920089590585,-3.4854816186524746,11.0,2026-08-28 13:08:23.331561728+09:00
,,0.019388163461743275,0.0335370562562843,0.002005498646022548,0.05493071836405013,0.7328542201724069,0.35295667049626683,0.6105337278500423,-3.395104294587871,11.1,2026-08-28 13:08:23.431561728+09:00
,,0.019388163461743275,0.0335370562562843,0.002005498646022548,0.05493071836405013,0.7323765780402679,0.35295667049626683,0.6105337278500423,-3.395104294587871,11.2,2026-08-28 13:08:23.531561728+09:00
,,0.019388163461743275,0.0335370562562843,0.002005498646022548,0.05493071836405013,0.7315676070282394,0.35295667049626683,0.6105337278500423,-3.395104294587871,11.3,2026-08-28 13:08:23.631561728+09:00
,,0.0147570703732654,0.02039907113750083,0.0011748070313436444,0.03633094854210987,0.7323731590801659,0.4061845606965373,0.561479178388558,-3.8922659116440506,11.4,2026-08-28 13:08:23.731561728+09:00
,,0.0147570703732654,0.02039907113750083,0.0011748070313436444,0.03633094854210987,0.7331787111320921,0.4061845606965373,0.561479178388558,-3.8922659116440506,11.5,2026-08-28 13:08:23.831561728+09:00
,,0.0147570703732654,0.02039907113750083,0.0011748070313436444,0.03633094854210987,0.7339842631840184,0.4061845606965373,0.561479178388558,-3.8922659116440506,11.6,2026-08-28 13:08:23.931561728+09:00
,,0.0147570703732654,0.02039907113750083,0.0011748070313436444,0.03633094854210987,0.7347898152359447,0.4061845606965373,0.561479178388558,-3.8922659116440506,11.7,2026-08-28 13:08:24.031561728+09:00
,,0.0147570703732654,0.02039907113750083,0.0011748070313436444,0.03633094854210987,0.7355677671113734,0.4061845606965373,0.561479178388558,-3.8922659116440506,11.8,2026-08-28 13:08:24.131561728+09:00
,,0.0147570703732654,0.02039907113750083,0.0011748070313436444,0.03633094854210987,0.7363181188103046,0.4061845606965373,0.561479178388558,-3.8922659116440506,11.9,2026-08-28 13:08:24.231561728+09:00
,,0.01345113781047487,0.019148644995026883,0.0010506437679348134,0.03365042657343657,0.7368079841959028,0.399731568963025,0.5690461294224037,-3.9555233232987574,12.0,2026-08-28 13:08:24.331561728+09:00
,,0.01345113781047487,0.019148644995026883,0.0010506437679348134,0.03365042657343657,0.7372702494050033,0.399731568963025,0.5690461294224037,-3.9555233232987574,12.1,2026-08-28 13:08:24.431561728+09:00
,,0.01345113781047487,0.019148644995026883,0.0010506437679348134,0.03365042657343657,0.7377049144376062,0.399731568963025,0.5690461294224037,-3.9555233232987574,12.2,2026-08-28 13:08:24.531561728+09:00
,,0.013868817051621548,0.01976758078166492,0.0010892288146450843,0.03472562664793155,0.7381299690287542,0.3993827726201062,0.5692505129448078,-3.923712017437689,12.3,2026-08-28 13:08:24.631561728+09:00
,,0.013868817051621548,0.01976758078166492,0.0010892288146450843,0.03472562664793155,0.7385550236199023,0.3993827726201062,0.5692505129448078,-3.923712017437689,12.4,2026-08-28 13:08:24.731561728+09:00
,,0.013868817051621548,0.01976758078166492,0.0010892288146450843,0.03472562664793155,0.7389800782110503,0.3993827726201062,0.5692505129448078,-3.923712017437689,12.5,2026-08-28 13:08:24.831561728+09:00
,,0.013868817051621548,0.01976758078166492,0.0010892288146450843,0.03472562664793155,0.7391168565922354,0.3993827726201062,0.5692505129448078,-3.923712017437689,12.6,2026-08-28 13:08:24.931561728+09:00
,,0.013868817051621548,0.01976758078166492,0.0010892288146450843,0.03472562664793155,0.7392536349734206,0.3993827726201062,0.5692505129448078,-3.923712017437689,12.7,2026-08-28 13:08:25.031561728+09:00
,,0.02636409452028579,0.048640280531691366,0.0025875263952198704,0.07759190144719702,0.7376173888418361,0.33977894636629224,0.6268731610449337,-3.0233032738307553,12.8,2026-08-28 13:08:25.131561728+09:00
,,0.02636409452028579,0.048640280531691366,0.0025875263952198704,0.07759190144719702,0.7359811427102518,0.33977894636629224,0.6268731610449337,-3.0233032738307553,12.9,2026-08-28 13:08:25.231561728+09:00
,,0.02636409452028579,0.048640280531691366,0.0025875263952198704,0.07759190144719702,0.7343448965786676,0.33977894636629224,0.6268731610449337,-3.0233032738307553,13.0,2026-08-28 13:08:25.331561728+09:00
,,0.012712029642158451,0.018646345127355284,0.0009755640630734884,0.03233393883258723,0.7350257699308187,0.39314819354290487,0.5766802870475797,-3.982105123820857,13.1,2026-08-28 13:08:25.431561728+09:00
,,0.012712029642158451,0.018646345127355284,0.0009755640630734884,0.03233393883258723,0.73570664328297,0.39314819354290487,0.5766802870475797,-3.982105123820857,13.2,2026-08-28 13:08:25.531561728+09:00
,,0.012712029642158451,0.018646345127355284,0.0009755640630734884,0.03233393883258723,0.7363875166351215,0.39314819354290487,0.5766802870475797,-3.982105123820857,13.3,2026-08-28 13:08:25.631561728+09:00
,,0.012712029642158451,0.018646345127355284,0.0009755640630734884,0.03233393883258723,0.7370683899872728,0.39314819354290487,0.5766802870475797,-3.982105123820857,13.4,2026-08-28 13:08:25.731561728+09:00
,,0.012712029642158451,0.018646345127355284,0.0009755640630734884,0.03233393883258723,0.7365878156749076,0.39314819354290487,0.5766802870475797,-3.982105123820857,13.5,2026-08-28 13:08:25.831561728+09:00
,,0.011554186393916479,0.017656218754580913,0.0008559386968059251,0.030066343845303316,0.7358033945248244,0.3842897045734866,0.5872419621562668,-4.036667220289043,13.6,2026-08-28 13:08:25.931561728+09:00
,,0.011554186393916479,0.017656218754580913,0.0008559386968059251,0.030066343845303316,0.7350189733747409,0.3842897045734866,0.5872419621562668,-4.036667220289043,13.7,2026-08-28 13:08:26.031561728+09:00
,,0.011554186393916479,0.017656218754580913,0.0008559386968059251,0.030066343845303316,0.7342345522246576,0.3842897045734866,0.5872419621562668,-4.036667220289043,13.8,2026-08-28 13:08:26.131561728+09:00
,,0.011554186393916479,0.017656218754580913,0.0008559386968059251,0.030066343845303316,0.7334501310745745,0.3842897045734866,0.5872419621562668,-4.036667220289043,13.9,2026-08-28 13:08:26.231561728+09:00
,,0.011530428820084777,0.01730346631956458,0.0008463441501349478,0.029680239289784305,0.7337111842369465,0.3884884049453555,0.5829961864734794,-4.056848432256098,14.0,2026-08-28 13:08:26.331561728+09:00
,,0.011530428820084777,0.01730346631956458,0.0008463441501349478,0.029680239289784305,0.7339722373993188,0.3884884049453555,0.5829961864734794,-4.056848432256098,14.1,2026-08-28 13:08:26.431561728+09:00
,,0.011530428820084777,0.01730346631956458,0.0008463441501349478,0.029680239289784305,0.7342332905616911,0.3884884049453555,0.5829961864734794,-4.056848432256098,14.2,2026-08-28 13:08:26.531561728+09:00
,,0.011530428820084777,0.01730346631956458,0.0008463441501349478,0.029680239289784305,0.7330813531402196,0.3884884049453555,0.5829961864734794,-4.056848432256098,14.3,2026-08-28 13:08:26.631561728+09:00
,,0.011530428820084777,0.01730346631956458,0.0008463441501349478,0.029680239289784305,0.7319294157187483,0.3884884049453555,0.5829961864734794,-4.056848432256098,14.4,2026-08-28 13:08:26.731561728+09:00
,,0.010697943968804522,0.016679066815768306,0.0007468985639871858,0.028123909348560017,0.7305000802079017,0.38038609199799145,0.593056484752974,-4.093600829913453,14.5,2026-08-28 13:08:26.831561728+09:00
,,0.010697943968804522,0.016679066815768306,0.0007468985639871858,0.028123909348560017,0.7290707446970548,0.38038609199799145,0.593056484752974,-4.093600829913453,14.6,2026-08-28 13:08:26.931561728+09:00
,,0.010566457357070897,0.01598085369266302,0.0007157059556453366,0.027263017005379253,0.7278613577254455,0.3875747630933889,0.5861733383913397,-4.136363917501292,14.7,2026-08-28 13:08:27.031561728+09:00
,,0.010566457357070897,0.01598085369266302,0.0007157059556453366,0.027263017005379253,0.7266519707538361,0.3875747630933889,0.5861733383913397,-4.136363917501292,14.8,2026-08-28 13:08:27.131561728+09:00
,,0.010566457357070897,0.01598085369266302,0.0007157059556453366,0.027263017005379253,0.7251998718911736,0.3875747630933889,0.5861733383913397,-4.136363917501292,14.9,2026-08-28 13:08:27.231561728+09:00
,,0.010566457357070897,0.01598085369266302,0.0007157059556453366,0.027263017005379253,0.7237477730285112,0.3875747630933889,0.5861733383913397,-4.136363917501292,15.0,2026-08-28 13:08:27.331561728+09:00
,,0.010566457357070897,0.01598085369266302,0.0007157059556453366,0.027263017005379253,0.7222956741658486,0.3875747630933889,0.5861733383913397,-4.136363917501292,15.1,2026-08-28 13:08:27.431561728+09:00
,,0.010566457357070897,0.01598085369266302,0.0007157059556453366,0.027263017005379253,0.7206810506923236,0.3875747630933889,0.5861733383913397,-4.136363917501292,15.2,2026-08-28 13:08:27.531561728+09:00
,,0.010566457357070897,0.01598085369266302,0.0007157059556453366,0.027263017005379253,0.7190664272187987,0.3875747630933889,0.5861733383913397,-4.136363917501292,15.3,2026-08-28 13:08:27.631561728+09:00
,,0.01004996657139996,0.01570644968694815,0.0006364594958404385,0.026392875754188548,0.7172147770667496,0.3807833092915247,0.5951018688994334,-4.153683842900544,15.4,2026-08-28 13:08:27.731561728+09:00
,,0.011836501836738081,0.014865366492895386,0.0006022069713267563,0.015467573464222142,0.7152568055127928,,0.9610664870789388,-4.208721168083535,15.5,2026-08-28 13:08:27.831561728+09:00
,,0.013623037102076201,0.014865366492895386,0.0006022069713267563,0.015467573464222142,0.7131925125569285,,0.9610664870789388,-4.208721168083535,15.6,2026-08-28 13:08:27.931561728+09:00
,,0.015409572367414321,0.014865366492895386,0.0006022069713267563,0.015467573464222142,0.7110218981991564,,0.9610664870789388,-4.208721168083535,15.7,2026-08-28 13:08:28.031561728+09:00
,,0.01719610763275244,0.014865366492895386,0.0006022069713267563,0.015467573464222142,0.7085657387669452,,0.9610664870789388,-4.208721168083535,15.8,2026-08-28 13:08:28.131561728+09:00
,,0.01898264289809056,0.014865366492895386,0.0006022069713267563,0.015467573464222142,0.7060032579328261,,0.9610664870789388,-4.208721168083535,15.9,2026-08-28 13:08:28.231561728+09:00
,,0.02076917816342868,0.014865366492895386,0.0006022069713267563,0.015467573464222142,0.7033344556967995,,0.9610664870789388,-4.208721168083535,16.0,2026-08-28 13:08:28.331561728+09:00
,,0.022555713428766798,0.014865366492895386,0.0006022069713267563,0.015467573464222142,0.700580753757974,,0.9610664870789388,-4.208721168083535,16.1,2026-08-28 13:08:28.431561728+09:00
,,0.02434224869410492,0.014865366492895386,0.0006022069713267563,0.015467573464222142,0.697720730417241,,0.9610664870789388,-4.208721168083535,16.2,2026-08-28 13:08:28.531561728+09:00
,,0.026128783959443038,0.0471858392184228,0.0018272792546782002,0.07514190243254404,0.6947543856746003,0.3477258774875872,0.6279564090193511,-3.0536614479634374,16.3,2026-08-28 13:08:28.631561728+09:00
,,0.026128783959443038,0.0471858392184228,0.0018272792546782002,0.07514190243254404,0.6917880409319596,0.3477258774875872,0.6279564090193511,-3.0536614479634374,16.4,2026-08-28 13:08:28.731561728+09:00
,,0.026128783959443038,0.0471858392184228,0.0018272792546782002,0.07514190243254404,0.6888216961893189,0.3477258774875872,0.6279564090193511,-3.0536614479634374,16.5,2026-08-28 13:08:28.831561728+09:00
,,0.026128783959443038,0.0471858392184228,0.0018272792546782002,0.07514190243254404,0.6858553514466781,0.3477258774875872,0.6279564090193511,-3.0536614479634374,16.6,2026-08-28 13:08:28.931561728+09:00
,,0.026128783959443038,0.0471858392184228,0.0018272792546782002,0.07514190243254404,0.6848410278518954,0.3477258774875872,0.6279564090193511,-3.0536614479634374,16.7,2026-08-28 13:08:29.031561728+09:00
,,0.026128783959443038,0.0471858392184228,0.0018272792546782002,0.07514190243254404,0.6838267042571128,0.3477258774875872,0.6279564090193511,-3.0536614479634374,16.8,2026-08-28 13:08:29.131561728+09:00
,,0.026128783959443038,0.0471858392184228,0.0018272792546782002,0.07514190243254404,0.680968335236304,0.3477258774875872,0.6279564090193511,-3.0536614479634374,16.9,2026-08-28 13:08:29.231561728+09:00
,,0.026128783959443038,0.0471858392184228,0.0018272792546782002,0.07514190243254404,0.678109966215495,0.3477258774875872,0.6279564090193511,-3.0536614479634374,17.0,2026-08-28 13:08:29.331561728+09:00
,,0.009778135305599364,0.013246643648790404,0.0005013754294629188,0.023526154383852686,0.6773006793678411,0.41562828952234726,0.5630603044024193,-4.324011068163435,17.1,2026-08-28 13:08:29.431561728+09:00
,,0.010054773547846957,0.013868712764984512,0.00045258940004948343,0.024376075712880953,0.6763451416965288,0.41248532644381936,0.5689477226908974,-4.278119856101069,17.2,2026-08-28 13:08:29.531561728+09:00
,,0.010054773547846957,0.013868712764984512,0.00045258940004948343,0.024376075712880953,0.6753896040252165,0.41248532644381936,0.5689477226908974,-4.278119856101069,17.3,2026-08-28 13:08:29.631561728+09:00
,,0.010054773547846957,0.013868712764984512,0.00045258940004948343,0.024376075712880953,0.6744340663539041,0.41248532644381936,0.5689477226908974,-4.278119856101069,17.4,2026-08-28 13:08:29.731561728+09:00
,,0.010054773547846957,0.013868712764984512,0.00045258940004948343,0.024376075712880953,0.6735093830329235,0.41248532644381936,0.5689477226908974,-4.278119856101069,17.5,2026-08-28 13:08:29.831561728+09:00
,,0.010054773547846957,0.013868712764984512,0.00045258940004948343,0.024376075712880953,0.6725846997119429,0.41248532644381936,0.5689477226908974,-4.278119856101069,17.6,2026-08-28 13:08:29.931561728+09:00
,,0.010054773547846957,0.013868712764984512,0.00045258940004948343,0.024376075712880953,0.6716600163909622,0.41248532644381936,0.5689477226908974,-4.278119856101069,17.7,2026-08-28 13:08:30.031561728+09:00
,,0.010116411757282978,0.013003960134973477,0.00043476475934840005,0.023555136651604858,0.6715293099059055,0.42947794813976287,0.552064729120877,-4.342501342142418,17.8,2026-08-28 13:08:30.131561728+09:00
,,0.010116411757282978,0.013003960134973477,0.00043476475934840005,0.023555136651604858,0.671398603420849,0.42947794813976287,0.552064729120877,-4.342501342142418,17.9,2026-08-28 13:08:30.231561728+09:00
,,0.010116411757282978,0.013003960134973477,0.00043476475934840005,0.023555136651604858,0.6712678969357924,0.42947794813976287,0.552064729120877,-4.342501342142418,18.0,2026-08-28 13:08:30.331561728+09:00
,,0.010687538626036538,0.013870989947988169,0.0003954611203324035,0.02495398969435711,0.6710543815685727,0.428289774779114,0.5558626142706488,-4.277955673879484,18.1,2026-08-28 13:08:30.431561728+09:00
,,0.010687538626036538,0.013870989947988169,0.0003954611203324035,0.02495398969435711,0.6708408662013526,0.428289774779114,0.5558626142706488,-4.277955673879484,18.2,2026-08-28 13:08:30.531561728+09:00
,,0.010687538626036538,0.013870989947988169,0.0003954611203324035,0.02495398969435711,0.6706273508341328,0.428289774779114,0.5558626142706488,-4.277955673879484,18.3,2026-08-28 13:08:30.631561728+09:00
,,0.010687538626036538,0.013870989947988169,0.0003954611203324035,0.02495398969435711,0.6704984353314403,0.428289774779114,0.5558626142706488,-4.277955673879484,18.4,2026-08-28 13:08:30.731561728+09:00
,,0.010687538626036538,0.013870989947988169,0.0003954611203324035,0.02495398969435711,0.6703695198287477,0.428289774779114,0.5558626142706488,-4.277955673879484,18.5,2026-08-28 13:08:30.831561728+09:00
,,0.010835228604524778,0.013200969134845702,0.00039056829621748017,0.02442676603558796,0.6707994338012799,0.44358015255636646,0.540430489881996,-4.327465032778385,18.6,2026-08-28 13:08:30.931561728+09:00
,,0.010835228604524778,0.013200969134845702,0.00039056829621748017,0.02442676603558796,0.6713978114749164,0.44358015255636646,0.540430489881996,-4.327465032778385,18.7,2026-08-28 13:08:31.031561728+09:00
,,0.010835228604524778,0.013200969134845702,0.00039056829621748017,0.02442676603558796,0.6719961891485529,0.44358015255636646,0.540430489881996,-4.327465032778385,18.8,2026-08-28 13:08:31.131561728+09:00
,,0.010835228604524778,0.013200969134845702,0.00039056829621748017,0.02442676603558796,0.6725945668221894,0.44358015255636646,0.540430489881996,-4.327465032778385,18.9,2026-08-28 13:08:31.231561728+09:00
,,0.023253589254581288,0.03266358130680731,0.0007861959166074225,0.05670336647799603,0.6719831824840823,0.41009186400960757,0.5760430700262311,-3.42149454323195,19.0,2026-08-28 13:08:31.331561728+09:00
,,0.023253589254581288,0.03266358130680731,0.0007861959166074225,0.05670336647799603,0.671371798145975,0.41009186400960757,0.5760430700262311,-3.42149454323195,19.1,2026-08-28 13:08:31.431561728+09:00
,,0.023253589254581288,0.03266358130680731,0.0007861959166074225,0.05670336647799603,0.6707604138078679,0.41009186400960757,0.5760430700262311,-3.42149454323195,19.2,2026-08-28 13:08:31.531561728+09:00
,,0.023253589254581288,0.03266358130680731,0.0007861959166074225,0.05670336647799603,0.6702810982741267,0.41009186400960757,0.5760430700262311,-3.42149454323195,19.3,2026-08-28 13:08:31.631561728+09:00
,,0.012007986753711758,0.013974092086134758,0.0003769862364455069,0.026359065076292026,0.6714394686059181,0.4555543498586385,0.530143692338443,-4.270550229054301,19.4,2026-08-28 13:08:31.731561728+09:00
,,0.012007986753711758,0.013974092086134758,0.0003769862364455069,0.026359065076292026,0.6725978389377096,0.4555543498586385,0.530143692338443,-4.270550229054301,19.5,2026-08-28 13:08:31.831561728+09:00
,,0.012007986753711758,0.013974092086134758,0.0003769862364455069,0.026359065076292026,0.6755231009171061,0.4555543498586385,0.530143692338443,-4.270550229054301,19.6,2026-08-28 13:08:31.931561728+09:00
,,0.012007986753711758,0.013974092086134758,0.0003769862364455069,0.026359065076292026,0.6784483628965028,0.4555543498586385,0.530143692338443,-4.270550229054301,19.7,2026-08-28 13:08:32.031561728+09:00
,,0.012007986753711758,0.013974092086134758,0.0003769862364455069,0.026359065076292026,0.6813736248758991,0.4555543498586385,0.530143692338443,-4.270550229054301,19.8,2026-08-28 13:08:32.131561728+09:00
,,0.012536071227616642,0.02664056144491144,0.0005377694286549991,0.027178330873566442,0.6844233616981167,,0.9802133018706446,-3.62532035827259,19.9,2026-08-28 13:08:32.231561728+09:00
,,0.013064155701521524,0.02664056144491144,0.0005377694286549991,0.027178330873566442,0.687597573363155,,0.9802133018706446,-3.62532035827259,20.0,2026-08-28 13:08:32.331561728+09:00
,,0.013592240175426408,0.015222378091318964,0.0003843350356882579,0.02919895330243363,0.6910953520131344,0.4655043636202378,0.5213330057981987,-4.184988690966957,20.1,2026-08-28 13:08:32.431561728+09:00
,,0.013592240175426408,0.015222378091318964,0.0003843350356882579,0.02919895330243363,0.694593130663114,0.4655043636202378,0.5213330057981987,-4.184988690966957,20.2,2026-08-28 13:08:32.531561728+09:00
,,0.013592240175426408,0.015222378091318964,0.0003843350356882579,0.02919895330243363,0.6980909093130935,0.4655043636202378,0.5213330057981987,-4.184988690966957,20.3,2026-08-28 13:08:32.631561728+09:00
,,0.013592240175426408,0.015222378091318964,0.0003843350356882579,0.02919895330243363,0.6999741648991182,0.4655043636202378,0.5213330057981987,-4.184988690966957,20.4,2026-08-28 13:08:32.731561728+09:00
,,0.013592240175426408,0.015222378091318964,0.0003843350356882579,0.02919895330243363,0.7018574204851431,0.4655043636202378,0.5213330057981987,-4.184988690966957,20.5,2026-08-28 13:08:32.831561728+09:00
,,0.013592240175426408,0.015222378091318964,0.0003843350356882579,0.02919895330243363,0.7037406760711679,0.4655043636202378,0.5213330057981987,-4.184988690966957,20.6,2026-08-28 13:08:32.931561728+09:00
,,0.013592240175426408,0.015222378091318964,0.0003843350356882579,0.02919895330243363,0.7056239316571926,0.4655043636202378,0.5213330057981987,-4.184988690966957,20.7,2026-08-28 13:08:33.031561728+09:00
,,0.015086733030497335,0.016633187428797724,0.00035670168432518556,0.03207662214362025,0.7076640120180056,0.4703342192001333,0.5185454800796697,-4.096355336747014,20.8,2026-08-28 13:08:33.131561728+09:00
,,0.01534305827526046,0.018046453360423563,0.00030974742140938414,0.03369925905709341,0.7090726702723417,0.4552936386306356,0.5355148411378777,-4.014806103237109,20.9,2026-08-28 13:08:33.231561728+09:00
,,0.01534305827526046,0.018046453360423563,0.00030974742140938414,0.03369925905709341,0.7107142146635128,0.4552936386306356,0.5355148411378777,-4.014806103237109,21.0,2026-08-28 13:08:33.331561728+09:00
,,0.01534305827526046,0.018046453360423563,0.00030974742140938414,0.03369925905709341,0.712355759054684,0.4552936386306356,0.5355148411378777,-4.014806103237109,21.1,2026-08-28 13:08:33.431561728+09:00
,,0.01534305827526046,0.018046453360423563,0.00030974742140938414,0.03369925905709341,0.7139973034458552,0.4552936386306356,0.5355148411378777,-4.014806103237109,21.2,2026-08-28 13:08:33.531561728+09:00
,,0.01534305827526046,0.018046453360423563,0.00030974742140938414,0.03369925905709341,0.7156484582784813,0.4552936386306356,0.5355148411378777,-4.014806103237109,21.3,2026-08-28 13:08:33.631561728+09:00
,,0.01534305827526046,0.018046453360423563,0.00030974742140938414,0.03369925905709341,0.7172996131111073,0.4552936386306356,0.5355148411378777,-4.014806103237109,21.4,2026-08-28 13:08:33.731561728+09:00
,,0.01534305827526046,0.018046453360423563,0.00030974742140938414,0.03369925905709341,0.7189507679437335,0.4552936386306356,0.5355148411378777,-4.014806103237109,21.5,2026-08-28 13:08:33.831561728+09:00
,,0.014165878429051657,0.014996722928652539,0.00042978963750638137,0.029592390995210577,0.7216508147591325,0.4787000290495065,0.5067763172999338,-4.199923573171449,21.6,2026-08-28 13:08:33.931561728+09:00
,,0.014437346190528104,0.015062145247033198,0.0003683612738281149,0.029867852711389416,0.7245055318494596,0.4833740922065936,0.5042928727611409,-4.195570620072804,21.7,2026-08-28 13:08:34.031561728+09:00
,,0.014437346190528104,0.015062145247033198,0.0003683612738281149,0.029867852711389416,0.7291332734525562,0.4833740922065936,0.5042928727611409,-4.195570620072804,21.8,2026-08-28 13:08:34.131561728+09:00
,,0.014437346190528104,0.015062145247033198,0.0003683612738281149,0.029867852711389416,0.7337610150556526,0.4833740922065936,0.5042928727611409,-4.195570620072804,21.9,2026-08-28 13:08:34.231561728+09:00
,,0.014437346190528104,0.015062145247033198,0.0003683612738281149,0.029867852711389416,0.7383887566587491,0.4833740922065936,0.5042928727611409,-4.195570620072804,22.0,2026-08-28 13:08:34.331561728+09:00
,,0.014437346190528104,0.015062145247033198,0.0003683612738281149,0.029867852711389416,0.7414640324005078,0.4833740922065936,0.5042928727611409,-4.195570620072804,22.1,2026-08-28 13:08:34.431561728+09:00
,,0.014437346190528104,0.015062145247033198,0.0003683612738281149,0.029867852711389416,0.7445393081422667,0.4833740922065936,0.5042928727611409,-4.195570620072804,22.2,2026-08-28 13:08:34.531561728+09:00
,,0.014437346190528104,0.015062145247033198,0.0003683612738281149,0.029867852711389416,0.7476145838840251,0.4833740922065936,0.5042928727611409,-4.195570620072804,22.3,2026-08-28 13:08:34.631561728+09:00
,,0.014542432261567076,0.014808261446042784,0.0004395163024369119,0.029790210010046773,0.7509513040864274,0.48816145494317187,0.4970848289101918,-4.212570048137278,22.4,2026-08-28 13:08:34.731561728+09:00
,,0.015094110311902059,0.015192362347180499,0.0003905785175731538,0.03067705117665571,0.7544156266387442,0.4920326345899964,0.4952354207610873,-4.186962454573036,22.5,2026-08-28 13:08:34.831561728+09:00
,,0.015094110311902059,0.015192362347180499,0.0003905785175731538,0.03067705117665571,0.7581837960287794,0.4920326345899964,0.4952354207610873,-4.186962454573036,22.6,2026-08-28 13:08:34.931561728+09:00
,,0.015094110311902059,0.015192362347180499,0.0003905785175731538,0.03067705117665571,0.7619519654188145,0.4920326345899964,0.4952354207610873,-4.186962454573036,22.7,2026-08-28 13:08:35.031561728+09:00
,,0.015094110311902059,0.015192362347180499,0.0003905785175731538,0.03067705117665571,0.7657201348088497,0.4920326345899964,0.4952354207610873,-4.186962454573036,22.8,2026-08-28 13:08:35.131561728+09:00
,,0.015094110311902059,0.015192362347180499,0.0003905785175731538,0.03067705117665571,0.7694883041988847,0.4920326345899964,0.4952354207610873,-4.186962454573036,22.9,2026-08-28 13:08:35.231561728+09:00
,,0.015094110311902059,0.015192362347180499,0.0003905785175731538,0.03067705117665571,0.7731234991037013,0.4920326345899964,0.4952354207610873,-4.186962454573036,23.0,2026-08-28 13:08:35.331561728+09:00
,,0.015094110311902059,0.015192362347180499,0.0003905785175731538,0.03067705117665571,0.776758694008518,0.4920326345899964,0.4952354207610873,-4.186962454573036,23.1,2026-08-28 13:08:35.431561728+09:00
,,0.01587107795381304,0.015453274729741834,0.000485626865822585,0.031809979549377455,0.7807661527867672,0.4989339250965865,0.4857995807810655,-4.169934341480419,23.2,2026-08-28 13:08:35.531561728+09:00
,,0.01587107795381304,0.015453274729741834,0.000485626865822585,0.031809979549377455,0.7847736115650162,0.4989339250965865,0.4857995807810655,-4.169934341480419,23.3,2026-08-28 13:08:35.631561728+09:00
,,0.016611652522450792,0.016142001630470422,0.00044502027977890015,0.03319867443270011,0.7888039415734225,0.5003709577659705,0.48622428173128607,-4.126330607072005,23.4,2026-08-28 13:08:35.731561728+09:00
,,0.016611652522450792,0.016142001630470422,0.00044502027977890015,0.03319867443270011,0.7931116696712037,0.5003709577659705,0.48622428173128607,-4.126330607072005,23.5,2026-08-28 13:08:35.831561728+09:00
,,0.016611652522450792,0.016142001630470422,0.00044502027977890015,0.03319867443270011,0.7974193977689852,0.5003709577659705,0.48622428173128607,-4.126330607072005,23.6,2026-08-28 13:08:35.931561728+09:00
,,0.016611652522450792,0.016142001630470422,0.00044502027977890015,0.03319867443270011,0.8015071773275294,0.5003709577659705,0.48622428173128607,-4.126330607072005,23.7,2026-08-28 13:08:36.031561728+09:00
,,0.016611652522450792,0.016142001630470422,0.00044502027977890015,0.03319867443270011,0.8055949568860734,0.5003709577659705,0.48622428173128607,-4.126330607072005,23.8,2026-08-28 13:08:36.131561728+09:00
,,0.016611652522450792,0.016142001630470422,0.00044502027977890015,0.03319867443270011,0.8096827364446175,0.5003709577659705,0.48622428173128607,-4.126330607072005,23.9,2026-08-28 13:08:36.231561728+09:00
,,0.01779013259985479,0.01661458745423916,0.0005473713803269226,0.03495209143442087,0.814233391968097,0.5089862114040776,0.4753531697927835,-4.097474207201618,24.0,2026-08-28 13:08:36.331561728+09:00
,,0.01779013259985479,0.01661458745423916,0.0005473713803269226,0.03495209143442087,0.8187840474915766,0.5089862114040776,0.4753531697927835,-4.097474207201618,24.1,2026-08-28 13:08:36.431561728+09:00
,,0.01808913769169128,0.01962265555312182,0.0002519444618361958,0.03796373770664929,0.8216802122327961,0.4764846346655428,0.5168789149463789,-3.931070484711158,24.2,2026-08-28 13:08:36.531561728+09:00
,,0.01808913769169128,0.01962265555312182,0.0002519444618361958,0.03796373770664929,0.8245763769740155,0.4764846346655428,0.5168789149463789,-3.931070484711158,24.3,2026-08-28 13:08:36.631561728+09:00
,,0.01808913769169128,0.01962265555312182,0.0002519444618361958,0.03796373770664929,0.827709568393759,0.4764846346655428,0.5168789149463789,-3.931070484711158,24.4,2026-08-28 13:08:36.731561728+09:00
,,0.01808913769169128,0.01962265555312182,0.0002519444618361958,0.03796373770664929,0.8309490812154101,0.4764846346655428,0.5168789149463789,-3.931070484711158,24.5,2026-08-28 13:08:36.831561728+09:00
,,0.01808913769169128,0.01962265555312182,0.0002519444618361958,0.03796373770664929,0.834294915438969,0.4764846346655428,0.5168789149463789,-3.931070484711158,24.6,2026-08-28 13:08:36.931561728+09:00
,,0.01808913769169128,0.01962265555312182,0.0002519444618361958,0.03796373770664929,0.8377470710644356,0.4764846346655428,0.5168789149463789,-3.931070484711158,24.7,2026-08-28 13:08:37.031561728+09:00
,,0.01808913769169128,0.01962265555312182,0.0002519444618361958,0.03796373770664929,0.8413055480918097,0.4764846346655428,0.5168789149463789,-3.931070484711158,24.8,2026-08-28 13:08:37.131561728+09:00
,,0.019810557410608803,0.020327682734326426,0.0003193669529525749,0.0404576070978878,0.8455560233098922,0.4896621137942453,0.5024440196164663,-3.8957716404096416,24.9,2026-08-28 13:08:37.231561728+09:00
,,0.019810557410608803,0.020327682734326426,0.0003193669529525749,0.0404576070978878,0.8499128199298823,0.4896621137942453,0.5024440196164663,-3.8957716404096416,25.0,2026-08-28 13:08:37.331561728+09:00
,,0.020365841199034555,0.01879303751303256,0.0005728430172672692,0.03973172172933438,0.8555884960356257,0.5125839080866769,0.47299831708922513,-3.974268822792358,25.1,2026-08-28 13:08:37.431561728+09:00
,,0.020365841199034555,0.01879303751303256,0.0005728430172672692,0.03973172172933438,0.8613704935432769,0.5125839080866769,0.47299831708922513,-3.974268822792358,25.2,2026-08-28 13:08:37.531561728+09:00
,,0.020365841199034555,0.01879303751303256,0.0005728430172672692,0.03973172172933438,0.8672588124528358,0.5125839080866769,0.47299831708922513,-3.974268822792358,25.3,2026-08-28 13:08:37.631561728+09:00
,,0.020365841199034555,0.01879303751303256,0.0005728430172672692,0.03973172172933438,0.8731471313623945,0.5125839080866769,0.47299831708922513,-3.974268822792358,25.4,2026-08-28 13:08:37.731561728+09:00
,,0.020365841199034555,0.01879303751303256,0.0005728430172672692,0.03973172172933438,0.8790354502719532,0.5125839080866769,0.47299831708922513,-3.974268822792358,25.5,2026-08-28 13:08:37.831561728+09:00
,,0.020365841199034555,0.01879303751303256,0.0005728430172672692,0.03973172172933438,0.884923769181512,0.5125839080866769,0.47299831708922513,-3.974268822792358,25.6,2026-08-28 13:08:37.931561728+09:00
,,0.021788134111576565,0.01908716656694273,0.0006703213303530739,0.04154562200887237,0.8914544906238193,0.5244387508971113,0.45942666504948526,-3.958739077250464,25.7,2026-08-28 13:08:38.031561728+09:00
,,0.021788134111576565,0.01908716656694273,0.0006703213303530739,0.04154562200887237,0.8979852120661265,0.5244387508971113,0.45942666504948526,-3.958739077250464,25.8,2026-08-28 13:08:38.131561728+09:00
,,0.02194334290362389,0.0197887625748328,0.0006241311155390782,0.04235623659399577,0.9041534000561291,0.5180663974932673,0.4671983199196212,-3.92264104912287,25.9,2026-08-28 13:08:38.231561728+09:00
,,0.02194334290362389,0.0197887625748328,0.0006241311155390782,0.04235623659399577,0.9103215880461318,0.5180663974932673,0.4671983199196212,-3.92264104912287,26.0,2026-08-28 13:08:38.331561728+09:00
,,0.02194334290362389,0.0197887625748328,0.0006241311155390782,0.04235623659399577,0.9144406938629797,0.5180663974932673,0.4671983199196212,-3.92264104912287,26.1,2026-08-28 13:08:38.431561728+09:00
,,0.02194334290362389,0.0197887625748328,0.0006241311155390782,0.04235623659399577,0.9187060505034855,0.5180663974932673,0.4671983199196212,-3.92264104912287,26.2,2026-08-28 13:08:38.531561728+09:00
,,0.02194334290362389,0.0197887625748328,0.0006241311155390782,0.04235623659399577,0.9229714071439916,0.5180663974932673,0.4671983199196212,-3.92264104912287,26.3,2026-08-28 13:08:38.631561728+09:00
,,0.02194334290362389,0.0197887625748328,0.0006241311155390782,0.04235623659399577,0.9272367637844978,0.5180663974932673,0.4671983199196212,-3.92264104912287,26.4,2026-08-28 13:08:38.731561728+09:00
,,0.02194334290362389,0.0197887625748328,0.0006241311155390782,0.04235623659399577,0.9315021204250039,0.5180663974932673,0.4671983199196212,-3.92264104912287,26.5,2026-08-28 13:08:38.831561728+09:00
,,0.02313603485638826,0.01968036016401468,0.0007055395994069913,0.04352193461980993,0.9365087107380662,0.5315948166940493,0.4521940565357301,-3.9281340865084853,26.6,2026-08-28 13:08:38.931561728+09:00
,,0.022729005887515825,0.01995579180929202,0.0006387892545037809,0.043323586951311624,0.9411083884630751,0.5246335192203586,0.4606218739856178,-3.914235861524635,26.7,2026-08-28 13:08:39.031561728+09:00
,,0.022729005887515825,0.01995579180929202,0.0006387892545037809,0.043323586951311624,0.9451197144988162,0.5246335192203586,0.4606218739856178,-3.914235861524635,26.8,2026-08-28 13:08:39.131561728+09:00
,,0.022729005887515825,0.01995579180929202,0.0006387892545037809,0.043323586951311624,0.9491310405345572,0.5246335192203586,0.4606218739856178,-3.914235861524635,26.9,2026-08-28 13:08:39.231561728+09:00
,,0.022729005887515825,0.01995579180929202,0.0006387892545037809,0.043323586951311624,0.9531423665702985,0.5246335192203586,0.4606218739856178,-3.914235861524635,27.0,2026-08-28 13:08:39.331561728+09:00
,,0.022729005887515825,0.01995579180929202,0.0006387892545037809,0.043323586951311624,0.9572365014882028,0.5246335192203586,0.4606218739856178,-3.914235861524635,27.1,2026-08-28 13:08:39.431561728+09:00
,,0.022729005887515825,0.01995579180929202,0.0006387892545037809,0.043323586951311624,0.9613306364061074,0.5246335192203586,0.4606218739856178,-3.914235861524635,27.2,2026-08-28 13:08:39.531561728+09:00
,,0.022729005887515825,0.01995579180929202,0.0006387892545037809,0.043323586951311624,0.9654247713240116,0.5246335192203586,0.4606218739856178,-3.914235861524635,27.3,2026-08-28 13:08:39.631561728+09:00
,,0.022610710325696573,0.018621348976440515,0.0006694201297788301,0.04190147943191592,0.9703552175126527,0.5396160381982654,0.4444079118184268,-3.9834465620431114,27.4,2026-08-28 13:08:39.731561728+09:00
,,0.020878784337017356,0.017704731108483997,0.0005701716873387822,0.03915368713284014,0.9748972328925111,0.5332520604299686,0.4521855387058595,-4.0339233808544686,27.5,2026-08-28 13:08:39.831561728+09:00
,,0.020878784337017356,0.017704731108483997,0.0005701716873387822,0.03915368713284014,0.9788804187971445,0.5332520604299686,0.4521855387058595,-4.0339233808544686,27.6,2026-08-28 13:08:39.931561728+09:00
,,0.020878784337017356,0.017704731108483997,0.0005701716873387822,0.03915368713284014,0.9828636047017779,0.5332520604299686,0.4521855387058595,-4.0339233808544686,27.7,2026-08-28 13:08:40.031561728+09:00
,,0.020878784337017356,0.017704731108483997,0.0005701716873387822,0.03915368713284014,0.9868467906064115,0.5332520604299686,0.4521855387058595,-4.0339233808544686,27.8,2026-08-28 13:08:40.131561728+09:00
,,0.020878784337017356,0.017704731108483997,0.0005701716873387822,0.03915368713284014,0.9908299765110449,0.5332520604299686,0.4521855387058595,-4.0339233808544686,27.9,2026-08-28 13:08:40.231561728+09:00
,,0.020878784337017356,0.017704731108483997,0.0005701716873387822,0.03915368713284014,0.9960229244274221,0.5332520604299686,0.4521855387058595,-4.0339233808544686,28.0,2026-08-28 13:08:40.331561728+09:00
,,0.020878784337017356,0.017704731108483997,0.0005701716873387822,0.03915368713284014,1.0012158723437994,0.5332520604299686,0.4521855387058595,-4.0339233808544686,28.1,2026-08-28 13:08:40.431561728+09:00
,,0.020742783787817173,0.01641218588390133,0.0005919023814599948,0.0377468720531785,1.0073486831918106,0.5495232494653955,0.4347959179446587,-4.109731178369498,28.2,2026-08-28 13:08:40.531561728+09:00
,,0.02019624387090161,0.02035995289053979,0.0002692064405231534,0.04082540320196455,1.0104603215740156,0.49469796467141197,0.4987079439195851,-3.8941854011266672,28.3,2026-08-28 13:08:40.631561728+09:00
,,0.02019624387090161,0.02035995289053979,0.0002692064405231534,0.04082540320196455,1.011934274090688,0.49469796467141197,0.4987079439195851,-3.8941854011266672,28.4,2026-08-28 13:08:40.731561728+09:00
,,0.02019624387090161,0.02035995289053979,0.0002692064405231534,0.04082540320196455,1.0134082266073607,0.49469796467141197,0.4987079439195851,-3.8941854011266672,28.5,2026-08-28 13:08:40.831561728+09:00
,,0.02019624387090161,0.02035995289053979,0.0002692064405231534,0.04082540320196455,1.0148821791240334,0.49469796467141197,0.4987079439195851,-3.8941854011266672,28.6,2026-08-28 13:08:40.931561728+09:00
,,0.02019624387090161,0.02035995289053979,0.0002692064405231534,0.04082540320196455,1.016356131640706,0.49469796467141197,0.4987079439195851,-3.8941854011266672,28.7,2026-08-28 13:08:41.031561728+09:00
,,0.02019624387090161,0.02035995289053979,0.0002692064405231534,0.04082540320196455,1.0178300841573784,0.49469796467141197,0.4987079439195851,-3.8941854011266672,28.8,2026-08-28 13:08:41.131561728+09:00
,,0.02019624387090161,0.02035995289053979,0.0002692064405231534,0.04082540320196455,1.01917956183123,0.49469796467141197,0.4987079439195851,-3.8941854011266672,28.9,2026-08-28 13:08:41.231561728+09:00
,,0.019906490085521256,0.0149372394349091,0.0005465638960269625,0.035390293416457316,1.0241902984330225,0.5624844601108696,0.4220716471359611,-4.2038978931306445,29.0,2026-08-28 13:08:41.331561728+09:00
,,0.019906490085521256,0.0149372394349091,0.0005465638960269625,0.035390293416457316,1.0290765601919938,0.5624844601108696,0.4220716471359611,-4.2038978931306445,29.1,2026-08-28 13:08:41.431561728+09:00
,,0.02023782332014258,0.01533032772862474,0.0005041706764772769,0.0360723217252446,1.033823283130628,0.5610346756798714,0.42498866153924525,-4.177922208073518,29.2,2026-08-28 13:08:41.531561728+09:00
,,0.02023782332014258,0.01533032772862474,0.0005041706764772769,0.0360723217252446,1.0385700060692624,0.5610346756798714,0.42498866153924525,-4.177922208073518,29.3,2026-08-28 13:08:41.631561728+09:00
,,0.02023782332014258,0.01533032772862474,0.0005041706764772769,0.0360723217252446,1.043316729007897,0.5610346756798714,0.42498866153924525,-4.177922208073518,29.4,2026-08-28 13:08:41.731561728+09:00
,,0.02023782332014258,0.01533032772862474,0.0005041706764772769,0.0360723217252446,1.0480634519465313,0.5610346756798714,0.42498866153924525,-4.177922208073518,29.5,2026-08-28 13:08:41.831561728+09:00
,,0.02023782332014258,0.01533032772862474,0.0005041706764772769,0.0360723217252446,1.052810174885166,0.5610346756798714,0.42498866153924525,-4.177922208073518,29.6,2026-08-28 13:08:41.931561728+09:00
,,0.02023782332014258,0.01533032772862474,0.0005041706764772769,0.0360723217252446,1.0575568978238001,0.5610346756798714,0.42498866153924525,-4.177922208073518,29.7,2026-08-28 13:08:42.031561728+09:00
,,0.02023782332014258,0.01533032772862474,0.0005041706764772769,0.0360723217252446,1.0621467959876465,0.5610346756798714,0.42498866153924525,-4.177922208073518,29.8,2026-08-28 13:08:42.131561728+09:00
,,0.020606846224018555,0.01844098401811906,0.0003217899347980439,0.039369620176935655,1.0651162439266628,0.5234199906274659,0.4684064498270813,-3.9931796990388957,29.9,2026-08-28 13:08:42.231561728+09:00
,,0.019378700691731338,0.013512346970949902,0.0004449682240478795,0.03333601588672912,1.071604573573523,0.5813142385574004,0.40533778892063377,-4.304151421080021,30.0,2026-08-28 13:08:42.331561728+09:00
,,0.019378700691731338,0.013512346970949902,0.0004449682240478795,0.03333601588672912,1.0780929032203832,0.5813142385574004,0.40533778892063377,-4.304151421080021,30.1,2026-08-28 13:08:42.431561728+09:00
,,0.019378700691731338,0.013512346970949902,0.0004449682240478795,0.03333601588672912,1.0845812328672433,0.5813142385574004,0.40533778892063377,-4.304151421080021,30.2,2026-08-28 13:08:42.531561728+09:00
,,0.019378700691731338,0.013512346970949902,0.0004449682240478795,0.03333601588672912,1.0910695625141036,0.5813142385574004,0.40533778892063377,-4.304151421080021,30.3,2026-08-28 13:08:42.631561728+09:00
,,0.019378700691731338,0.013512346970949902,0.0004449682240478795,0.03333601588672912,1.0975578921609637,0.5813142385574004,0.40533778892063377,-4.304151421080021,30.4,2026-08-28 13:08:42.731561728+09:00
,,0.019378700691731338,0.013512346970949902,0.0004449682240478795,0.03333601588672912,1.1040462218078237,0.5813142385574004,0.40533778892063377,-4.304151421080021,30.5,2026-08-28 13:08:42.831561728+09:00
,,0.019378700691731338,0.013512346970949902,0.0004449682240478795,0.03333601588672912,1.1094856594719111,0.5813142385574004,0.40533778892063377,-4.304151421080021,30.6,2026-08-28 13:08:42.931561728+09:00
,,0.0177318504712553,0.01137631342384374,0.0004284758201591989,0.029536639715258238,1.1161539421085045,0.6003340475489248,0.38515936591009325,-4.476221854978372,30.7,2026-08-28 13:08:43.031561728+09:00
,,0.0177318504712553,0.01137631342384374,0.0004284758201591989,0.029536639715258238,1.122822224745098,0.6003340475489248,0.38515936591009325,-4.476221854978372,30.8,2026-08-28 13:08:43.131561728+09:00
,,0.01766934854584748,0.011153658187831024,0.0003649934659150358,0.029188000199593542,1.129773964737275,0.6053634515904085,0.3821316332588741,-4.495987746290592,30.9,2026-08-28 13:08:43.231561728+09:00
,,0.01766934854584748,0.011153658187831024,0.0003649934659150358,0.029188000199593542,1.1367257047294523,0.6053634515904085,0.3821316332588741,-4.495987746290592,31.0,2026-08-28 13:08:43.331561728+09:00
,,0.01766934854584748,0.011153658187831024,0.0003649934659150358,0.029188000199593542,1.1436774447216296,0.6053634515904085,0.3821316332588741,-4.495987746290592,31.1,2026-08-28 13:08:43.431561728+09:00
,,0.01766934854584748,0.011153658187831024,0.0003649934659150358,0.029188000199593542,1.1506291847138066,0.6053634515904085,0.3821316332588741,-4.495987746290592,31.2,2026-08-28 13:08:43.531561728+09:00
,,0.01766934854584748,0.011153658187831024,0.0003649934659150358,0.029188000199593542,1.157580924705984,0.6053634515904085,0.3821316332588741,-4.495987746290592,31.3,2026-08-28 13:08:43.631561728+09:00
,,0.01766934854584748,0.011153658187831024,0.0003649934659150358,0.029188000199593542,1.1642712202375178,0.6053634515904085,0.3821316332588741,-4.495987746290592,31.4,2026-08-28 13:08:43.731561728+09:00
,,0.01731456815508539,0.013655681920361649,0.000323476018652507,0.013979157939014155,1.1713587814971498,,0.9768601213274998,-4.293599586060502,31.5,2026-08-28 13:08:43.831561728+09:00
,,0.0169597877643233,0.013655681920361649,0.000323476018652507,0.013979157939014155,1.1789712108347943,,0.9768601213274998,-4.293599586060502,31.6,2026-08-28 13:08:43.931561728+09:00
,,0.016605007373561208,0.013655681920361649,0.000323476018652507,0.013979157939014155,1.1871085082504518,,0.9768601213274998,-4.293599586060502,31.7,2026-08-28 13:08:44.031561728+09:00
,,0.01625022698279912,0.009164724586680202,0.0002990834638691511,0.025714035033348473,1.1957706737441218,0.6319594323381856,0.3564094306784016,-4.6923934486951655,31.8,2026-08-28 13:08:44.131561728+09:00
,,0.01625022698279912,0.009164724586680202,0.0002990834638691511,0.025714035033348473,1.2044328392377923,0.6319594323381856,0.3564094306784016,-4.6923934486951655,31.9,2026-08-28 13:08:44.231561728+09:00
,,0.01625022698279912,0.009164724586680202,0.0002990834638691511,0.025714035033348473,1.2130950047314624,0.6319594323381856,0.3564094306784016,-4.6923934486951655,32.0,2026-08-28 13:08:44.331561728+09:00
,,0.01625022698279912,0.009164724586680202,0.0002990834638691511,0.025714035033348473,1.2217571702251324,0.6319594323381856,0.3564094306784016,-4.6923934486951655,32.1,2026-08-28 13:08:44.431561728+09:00
,,0.01625022698279912,0.009164724586680202,0.0002990834638691511,0.025714035033348473,1.2300470718453704,0.6319594323381856,0.3564094306784016,-4.6923934486951655,32.2,2026-08-28 13:08:44.531561728+09:00
,,0.014701409943562687,0.007613115090414636,0.00029643597391306934,0.022610961007890392,1.2400918175972664,0.6501895226139409,0.3367001998613831,-4.877882849155802,32.3,2026-08-28 13:08:44.631561728+09:00
,,0.014701409943562687,0.007613115090414636,0.00029643597391306934,0.022610961007890392,1.250113692119005,0.6501895226139409,0.3367001998613831,-4.877882849155802,32.4,2026-08-28 13:08:44.731561728+09:00
,,0.014701409943562687,0.007613115090414636,0.00029643597391306934,0.022610961007890392,1.2601355666407443,0.6501895226139409,0.3367001998613831,-4.877882849155802,32.5,2026-08-28 13:08:44.831561728+09:00
,,0.014701409943562687,0.007613115090414636,0.00029643597391306934,0.022610961007890392,1.2701574411624832,0.6501895226139409,0.3367001998613831,-4.877882849155802,32.6,2026-08-28 13:08:44.931561728+09:00
,,0.014982821716814847,0.010129866431241058,0.0003010868721755824,0.025413775020231486,1.2751572078949058,0.589555141055875,0.39859747019782926,-4.5922671462733256,32.7,2026-08-28 13:08:45.031561728+09:00
,,0.014982821716814847,0.010129866431241058,0.0003010868721755824,0.025413775020231486,1.2801569746273285,0.589555141055875,0.39859747019782926,-4.5922671462733256,32.8,2026-08-28 13:08:45.131561728+09:00
,,0.014982821716814847,0.010129866431241058,0.0003010868721755824,0.025413775020231486,1.2851567413597507,0.589555141055875,0.39859747019782926,-4.5922671462733256,32.9,2026-08-28 13:08:45.231561728+09:00
,,0.014982821716814847,0.010129866431241058,0.0003010868721755824,0.025413775020231486,1.2896936321272379,0.589555141055875,0.39859747019782926,-4.5922671462733256,33.0,2026-08-28 13:08:45.331561728+09:00
,,0.014982821716814847,0.010129866431241058,0.0003010868721755824,0.025413775020231486,1.294230522894725,0.589555141055875,0.39859747019782926,-4.5922671462733256,33.1,2026-08-28 13:08:45.431561728+09:00
,,0.014023692099629859,0.006503949499267893,0.00025941543660620934,0.02078705703550396,1.3079453155315415,0.6746357637676954,0.3128845746735217,-5.035345671331979,33.2,2026-08-28 13:08:45.531561728+09:00
,,0.014023692099629859,0.006503949499267893,0.00025941543660620934,0.02078705703550396,1.3216601081683577,0.6746357637676954,0.3128845746735217,-5.035345671331979,33.3,2026-08-28 13:08:45.631561728+09:00
,,0.014023692099629859,0.006503949499267893,0.00025941543660620934,0.02078705703550396,1.335374900805174,0.6746357637676954,0.3128845746735217,-5.035345671331979,33.4,2026-08-28 13:08:45.731561728+09:00
,,0.014023692099629859,0.006503949499267893,0.00025941543660620934,0.02078705703550396,1.3490896934419903,0.6746357637676954,0.3128845746735217,-5.035345671331979,33.5,2026-08-28 13:08:45.831561728+09:00
,,0.014023692099629859,0.006503949499267893,0.00025941543660620934,0.02078705703550396,1.3628044860788067,0.6746357637676954,0.3128845746735217,-5.035345671331979,33.6,2026-08-28 13:08:45.931561728+09:00
,,0.014839535470997194,0.006648106998954122,0.00022841131310641306,0.02171605378305773,1.3773633180035303,0.6833440190949699,0.3061378952809922,-5.0134231266496485,33.7,2026-08-28 13:08:46.031561728+09:00
,,0.014839535470997194,0.006648106998954122,0.00022841131310641306,0.02171605378305773,1.3919221499282537,0.6833440190949699,0.3061378952809922,-5.0134231266496485,33.8,2026-08-28 13:08:46.131561728+09:00
,,0.014839535470997194,0.006648106998954122,0.00022841131310641306,0.02171605378305773,1.4058953050641767,0.6833440190949699,0.3061378952809922,-5.0134231266496485,33.9,2026-08-28 13:08:46.231561728+09:00
,,0.011745839517640046,0.006248002353951803,0.000321079212062039,0.01831492108365389,1.4159550234707723,0.6413262423567435,0.3411427395954307,-5.075493489691974,34.0,2026-08-28 13:08:46.331561728+09:00
,,0.011745839517640046,0.006248002353951803,0.000321079212062039,0.01831492108365389,1.4248021837935227,0.6413262423567435,0.3411427395954307,-5.075493489691974,34.1,2026-08-28 13:08:46.431561728+09:00
,,0.011745839517640046,0.006248002353951803,0.000321079212062039,0.01831492108365389,1.4336493441162728,0.6413262423567435,0.3411427395954307,-5.075493489691974,34.2,2026-08-28 13:08:46.531561728+09:00
,,0.011745839517640046,0.006248002353951803,0.000321079212062039,0.01831492108365389,1.442496504439023,0.6413262423567435,0.3411427395954307,-5.075493489691974,34.3,2026-08-28 13:08:46.631561728+09:00
,,0.011745839517640046,0.006248002353951803,0.000321079212062039,0.01831492108365389,1.4513436647617732,0.6413262423567435,0.3411427395954307,-5.075493489691974,34.4,2026-08-28 13:08:46.731561728+09:00
,,0.011745839517640046,0.006248002353951803,0.000321079212062039,0.01831492108365389,1.4601908250845232,0.6413262423567435,0.3411427395954307,-5.075493489691974,34.5,2026-08-28 13:08:46.831561728+09:00
,,0.014679510046376036,0.005987821902183391,0.00022046227492741752,0.02088779422348685,1.4753893821305475,0.7027793308050673,0.28666607101340114,-5.118027555321414,34.6,2026-08-28 13:08:46.931561728+09:00
,,0.014679510046376036,0.005987821902183391,0.00022046227492741752,0.02088779422348685,1.4899455366438228,0.7027793308050673,0.28666607101340114,-5.118027555321414,34.7,2026-08-28 13:08:47.031561728+09:00
,,0.013962802767277974,0.0054472639847218856,0.00023860704919496776,0.019648673801194828,1.5057428919931206,0.7106231651333589,0.27723316290133737,-5.21264181751374,34.8,2026-08-28 13:08:47.131561728+09:00
,,0.013962802767277974,0.0054472639847218856,0.00023860704919496776,0.019648673801194828,1.521902780794723,0.7106231651333589,0.27723316290133737,-5.21264181751374,34.9,2026-08-28 13:08:47.231561728+09:00
,,0.013962802767277974,0.0054472639847218856,0.00023860704919496776,0.019648673801194828,1.538062669596325,0.7106231651333589,0.27723316290133737,-5.21264181751374,35.0,2026-08-28 13:08:47.331561728+09:00
,,0.013962802767277974,0.0054472639847218856,0.00023860704919496776,0.019648673801194828,1.5542225583979274,0.7106231651333589,0.27723316290133737,-5.21264181751374,35.1,2026-08-28 13:08:47.431561728+09:00
,,0.013962802767277974,0.0054472639847218856,0.00023860704919496776,0.019648673801194828,1.5703824471995296,0.7106231651333589,0.27723316290133737,-5.21264181751374,35.2,2026-08-28 13:08:47.531561728+09:00
,,0.013962802767277974,0.0054472639847218856,0.00023860704919496776,0.019648673801194828,1.586542336001132,0.7106231651333589,0.27723316290133737,-5.21264181751374,35.3,2026-08-28 13:08:47.631561728+09:00
,,0.013962802767277974,0.0054472639847218856,0.00023860704919496776,0.019648673801194828,1.602702224802734,0.7106231651333589,0.27723316290133737,-5.21264181751374,35.4,2026-08-28 13:08:47.731561728+09:00
,,0.014775950520604294,0.005637910357517564,0.0002361142310415245,0.020649975109163384,1.6195015739723058,0.7155432605847305,0.2730226224348209,-5.178241786111977,35.5,2026-08-28 13:08:47.831561728+09:00
,,0.014317870383047493,0.005320503034015222,0.0002592038054012054,0.019897577222463922,1.636340291209371,0.7195785809984412,0.26739451615287574,-5.236187424832632,35.6,2026-08-28 13:08:47.931561728+09:00
,,0.014317870383047493,0.005320503034015222,0.0002592038054012054,0.019897577222463922,1.653585921034489,0.7195785809984412,0.26739451615287574,-5.236187424832632,35.7,2026-08-28 13:08:48.031561728+09:00
,,0.014317870383047493,0.005320503034015222,0.0002592038054012054,0.019897577222463922,1.6708315508596077,0.7195785809984412,0.26739451615287574,-5.236187424832632,35.8,2026-08-28 13:08:48.131561728+09:00
,,0.014317870383047493,0.005320503034015222,0.0002592038054012054,0.019897577222463922,1.6880771806847257,0.7195785809984412,0.26739451615287574,-5.236187424832632,35.9,2026-08-28 13:08:48.231561728+09:00
,,0.014317870383047493,0.005320503034015222,0.0002592038054012054,0.019897577222463922,1.7053228105098441,0.7195785809984412,0.26739451615287574,-5.236187424832632,36.0,2026-08-28 13:08:48.331561728+09:00
,,0.014317870383047493,0.005320503034015222,0.0002592038054012054,0.019897577222463922,1.7225684403349621,0.7195785809984412,0.26739451615287574,-5.236187424832632,36.1,2026-08-28 13:08:48.431561728+09:00
,,0.014317870383047493,0.005320503034015222,0.0002592038054012054,0.019897577222463922,1.7398140701600808,0.7195785809984412,0.26739451615287574,-5.236187424832632,36.2,2026-08-28 13:08:48.531561728+09:00
,,0.01431239512803805,0.005318569005911152,0.00025908999394809614,0.019890054127897294,1.7570591345842173,0.7195754740538308,0.26739841790834845,-5.236550995662516,36.3,2026-08-28 13:08:48.631561728+09:00
,,0.01483000862154381,0.0053487272395150234,0.00029667544588920364,0.020475411306948035,1.7743745561285702,0.7242837957795485,0.26122685201932966,-5.230896645532785,36.4,2026-08-28 13:08:48.731561728+09:00
,,0.01483000862154381,0.0053487272395150234,0.00029667544588920364,0.020475411306948035,1.792078408481706,0.7242837957795485,0.26122685201932966,-5.230896645532785,36.5,2026-08-28 13:08:48.831561728+09:00
,,0.01483000862154381,0.0053487272395150234,0.00029667544588920364,0.020475411306948035,1.8097822608348417,0.7242837957795485,0.26122685201932966,-5.230896645532785,36.6,2026-08-28 13:08:48.931561728+09:00
,,0.01483000862154381,0.0053487272395150234,0.00029667544588920364,0.020475411306948035,1.8274861131879778,0.7242837957795485,0.26122685201932966,-5.230896645532785,36.7,2026-08-28 13:08:49.031561728+09:00
,,0.01483000862154381,0.0053487272395150234,0.00029667544588920364,0.020475411306948035,1.8451899655411135,0.7242837957795485,0.26122685201932966,-5.230896645532785,36.8,2026-08-28 13:08:49.131561728+09:00
,,0.01483000862154381,0.0053487272395150234,0.00029667544588920364,0.020475411306948035,1.8628938178942493,0.7242837957795485,0.26122685201932966,-5.230896645532785,36.9,2026-08-28 13:08:49.231561728+09:00
,,0.01483000862154381,0.0053487272395150234,0.00029667544588920364,0.020475411306948035,1.880597670247385,0.7242837957795485,0.26122685201932966,-5.230896645532785,37.0,2026-08-28 13:08:49.331561728+09:00
,,0.01483000862154381,0.0053487272395150234,0.00029667544588920364,0.020475411306948035,1.8983015226005207,0.7242837957795485,0.26122685201932966,-5.230896645532785,37.1,2026-08-28 13:08:49.431561728+09:00
,,0.01487461035347724,0.0053301326306915845,0.00032960216329101777,0.020534345147459842,1.915265960624939,0.7243771470022882,0.2595715905433165,-5.234379157306929,37.2,2026-08-28 13:08:49.531561728+09:00
,,0.015367624446182738,0.005432326355245111,0.00034733174959400377,0.021147282551021853,1.9356766513760073,0.7266949977665175,0.25688058700396077,-5.215387810404356,37.3,2026-08-28 13:08:49.631561728+09:00
,,0.015367624446182738,0.005432326355245111,0.00034733174959400377,0.021147282551021853,1.9560873421270755,0.7266949977665175,0.25688058700396077,-5.215387810404356,37.4,2026-08-28 13:08:49.731561728+09:00
,,0.015367624446182738,0.005432326355245111,0.00034733174959400377,0.021147282551021853,1.976498032878144,0.7266949977665175,0.25688058700396077,-5.215387810404356,37.5,2026-08-28 13:08:49.831561728+09:00
,,0.015367624446182738,0.005432326355245111,0.00034733174959400377,0.021147282551021853,1.9969087236292122,0.7266949977665175,0.25688058700396077,-5.215387810404356,37.6,2026-08-28 13:08:49.931561728+09:00
,,0.015367624446182738,0.005432326355245111,0.00034733174959400377,0.021147282551021853,2.017319414380281,0.7266949977665175,0.25688058700396077,-5.215387810404356,37.7,2026-08-28 13:08:50.031561728+09:00
,,0.015367624446182738,0.005432326355245111,0.00034733174959400377,0.021147282551021853,2.0377301051313492,0.7266949977665175,0.25688058700396077,-5.215387810404356,37.8,2026-08-28 13:08:50.131561728+09:00
,,0.015367624446182738,0.005432326355245111,0.00034733174959400377,0.021147282551021853,2.058140795882417,0.7266949977665175,0.25688058700396077,-5.215387810404356,37.9,2026-08-28 13:08:50.231561728+09:00
,,0.015367624446182738,0.005432326355245111,0.00034733174959400377,0.021147282551021853,2.0747657528627244,0.7266949977665175,0.25688058700396077,-5.215387810404356,38.0,2026-08-28 13:08:50.331561728+09:00
,,0.015525008800541574,0.005474653865095012,0.0003770731693000164,0.021376735834936603,2.0914671086956225,0.726257222824853,0.2561033596227367,-5.207626226265316,38.1,2026-08-28 13:08:50.431561728+09:00
,,0.01584225940317196,0.005496529805348242,0.000405332545609602,0.021744121754129802,2.108823914455517,0.7285766508441796,0.2527823320481684,-5.2036383303550835,38.2,2026-08-28 13:08:50.531561728+09:00
,,0.01584225940317196,0.005496529805348242,0.000405332545609602,0.021744121754129802,2.126180720215412,0.7285766508441796,0.2527823320481684,-5.2036383303550835,38.3,2026-08-28 13:08:50.631561728+09:00
,,0.01584225940317196,0.005496529805348242,0.000405332545609602,0.021744121754129802,2.143537525975307,0.7285766508441796,0.2527823320481684,-5.2036383303550835,38.4,2026-08-28 13:08:50.731561728+09:00
,,0.01584225940317196,0.005496529805348242,0.000405332545609602,0.021744121754129802,2.160894331735202,0.7285766508441796,0.2527823320481684,-5.2036383303550835,38.5,2026-08-28 13:08:50.831561728+09:00
,,0.01584225940317196,0.005496529805348242,0.000405332545609602,0.021744121754129802,2.178251137495097,0.7285766508441796,0.2527823320481684,-5.2036383303550835,38.6,2026-08-28 13:08:50.931561728+09:00
,,0.01584225940317196,0.005496529805348242,0.000405332545609602,0.021744121754129802,2.195607943254992,0.7285766508441796,0.2527823320481684,-5.2036383303550835,38.7,2026-08-28 13:08:51.031561728+09:00
,,0.01584225940317196,0.005496529805348242,0.000405332545609602,0.021744121754129802,2.2129647490148865,0.7285766508441796,0.2527823320481684,-5.2036383303550835,38.8,2026-08-28 13:08:51.131561728+09:00
,,0.01584225940317196,0.005496529805348242,0.000405332545609602,0.021744121754129802,2.232573427106089,0.7285766508441796,0.2527823320481684,-5.2036383303550835,38.9,2026-08-28 13:08:51.231561728+09:00
,,0.015971582541651246,0.005549364340981384,0.0004305342696821684,0.021951481152314798,2.2486172560432385,0.727585643575902,0.25280136235345557,-5.194071890939724,39.0,2026-08-28 13:08:51.331561728+09:00
,,0.013705602943543043,0.004719102355170369,0.0005824142666297832,0.019007119565343195,2.264952079574331,0.7210773256003123,0.24828077389353553,-5.356136676460319,39.1,2026-08-28 13:08:51.431561728+09:00
,,0.013705602943543043,0.004719102355170369,0.0005824142666297832,0.019007119565343195,2.2812869031054244,0.7210773256003123,0.24828077389353553,-5.356136676460319,39.2,2026-08-28 13:08:51.531561728+09:00
,,0.013705602943543043,0.004719102355170369,0.0005824142666297832,0.019007119565343195,2.2976217266365175,0.7210773256003123,0.24828077389353553,-5.356136676460319,39.3,2026-08-28 13:08:51.631561728+09:00
,,0.013705602943543043,0.004719102355170369,0.0005824142666297832,0.019007119565343195,2.3139565501676107,0.7210773256003123,0.24828077389353553,-5.356136676460319,39.4,2026-08-28 13:08:51.731561728+09:00
,,0.013705602943543043,0.004719102355170369,0.0005824142666297832,0.019007119565343195,2.3302913736987034,0.7210773256003123,0.24828077389353553,-5.356136676460319,39.5,2026-08-28 13:08:51.831561728+09:00
,,0.013705602943543043,0.004719102355170369,0.0005824142666297832,0.019007119565343195,2.346626197229797,0.7210773256003123,0.24828077389353553,-5.356136676460319,39.6,2026-08-28 13:08:51.931561728+09:00
,,0.013705602943543043,0.004719102355170369,0.0005824142666297832,0.019007119565343195,2.3615775055134556,0.7210773256003123,0.24828077389353553,-5.356136676460319,39.7,2026-08-28 13:08:52.031561728+09:00
,,0.01599131531824195,0.0054911015873545296,0.0004882925477600525,0.02197070945335653,2.3766170557101316,0.7278470161462587,0.2499282783294755,-5.204626390154565,39.8,2026-08-28 13:08:52.131561728+09:00
,,0.01594348350270214,0.005340835605173677,0.0005223188769141728,0.021806637984789993,2.392184041877566,0.7311298290833567,0.24491788275198037,-5.232373157882207,39.9,2026-08-28 13:08:52.231561728+09:00
,,0.01594348350270214,0.005340835605173677,0.0005223188769141728,0.021806637984789993,2.407751028045001,0.7311298290833567,0.24491788275198037,-5.232373157882207,40.0,2026-08-28 13:08:52.331561728+09:00
,,0.01594348350270214,0.005340835605173677,0.0005223188769141728,0.021806637984789993,2.423318014212436,0.7311298290833567,0.24491788275198037,-5.232373157882207,40.1,2026-08-28 13:08:52.431561728+09:00
,,0.01594348350270214,0.005340835605173677,0.0005223188769141728,0.021806637984789993,2.438885000379871,0.7311298290833567,0.24491788275198037,-5.232373157882207,40.2,2026-08-28 13:08:52.531561728+09:00
,,0.01594348350270214,0.005340835605173677,0.0005223188769141728,0.021806637984789993,2.4544519865473053,0.7311298290833567,0.24491788275198037,-5.232373157882207,40.3,2026-08-28 13:08:52.631561728+09:00
,,0.01594348350270214,0.005340835605173677,0.0005223188769141728,0.021806637984789993,2.4700189727147404,0.7311298290833567,0.24491788275198037,-5.232373157882207,40.4,2026-08-28 13:08:52.731561728+09:00
,,0.01594348350270214,0.005340835605173677,0.0005223188769141728,0.021806637984789993,2.4850610908041624,0.7311298290833567,0.24491788275198037,-5.232373157882207,40.5,2026-08-28 13:08:52.831561728+09:00
,,0.01594348350270214,0.005340835605173677,0.0005223188769141728,0.021806637984789993,2.499578340815572,0.7311298290833567,0.24491788275198037,-5.232373157882207,40.6,2026-08-28 13:08:52.931561728+09:00
,,0.014283686944554579,0.005477272687023253,0.0006024835739744435,0.02036344320555228,2.5093774576558996,0.701437708759391,0.26897576366308346,-5.207147986758195,40.7,2026-08-28 13:08:53.031561728+09:00
,,0.015510802462072365,0.005106166623529595,0.0005703951394225764,0.021187364225024537,2.523427826078695,0.732077963890971,0.24100055907372694,-5.277306327806607,40.8,2026-08-28 13:08:53.131561728+09:00
,,0.015510802462072365,0.005106166623529595,0.0005703951394225764,0.021187364225024537,2.5374781945014906,0.732077963890971,0.24100055907372694,-5.277306327806607,40.9,2026-08-28 13:08:53.231561728+09:00
,,0.015510802462072365,0.005106166623529595,0.0005703951394225764,0.021187364225024537,2.5515285629242856,0.732077963890971,0.24100055907372694,-5.277306327806607,41.0,2026-08-28 13:08:53.331561728+09:00
,,0.015510802462072365,0.005106166623529595,0.0005703951394225764,0.021187364225024537,2.565578931347081,0.732077963890971,0.24100055907372694,-5.277306327806607,41.1,2026-08-28 13:08:53.431561728+09:00
,,0.015510802462072365,0.005106166623529595,0.0005703951394225764,0.021187364225024537,2.5796292997698766,0.732077963890971,0.24100055907372694,-5.277306327806607,41.2,2026-08-28 13:08:53.531561728+09:00
,,0.015510802462072365,0.005106166623529595,0.0005703951394225764,0.021187364225024537,2.5919248240610138,0.732077963890971,0.24100055907372694,-5.277306327806607,41.3,2026-08-28 13:08:53.631561728+09:00
,,0.015510802462072365,0.005106166623529595,0.0005703951394225764,0.021187364225024537,2.604220348352151,0.732077963890971,0.24100055907372694,-5.277306327806607,41.4,2026-08-28 13:08:53.731561728+09:00
,,0.015510802462072365,0.005106166623529595,0.0005703951394225764,0.021187364225024537,2.616515872643288,0.732077963890971,0.24100055907372694,-5.277306327806607,41.5,2026-08-28 13:08:53.831561728+09:00
,,0.015386274494581718,0.004852409637321656,0.000597682351210815,0.005450091988532471,2.6280712612490924,,0.8903353645280855,-5.328279864975661,41.6,2026-08-28 13:08:53.931561728+09:00
,,0.01526174652709107,0.004852409637321656,0.000597682351210815,0.005450091988532471,2.6439086219588805,,0.8903353645280855,-5.328279864975661,41.7,2026-08-28 13:08:54.031561728+09:00
,,0.015137218559600422,0.004852409637321656,0.000597682351210815,0.005450091988532471,2.6590058469833355,,0.8903353645280855,-5.328279864975661,41.8,2026-08-28 13:08:54.131561728+09:00
,,0.015012690592109775,0.004852409637321656,0.000597682351210815,0.005450091988532471,2.6733629363224574,,0.8903353645280855,-5.328279864975661,41.9,2026-08-28 13:08:54.231561728+09:00
,,0.014888162624619129,0.004852409637321656,0.000597682351210815,0.005450091988532471,2.686979889976247,,0.8903353645280855,-5.328279864975661,42.0,2026-08-28 13:08:54.331561728+09:00
,,0.014763634657128481,0.004852409637321656,0.000597682351210815,0.005450091988532471,2.6998567079447033,,0.8903353645280855,-5.328279864975661,42.1,2026-08-28 13:08:54.431561728+09:00
,,0.014639106689637834,0.004852409637321656,0.000597682351210815,0.005450091988532471,2.704469979140758,,0.8903353645280855,-5.328279864975661,42.2,2026-08-28 13:08:54.531561728+09:00
,,0.014514578722147186,0.004852409637321656,0.000597682351210815,0.005450091988532471,2.708343114651479,,0.8903353645280855,-5.328279864975661,42.3,2026-08-28 13:08:54.631561728+09:00
,,0.014390050754656538,0.005902034394608716,0.0005243815177679879,0.020816466667033243,2.711476114476868,0.6912820981980514,0.28352719455293957,-5.132458174859137,42.4,2026-08-28 13:08:54.731561728+09:00
,,0.01458988322356169,0.004634923288790945,0.0006087402112316442,0.01983354672358428,2.7154842501496756,0.7356164495890544,0.2336910968767633,-5.374135630523944,42.5,2026-08-28 13:08:54.831561728+09:00
,,0.01458988322356169,0.004634923288790945,0.0006087402112316442,0.01983354672358428,2.7203675216699015,0.7356164495890544,0.2336910968767633,-5.374135630523944,42.6,2026-08-28 13:08:54.931561728+09:00
,,0.01458988322356169,0.004634923288790945,0.0006087402112316442,0.01983354672358428,2.7252818897496396,0.7356164495890544,0.2336910968767633,-5.374135630523944,42.7,2026-08-28 13:08:55.031561728+09:00
,,0.01458988322356169,0.004634923288790945,0.0006087402112316442,0.01983354672358428,2.731071393676796,0.7356164495890544,0.2336910968767633,-5.374135630523944,42.8,2026-08-28 13:08:55.131561728+09:00
,,0.01458988322356169,0.004634923288790945,0.0006087402112316442,0.01983354672358428,2.737736033451372,0.7356164495890544,0.2336910968767633,-5.374135630523944,42.9,2026-08-28 13:08:55.231561728+09:00
,,0.01458988322356169,0.004634923288790945,0.0006087402112316442,0.01983354672358428,2.7491892458026936,0.7356164495890544,0.2336910968767633,-5.374135630523944,43.0,2026-08-28 13:08:55.331561728+09:00
,,0.01458988322356169,0.004634923288790945,0.0006087402112316442,0.01983354672358428,2.7615175940014343,0.7356164495890544,0.2336910968767633,-5.374135630523944,43.1,2026-08-28 13:08:55.431561728+09:00
,,0.014094328404885142,0.004593606814715618,0.0006747851909685706,0.019362720410569332,2.774721078047593,0.7279105469700226,0.2372397430377682,-5.383089765074625,43.2,2026-08-28 13:08:55.531561728+09:00
,,0.0143222280082792,0.004512949334595402,0.0006060433835262226,0.019441220726400824,2.787964404449436,0.736693863509809,0.23213302282335077,-5.400804384746845,43.3,2026-08-28 13:08:55.631561728+09:00
,,0.0143222280082792,0.004512949334595402,0.0006060433835262226,0.019441220726400824,2.8012475732069615,0.736693863509809,0.23213302282335077,-5.400804384746845,43.4,2026-08-28 13:08:55.731561728+09:00
,,0.0143222280082792,0.004512949334595402,0.0006060433835262226,0.019441220726400824,2.8145705843201707,0.736693863509809,0.23213302282335077,-5.400804384746845,43.5,2026-08-28 13:08:55.831561728+09:00
,,0.0143222280082792,0.004512949334595402,0.0006060433835262226,0.019441220726400824,2.8215820410657897,0.736693863509809,0.23213302282335077,-5.400804384746845,43.6,2026-08-28 13:08:55.931561728+09:00
,,0.0143222280082792,0.004512949334595402,0.0006060433835262226,0.019441220726400824,2.828633340167092,0.736693863509809,0.23213302282335077,-5.400804384746845,43.7,2026-08-28 13:08:56.031561728+09:00
,,0.0143222280082792,0.004512949334595402,0.0006060433835262226,0.019441220726400824,2.834483280788055,0.736693863509809,0.23213302282335077,-5.400804384746845,43.8,2026-08-28 13:08:56.131561728+09:00
,,0.0143222280082792,0.004512949334595402,0.0006060433835262226,0.019441220726400824,2.840373063764702,0.736693863509809,0.23213302282335077,-5.400804384746845,43.9,2026-08-28 13:08:56.231561728+09:00
,,0.013843455452083849,0.004470050006025394,0.0006924944659296682,0.01900599992403891,2.8463026890970324,0.7283729089451673,0.23519151972486574,-5.410355683388945,44.0,2026-08-28 13:08:56.331561728+09:00
,,0.013843455452083849,0.004470050006025394,0.0006924944659296682,0.01900599992403891,2.8522323144293624,0.7283729089451673,0.23519151972486574,-5.410355683388945,44.1,2026-08-28 13:08:56.431561728+09:00
,,0.014233737211676239,0.00450917176196588,0.0005990758717692255,0.019341984845411345,2.8581544441939344,0.735898478126097,0.23312869894196137,-5.401641787129243,44.2,2026-08-28 13:08:56.531561728+09:00
,,0.014233737211676239,0.00450917176196588,0.0005990758717692255,0.019341984845411345,2.8640690783907488,0.735898478126097,0.23312869894196137,-5.401641787129243,44.3,2026-08-28 13:08:56.631561728+09:00
,,0.014225057442333147,0.0045066781939875735,0.0005987210118777941,0.019330456648198515,2.8699762170198047,0.7358883290353536,0.23313873417509615,-5.4021949392012205,44.4,2026-08-28 13:08:56.731561728+09:00
,,0.014233737211676239,0.00450917176196588,0.0005990758717692255,0.019341984845411345,2.875236399713134,0.735898478126097,0.23312869894196137,-5.401641787129243,44.5,2026-08-28 13:08:56.831561728+09:00
,,0.014225057442333147,0.0045066781939875735,0.0005987210118777941,0.019330456648198515,2.879708485098655,0.7358883290353536,0.23313873417509615,-5.4021949392012205,44.6,2026-08-28 13:08:56.931561728+09:00
,,0.014233737211676239,0.00450917176196588,0.0005990758717692255,0.019341984845411345,2.8841730749164185,0.735898478126097,0.23312869894196137,-5.401641787129243,44.7,2026-08-28 13:08:57.031561728+09:00
,,0.014233737211676239,0.00450917176196588,0.0005990758717692255,0.019341984845411345,2.8886301691664236,0.735898478126097,0.23312869894196137,-5.401641787129243,44.8,2026-08-28 13:08:57.131561728+09:00
,,0.013832858082866967,0.004474425379699935,0.0007065424110715857,0.019013825873638486,2.8930797678486715,0.727515765359216,0.23532483201623583,-5.409377342271138,44.9,2026-08-28 13:08:57.231561728+09:00
,,0.013832858082866967,0.004474425379699935,0.0007065424110715857,0.019013825873638486,2.89752936653092,0.727515765359216,0.23532483201623583,-5.409377342271138,45.0,2026-08-28 13:08:57.331561728+09:00
,,0.014379587558538385,0.004649543147506568,0.0005873735672468692,0.019616504273291823,2.901991741053806,0.7330351707014597,0.23702200365214884,-5.370986312057558,45.1,2026-08-28 13:08:57.431561728+09:00
,,0.014379587558538385,0.004649543147506568,0.0005873735672468692,0.019616504273291823,2.9064541155766936,0.7330351707014597,0.23702200365214884,-5.370986312057558,45.2,2026-08-28 13:08:57.531561728+09:00
,,0.014379587558538385,0.004649543147506568,0.0005873735672468692,0.019616504273291823,2.910917055500562,0.7330351707014597,0.23702200365214884,-5.370986312057558,45.3,2026-08-28 13:08:57.631561728+09:00
,,0.014379587558538385,0.004649543147506568,0.0005873735672468692,0.019616504273291823,2.914473327033478,0.7330351707014597,0.23702200365214884,-5.370986312057558,45.4,2026-08-28 13:08:57.731561728+09:00
,,0.014379587558538385,0.004649543147506568,0.0005873735672468692,0.019616504273291823,2.9180295985663935,0.7330351707014597,0.23702200365214884,-5.370986312057558,45.5,2026-08-28 13:08:57.831561728+09:00
,,0.014379587558538385,0.004649543147506568,0.0005873735672468692,0.019616504273291823,2.9215858700993094,0.7330351707014597,0.23702200365214884,-5.370986312057558,45.6,2026-08-28 13:08:57.931561728+09:00
,,0.015241573869002368,0.006243851204090261,0.0003771388450276319,0.02186256391812026,2.9179017535666025,0.6971539992328968,0.28559556086261206,-5.076158106835468,45.7,2026-08-28 13:08:58.031561728+09:00
,,0.015241573869002368,0.006243851204090261,0.0003771388450276319,0.02186256391812026,2.9142176370338952,0.6971539992328968,0.28559556086261206,-5.076158106835468,45.8,2026-08-28 13:08:58.131561728+09:00
,,0.014789223248643547,0.004947532191520474,0.0005838087433497661,0.020320564183513787,2.9166241736834335,0.7277958975490526,0.24347415489253202,-5.3088663738850785,45.9,2026-08-28 13:08:58.231561728+09:00
,,0.014789223248643547,0.004947532191520474,0.0005838087433497661,0.020320564183513787,2.919030710332971,0.7277958975490526,0.24347415489253202,-5.3088663738850785,46.0,2026-08-28 13:08:58.331561728+09:00
,,0.014789223248643547,0.004947532191520474,0.0005838087433497661,0.020320564183513787,2.9214372469825087,0.7277958975490526,0.24347415489253202,-5.3088663738850785,46.1,2026-08-28 13:08:58.431561728+09:00
,,0.014789223248643547,0.004947532191520474,0.0005838087433497661,0.020320564183513787,2.9236433350291304,0.7277958975490526,0.24347415489253202,-5.3088663738850785,46.2,2026-08-28 13:08:58.531561728+09:00
,,0.014789223248643547,0.004947532191520474,0.0005838087433497661,0.020320564183513787,2.9254243428149076,0.7277958975490526,0.24347415489253202,-5.3088663738850785,46.3,2026-08-28 13:08:58.631561728+09:00
,,0.014789223248643547,0.004947532191520474,0.0005838087433497661,0.020320564183513787,2.9272053506006848,0.7277958975490526,0.24347415489253202,-5.3088663738850785,46.4,2026-08-28 13:08:58.731561728+09:00
,,0.014606457143492796,0.00493818749003336,0.0007303899878356034,0.020275034621361758,2.9286379786296948,0.720415891576503,0.24356000284361984,-5.310756919959906,46.5,2026-08-28 13:08:58.831561728+09:00
,,0.014606457143492796,0.00493818749003336,0.0007303899878356034,0.020275034621361758,2.9300706066587034,0.720415891576503,0.24356000284361984,-5.310756919959906,46.6,2026-08-28 13:08:58.931561728+09:00
,,0.014606457143492796,0.00493818749003336,0.0007303899878356034,0.020275034621361758,2.931503234687713,0.720415891576503,0.24356000284361984,-5.310756919959906,46.7,2026-08-28 13:08:59.031561728+09:00
,,0.01660168721654775,0.006584930069671804,0.0003260929218896439,0.0235127102081092,2.9280837052852924,0.7060728886465016,0.28005831787952523,-5.0229715634830985,46.8,2026-08-28 13:08:59.131561728+09:00
,,0.01660168721654775,0.006584930069671804,0.0003260929218896439,0.0235127102081092,2.9246641758828718,0.7060728886465016,0.28005831787952523,-5.0229715634830985,46.9,2026-08-28 13:08:59.231561728+09:00
,,0.01660168721654775,0.006584930069671804,0.0003260929218896439,0.0235127102081092,2.921244646480452,0.7060728886465016,0.28005831787952523,-5.0229715634830985,47.0,2026-08-28 13:08:59.331561728+09:00
,,0.01660168721654775,0.006584930069671804,0.0003260929218896439,0.0235127102081092,2.91774871822544,0.7060728886465016,0.28005831787952523,-5.0229715634830985,47.1,2026-08-28 13:08:59.431561728+09:00
,,0.01660168721654775,0.006584930069671804,0.0003260929218896439,0.0235127102081092,2.9137368788637685,0.7060728886465016,0.28005831787952523,-5.0229715634830985,47.2,2026-08-28 13:08:59.531561728+09:00
,,0.01660168721654775,0.006584930069671804,0.0003260929218896439,0.0235127102081092,2.909725039502097,0.7060728886465016,0.28005831787952523,-5.0229715634830985,47.3,2026-08-28 13:08:59.631561728+09:00
,,0.015175756997485851,0.005298010801862821,0.0007508426632705544,0.021224610462619226,2.9095272186902483,0.7150075627636788,0.24961639749260298,-5.240423849277633,47.4,2026-08-28 13:08:59.731561728+09:00
,,0.015175756997485851,0.005298010801862821,0.0007508426632705544,0.021224610462619226,2.9093293978783996,0.7150075627636788,0.24961639749260298,-5.240423849277633,47.5,2026-08-28 13:08:59.831561728+09:00
,,0.015175756997485851,0.005298010801862821,0.0007508426632705544,0.021224610462619226,2.909131577066551,0.7150075627636788,0.24961639749260298,-5.240423849277633,47.6,2026-08-28 13:08:59.931561728+09:00
,,0.015788576905649915,0.005727749113423785,0.0006159929958414677,0.022132319014915167,2.907734655297288,0.7133720101815744,0.25879570548227704,-5.162432650313805,47.7,2026-08-28 13:09:00.031561728+09:00
,,0.015788576905649915,0.005727749113423785,0.0006159929958414677,0.022132319014915167,2.9063377335280247,0.7133720101815744,0.25879570548227704,-5.162432650313805,47.8,2026-08-28 13:09:00.131561728+09:00
,,0.015788576905649915,0.005727749113423785,0.0006159929958414677,0.022132319014915167,2.904940811758762,0.7133720101815744,0.25879570548227704,-5.162432650313805,47.9,2026-08-28 13:09:00.231561728+09:00
,,0.015788576905649915,0.005727749113423785,0.0006159929958414677,0.022132319014915167,2.903589857435707,0.7133720101815744,0.25879570548227704,-5.162432650313805,48.0,2026-08-28 13:09:00.331561728+09:00
,,0.015788576905649915,0.005727749113423785,0.0006159929958414677,0.022132319014915167,2.9019479085187085,0.7133720101815744,0.25879570548227704,-5.162432650313805,48.1,2026-08-28 13:09:00.431561728+09:00
,,0.015719786352323413,0.0056540062448716955,0.0007780751488214758,0.022151867746016584,2.900570240513746,0.7096370623262769,0.25523835324849375,-5.175390915206274,48.2,2026-08-28 13:09:00.531561728+09:00
,,0.015719786352323413,0.0056540062448716955,0.0007780751488214758,0.022151867746016584,2.8991925725087837,0.7096370623262769,0.25523835324849375,-5.175390915206274,48.3,2026-08-28 13:09:00.631561728+09:00
,,0.015719786352323413,0.0056540062448716955,0.0007780751488214758,0.022151867746016584,2.89781490450382,0.7096370623262769,0.25523835324849375,-5.175390915206274,48.4,2026-08-28 13:09:00.731561728+09:00
,,0.015719786352323413,0.0056540062448716955,0.0007780751488214758,0.022151867746016584,2.8964372364988575,0.7096370623262769,0.25523835324849375,-5.175390915206274,48.5,2026-08-28 13:09:00.831561728+09:00
,,0.016115193158248314,0.006017365853517452,0.0006666456873167515,0.022799204699082518,2.8939242638976275,0.7068313728898105,0.263928761241378,-5.113105681282172,48.6,2026-08-28 13:09:00.931561728+09:00
,,0.016115193158248314,0.006017365853517452,0.0006666456873167515,0.022799204699082518,2.891411291296398,0.7068313728898105,0.263928761241378,-5.113105681282172,48.7,2026-08-28 13:09:01.031561728+09:00
,,0.016115193158248314,0.006017365853517452,0.0006666456873167515,0.022799204699082518,2.8888100767821516,0.7068313728898105,0.263928761241378,-5.113105681282172,48.8,2026-08-28 13:09:01.131561728+09:00
,,0.016115193158248314,0.006017365853517452,0.0006666456873167515,0.022799204699082518,2.8853979689415623,0.7068313728898105,0.263928761241378,-5.113105681282172,48.9,2026-08-28 13:09:01.231561728+09:00
,,0.016115193158248314,0.006017365853517452,0.0006666456873167515,0.022799204699082518,2.8819858611009725,0.7068313728898105,0.263928761241378,-5.113105681282172,49.0,2026-08-28 13:09:01.331561728+09:00
,,0.016073995344884264,0.005901180750593432,0.0008191809323153883,0.02279435702779308,2.879082049210427,0.7051743256142429,0.2588877915441152,-5.132602820874018,49.1,2026-08-28 13:09:01.431561728+09:00
,,0.016073995344884264,0.005901180750593432,0.0008191809323153883,0.02279435702779308,2.8761782373198823,0.7051743256142429,0.2588877915441152,-5.132602820874018,49.2,2026-08-28 13:09:01.531561728+09:00
,,0.016073995344884264,0.005901180750593432,0.0008191809323153883,0.02279435702779308,2.8732744254293374,0.7051743256142429,0.2588877915441152,-5.132602820874018,49.3,2026-08-28 13:09:01.631561728+09:00
,,0.016073995344884264,0.005901180750593432,0.0008191809323153883,0.02279435702779308,2.870370613538792,0.7051743256142429,0.2588877915441152,-5.132602820874018,49.4,2026-08-28 13:09:01.731561728+09:00
,,0.016310712021675985,0.006165947256727923,0.0007401499912248029,0.02321680926962871,2.866593780071835,0.7025389161900468,0.2655811651428763,-5.0887135034425475,49.5,2026-08-28 13:09:01.831561728+09:00
,,0.016310712021675985,0.006165947256727923,0.0007401499912248029,0.02321680926962871,2.8628169466048776,0.7025389161900468,0.2655811651428763,-5.0887135034425475,49.6,2026-08-28 13:09:01.931561728+09:00
,,0.016310712021675985,0.006165947256727923,0.0007401499912248029,0.02321680926962871,2.86323337823099,0.7025389161900468,0.2655811651428763,-5.0887135034425475,49.7,2026-08-28 13:09:02.031561728+09:00
,,0.016310712021675985,0.006165947256727923,0.0007401499912248029,0.02321680926962871,2.8588736901966216,0.7025389161900468,0.2655811651428763,-5.0887135034425475,49.8,2026-08-28 13:09:02.131561728+09:00
,,0.016310712021675985,0.006165947256727923,0.0007401499912248029,0.02321680926962871,2.8545140021622526,0.7025389161900468,0.2655811651428763,-5.0887135034425475,49.9,2026-08-28 13:09:02.231561728+09:00
,,0.01621100035567133,0.005980786033576945,0.0008689131807866567,0.02306069957003493,2.850879029845641,0.7029708837079643,0.2593497224753918,-5.119203275915605,50.0,2026-08-28 13:09:02.331561728+09:00
,,0.01621100035567133,0.005980786033576945,0.0008689131807866567,0.02306069957003493,2.8472440575290294,0.7029708837079643,0.2593497224753918,-5.119203275915605,50.1,2026-08-28 13:09:02.431561728+09:00
,,0.01621100035567133,0.005980786033576945,0.0008689131807866567,0.02306069957003493,2.8436090852124174,0.7029708837079643,0.2593497224753918,-5.119203275915605,50.2,2026-08-28 13:09:02.531561728+09:00
,,0.01621100035567133,0.005980786033576945,0.0008689131807866567,0.02306069957003493,2.8399741128958054,0.7029708837079643,0.2593497224753918,-5.119203275915605,50.3,2026-08-28 13:09:02.631561728+09:00
,,0.016408620189864543,0.006136476882318153,0.0008357044839003966,0.023380801556083092,2.8359328591587865,0.7017988733408259,0.26245793445527094,-5.093504499176022,50.4,2026-08-28 13:09:02.731561728+09:00
,,0.016408620189864543,0.006136476882318153,0.0008357044839003966,0.023380801556083092,2.8318916054217675,0.7017988733408259,0.26245793445527094,-5.093504499176022,50.5,2026-08-28 13:09:02.831561728+09:00
,,0.016408620189864543,0.006136476882318153,0.0008357044839003966,0.023380801556083092,2.8285904873700813,0.7017988733408259,0.26245793445527094,-5.093504499176022,50.6,2026-08-28 13:09:02.931561728+09:00
,,0.016408620189864543,0.006136476882318153,0.0008357044839003966,0.023380801556083092,2.8260295050037274,0.7017988733408259,0.26245793445527094,-5.093504499176022,50.7,2026-08-28 13:09:03.031561728+09:00
,,0.016408620189864543,0.006136476882318153,0.0008357044839003966,0.023380801556083092,2.8242086583227075,0.7017988733408259,0.26245793445527094,-5.093504499176022,50.8,2026-08-28 13:09:03.131561728+09:00
,,0.016234106256637473,0.005896709676751108,0.0009398218568074644,0.023070637790196045,2.8240071779793317,0.7036695909436981,0.255593700112484,-5.133360765539448,50.9,2026-08-28 13:09:03.231561728+09:00
,,0.016234106256637473,0.005896709676751108,0.0009398218568074644,0.023070637790196045,2.824545833321288,0.7036695909436981,0.255593700112484,-5.133360765539448,51.0,2026-08-28 13:09:03.331561728+09:00
,,0.016234106256637473,0.005896709676751108,0.0009398218568074644,0.023070637790196045,2.825824624348578,0.7036695909436981,0.255593700112484,-5.133360765539448,51.1,2026-08-28 13:09:03.431561728+09:00
,,0.01643521563853951,0.0059492825036464025,0.0009456728874848756,0.023330171029670787,2.8279488340614267,0.7044618583223231,0.25500381013410656,-5.124484654318324,51.2,2026-08-28 13:09:03.531561728+09:00
,,0.01643521563853951,0.0059492825036464025,0.0009456728874848756,0.023330171029670787,2.8308131794596085,0.7044618583223231,0.25500381013410656,-5.124484654318324,51.3,2026-08-28 13:09:03.631561728+09:00
,,0.01643521563853951,0.0059492825036464025,0.0009456728874848756,0.023330171029670787,2.834417660543123,0.7044618583223231,0.25500381013410656,-5.124484654318324,51.4,2026-08-28 13:09:03.731561728+09:00
,,0.01643521563853951,0.0059492825036464025,0.0009456728874848756,0.023330171029670787,2.837147005779219,0.7044618583223231,0.25500381013410656,-5.124484654318324,51.5,2026-08-28 13:09:03.831561728+09:00
,,0.01643521563853951,0.0059492825036464025,0.0009456728874848756,0.023330171029670787,2.839001215167896,0.7044618583223231,0.25500381013410656,-5.124484654318324,51.6,2026-08-28 13:09:03.931561728+09:00
,,0.01643521563853951,0.0059492825036464025,0.0009456728874848756,0.023330171029670787,2.839980288709154,0.7044618583223231,0.25500381013410656,-5.124484654318324,51.7,2026-08-28 13:09:04.031561728+09:00
,,0.01607209158317833,0.00566983803150534,0.00101174242871251,0.022753672043396178,2.8408854573205478,0.7063515529504588,0.24918342941270014,-5.172594727522562,51.8,2026-08-28 13:09:04.131561728+09:00
,,0.01607209158317833,0.00566983803150534,0.00101174242871251,0.022753672043396178,2.8409154900845226,0.7063515529504588,0.24918342941270014,-5.172594727522562,51.9,2026-08-28 13:09:04.231561728+09:00
,,0.01607209158317833,0.00566983803150534,0.00101174242871251,0.022753672043396178,2.840070387001078,0.7063515529504588,0.24918342941270014,-5.172594727522562,52.0,2026-08-28 13:09:04.331561728+09:00
,,0.01634656181563009,0.005662326953895236,0.0010487893068620497,0.023057678076387377,2.83893051728333,0.7089422344034751,0.24557229635770836,-5.173920348658453,52.1,2026-08-28 13:09:04.431561728+09:00
,,0.01634656181563009,0.005662326953895236,0.0010487893068620497,0.023057678076387377,2.8369155117181633,0.7089422344034751,0.24557229635770836,-5.173920348658453,52.2,2026-08-28 13:09:04.531561728+09:00
,,0.01634656181563009,0.005662326953895236,0.0010487893068620497,0.023057678076387377,2.834860663797313,0.7089422344034751,0.24557229635770836,-5.173920348658453,52.3,2026-08-28 13:09:04.631561728+09:00
,,0.01634656181563009,0.005662326953895236,0.0010487893068620497,0.023057678076387377,2.8327659735207793,0.7089422344034751,0.24557229635770836,-5.173920348658453,52.4,2026-08-28 13:09:04.731561728+09:00
,,0.01634656181563009,0.005662326953895236,0.0010487893068620497,0.023057678076387377,2.8306314408885624,0.7089422344034751,0.24557229635770836,-5.173920348658453,52.5,2026-08-28 13:09:04.831561728+09:00
,,0.01634656181563009,0.005662326953895236,0.0010487893068620497,0.023057678076387377,2.828457065900662,0.7089422344034751,0.24557229635770836,-5.173920348658453,52.6,2026-08-28 13:09:04.931561728+09:00
,,0.016570544513687373,0.004038756936538135,0.000726452054961657,0.021335753505187165,2.8263904987447526,0.7766561658888086,0.18929525669464778,-5.511818323330752,52.7,2026-08-28 13:09:05.031561728+09:00
,,0.016570544513687373,0.004038756936538135,0.000726452054961657,0.021335753505187165,2.824431739420834,0.7766561658888086,0.18929525669464778,-5.511818323330752,52.8,2026-08-28 13:09:05.131561728+09:00
,,0.016629598196823015,0.003914372504922174,0.0007424461295239676,0.021286416831269157,2.822580787928906,0.7812305062256695,0.183890625460837,-5.543100242098902,52.9,2026-08-28 13:09:05.231561728+09:00
,,0.016629598196823015,0.003914372504922174,0.0007424461295239676,0.021286416831269157,2.8208376442689693,0.7812305062256695,0.183890625460837,-5.543100242098902,53.0,2026-08-28 13:09:05.331561728+09:00
,,0.016629598196823015,0.003914372504922174,0.0007424461295239676,0.021286416831269157,2.8192421507967063,0.7812305062256695,0.183890625460837,-5.543100242098902,53.1,2026-08-28 13:09:05.431561728+09:00
,,0.016629598196823015,0.003914372504922174,0.0007424461295239676,0.021286416831269157,2.8178018030798757,0.7812305062256695,0.183890625460837,-5.543100242098902,53.2,2026-08-28 13:09:05.531561728+09:00
,,0.016629598196823015,0.003914372504922174,0.0007424461295239676,0.021286416831269157,2.8165166011184772,0.7812305062256695,0.183890625460837,-5.543100242098902,53.3,2026-08-28 13:09:05.631561728+09:00
,,0.016629598196823015,0.003914372504922174,0.0007424461295239676,0.021286416831269157,2.815386544912511,0.7812305062256695,0.183890625460837,-5.543100242098902,53.4,2026-08-28 13:09:05.731561728+09:00
,,0.016629598196823015,0.003914372504922174,0.0007424461295239676,0.021286416831269157,2.8144116344619765,0.7812305062256695,0.183890625460837,-5.543100242098902,53.5,2026-08-28 13:09:05.831561728+09:00
,,0.015243605782396065,0.005047913585443766,0.0011030218023555616,0.021394541170195392,2.8135918697668747,0.7124997755797559,0.23594399829784543,-5.288780272462696,53.6,2026-08-28 13:09:05.931561728+09:00
,,0.015243605782396065,0.005047913585443766,0.0011030218023555616,0.021394541170195392,2.8127796006395305,0.7124997755797559,0.23594399829784543,-5.288780272462696,53.7,2026-08-28 13:09:06.031561728+09:00
,,0.015636194546257635,0.005009984164735178,0.0011643384442967517,0.021810517155289567,2.8119960067075995,0.7169107653398987,0.22970496889479478,-5.29632252462186,53.8,2026-08-28 13:09:06.131561728+09:00
,,0.015636194546257635,0.005009984164735178,0.0011643384442967517,0.021810517155289567,2.811241087971081,0.7169107653398987,0.22970496889479478,-5.29632252462186,53.9,2026-08-28 13:09:06.231561728+09:00
,,0.015636194546257635,0.005009984164735178,0.0011643384442967517,0.021810517155289567,2.810507348862217,0.7169107653398987,0.22970496889479478,-5.29632252462186,54.0,2026-08-28 13:09:06.331561728+09:00
,,0.015636194546257635,0.005009984164735178,0.0011643384442967517,0.021810517155289567,2.809782013540369,0.7169107653398987,0.22970496889479478,-5.29632252462186,54.1,2026-08-28 13:09:06.431561728+09:00
,,0.015636194546257635,0.005009984164735178,0.0011643384442967517,0.021810517155289567,2.809077857846176,0.7169107653398987,0.22970496889479478,-5.29632252462186,54.2,2026-08-28 13:09:06.531561728+09:00
,,0.015636194546257635,0.005009984164735178,0.0011643384442967517,0.021810517155289567,2.808394881779638,0.7169107653398987,0.22970496889479478,-5.29632252462186,54.3,2026-08-28 13:09:06.631561728+09:00
,,0.015636194546257635,0.005009984164735178,0.0011643384442967517,0.021810517155289567,2.8077330853407547,0.7169107653398987,0.22970496889479478,-5.29632252462186,54.4,2026-08-28 13:09:06.731561728+09:00
,,0.015636194546257635,0.005009984164735178,0.0011643384442967517,0.021810517155289567,2.807092468529526,0.7169107653398987,0.22970496889479478,-5.29632252462186,54.5,2026-08-28 13:09:06.831561728+09:00
,,0.015253255271548666,0.0048498179393041164,0.0011693479795272235,0.021272421190380007,2.8064730313459525,0.7170436846392747,0.2279861749586522,-5.328814113025135,54.6,2026-08-28 13:09:06.931561728+09:00
,,0.015253255271548666,0.0048498179393041164,0.0011693479795272235,0.021272421190380007,2.8131151618556562,0.7170436846392747,0.2279861749586522,-5.328814113025135,54.7,2026-08-28 13:09:07.031561728+09:00
,,0.015253255271548666,0.0048498179393041164,0.0011693479795272235,0.021272421190380007,2.8197784719930152,0.7170436846392747,0.2279861749586522,-5.328814113025135,54.8,2026-08-28 13:09:07.131561728+09:00
,,0.015253255271548666,0.0048498179393041164,0.0011693479795272235,0.021272421190380007,2.8203723085757844,0.7170436846392747,0.2279861749586522,-5.328814113025135,54.9,2026-08-28 13:09:07.231561728+09:00
,,0.015253255271548666,0.0048498179393041164,0.0011693479795272235,0.021272421190380007,2.8209873247862083,0.7170436846392747,0.2279861749586522,-5.328814113025135,55.0,2026-08-28 13:09:07.331561728+09:00
,,0.015253255271548666,0.0048498179393041164,0.0011693479795272235,0.021272421190380007,2.821623520624287,0.7170436846392747,0.2279861749586522,-5.328814113025135,55.1,2026-08-28 13:09:07.431561728+09:00
,,0.015253255271548666,0.0048498179393041164,0.0011693479795272235,0.021272421190380007,2.8222808960900205,0.7170436846392747,0.2279861749586522,-5.328814113025135,55.2,2026-08-28 13:09:07.531561728+09:00
,,0.015253255271548666,0.0048498179393041164,0.0011693479795272235,0.021272421190380007,2.8229594511834093,0.7170436846392747,0.2279861749586522,-5.328814113025135,55.3,2026-08-28 13:09:07.631561728+09:00
,,0.01516481734216172,0.0028024742782793597,0.0006510503400842789,0.0034535246183636384,2.823659185904453,,0.8114823515018805,-5.877252581194116,55.4,2026-08-28 13:09:07.731561728+09:00
,,0.015076379412774774,0.004936448362255166,0.001147589211639166,0.021160416986669105,2.8247284800099193,0.7124802607752377,0.23328691326664733,-5.3111091613634756,55.5,2026-08-28 13:09:07.831561728+09:00
,,0.015076379412774774,0.004936448362255166,0.001147589211639166,0.021160416986669105,2.8257977741153857,0.7124802607752377,0.23328691326664733,-5.3111091613634756,55.6,2026-08-28 13:09:07.931561728+09:00
,,0.015076379412774774,0.004936448362255166,0.001147589211639166,0.021160416986669105,2.826867068220852,0.7124802607752377,0.23328691326664733,-5.3111091613634756,55.7,2026-08-28 13:09:08.031561728+09:00
,,0.015076379412774774,0.004936448362255166,0.001147589211639166,0.021160416986669105,2.8327885197577487,0.7124802607752377,0.23328691326664733,-5.3111091613634756,55.8,2026-08-28 13:09:08.131561728+09:00
,,0.015076379412774774,0.004936448362255166,0.001147589211639166,0.021160416986669105,2.8387099712946444,0.7124802607752377,0.23328691326664733,-5.3111091613634756,55.9,2026-08-28 13:09:08.231561728+09:00
,,0.015076379412774774,0.004936448362255166,0.001147589211639166,0.021160416986669105,2.8446314228315406,0.7124802607752377,0.23328691326664733,-5.3111091613634756,56.0,2026-08-28 13:09:08.331561728+09:00
,,0.015076379412774774,0.004936448362255166,0.001147589211639166,0.021160416986669105,2.850552874368437,0.7124802607752377,0.23328691326664733,-5.3111091613634756,56.1,2026-08-28 13:09:08.431561728+09:00
,,0.015076379412774774,0.004936448362255166,0.001147589211639166,0.021160416986669105,2.856474325905334,0.7124802607752377,0.23328691326664733,-5.3111091613634756,56.2,2026-08-28 13:09:08.531561728+09:00
,,0.015319359238705515,0.005334230585641028,0.0011167852845200704,0.02177037510886661,2.8603713583447883,0.7036791585858465,0.2450224472002097,-5.233610624752661,56.3,2026-08-28 13:09:08.631561728+09:00
,,0.015319359238705515,0.005334230585641028,0.0011167852845200704,0.02177037510886661,2.8604543722344205,0.7036791585858465,0.2450224472002097,-5.233610624752661,56.4,2026-08-28 13:09:08.731561728+09:00
,,0.015319359238705515,0.005334230585641028,0.0011167852845200704,0.02177037510886661,2.8605373861240526,0.7036791585858465,0.2450224472002097,-5.233610624752661,56.5,2026-08-28 13:09:08.831561728+09:00
,,0.015319359238705515,0.005334230585641028,0.0011167852845200704,0.02177037510886661,2.8606204000136843,0.7036791585858465,0.2450224472002097,-5.233610624752661,56.6,2026-08-28 13:09:08.931561728+09:00
,,0.015319359238705515,0.005334230585641028,0.0011167852845200704,0.02177037510886661,2.8619025148607307,0.7036791585858465,0.2450224472002097,-5.233610624752661,56.7,2026-08-28 13:09:09.031561728+09:00
,,0.015319359238705515,0.005334230585641028,0.0011167852845200704,0.02177037510886661,2.8631846297077774,0.7036791585858465,0.2450224472002097,-5.233610624752661,56.8,2026-08-28 13:09:09.131561728+09:00
,,0.015319359238705515,0.005334230585641028,0.0011167852845200704,0.02177037510886661,2.864466744554824,0.7036791585858465,0.2450224472002097,-5.233610624752661,56.9,2026-08-28 13:09:09.231561728+09:00
,,0.015319359238705515,0.005334230585641028,0.0011167852845200704,0.02177037510886661,2.865748859401871,0.7036791585858465,0.2450224472002097,-5.233610624752661,57.0,2026-08-28 13:09:09.331561728+09:00
,,0.0161854937706458,0.00573946916587246,0.0010921050528917297,0.023017067989409987,2.8664547134243517,0.703195288734979,0.24935709311512463,-5.1603885527403435,57.1,2026-08-28 13:09:09.431561728+09:00
,,0.015941205547242297,0.006028634456395288,0.0010884187390889195,0.023058258742726503,2.8649431190502943,0.691344724903427,0.26145228586685715,-5.111234752197837,57.2,2026-08-28 13:09:09.531561728+09:00
,,0.015941205547242297,0.006028634456395288,0.0010884187390889195,0.023058258742726503,2.8634315246762374,0.691344724903427,0.26145228586685715,-5.111234752197837,57.3,2026-08-28 13:09:09.631561728+09:00
,,0.015941205547242297,0.006028634456395288,0.0010884187390889195,0.023058258742726503,2.86191993030218,0.691344724903427,0.26145228586685715,-5.111234752197837,57.4,2026-08-28 13:09:09.731561728+09:00
,,0.015941205547242297,0.006028634456395288,0.0010884187390889195,0.023058258742726503,2.8604083359281227,0.691344724903427,0.26145228586685715,-5.111234752197837,57.5,2026-08-28 13:09:09.831561728+09:00
,,0.015941205547242297,0.006028634456395288,0.0010884187390889195,0.023058258742726503,2.8600320461503315,0.691344724903427,0.26145228586685715,-5.111234752197837,57.6,2026-08-28 13:09:09.931561728+09:00
,,0.015941205547242297,0.006028634456395288,0.0010884187390889195,0.023058258742726503,2.8596557563725407,0.691344724903427,0.26145228586685715,-5.111234752197837,57.7,2026-08-28 13:09:10.031561728+09:00
,,0.015941205547242297,0.006028634456395288,0.0010884187390889195,0.023058258742726503,2.8592794665947503,0.691344724903427,0.26145228586685715,-5.111234752197837,57.8,2026-08-28 13:09:10.131561728+09:00
,,0.015941205547242297,0.006028634456395288,0.0010884187390889195,0.023058258742726503,2.858903176816959,0.691344724903427,0.26145228586685715,-5.111234752197837,57.9,2026-08-28 13:09:10.231561728+09:00
,,0.017005100097922634,0.006637783288311916,0.001021656617511362,0.024664540003745912,2.8576115109575806,0.689455392046233,0.26912252518408236,-5.0149772133531805,58.0,2026-08-28 13:09:10.331561728+09:00
,,0.017006140469131455,0.007009467287603689,0.0010649939933649083,0.025080601750100052,2.8543038048331923,0.6780595074463719,0.27947763604099835,-4.9604935740324425,58.1,2026-08-28 13:09:10.431561728+09:00
,,0.017006140469131455,0.007009467287603689,0.0010649939933649083,0.025080601750100052,2.850996098708805,0.6780595074463719,0.27947763604099835,-4.9604935740324425,58.2,2026-08-28 13:09:10.531561728+09:00
,,0.017006140469131455,0.007009467287603689,0.0010649939933649083,0.025080601750100052,2.8476883925844167,0.6780595074463719,0.27947763604099835,-4.9604935740324425,58.3,2026-08-28 13:09:10.631561728+09:00
,,0.017006140469131455,0.007009467287603689,0.0010649939933649083,0.025080601750100052,2.8443806864600294,0.6780595074463719,0.27947763604099835,-4.9604935740324425,58.4,2026-08-28 13:09:10.731561728+09:00
,,0.017006140469131455,0.007009467287603689,0.0010649939933649083,0.025080601750100052,2.8419460019120537,0.6780595074463719,0.27947763604099835,-4.9604935740324425,58.5,2026-08-28 13:09:10.831561728+09:00
,,0.017006140469131455,0.007009467287603689,0.0010649939933649083,0.025080601750100052,2.8395113173640776,0.6780595074463719,0.27947763604099835,-4.9604935740324425,58.6,2026-08-28 13:09:10.931561728+09:00
,,0.017006140469131455,0.007009467287603689,0.0010649939933649083,0.025080601750100052,2.8370766328161015,0.6780595074463719,0.27947763604099835,-4.9604935740324425,58.7,2026-08-28 13:09:11.031561728+09:00
,,0.017006140469131455,0.007009467287603689,0.0010649939933649083,0.025080601750100052,2.8346419482681258,0.6780595074463719,0.27947763604099835,-4.9604935740324425,58.8,2026-08-28 13:09:11.131561728+09:00
,,0.0182401428467001,0.008051786869907719,0.0010412571539134652,0.027333186870521286,2.8304204424954844,0.6673258750655237,0.29457914688285153,-4.821861240766567,58.9,2026-08-28 13:09:11.231561728+09:00
,,0.0182401428467001,0.008051786869907719,0.0010412571539134652,0.027333186870521286,2.8254742210050856,0.6673258750655237,0.29457914688285153,-4.821861240766567,59.0,2026-08-28 13:09:11.331561728+09:00
,,0.0182401428467001,0.008051786869907719,0.0010412571539134652,0.027333186870521286,2.8205279995146872,0.6673258750655237,0.29457914688285153,-4.821861240766567,59.1,2026-08-28 13:09:11.431561728+09:00
,,0.0182401428467001,0.008051786869907719,0.0010412571539134652,0.027333186870521286,2.8155817780242884,0.6673258750655237,0.29457914688285153,-4.821861240766567,59.2,2026-08-28 13:09:11.531561728+09:00
,,0.0182401428467001,0.008051786869907719,0.0010412571539134652,0.027333186870521286,2.81063555653389,0.6673258750655237,0.29457914688285153,-4.821861240766567,59.3,2026-08-28 13:09:11.631561728+09:00
,,0.0182401428467001,0.008051786869907719,0.0010412571539134652,0.027333186870521286,2.8060956164638986,0.6673258750655237,0.29457914688285153,-4.821861240766567,59.4,2026-08-28 13:09:11.731561728+09:00
,,0.0182401428467001,0.008051786869907719,0.0010412571539134652,0.027333186870521286,2.8015556763939076,0.6673258750655237,0.29457914688285153,-4.821861240766567,59.5,2026-08-28 13:09:11.831561728+09:00
,,0.0182401428467001,0.008051786869907719,0.0010412571539134652,0.027333186870521286,2.7970157363239165,0.6673258750655237,0.29457914688285153,-4.821861240766567,59.6,2026-08-28 13:09:11.931561728+09:00
,,0.0182401428467001,0.008051786869907719,0.0010412571539134652,0.027333186870521286,2.792475796253925,0.6673258750655237,0.29457914688285153,-4.821861240766567,59.7,2026-08-28 13:09:12.031561728+09:00
,,0.01936504708387574,0.008928963223931986,0.0010138863915422958,0.029307896699350022,2.786862930561706,0.6607450300009147,0.3046606624667818,-4.718454991177459,59.8,2026-08-28 13:09:12.131561728+09:00
,,0.01936504708387574,0.008928963223931986,0.0010138863915422958,0.029307896699350022,2.7803708342171753,0.6607450300009147,0.3046606624667818,-4.718454991177459,59.9,2026-08-28 13:09:12.231561728+09:00
,,0.01936504708387574,0.008928963223931986,0.0010138863915422958,0.029307896699350022,2.773878737872645,0.6607450300009147,0.3046606624667818,-4.718454991177459,60.0,2026-08-28 13:09:12.331561728+09:00
,,0.01936504708387574,0.008928963223931986,0.0010138863915422958,0.029307896699350022,2.7673866415281143,0.6607450300009147,0.3046606624667818,-4.718454991177459,60.1,2026-08-28 13:09:12.431561728+09:00
,,0.01936504708387574,0.008928963223931986,0.0010138863915422958,0.029307896699350022,2.760789262183357,0.6607450300009147,0.3046606624667818,-4.718454991177459,60.2,2026-08-28 13:09:12.531561728+09:00
,,0.01936504708387574,0.008928963223931986,0.0010138863915422958,0.029307896699350022,2.7541918828386005,0.6607450300009147,0.3046606624667818,-4.718454991177459,60.3,2026-08-28 13:09:12.631561728+09:00
,,0.01936504708387574,0.008928963223931986,0.0010138863915422958,0.029307896699350022,2.7475945034938434,0.6607450300009147,0.3046606624667818,-4.718454991177459,60.4,2026-08-28 13:09:12.731561728+09:00
,,0.01936504708387574,0.008928963223931986,0.0010138863915422958,0.029307896699350022,2.7409971241490867,0.6607450300009147,0.3046606624667818,-4.718454991177459,60.5,2026-08-28 13:09:12.831561728+09:00
,,0.01944814249358592,0.008980162613557881,0.0011923620878994939,0.029620667195043297,2.734365168197261,0.6565734109068401,0.30317219238939414,-4.712737288417967,60.6,2026-08-28 13:09:12.931561728+09:00
,,0.019808859622176676,0.00948355341412965,0.0009876061911582733,0.010471159605287923,2.7275171792717092,,0.9056832071722474,-4.65819620023334,60.7,2026-08-28 13:09:13.031561728+09:00
,,0.020169576750767436,0.009483566867966007,0.0009875140137756758,0.03064065763250912,2.7196519264548766,0.6582618752075322,0.30950924688718606,-4.658194781585053,60.8,2026-08-28 13:09:13.131561728+09:00
,,0.020169576750767436,0.00948355341412965,0.0009876061911582733,0.010471159605287923,2.7117866736380445,,0.9056832071722474,-4.65819620023334,60.9,2026-08-28 13:09:13.231561728+09:00
,,0.020169576750767436,0.009483566867966007,0.0009875140137756758,0.03064065763250912,2.703921420821212,0.6582618752075322,0.30950924688718606,-4.658194781585053,61.0,2026-08-28 13:09:13.331561728+09:00
,,0.020169576750767436,0.00948355341412965,0.0009876061911582733,0.010471159605287923,2.6954757987912648,,0.9056832071722474,-4.65819620023334,61.1,2026-08-28 13:09:13.431561728+09:00
,,0.020169576750767436,0.009483566867966007,0.0009875140137756758,0.03064065763250912,2.6870301767613167,0.6582618752075322,0.30950924688718606,-4.658194781585053,61.2,2026-08-28 13:09:13.531561728+09:00
,,0.020169576750767436,0.009483566867966007,0.0009875140137756758,0.03064065763250912,2.6785845547313696,0.6582618752075322,0.30950924688718606,-4.658194781585053,61.3,2026-08-28 13:09:13.631561728+09:00
,,0.020169576750767436,0.009483566867966007,0.0009875140137756758,0.03064065763250912,2.6701389327014224,0.6582618752075322,0.30950924688718606,-4.658194781585053,61.4,2026-08-28 13:09:13.731561728+09:00
,,0.020031685606468817,0.009274231062750838,0.0011761010952895537,0.030482017764509206,2.662061502476821,0.6571640290096573,0.30425253125956125,-4.680515578211012,61.5,2026-08-28 13:09:13.831561728+09:00
,,0.020515011381438006,0.009630814908569468,0.0009715566618813155,0.03111738295188879,2.6536531089054627,0.6592781730120646,0.3094995142573482,-4.642787434886342,61.6,2026-08-28 13:09:13.931561728+09:00
,,0.020515011381438006,0.009630814908569468,0.0009715566618813155,0.03111738295188879,2.64509706514643,0.6592781730120646,0.3094995142573482,-4.642787434886342,61.7,2026-08-28 13:09:14.031561728+09:00
,,0.020515011381438006,0.009630814908569468,0.0009715566618813155,0.03111738295188879,2.6363933711997234,0.6592781730120646,0.3094995142573482,-4.642787434886342,61.8,2026-08-28 13:09:14.131561728+09:00
,,0.02052713552569865,0.009641457541364879,0.0009737421681472422,0.03114233523521077,2.6275298733200323,0.6591392511403528,0.30959327451025126,-4.641682984551812,61.9,2026-08-28 13:09:14.231561728+09:00
,,0.020515011381438006,0.009630814908569468,0.0009715566618813155,0.03111738295188879,2.618530878997977,0.6592781730120646,0.3094995142573482,-4.642787434886342,62.0,2026-08-28 13:09:14.331561728+09:00
,,0.020515011381438006,0.009630814908569468,0.0009715566618813155,0.03111738295188879,2.6093842344882474,0.6592781730120646,0.3094995142573482,-4.642787434886342,62.1,2026-08-28 13:09:14.431561728+09:00
,,0.020515011381438006,0.009630814908569468,0.0009715566618813155,0.03111738295188879,2.600089939790844,0.6592781730120646,0.3094995142573482,-4.642787434886342,62.2,2026-08-28 13:09:14.531561728+09:00
,,0.020117351677646115,0.009177923452333984,0.0011673812705770019,0.0304626564005571,2.591334501911284,0.6603938741625373,0.30128440972620296,-4.690954303387054,62.3,2026-08-28 13:09:14.631561728+09:00
,,0.020117351677646115,0.009177923452333984,0.0011673812705770019,0.0304626564005571,2.582431413844049,0.6603938741625373,0.30128440972620296,-4.690954303387054,62.4,2026-08-28 13:09:14.731561728+09:00
,,0.020511538673157657,0.009453832353289962,0.0009816414034551993,0.030947012429902818,2.573133173869722,0.6627954384811054,0.30548449142557993,-4.661335079654934,62.5,2026-08-28 13:09:14.831561728+09:00
,,0.020511538673157657,0.009453832353289962,0.0009816414034551993,0.030947012429902818,2.5636872837077203,0.6627954384811054,0.30548449142557993,-4.661335079654934,62.6,2026-08-28 13:09:14.931561728+09:00
,,0.020511538673157657,0.009453832353289962,0.0009816414034551993,0.030947012429902818,2.554241393545719,0.6627954384811054,0.30548449142557993,-4.661335079654934,62.7,2026-08-28 13:09:15.031561728+09:00
,,0.020511538673157657,0.009453832353289962,0.0009816414034551993,0.030947012429902818,2.5447743237560627,0.6627954384811054,0.30548449142557993,-4.661335079654934,62.8,2026-08-28 13:09:15.131561728+09:00
,,0.020511538673157657,0.009453832353289962,0.0009816414034551993,0.030947012429902818,2.5352860743387517,0.6627954384811054,0.30548449142557993,-4.661335079654934,62.9,2026-08-28 13:09:15.231561728+09:00
,,0.020511538673157657,0.009453832353289962,0.0009816414034551993,0.030947012429902818,2.525776645293785,0.6627954384811054,0.30548449142557993,-4.661335079654934,63.0,2026-08-28 13:09:15.331561728+09:00
,,0.020511538673157657,0.009453832353289962,0.0009816414034551993,0.030947012429902818,2.516246036621164,0.6627954384811054,0.30548449142557993,-4.661335079654934,63.1,2026-08-28 13:09:15.431561728+09:00
,,0.01994752901410903,0.008862461035678889,0.0011653288275247707,0.02997531887731269,2.5075957549687717,0.6654651146749482,0.29565860740139077,-4.725930783671904,63.2,2026-08-28 13:09:15.531561728+09:00
,,0.01643604344282549,0.006830531896327454,0.0008601452917747208,0.024126720630927665,2.500651762870925,0.6812381879100627,0.2831106639321509,-4.986352731956185,63.3,2026-08-28 13:09:15.631561728+09:00
,,0.01643604344282549,0.006830531896327454,0.0008601452917747208,0.024126720630927665,2.493686591145423,0.6812381879100627,0.2831106639321509,-4.986352731956185,63.4,2026-08-28 13:09:15.731561728+09:00
,,0.01643604344282549,0.006830531896327454,0.0008601452917747208,0.024126720630927665,2.4867002397922664,0.6812381879100627,0.2831106639321509,-4.986352731956185,63.5,2026-08-28 13:09:15.831561728+09:00
,,0.01643604344282549,0.006830531896327454,0.0008601452917747208,0.024126720630927665,2.479692708811455,0.6812381879100627,0.2831106639321509,-4.986352731956185,63.6,2026-08-28 13:09:15.931561728+09:00
,,0.01643604344282549,0.006830531896327454,0.0008601452917747208,0.024126720630927665,2.472663998202988,0.6812381879100627,0.2831106639321509,-4.986352731956185,63.7,2026-08-28 13:09:16.031561728+09:00
,,0.01643604344282549,0.006830531896327454,0.0008601452917747208,0.024126720630927665,2.465614107966867,0.6812381879100627,0.2831106639321509,-4.986352731956185,63.8,2026-08-28 13:09:16.131561728+09:00
,,0.01643604344282549,0.006830531896327454,0.0008601452917747208,0.024126720630927665,2.45854303810309,0.6812381879100627,0.2831106639321509,-4.986352731956185,63.9,2026-08-28 13:09:16.231561728+09:00
,,0.01571209233500704,0.006542202021836314,0.0009760366049118272,0.023230330961755183,2.4513995755860396,0.6763611056973036,0.28162328089974026,-5.02948146959736,64.0,2026-08-28 13:09:16.331561728+09:00
,,0.01571209233500704,0.006542202021836314,0.0009760366049118272,0.023230330961755183,2.444234933441334,0.6763611056973036,0.28162328089974026,-5.02948146959736,64.1,2026-08-28 13:09:16.431561728+09:00
,,0.01615863093566035,0.008742334335033143,0.0010681818570605999,0.009810516192093742,2.437008136468959,,0.8911186897666564,-4.739578038587681,64.2,2026-08-28 13:09:16.531561728+09:00
,,0.016605169536313663,0.008742334335033143,0.0010681818570605999,0.009810516192093742,2.4297191846689152,,0.8911186897666564,-4.739578038587681,64.3,2026-08-28 13:09:16.631561728+09:00
,,0.017051708136966978,0.008742334335033143,0.0010681818570605999,0.009810516192093742,2.4223680780412025,,0.8911186897666564,-4.739578038587681,64.4,2026-08-28 13:09:16.731561728+09:00
,,0.01749824673762029,0.008742334335033143,0.0010681818570605999,0.009810516192093742,2.41495481658582,,0.8911186897666564,-4.739578038587681,64.5,2026-08-28 13:09:16.831561728+09:00
,,0.0179447853382736,0.008742334335033143,0.0010681818570605999,0.009810516192093742,2.4075005799304243,,0.8911186897666564,-4.739578038587681,64.6,2026-08-28 13:09:16.931561728+09:00
,,0.018391323938926916,0.008742334335033143,0.0010681818570605999,0.009810516192093742,2.400005368075014,,0.8911186897666564,-4.739578038587681,64.7,2026-08-28 13:09:17.031561728+09:00
,,0.018837862539580228,0.008742334335033143,0.0010681818570605999,0.009810516192093742,2.3924691810195897,,0.8911186897666564,-4.739578038587681,64.8,2026-08-28 13:09:17.131561728+09:00
,,0.01928440114023354,0.00812950386912966,0.0012209052609760609,0.02863481027033926,2.3848920187641514,0.6734600634043265,0.2839028368751033,-4.8122553819917995,64.9,2026-08-28 13:09:17.231561728+09:00
,,0.01928440114023354,0.00812950386912966,0.0012209052609760609,0.02863481027033926,2.3773148565087125,0.6734600634043265,0.2839028368751033,-4.8122553819917995,65.0,2026-08-28 13:09:17.331561728+09:00
,,0.015505162570152529,0.006361582069463591,0.001171739785280763,0.023038484424896883,2.3704617224105067,0.6730113962443052,0.27612849665531175,-5.057478179503706,65.1,2026-08-28 13:09:17.431561728+09:00
,,0.015505162570152529,0.006361582069463591,0.001171739785280763,0.023038484424896883,2.363608588312301,0.6730113962443052,0.27612849665531175,-5.057478179503706,65.2,2026-08-28 13:09:17.531561728+09:00
,,0.015505162570152529,0.006361582069463591,0.001171739785280763,0.023038484424896883,2.358779873311536,0.6730113962443052,0.27612849665531175,-5.057478179503706,65.3,2026-08-28 13:09:17.631561728+09:00
,,0.015505162570152529,0.006361582069463591,0.001171739785280763,0.023038484424896883,2.353951158310771,0.6730113962443052,0.27612849665531175,-5.057478179503706,65.4,2026-08-28 13:09:17.731561728+09:00
,,0.015505162570152529,0.006361582069463591,0.001171739785280763,0.023038484424896883,2.3491224433100064,0.6730113962443052,0.27612849665531175,-5.057478179503706,65.5,2026-08-28 13:09:17.831561728+09:00
,,0.015505162570152529,0.006361582069463591,0.001171739785280763,0.023038484424896883,2.3442937283092418,0.6730113962443052,0.27612849665531175,-5.057478179503706,65.6,2026-08-28 13:09:17.931561728+09:00
,,0.015505162570152529,0.006361582069463591,0.001171739785280763,0.023038484424896883,2.339465013308477,0.6730113962443052,0.27612849665531175,-5.057478179503706,65.7,2026-08-28 13:09:18.031561728+09:00
,,0.01902273232510495,0.007936793198135603,0.0012949773307228902,0.028254502853963442,2.3341859179905127,0.6732637421874336,0.28090365769866155,-4.836245964632325,65.8,2026-08-28 13:09:18.131561728+09:00
,,0.01960516649315748,0.008413047237413433,0.0012689347881758373,0.02928714851874675,2.328168497122608,0.6694119258694025,0.28726071546460824,-4.7779715356172145,65.9,2026-08-28 13:09:18.231561728+09:00
,,0.01960516649315748,0.008413047237413433,0.0012689347881758373,0.02928714851874675,2.3221510762547033,0.6694119258694025,0.28726071546460824,-4.7779715356172145,66.0,2026-08-28 13:09:18.331561728+09:00
,,0.01960516649315748,0.008413047237413433,0.0012689347881758373,0.02928714851874675,2.3167099162113636,0.6694119258694025,0.28726071546460824,-4.7779715356172145,66.1,2026-08-28 13:09:18.431561728+09:00
,,0.01960516649315748,0.008413047237413433,0.0012689347881758373,0.02928714851874675,2.3132219236525278,0.6694119258694025,0.28726071546460824,-4.7779715356172145,66.2,2026-08-28 13:09:18.531561728+09:00
,,0.01960516649315748,0.008413047237413433,0.0012689347881758373,0.02928714851874675,2.3097339310936915,0.6694119258694025,0.28726071546460824,-4.7779715356172145,66.3,2026-08-28 13:09:18.631561728+09:00
,,0.01960516649315748,0.008413047237413433,0.0012689347881758373,0.02928714851874675,2.3062459385348557,0.6694119258694025,0.28726071546460824,-4.7779715356172145,66.4,2026-08-28 13:09:18.731561728+09:00
,,0.01960516649315748,0.008413047237413433,0.0012689347881758373,0.02928714851874675,2.3027579459760195,0.6694119258694025,0.28726071546460824,-4.7779715356172145,66.5,2026-08-28 13:09:18.831561728+09:00
,,0.01960516649315748,0.008413047237413433,0.0012689347881758373,0.02928714851874675,2.299269953417183,0.6694119258694025,0.28726071546460824,-4.7779715356172145,66.6,2026-08-28 13:09:18.931561728+09:00
,,0.018963157541979483,0.00799224867725179,0.0014148068104696079,0.028370213029700882,2.296252680923424,0.6684178762467128,0.28171267762017416,-4.829283122347724,66.7,2026-08-28 13:09:19.031561728+09:00
,,0.01906608011178977,0.006074186773915311,0.001495516520758105,0.0075697032946734156,2.2929731006092062,,0.8024339313523084,-5.103707163092241,66.8,2026-08-28 13:09:19.131561728+09:00
,,0.019169002681600062,0.006074186773915311,0.001495516520758105,0.0075697032946734156,2.28943121247453,,0.8024339313523084,-5.103707163092241,66.9,2026-08-28 13:09:19.231561728+09:00
,,0.01927192525141035,0.006074186773915311,0.001495516520758105,0.0075697032946734156,2.2865423926009836,,0.8024339313523084,-5.103707163092241,67.0,2026-08-28 13:09:19.331561728+09:00
,,0.019374847821220637,0.006074186773915311,0.001495516520758105,0.0075697032946734156,2.2848990092219434,,0.8024339313523084,-5.103707163092241,67.1,2026-08-28 13:09:19.431561728+09:00
,,0.01947777039103093,0.006074186773915311,0.001495516520758105,0.0075697032946734156,2.2829933180224455,,0.8024339313523084,-5.103707163092241,67.2,2026-08-28 13:09:19.531561728+09:00
,,0.019580692960841216,0.006074186773915311,0.001495516520758105,0.0075697032946734156,2.2808253190024885,,0.8024339313523084,-5.103707163092241,67.3,2026-08-28 13:09:19.631561728+09:00
,,0.019683615530651503,0.006074186773915311,0.001495516520758105,0.0075697032946734156,2.278395012162074,,0.8024339313523084,-5.103707163092241,67.4,2026-08-28 13:09:19.731561728+09:00
,,0.019786538100461794,0.006074186773915311,0.001495516520758105,0.0075697032946734156,2.2757023975012007,,0.8024339313523084,-5.103707163092241,67.5,2026-08-28 13:09:19.831561728+09:00
,,0.019889460670272082,0.009207127562552687,0.0015655682570566442,0.030662156489881413,2.2727474750198695,0.6486647694474996,0.30027658248991923,-4.687777359819362,67.6,2026-08-28 13:09:19.931561728+09:00
,,0.019889460670272082,0.009207127562552687,0.0015655682570566442,0.030662156489881413,2.269792552538538,0.6486647694474996,0.30027658248991923,-4.687777359819362,67.7,2026-08-28 13:09:20.031561728+09:00
,,0.019889460670272082,0.009207127562552687,0.0015655682570566442,0.030662156489881413,2.2668376300572066,0.6486647694474996,0.30027658248991923,-4.687777359819362,67.8,2026-08-28 13:09:20.131561728+09:00
,,0.019889460670272082,0.009207127562552687,0.0015655682570566442,0.030662156489881413,2.265669528800541,0.6486647694474996,0.30027658248991923,-4.687777359819362,67.9,2026-08-28 13:09:20.231561728+09:00
,,0.019889460670272082,0.009207127562552687,0.0015655682570566442,0.030662156489881413,2.2645014275438755,0.6486647694474996,0.30027658248991923,-4.687777359819362,68.0,2026-08-28 13:09:20.331561728+09:00
,,0.019889460670272082,0.009207127562552687,0.0015655682570566442,0.030662156489881413,2.2633333262872095,0.6486647694474996,0.30027658248991923,-4.687777359819362,68.1,2026-08-28 13:09:20.431561728+09:00
,,0.019889460670272082,0.009207127562552687,0.0015655682570566442,0.030662156489881413,2.262165225030544,0.6486647694474996,0.30027658248991923,-4.687777359819362,68.2,2026-08-28 13:09:20.531561728+09:00
,,0.019889460670272082,0.009207127562552687,0.0015655682570566442,0.030662156489881413,2.2609971237738784,0.6486647694474996,0.30027658248991923,-4.687777359819362,68.3,2026-08-28 13:09:20.631561728+09:00
,,0.019889460670272082,0.009207127562552687,0.0015655682570566442,0.030662156489881413,2.259829022517213,0.6486647694474996,0.30027658248991923,-4.687777359819362,68.4,2026-08-28 13:09:20.731561728+09:00
,,0.02021526836025497,0.01012423639892419,0.0017222871850146575,0.03206179194419382,2.2568442102003856,0.6305096232749967,0.31577263106648107,-4.592823086223772,68.5,2026-08-28 13:09:20.831561728+09:00
,,0.02021526836025497,0.01012423639892419,0.0017222871850146575,0.03206179194419382,2.2538593978835584,0.6305096232749967,0.31577263106648107,-4.592823086223772,68.6,2026-08-28 13:09:20.931561728+09:00
,,0.02021526836025497,0.01012423639892419,0.0017222871850146575,0.03206179194419382,2.250874585566731,0.6305096232749967,0.31577263106648107,-4.592823086223772,68.7,2026-08-28 13:09:21.031561728+09:00
,,0.02021526836025497,0.01012423639892419,0.0017222871850146575,0.03206179194419382,2.248962698872132,0.6305096232749967,0.31577263106648107,-4.592823086223772,68.8,2026-08-28 13:09:21.131561728+09:00
,,0.02021526836025497,0.01012423639892419,0.0017222871850146575,0.03206179194419382,2.247050812177532,0.6305096232749967,0.31577263106648107,-4.592823086223772,68.9,2026-08-28 13:09:21.231561728+09:00
,,0.02021526836025497,0.01012423639892419,0.0017222871850146575,0.03206179194419382,2.2451389254829333,0.6305096232749967,0.31577263106648107,-4.592823086223772,69.0,2026-08-28 13:09:21.331561728+09:00
,,0.02021526836025497,0.01012423639892419,0.0017222871850146575,0.03206179194419382,2.243227038788334,0.6305096232749967,0.31577263106648107,-4.592823086223772,69.1,2026-08-28 13:09:21.431561728+09:00
,,0.02021526836025497,0.01012423639892419,0.0017222871850146575,0.03206179194419382,2.2413151520937347,0.6305096232749967,0.31577263106648107,-4.592823086223772,69.2,2026-08-28 13:09:21.531561728+09:00
,,0.02021526836025497,0.01012423639892419,0.0017222871850146575,0.03206179194419382,2.239403265399135,0.6305096232749967,0.31577263106648107,-4.592823086223772,69.3,2026-08-28 13:09:21.631561728+09:00
,,0.02065191604799007,0.011439702773307334,0.0018859774108686272,0.033977596232166035,2.2353643122432754,0.6078098022849314,0.33668369872726767,-4.47066527472226,69.4,2026-08-28 13:09:21.731561728+09:00
,,0.02065191604799007,0.011439702773307334,0.0018859774108686272,0.033977596232166035,2.231325359087416,0.6078098022849314,0.33668369872726767,-4.47066527472226,69.5,2026-08-28 13:09:21.831561728+09:00
,,0.02065191604799007,0.011439702773307334,0.0018859774108686272,0.033977596232166035,2.227320982538625,0.6078098022849314,0.33668369872726767,-4.47066527472226,69.6,2026-08-28 13:09:21.931561728+09:00
,,0.02065191604799007,0.011439702773307334,0.0018859774108686272,0.033977596232166035,2.22353263896356,0.6078098022849314,0.33668369872726767,-4.47066527472226,69.7,2026-08-28 13:09:22.031561728+09:00
,,0.02065191604799007,0.011439702773307334,0.0018859774108686272,0.033977596232166035,2.219960328362222,0.6078098022849314,0.33668369872726767,-4.47066527472226,69.8,2026-08-28 13:09:22.131561728+09:00
,,0.02065191604799007,0.011439702773307334,0.0018859774108686272,0.033977596232166035,2.2163880177608837,0.6078098022849314,0.33668369872726767,-4.47066527472226,69.9,2026-08-28 13:09:22.231561728+09:00
,,0.02065191604799007,0.011439702773307334,0.0018859774108686272,0.033977596232166035,2.212815707159545,0.6078098022849314,0.33668369872726767,-4.47066527472226,70.0,2026-08-28 13:09:22.331561728+09:00
,,0.02065191604799007,0.011439702773307334,0.0018859774108686272,0.033977596232166035,2.209243396558207,0.6078098022849314,0.33668369872726767,-4.47066527472226,70.1,2026-08-28 13:09:22.431561728+09:00
,,0.020890156334494293,0.007786323624607811,0.0017628269431491826,0.009549150567756994,2.2046842888909994,,0.8153943714008005,-4.855386465719602,70.2,2026-08-28 13:09:22.531561728+09:00
,,0.02112839662099852,0.012980834820981502,0.0020493907828651597,0.036158622224845186,2.1991383841579215,0.5843252679711024,0.35899694242393326,-4.344281253828188,70.3,2026-08-28 13:09:22.631561728+09:00
,,0.02112839662099852,0.012980834820981502,0.0020493907828651597,0.036158622224845186,2.193592479424844,0.5843252679711024,0.35899694242393326,-4.344281253828188,70.4,2026-08-28 13:09:22.731561728+09:00
,,0.02112839662099852,0.012980834820981502,0.0020493907828651597,0.036158622224845186,2.1876783828864204,0.5843252679711024,0.35899694242393326,-4.344281253828188,70.5,2026-08-28 13:09:22.831561728+09:00
,,0.02112839662099852,0.012980834820981502,0.0020493907828651597,0.036158622224845186,2.1820952496947537,0.5843252679711024,0.35899694242393326,-4.344281253828188,70.6,2026-08-28 13:09:22.931561728+09:00
,,0.02112839662099852,0.012980834820981502,0.0020493907828651597,0.036158622224845186,2.176512116503087,0.5843252679711024,0.35899694242393326,-4.344281253828188,70.7,2026-08-28 13:09:23.031561728+09:00
,,0.02112839662099852,0.012980834820981502,0.0020493907828651597,0.036158622224845186,2.1709289833114207,0.5843252679711024,0.35899694242393326,-4.344281253828188,70.8,2026-08-28 13:09:23.131561728+09:00
,,0.02112839662099852,0.012980834820981502,0.0020493907828651597,0.036158622224845186,2.165358003865064,0.5843252679711024,0.35899694242393326,-4.344281253828188,70.9,2026-08-28 13:09:23.231561728+09:00
,,0.02112839662099852,0.012980834820981502,0.0020493907828651597,0.036158622224845186,2.1597748706733975,0.5843252679711024,0.35899694242393326,-4.344281253828188,71.0,2026-08-28 13:09:23.331561728+09:00
,,0.021314575839687322,0.00883975988494836,0.0017676377559864911,0.010607397640934851,2.1534172351222356,,0.8333580190144823,-4.728495565037647,71.1,2026-08-28 13:09:23.431561728+09:00
,,0.02150075505837612,0.014447000795295031,0.002187793050696157,0.03813554890436731,2.146285097211578,0.5637982322555174,0.3788329055266476,-4.237268443385747,71.2,2026-08-28 13:09:23.531561728+09:00
,,0.02150075505837612,0.014447000795295031,0.002187793050696157,0.03813554890436731,2.138466452295403,0.5637982322555174,0.3788329055266476,-4.237268443385747,71.3,2026-08-28 13:09:23.631561728+09:00
,,0.02150075505837612,0.014447000795295031,0.002187793050696157,0.03813554890436731,2.130647807379228,0.5637982322555174,0.3788329055266476,-4.237268443385747,71.4,2026-08-28 13:09:23.731561728+09:00
,,0.02150075505837612,0.014447000795295031,0.002187793050696157,0.03813554890436731,2.123076664182472,0.5637982322555174,0.3788329055266476,-4.237268443385747,71.5,2026-08-28 13:09:23.831561728+09:00
,,0.02150075505837612,0.014447000795295031,0.002187793050696157,0.03813554890436731,2.1155055209857156,0.5637982322555174,0.3788329055266476,-4.237268443385747,71.6,2026-08-28 13:09:23.931561728+09:00
,,0.02150075505837612,0.014447000795295031,0.002187793050696157,0.03813554890436731,2.107934377788959,0.5637982322555174,0.3788329055266476,-4.237268443385747,71.7,2026-08-28 13:09:24.031561728+09:00
,,0.02150075505837612,0.014447000795295031,0.002187793050696157,0.03813554890436731,2.1003632345922028,0.5637982322555174,0.3788329055266476,-4.237268443385747,71.8,2026-08-28 13:09:24.131561728+09:00
,,0.021366722838933632,0.015203898268346948,0.0018532025252425192,0.0384238236325231,2.0918709203303023,0.5560800779037561,0.39568936224967216,-4.186203418988613,71.9,2026-08-28 13:09:24.231561728+09:00
,,0.021366722838933632,0.015203898268346948,0.0018532025252425192,0.0384238236325231,2.0833786060684027,0.5560800779037561,0.39568936224967216,-4.186203418988613,72.0,2026-08-28 13:09:24.331561728+09:00
,,0.022108108058189756,0.015967798035014663,0.002299312714931439,0.04037521880813586,2.0746551616844506,0.5475662723525558,0.39548511454251367,-4.137181207600816,72.1,2026-08-28 13:09:24.431561728+09:00
,,0.022108108058189756,0.015967798035014663,0.002299312714931439,0.04037521880813586,2.065030210652615,0.5475662723525558,0.39548511454251367,-4.137181207600816,72.2,2026-08-28 13:09:24.531561728+09:00
,,0.022108108058189756,0.015967798035014663,0.002299312714931439,0.04037521880813586,2.053677790438579,0.5475662723525558,0.39548511454251367,-4.137181207600816,72.3,2026-08-28 13:09:24.631561728+09:00
,,0.022108108058189756,0.015967798035014663,0.002299312714931439,0.04037521880813586,2.0423253702245434,0.5475662723525558,0.39548511454251367,-4.137181207600816,72.4,2026-08-28 13:09:24.731561728+09:00
,,0.022108108058189756,0.015967798035014663,0.002299312714931439,0.04037521880813586,2.0309729500105074,0.5475662723525558,0.39548511454251367,-4.137181207600816,72.5,2026-08-28 13:09:24.831561728+09:00
,,0.022108108058189756,0.015967798035014663,0.002299312714931439,0.04037521880813586,2.0196205297964713,0.5475662723525558,0.39548511454251367,-4.137181207600816,72.6,2026-08-28 13:09:24.931561728+09:00
,,0.022130284702696165,0.016858790949297243,0.0019203717554341039,0.04090944740742751,2.0074696856199323,0.5409578008300888,0.4121001875531657,-4.082883040172132,72.7,2026-08-28 13:09:25.031561728+09:00
,,0.022130284702696165,0.016858790949297243,0.0019203717554341039,0.04090944740742751,1.9953188414433933,0.5409578008300888,0.4121001875531657,-4.082883040172132,72.8,2026-08-28 13:09:25.131561728+09:00
,,0.02319338589984519,0.01771652321692505,0.0024231131675346595,0.0433330222843049,1.9831285919793238,0.5352358242560379,0.40884577818478,-4.0332575597760645,72.9,2026-08-28 13:09:25.231561728+09:00
,,0.02319338589984519,0.01771652321692505,0.0024231131675346595,0.0433330222843049,1.9709895555408736,0.5352358242560379,0.40884577818478,-4.0332575597760645,73.0,2026-08-28 13:09:25.331561728+09:00
,,0.02319338589984519,0.01771652321692505,0.0024231131675346595,0.0433330222843049,1.9588505191024237,0.5352358242560379,0.40884577818478,-4.0332575597760645,73.1,2026-08-28 13:09:25.431561728+09:00
,,0.02319338589984519,0.01771652321692505,0.0024231131675346595,0.0433330222843049,1.9467524578639877,0.5352358242560379,0.40884577818478,-4.0332575597760645,73.2,2026-08-28 13:09:25.531561728+09:00
,,0.02319338589984519,0.01771652321692505,0.0024231131675346595,0.0433330222843049,1.9346953718255655,0.5352358242560379,0.40884577818478,-4.0332575597760645,73.3,2026-08-28 13:09:25.631561728+09:00
,,0.02319338589984519,0.01771652321692505,0.0024231131675346595,0.0433330222843049,1.9226792609871577,0.5352358242560379,0.40884577818478,-4.0332575597760645,73.4,2026-08-28 13:09:25.731561728+09:00
,,0.02319338589984519,0.01771652321692505,0.0024231131675346595,0.0433330222843049,1.9107041253487647,0.5352358242560379,0.40884577818478,-4.0332575597760645,73.5,2026-08-28 13:09:25.831561728+09:00
,,0.023217209483899832,0.018717987462483633,0.0020072629181038543,0.04394245986448732,1.8980058561717676,0.5283547975124426,0.4259658544425462,-3.97827032105798,73.6,2026-08-28 13:09:25.931561728+09:00
,,0.023217209483899832,0.018717987462483633,0.0020072629181038543,0.04394245986448732,1.885348562194785,0.5283547975124426,0.4259658544425462,-3.97827032105798,73.7,2026-08-28 13:09:26.031561728+09:00
,,0.024114007760761075,0.019290339220794962,0.0025039895631814328,0.04590833654473747,1.8728398798851507,0.5252642455747025,0.42019251126637125,-3.9481508669005625,73.8,2026-08-28 13:09:26.131561728+09:00
,,0.024114007760761075,0.019290339220794962,0.0025039895631814328,0.04590833654473747,1.8603721727755302,0.5252642455747025,0.42019251126637125,-3.9481508669005625,73.9,2026-08-28 13:09:26.231561728+09:00
,,0.024114007760761075,0.019290339220794962,0.0025039895631814328,0.04590833654473747,1.8479044656659103,0.5252642455747025,0.42019251126637125,-3.9481508669005625,74.0,2026-08-28 13:09:26.331561728+09:00
,,0.024114007760761075,0.019290339220794962,0.0025039895631814328,0.04590833654473747,1.8347127303990578,0.5252642455747025,0.42019251126637125,-3.9481508669005625,74.1,2026-08-28 13:09:26.431561728+09:00
,,0.024114007760761075,0.019290339220794962,0.0025039895631814328,0.04590833654473747,1.8215209951322051,0.5252642455747025,0.42019251126637125,-3.9481508669005625,74.2,2026-08-28 13:09:26.531561728+09:00
,,0.024114007760761075,0.019290339220794962,0.0025039895631814328,0.04590833654473747,1.8083292598653524,0.5252642455747025,0.42019251126637125,-3.9481508669005625,74.3,2026-08-28 13:09:26.631561728+09:00
,,0.02405268904370592,0.020368624348460755,0.0020711565916288334,0.04649246998379551,1.7943687846860283,0.5173459068122052,0.4381058772648568,-3.893759584236423,74.4,2026-08-28 13:09:26.731561728+09:00
,,0.02405268904370592,0.020368624348460755,0.0020711565916288334,0.04649246998379551,1.7804083095067038,0.5173459068122052,0.4381058772648568,-3.893759584236423,74.5,2026-08-28 13:09:26.831561728+09:00
,,0.024380969313850004,0.020339267525699506,0.0024909356073431017,0.04721117244689261,1.7666461080737377,0.5164237202809551,0.43081470913646447,-3.8952019005293517,74.6,2026-08-28 13:09:26.931561728+09:00
,,0.024380969313850004,0.020339267525699506,0.0024909356073431017,0.04721117244689261,1.7528839066407715,0.5164237202809551,0.43081470913646447,-3.8952019005293517,74.7,2026-08-28 13:09:27.031561728+09:00
,,0.024380969313850004,0.020339267525699506,0.0024909356073431017,0.04721117244689261,1.739572085525005,0.5164237202809551,0.43081470913646447,-3.8952019005293517,74.8,2026-08-28 13:09:27.131561728+09:00
,,0.024380969313850004,0.020339267525699506,0.0024909356073431017,0.04721117244689261,1.7269985899591787,0.5164237202809551,0.43081470913646447,-3.8952019005293517,74.9,2026-08-28 13:09:27.231561728+09:00
,,0.024380969313850004,0.020339267525699506,0.0024909356073431017,0.04721117244689261,1.7144250943933523,0.5164237202809551,0.43081470913646447,-3.8952019005293517,75.0,2026-08-28 13:09:27.331561728+09:00
,,0.024380969313850004,0.020339267525699506,0.0024909356073431017,0.04721117244689261,1.7018515988275265,0.5164237202809551,0.43081470913646447,-3.8952019005293517,75.1,2026-08-28 13:09:27.431561728+09:00
,,0.024380969313850004,0.020339267525699506,0.0024909356073431017,0.04721117244689261,1.6892781032616997,0.5164237202809551,0.43081470913646447,-3.8952019005293517,75.2,2026-08-28 13:09:27.531561728+09:00
,,0.024331069481379933,0.02164760321878168,0.0020733722806233505,0.04805204498078496,1.675874020266868,0.5063482624123372,0.4505032663529329,-3.832860536491926,75.3,2026-08-28 13:09:27.631561728+09:00
,,0.02455739445695374,0.021477435353971328,0.0024224122877496133,0.04845724209867468,1.6626859712800681,0.5067848146815065,0.44322446808335264,-3.840752413398563,75.4,2026-08-28 13:09:27.731561728+09:00
,,0.02455739445695374,0.021477435353971328,0.0024224122877496133,0.04845724209867468,1.6494979222932686,0.5067848146815065,0.44322446808335264,-3.840752413398563,75.5,2026-08-28 13:09:27.831561728+09:00
,,0.02455739445695374,0.021477435353971328,0.0024224122877496133,0.04845724209867468,1.6363098733064692,0.5067848146815065,0.44322446808335264,-3.840752413398563,75.6,2026-08-28 13:09:27.931561728+09:00
,,0.02455739445695374,0.021477435353971328,0.0024224122877496133,0.04845724209867468,1.6226511042545928,0.5067848146815065,0.44322446808335264,-3.840752413398563,75.7,2026-08-28 13:09:28.031561728+09:00
,,0.02455739445695374,0.021477435353971328,0.0024224122877496133,0.04845724209867468,1.609254643023175,0.5067848146815065,0.44322446808335264,-3.840752413398563,75.8,2026-08-28 13:09:28.131561728+09:00
,,0.02455739445695374,0.021477435353971328,0.0024224122877496133,0.04845724209867468,1.5961204896122154,0.5067848146815065,0.44322446808335264,-3.840752413398563,75.9,2026-08-28 13:09:28.231561728+09:00
,,0.02455739445695374,0.021477435353971328,0.0024224122877496133,0.04845724209867468,1.583248644021714,0.5067848146815065,0.44322446808335264,-3.840752413398563,76.0,2026-08-28 13:09:28.331561728+09:00
,,0.024515745884754452,0.022938200892820615,0.0020868245464748664,0.04954077132404994,1.569809876080849,0.4948599957072752,0.463016628117881,-3.774951596998961,76.1,2026-08-28 13:09:28.431561728+09:00
,,0.02466936621390199,0.022736779714051997,0.0023456438693311207,0.04975178979728511,1.5568136887229362,0.4958488189956166,0.4570042566648067,-3.7837714139661305,76.2,2026-08-28 13:09:28.531561728+09:00
,,0.02466936621390199,0.022736779714051997,0.0023456438693311207,0.04975178979728511,1.5440798091854826,0.4958488189956166,0.4570042566648067,-3.7837714139661305,76.3,2026-08-28 13:09:28.631561728+09:00
,,0.02466936621390199,0.022736779714051997,0.0023456438693311207,0.04975178979728511,1.5316082374684865,0.4958488189956166,0.4570042566648067,-3.7837714139661305,76.4,2026-08-28 13:09:28.731561728+09:00
,,0.02466936621390199,0.022736779714051997,0.0023456438693311207,0.04975178979728511,1.519398973571949,0.4958488189956166,0.4570042566648067,-3.7837714139661305,76.5,2026-08-28 13:09:28.831561728+09:00
,,0.02466936621390199,0.022736779714051997,0.0023456438693311207,0.04975178979728511,1.5074520174958697,0.4958488189956166,0.4570042566648067,-3.7837714139661305,76.6,2026-08-28 13:09:28.931561728+09:00
,,0.02466936621390199,0.022736779714051997,0.0023456438693311207,0.04975178979728511,1.4955050614197907,0.4958488189956166,0.4570042566648067,-3.7837714139661305,76.7,2026-08-28 13:09:29.031561728+09:00
,,0.02466936621390199,0.022736779714051997,0.0023456438693311207,0.04975178979728511,1.4835581053437115,0.4958488189956166,0.4570042566648067,-3.7837714139661305,76.8,2026-08-28 13:09:29.131561728+09:00
,,0.02466936621390199,0.022736779714051997,0.0023456438693311207,0.04975178979728511,1.471611149267632,0.4958488189956166,0.4570042566648067,-3.7837714139661305,76.9,2026-08-28 13:09:29.231561728+09:00
,,0.02471553550726535,0.02420030575734986,0.002305366931318829,0.026505672688668692,1.4595587506462415,,0.9130236399431437,-3.7213900112980784,77.0,2026-08-28 13:09:29.331561728+09:00
,,0.024761704800628708,0.02420030575734986,0.002305366931318829,0.026505672688668692,1.4474009094795397,,0.9130236399431437,-3.7213900112980784,77.1,2026-08-28 13:09:29.431561728+09:00
,,0.024807874093992068,0.02420030575734986,0.002305366931318829,0.026505672688668692,1.4351376257675261,,0.9130236399431437,-3.7213900112980784,77.2,2026-08-28 13:09:29.531561728+09:00
,,0.024854043387355428,0.02420030575734986,0.002305366931318829,0.026505672688668692,1.4227688995102012,,0.9130236399431437,-3.7213900112980784,77.3,2026-08-28 13:09:29.631561728+09:00
,,0.02490021268071879,0.02420030575734986,0.002305366931318829,0.026505672688668692,1.4102947307075648,,0.9130236399431437,-3.7213900112980784,77.4,2026-08-28 13:09:29.731561728+09:00
,,0.024946381974082145,0.02420030575734986,0.002305366931318829,0.026505672688668692,1.3995318304197786,,0.9130236399431437,-3.7213900112980784,77.5,2026-08-28 13:09:29.831561728+09:00
,,0.024992551267445505,0.02420030575734986,0.002305366931318829,0.026505672688668692,1.3886634875866808,,0.9130236399431437,-3.7213900112980784,77.6,2026-08-28 13:09:29.931561728+09:00
,,0.025038720560808865,0.02420030575734986,0.002305366931318829,0.026505672688668692,1.377689702208272,,0.9130236399431437,-3.7213900112980784,77.7,2026-08-28 13:09:30.031561728+09:00
,,0.025084889854172225,0.02420030575734986,0.002305366931318829,0.026505672688668692,1.3666104742845515,,0.9130236399431437,-3.7213900112980784,77.8,2026-08-28 13:09:30.131561728+09:00
,,0.02513105914753558,0.02593489105769275,0.0023305327795995335,0.028265423837292285,1.3554258038155196,,0.9175482811432418,-3.652166071777812,77.9,2026-08-28 13:09:30.231561728+09:00
,,0.025177228440898942,0.02593489105769275,0.0023305327795995335,0.028265423837292285,1.3441356908011761,,0.9175482811432418,-3.652166071777812,78.0,2026-08-28 13:09:30.331561728+09:00
,,0.025223397734262302,0.02593489105769275,0.0023305327795995335,0.028265423837292285,1.3327401352415214,,0.9175482811432418,-3.652166071777812,78.1,2026-08-28 13:09:30.431561728+09:00
,,0.02526956702762566,0.02593489105769275,0.0023305327795995335,0.028265423837292285,1.3212391371365553,,0.9175482811432418,-3.652166071777812,78.2,2026-08-28 13:09:30.531561728+09:00
,,0.02531573632098902,0.02593489105769275,0.0023305327795995335,0.028265423837292285,1.3096326964862777,,0.9175482811432418,-3.652166071777812,78.3,2026-08-28 13:09:30.631561728+09:00
,,0.02536190561435238,0.02593489105769275,0.0023305327795995335,0.028265423837292285,1.300047879751949,,0.9175482811432418,-3.652166071777812,78.4,2026-08-28 13:09:30.731561728+09:00
,,0.02540807490771574,0.02593489105769275,0.0023305327795995335,0.028265423837292285,1.2903576204723086,,0.9175482811432418,-3.652166071777812,78.5,2026-08-28 13:09:30.831561728+09:00
,,0.025454244201079095,0.02593489105769275,0.0023305327795995335,0.028265423837292285,1.280561918647357,,0.9175482811432418,-3.652166071777812,78.6,2026-08-28 13:09:30.931561728+09:00
,,0.025500413494442455,0.027894262041887857,0.0024024894272622025,0.05579716496359252,1.270660774277094,0.457019877462975,0.4999225688274445,-3.5793342728871407,78.7,2026-08-28 13:09:31.031561728+09:00
,,0.025500413494442455,0.027894262041887857,0.0024024894272622025,0.05579716496359252,1.260759629906831,0.457019877462975,0.4999225688274445,-3.5793342728871407,78.8,2026-08-28 13:09:31.131561728+09:00
,,0.025500413494442455,0.027894262041887857,0.0024024894272622025,0.05579716496359252,1.250858485536568,0.457019877462975,0.4999225688274445,-3.5793342728871407,78.9,2026-08-28 13:09:31.231561728+09:00
,,0.025500413494442455,0.027894262041887857,0.0024024894272622025,0.05579716496359252,1.2409573411663049,0.457019877462975,0.4999225688274445,-3.5793342728871407,79.0,2026-08-28 13:09:31.331561728+09:00
,,0.025500413494442455,0.027894262041887857,0.0024024894272622025,0.05579716496359252,1.2310561967960418,0.457019877462975,0.4999225688274445,-3.5793342728871407,79.1,2026-08-28 13:09:31.431561728+09:00
,,0.025500413494442455,0.027894262041887857,0.0024024894272622025,0.05579716496359252,1.2221418494916485,0.457019877462975,0.4999225688274445,-3.5793342728871407,79.2,2026-08-28 13:09:31.531561728+09:00
,,0.025500413494442455,0.027894262041887857,0.0024024894272622025,0.05579716496359252,1.2142142992531249,0.457019877462975,0.4999225688274445,-3.5793342728871407,79.3,2026-08-28 13:09:31.631561728+09:00
,,0.025500413494442455,0.027894262041887857,0.0024024894272622025,0.05579716496359252,1.2062867490146012,0.457019877462975,0.4999225688274445,-3.5793342728871407,79.4,2026-08-28 13:09:31.731561728+09:00
,,0.025500413494442455,0.027894262041887857,0.0024024894272622025,0.05579716496359252,1.1983591987760775,0.457019877462975,0.4999225688274445,-3.5793342728871407,79.5,2026-08-28 13:09:31.831561728+09:00
,,0.025933859281647636,0.02987788119858731,0.00248473135933228,0.05829647183956723,1.1899184700215608,0.44486155788326276,0.5125161138535397,-3.5106368315869556,79.6,2026-08-28 13:09:31.931561728+09:00
,,0.025933859281647636,0.02987788119858731,0.00248473135933228,0.05829647183956723,1.1814777412670439,0.44486155788326276,0.5125161138535397,-3.5106368315869556,79.7,2026-08-28 13:09:32.031561728+09:00
,,0.025933859281647636,0.02987788119858731,0.00248473135933228,0.05829647183956723,1.173037012512527,0.44486155788326276,0.5125161138535397,-3.5106368315869556,79.8,2026-08-28 13:09:32.131561728+09:00
,,0.025933859281647636,0.02987788119858731,0.00248473135933228,0.05829647183956723,1.1645962837580102,0.44486155788326276,0.5125161138535397,-3.5106368315869556,79.9,2026-08-28 13:09:32.231561728+09:00
,,0.025933859281647636,0.02987788119858731,0.00248473135933228,0.05829647183956723,1.1561555550034934,0.44486155788326276,0.5125161138535397,-3.5106368315869556,80.0,2026-08-28 13:09:32.331561728+09:00
,,0.025933859281647636,0.02987788119858731,0.00248473135933228,0.05829647183956723,1.1484893286084719,0.44486155788326276,0.5125161138535397,-3.5106368315869556,80.1,2026-08-28 13:09:32.431561728+09:00
,,0.025933859281647636,0.02987788119858731,0.00248473135933228,0.05829647183956723,1.141597604572946,0.44486155788326276,0.5125161138535397,-3.5106368315869556,80.2,2026-08-28 13:09:32.531561728+09:00
,,0.025933859281647636,0.02987788119858731,0.00248473135933228,0.05829647183956723,1.13470588053742,0.44486155788326276,0.5125161138535397,-3.5106368315869556,80.3,2026-08-28 13:09:32.631561728+09:00
,,0.026091718410720218,0.017945751664622492,0.002185346026351912,0.020131097690974403,1.1276130570621694,,0.8914442689664314,-4.020401868125648,80.4,2026-08-28 13:09:32.731561728+09:00
,,0.0262495775397928,0.03155765905447344,0.002578764557692532,0.060386001151958774,1.1203191341471939,0.43469640378631574,0.5225989211482964,-3.455938960201866,80.5,2026-08-28 13:09:32.831561728+09:00
,,0.0262495775397928,0.03155765905447344,0.002578764557692532,0.060386001151958774,1.1130252112322185,0.43469640378631574,0.5225989211482964,-3.455938960201866,80.6,2026-08-28 13:09:32.931561728+09:00
,,0.0262495775397928,0.03155765905447344,0.002578764557692532,0.060386001151958774,1.1057312883172432,0.43469640378631574,0.5225989211482964,-3.455938960201866,80.7,2026-08-28 13:09:33.031561728+09:00
,,0.0262495775397928,0.03155765905447344,0.002578764557692532,0.060386001151958774,1.0984373654022677,0.43469640378631574,0.5225989211482964,-3.455938960201866,80.8,2026-08-28 13:09:33.131561728+09:00
,,0.0262495775397928,0.03155765905447344,0.002578764557692532,0.060386001151958774,1.0920646135524361,0.43469640378631574,0.5225989211482964,-3.455938960201866,80.9,2026-08-28 13:09:33.231561728+09:00
,,0.0262495775397928,0.03155765905447344,0.002578764557692532,0.060386001151958774,1.0856918617026048,0.43469640378631574,0.5225989211482964,-3.455938960201866,81.0,2026-08-28 13:09:33.331561728+09:00
,,0.0262495775397928,0.03155765905447344,0.002578764557692532,0.060386001151958774,1.079550239974825,0.43469640378631574,0.5225989211482964,-3.455938960201866,81.1,2026-08-28 13:09:33.431561728+09:00
,,0.0262495775397928,0.03155765905447344,0.002578764557692532,0.060386001151958774,1.073408618247045,0.43469640378631574,0.5225989211482964,-3.455938960201866,81.2,2026-08-28 13:09:33.531561728+09:00
,,0.026089387769298797,0.03265930619401729,0.002704752797498794,0.06145344676081488,1.0669007449630776,0.4245390477582522,0.5314479157065302,-3.4216254349594806,81.3,2026-08-28 13:09:33.631561728+09:00
,,0.026395473859419892,0.032682190285210785,0.0026676075616856405,0.061745271706316315,1.0604907182027887,0.42748980010917553,0.5293067692804001,-3.4209249890449493,81.4,2026-08-28 13:09:33.731561728+09:00
,,0.026395473859419892,0.032682190285210785,0.0026676075616856405,0.061745271706316315,1.0540806914424998,0.42748980010917553,0.5293067692804001,-3.4209249890449493,81.5,2026-08-28 13:09:33.831561728+09:00
,,0.026395473859419892,0.032682190285210785,0.0026676075616856405,0.061745271706316315,1.047670664682211,0.42748980010917553,0.5293067692804001,-3.4209249890449493,81.6,2026-08-28 13:09:33.931561728+09:00
,,0.026395473859419892,0.032682190285210785,0.0026676075616856405,0.061745271706316315,1.042059061884425,0.42748980010917553,0.5293067692804001,-3.4209249890449493,81.7,2026-08-28 13:09:34.031561728+09:00
,,0.026395473859419892,0.032682190285210785,0.0026676075616856405,0.061745271706316315,1.0364474590866393,0.42748980010917553,0.5293067692804001,-3.4209249890449493,81.8,2026-08-28 13:09:34.131561728+09:00
,,0.026395473859419892,0.032682190285210785,0.0026676075616856405,0.061745271706316315,1.030875261576384,0.42748980010917553,0.5293067692804001,-3.4209249890449493,81.9,2026-08-28 13:09:34.231561728+09:00
,,0.026395473859419892,0.032682190285210785,0.0026676075616856405,0.061745271706316315,1.0253030640661291,0.42748980010917553,0.5293067692804001,-3.4209249890449493,82.0,2026-08-28 13:09:34.331561728+09:00
,,0.02569877463645474,0.021538286834855237,0.0023643517654162753,0.04960141323672625,1.0240144905916966,0.5181056941624934,0.43422728163131646,-3.8379231445461843,82.1,2026-08-28 13:09:34.431561728+09:00
,,0.02569877463645474,0.021538286834855237,0.0023643517654162753,0.04960141323672625,1.0227259171172642,0.5181056941624934,0.43422728163131646,-3.8379231445461843,82.2,2026-08-28 13:09:34.531561728+09:00
,,0.02640029804265859,0.033082703969194736,0.0027160629543662895,0.062199064966219623,1.0170466992495415,0.4244484713234294,0.5318842652564308,-3.4087446718650645,82.3,2026-08-28 13:09:34.631561728+09:00
,,0.02640029804265859,0.033082703969194736,0.0027160629543662895,0.062199064966219623,1.0113674813818185,0.4244484713234294,0.5318842652564308,-3.4087446718650645,82.4,2026-08-28 13:09:34.731561728+09:00
,,0.02640029804265859,0.033082703969194736,0.0027160629543662895,0.062199064966219623,1.0056882635140958,0.4244484713234294,0.5318842652564308,-3.4087446718650645,82.5,2026-08-28 13:09:34.831561728+09:00
,,0.02640029804265859,0.033082703969194736,0.0027160629543662895,0.062199064966219623,1.0007731543849903,0.4244484713234294,0.5318842652564308,-3.4087446718650645,82.6,2026-08-28 13:09:34.931561728+09:00
,,0.02640029804265859,0.033082703969194736,0.0027160629543662895,0.062199064966219623,0.9958580452558847,0.4244484713234294,0.5318842652564308,-3.4087446718650645,82.7,2026-08-28 13:09:35.031561728+09:00
,,0.02640029804265859,0.033082703969194736,0.0027160629543662895,0.062199064966219623,0.990835299659445,0.4244484713234294,0.5318842652564308,-3.4087446718650645,82.8,2026-08-28 13:09:35.131561728+09:00
,,0.025879504769659833,0.022943798619379056,0.002381305777042794,0.05120460916608168,0.989478587141648,0.5054135787995158,0.4480807293140556,-3.7747075916528243,82.9,2026-08-28 13:09:35.231561728+09:00
,,0.025879504769659833,0.022943798619379056,0.002381305777042794,0.05120460916608168,0.9881218746238513,0.5054135787995158,0.4480807293140556,-3.7747075916528243,83.0,2026-08-28 13:09:35.331561728+09:00
,,0.025879504769659833,0.022943798619379056,0.002381305777042794,0.05120460916608168,0.9867651621060541,0.5054135787995158,0.4480807293140556,-3.7747075916528243,83.1,2026-08-28 13:09:35.431561728+09:00
,,0.02643433950549297,0.03263664592226881,0.0027015175151092535,0.06177250294287103,0.9818751915345756,0.42793052322876085,0.5283361425787151,-3.4223195139007854,83.2,2026-08-28 13:09:35.531561728+09:00
,,0.02643433950549297,0.03263664592226881,0.0027015175151092535,0.06177250294287103,0.976985220963097,0.42793052322876085,0.5283361425787151,-3.4223195139007854,83.3,2026-08-28 13:09:35.631561728+09:00
,,0.02643433950549297,0.03263664592226881,0.0027015175151092535,0.06177250294287103,0.9728639903040902,0.42793052322876085,0.5283361425787151,-3.4223195139007854,83.4,2026-08-28 13:09:35.731561728+09:00
,,0.02643433950549297,0.03263664592226881,0.0027015175151092535,0.06177250294287103,0.9687427596450832,0.42793052322876085,0.5283361425787151,-3.4223195139007854,83.5,2026-08-28 13:09:35.831561728+09:00
,,0.02643433950549297,0.03263664592226881,0.0027015175151092535,0.06177250294287103,0.964423255239718,0.42793052322876085,0.5283361425787151,-3.4223195139007854,83.6,2026-08-28 13:09:35.931561728+09:00
,,0.02643433950549297,0.03263664592226881,0.0027015175151092535,0.06177250294287103,0.960103750834353,0.42793052322876085,0.5283361425787151,-3.4223195139007854,83.7,2026-08-28 13:09:36.031561728+09:00
,,0.02647275695721598,0.02380879012832124,0.002328192814826726,0.026136982943147966,0.9558838090521925,,0.9109234290778354,-3.7377004333686563,83.8,2026-08-28 13:09:36.131561728+09:00
,,0.02651117440893899,0.02380879012832124,0.002328192814826726,0.026136982943147966,0.9517634298932365,,0.9109234290778354,-3.7377004333686563,83.9,2026-08-28 13:09:36.231561728+09:00
,,0.026549591860661997,0.02380879012832124,0.002328192814826726,0.026136982943147966,0.9477426133574849,,0.9109234290778354,-3.7377004333686563,84.0,2026-08-28 13:09:36.331561728+09:00
,,0.026588009312385006,0.031435287477551116,0.0026429343036129056,0.060666231093549024,0.943821359444938,0.4382670364240289,0.5181677996293692,-3.4598242120465366,84.1,2026-08-28 13:09:36.431561728+09:00
,,0.026588009312385006,0.031435287477551116,0.0026429343036129056,0.060666231093549024,0.9399001055323909,0.4382670364240289,0.5181677996293692,-3.4598242120465366,84.2,2026-08-28 13:09:36.531561728+09:00
,,0.026588009312385006,0.031435287477551116,0.0026429343036129056,0.060666231093549024,0.9368094390488497,0.4382670364240289,0.5181677996293692,-3.4598242120465366,84.3,2026-08-28 13:09:36.631561728+09:00
,,0.026588009312385006,0.031435287477551116,0.0026429343036129056,0.060666231093549024,0.9335027385572763,0.4382670364240289,0.5181677996293692,-3.4598242120465366,84.4,2026-08-28 13:09:36.731561728+09:00
,,0.026588009312385006,0.031435287477551116,0.0026429343036129056,0.060666231093549024,0.9301960380657028,0.4382670364240289,0.5181677996293692,-3.4598242120465366,84.5,2026-08-28 13:09:36.831561728+09:00
,,0.026730379529571895,0.03203775654369842,0.002492547764253506,0.061260683837523824,0.9267619881985361,0.4363382491855048,0.522974190570077,-3.440840179717347,84.6,2026-08-28 13:09:36.931561728+09:00
,,0.026730379529571895,0.03203775654369842,0.002492547764253506,0.061260683837523824,0.9233279383313693,0.4363382491855048,0.522974190570077,-3.440840179717347,84.7,2026-08-28 13:09:37.031561728+09:00
,,0.026730379529571895,0.03203775654369842,0.002492547764253506,0.061260683837523824,0.9198938884642028,0.4363382491855048,0.522974190570077,-3.440840179717347,84.8,2026-08-28 13:09:37.131561728+09:00
,,0.026730379529571895,0.03203775654369842,0.002492547764253506,0.061260683837523824,0.9164598385970361,0.4363382491855048,0.522974190570077,-3.440840179717347,84.9,2026-08-28 13:09:37.231561728+09:00
,,0.02695984641555558,0.029842930417633976,0.0025637314184601707,0.05936650825164973,0.9137930271909981,0.45412551975054716,0.5026896695883184,-3.5118073041240057,85.0,2026-08-28 13:09:37.331561728+09:00
,,0.02695984641555558,0.029842930417633976,0.0025637314184601707,0.05936650825164973,0.9119554459557826,0.45412551975054716,0.5026896695883184,-3.5118073041240057,85.1,2026-08-28 13:09:37.431561728+09:00
,,0.02695984641555558,0.029842930417633976,0.0025637314184601707,0.05936650825164973,0.9099375919580724,0.45412551975054716,0.5026896695883184,-3.5118073041240057,85.2,2026-08-28 13:09:37.531561728+09:00
,,0.02695984641555558,0.029842930417633976,0.0025637314184601707,0.05936650825164973,0.9079197379603623,0.45412551975054716,0.5026896695883184,-3.5118073041240057,85.3,2026-08-28 13:09:37.631561728+09:00
,,0.026784862280495227,0.03008317986448395,0.002324910637973131,0.05919295278295231,0.9057570915649088,0.4525008640590966,0.5082223212413889,-3.503789071907866,85.4,2026-08-28 13:09:37.731561728+09:00
,,0.026784862280495227,0.03008317986448395,0.002324910637973131,0.05919295278295231,0.9035944451694553,0.4525008640590966,0.5082223212413889,-3.503789071907866,85.5,2026-08-28 13:09:37.831561728+09:00
,,0.026784862280495227,0.03008317986448395,0.002324910637973131,0.05919295278295231,0.9014317987740017,0.4525008640590966,0.5082223212413889,-3.503789071907866,85.6,2026-08-28 13:09:37.931561728+09:00
,,0.026784862280495227,0.03008317986448395,0.002324910637973131,0.05919295278295231,0.8992691523785481,0.4525008640590966,0.5082223212413889,-3.503789071907866,85.7,2026-08-28 13:09:38.031561728+09:00
,,0.026784862280495227,0.03008317986448395,0.002324910637973131,0.05919295278295231,0.8971065059830945,0.4525008640590966,0.5082223212413889,-3.503789071907866,85.8,2026-08-28 13:09:38.131561728+09:00
,,0.027480825199345638,0.028055200651809505,0.0024275465638478252,0.05796357241500297,0.8959346026721607,0.47410509832952696,0.48401434699266144,-3.573581257717467,85.9,2026-08-28 13:09:38.231561728+09:00
,,0.027480825199345638,0.028055200651809505,0.0024275465638478252,0.05796357241500297,0.8948681419065383,0.47410509832952696,0.48401434699266144,-3.573581257717467,86.0,2026-08-28 13:09:38.331561728+09:00
,,0.027480825199345638,0.028055200651809505,0.0024275465638478252,0.05796357241500297,0.8939071236862274,0.47410509832952696,0.48401434699266144,-3.573581257717467,86.1,2026-08-28 13:09:38.431561728+09:00
,,0.027480825199345638,0.028055200651809505,0.0024275465638478252,0.05796357241500297,0.8930515480112279,0.47410509832952696,0.48401434699266144,-3.573581257717467,86.2,2026-08-28 13:09:38.531561728+09:00
,,0.026239381149205446,0.02736791438858549,0.002036444179460923,0.05564373971725186,0.8920707194998013,0.471560345917407,0.49184175124915813,-3.598383959469228,86.3,2026-08-28 13:09:38.631561728+09:00
,,0.026239381149205446,0.02736791438858549,0.002036444179460923,0.05564373971725186,0.8911953335336863,0.471560345917407,0.49184175124915813,-3.598383959469228,86.4,2026-08-28 13:09:38.731561728+09:00
,,0.026239381149205446,0.02736791438858549,0.002036444179460923,0.05564373971725186,0.8904253901128826,0.471560345917407,0.49184175124915813,-3.598383959469228,86.5,2026-08-28 13:09:38.831561728+09:00
,,0.026239381149205446,0.02736791438858549,0.002036444179460923,0.05564373971725186,0.8897608892373904,0.471560345917407,0.49184175124915813,-3.598383959469228,86.6,2026-08-28 13:09:38.931561728+09:00
,,0.026239381149205446,0.02736791438858549,0.002036444179460923,0.05564373971725186,0.8892018309072095,0.471560345917407,0.49184175124915813,-3.598383959469228,86.7,2026-08-28 13:09:39.031561728+09:00
,,0.027015090989032525,0.025450431024513564,0.002138622264286955,0.05460414427783304,0.8898894857154922,0.4947443339021339,0.46608973295174144,-3.671022599998821,86.8,2026-08-28 13:09:39.131561728+09:00
,,0.027015090989032525,0.025450431024513564,0.002138622264286955,0.05460414427783304,0.8906825830690863,0.4947443339021339,0.46608973295174144,-3.671022599998821,86.9,2026-08-28 13:09:39.231561728+09:00
,,0.027015090989032525,0.025450431024513564,0.002138622264286955,0.05460414427783304,0.8915811229679921,0.4947443339021339,0.46608973295174144,-3.671022599998821,87.0,2026-08-28 13:09:39.331561728+09:00
,,0.027015090989032525,0.025450431024513564,0.002138622264286955,0.05460414427783304,0.892585105412209,0.4947443339021339,0.46608973295174144,-3.671022599998821,87.1,2026-08-28 13:09:39.431561728+09:00
,,0.025789154540701464,0.02509741635112374,0.0017371375368991472,0.05262370842872435,0.8933176793558447,0.4900672208541008,0.4769222295520408,-3.6849903723606667,87.2,2026-08-28 13:09:39.531561728+09:00
,,0.025789154540701464,0.02509741635112374,0.0017371375368991472,0.05262370842872435,0.8941556958447916,0.4900672208541008,0.4769222295520408,-3.6849903723606667,87.3,2026-08-28 13:09:39.631561728+09:00
,,0.025789154540701464,0.02509741635112374,0.0017371375368991472,0.05262370842872435,0.8950991548790498,0.4900672208541008,0.4769222295520408,-3.6849903723606667,87.4,2026-08-28 13:09:39.731561728+09:00
,,0.025789154540701464,0.02509741635112374,0.0017371375368991472,0.05262370842872435,0.8961480564586195,0.4900672208541008,0.4769222295520408,-3.6849903723606667,87.5,2026-08-28 13:09:39.831561728+09:00
,,0.025789154540701464,0.02509741635112374,0.0017371375368991472,0.05262370842872435,0.8973024005835009,0.4900672208541008,0.4769222295520408,-3.6849903723606667,87.6,2026-08-28 13:09:39.931561728+09:00
,,0.0266542609926985,0.02363277178008397,0.0018583604620434424,0.052145393234825914,0.8996765154442774,0.5111527469486439,0.4532091967100278,-3.745120895462843,87.7,2026-08-28 13:09:40.031561728+09:00
,,0.0266542609926985,0.02363277178008397,0.0018583604620434424,0.052145393234825914,0.9020506303050542,0.5111527469486439,0.4532091967100278,-3.745120895462843,87.8,2026-08-28 13:09:40.131561728+09:00
,,0.0266542609926985,0.02363277178008397,0.0018583604620434424,0.052145393234825914,0.9044247451658309,0.5111527469486439,0.4532091967100278,-3.745120895462843,87.9,2026-08-28 13:09:40.231561728+09:00
,,0.0266542609926985,0.02363277178008397,0.0018583604620434424,0.052145393234825914,0.9067988600266077,0.5111527469486439,0.4532091967100278,-3.745120895462843,88.0,2026-08-28 13:09:40.331561728+09:00
,,0.02552487447565638,0.023641157570849735,0.001479403334947508,0.05064543538145362,0.9086377292197371,0.5039916091826826,0.46679740025509064,-3.744766121025056,88.1,2026-08-28 13:09:40.431561728+09:00
,,0.02552487447565638,0.023641157570849735,0.001479403334947508,0.05064543538145362,0.9104765984128664,0.5039916091826826,0.46679740025509064,-3.744766121025056,88.2,2026-08-28 13:09:40.531561728+09:00
,,0.02552487447565638,0.023641157570849735,0.001479403334947508,0.05064543538145362,0.9123154676059959,0.5039916091826826,0.46679740025509064,-3.744766121025056,88.3,2026-08-28 13:09:40.631561728+09:00
,,0.02552487447565638,0.023641157570849735,0.001479403334947508,0.05064543538145362,0.9141543367991253,0.5039916091826826,0.46679740025509064,-3.744766121025056,88.4,2026-08-28 13:09:40.731561728+09:00
,,0.02552487447565638,0.023641157570849735,0.001479403334947508,0.05064543538145362,0.9159932059922548,0.5039916091826826,0.46679740025509064,-3.744766121025056,88.5,2026-08-28 13:09:40.831561728+09:00
,,0.02646875764017615,0.022666718918272637,0.001615684968583917,0.0507511615270327,0.9193236654924405,0.5215399380776244,0.4466246335307847,-3.7868575572588865,88.6,2026-08-28 13:09:40.931561728+09:00
,,0.02646875764017615,0.022666718918272637,0.001615684968583917,0.0507511615270327,0.9226541249926263,0.5215399380776244,0.4466246335307847,-3.7868575572588865,88.7,2026-08-28 13:09:41.031561728+09:00
,,0.02646875764017615,0.022666718918272637,0.001615684968583917,0.0507511615270327,0.9259845844928121,0.5215399380776244,0.4466246335307847,-3.7868575572588865,88.8,2026-08-28 13:09:41.131561728+09:00
,,0.025385230869641506,0.023014788030418704,0.0012575056077343521,0.049657524507794565,0.9285957094814289,0.5112061288044448,0.4634703050250955,-3.771618311817535,88.9,2026-08-28 13:09:41.231561728+09:00
,,0.025385230869641506,0.023014788030418704,0.0012575056077343521,0.049657524507794565,0.9312068344700456,0.5112061288044448,0.4634703050250955,-3.771618311817535,89.0,2026-08-28 13:09:41.331561728+09:00
,,0.025385230869641506,0.023014788030418704,0.0012575056077343521,0.049657524507794565,0.9338179594586623,0.5112061288044448,0.4634703050250955,-3.771618311817535,89.1,2026-08-28 13:09:41.431561728+09:00
,,0.025385230869641506,0.023014788030418704,0.0012575056077343521,0.049657524507794565,0.9364290844472792,0.5112061288044448,0.4634703050250955,-3.771618311817535,89.2,2026-08-28 13:09:41.531561728+09:00
,,0.025385230869641506,0.023014788030418704,0.0012575056077343521,0.049657524507794565,0.939040209435896,0.5112061288044448,0.4634703050250955,-3.771618311817535,89.3,2026-08-28 13:09:41.631561728+09:00
,,0.026464572940046262,0.022551392678251025,0.0014603101048327937,0.05047627572313008,0.9426360590458447,0.5242972576900959,0.44677211928131916,-3.7919584553728205,89.4,2026-08-28 13:09:41.731561728+09:00
,,0.026464572940046262,0.022551392678251025,0.0014603101048327937,0.05047627572313008,0.9464330080955182,0.5242972576900959,0.44677211928131916,-3.7919584553728205,89.5,2026-08-28 13:09:41.831561728+09:00
,,0.026464572940046262,0.022551392678251025,0.0014603101048327937,0.05047627572313008,0.9502299571451915,0.5242972576900959,0.44677211928131916,-3.7919584553728205,89.6,2026-08-28 13:09:41.931561728+09:00
,,0.026464572940046262,0.022551392678251025,0.0014603101048327937,0.05047627572313008,0.954026906194865,0.5242972576900959,0.44677211928131916,-3.7919584553728205,89.7,2026-08-28 13:09:42.031561728+09:00
,,0.025520351300137013,0.02313344184967646,0.001159192635387677,0.049812985785201144,0.9570422692858287,0.5123232606490096,0.46440584688961034,-3.766476009240286,89.8,2026-08-28 13:09:42.131561728+09:00
,,0.025520351300137013,0.02313344184967646,0.001159192635387677,0.049812985785201144,0.9600576323767923,0.5123232606490096,0.46440584688961034,-3.766476009240286,89.9,2026-08-28 13:09:42.231561728+09:00
,,0.025520351300137013,0.02313344184967646,0.001159192635387677,0.049812985785201144,0.9630729954677559,0.5123232606490096,0.46440584688961034,-3.766476009240286,90.0,2026-08-28 13:09:42.331561728+09:00
,,0.025520351300137013,0.02313344184967646,0.001159192635387677,0.049812985785201144,0.9660883585587197,0.5123232606490096,0.46440584688961034,-3.766476009240286,90.1,2026-08-28 13:09:42.431561728+09:00
,,0.025520351300137013,0.02313344184967646,0.001159192635387677,0.049812985785201144,0.9691037216496833,0.5123232606490096,0.46440584688961034,-3.766476009240286,90.2,2026-08-28 13:09:42.531561728+09:00
,,0.026595377529869953,0.023247870985846453,0.0013956129583892612,0.05123886147410567,0.97293880209368,0.5190470038704964,0.45371560407514355,-3.7615417216428337,90.3,2026-08-28 13:09:42.631561728+09:00
,,0.026595377529869953,0.023247870985846453,0.0013956129583892612,0.05123886147410567,0.9766760360139984,0.5190470038704964,0.45371560407514355,-3.7615417216428337,90.4,2026-08-28 13:09:42.731561728+09:00
,,0.026595377529869953,0.023247870985846453,0.0013956129583892612,0.05123886147410567,0.9804132699343167,0.5190470038704964,0.45371560407514355,-3.7615417216428337,90.5,2026-08-28 13:09:42.831561728+09:00
,,0.025723979685432986,0.023996178075363746,0.001135305767066106,0.05085546352786284,0.9833506287272266,0.5058252919342532,0.47185054290610584,-3.729860708175163,90.6,2026-08-28 13:09:42.931561728+09:00
,,0.025723979685432986,0.023996178075363746,0.001135305767066106,0.05085546352786284,0.9862879875201368,0.5058252919342532,0.47185054290610584,-3.729860708175163,90.7,2026-08-28 13:09:43.031561728+09:00
,,0.025723979685432986,0.023996178075363746,0.001135305767066106,0.05085546352786284,0.9892253463130468,0.5058252919342532,0.47185054290610584,-3.729860708175163,90.8,2026-08-28 13:09:43.131561728+09:00
,,0.025723979685432986,0.023996178075363746,0.001135305767066106,0.05085546352786284,0.992162705105957,0.5058252919342532,0.47185054290610584,-3.729860708175163,90.9,2026-08-28 13:09:43.231561728+09:00
,,0.025723979685432986,0.023996178075363746,0.001135305767066106,0.05085546352786284,0.9951000638988671,0.5058252919342532,0.47185054290610584,-3.729860708175163,91.0,2026-08-28 13:09:43.331561728+09:00
,,0.025723979685432986,0.023996178075363746,0.001135305767066106,0.05085546352786284,0.9937537986559546,0.5058252919342532,0.47185054290610584,-3.729860708175163,91.1,2026-08-28 13:09:43.431561728+09:00
,,0.02700387371269642,0.028414779499810944,0.0015250235248499416,0.056943676737357306,0.9910557874006259,0.4742207609327202,0.49899797708653615,-3.5608458642557377,91.2,2026-08-28 13:09:43.531561728+09:00
,,0.02700387371269642,0.028414779499810944,0.0015250235248499416,0.056943676737357306,0.9927484205385879,0.4742207609327202,0.49899797708653615,-3.5608458642557377,91.3,2026-08-28 13:09:43.631561728+09:00
,,0.026091901084224187,0.025402968215536975,0.0012139804023228893,0.052708849702084046,0.9952940993780502,0.49501936072781616,0.48194882565484204,-3.6728892529057044,91.4,2026-08-28 13:09:43.731561728+09:00
,,0.026091901084224187,0.025402968215536975,0.0012139804023228893,0.052708849702084046,0.9978397782175126,0.49501936072781616,0.48194882565484204,-3.6728892529057044,91.5,2026-08-28 13:09:43.831561728+09:00
,,0.026091901084224187,0.025402968215536975,0.0012139804023228893,0.052708849702084046,1.0003854570569748,0.49501936072781616,0.48194882565484204,-3.6728892529057044,91.6,2026-08-28 13:09:43.931561728+09:00
,,0.026091901084224187,0.025402968215536975,0.0012139804023228893,0.052708849702084046,1.0029311358964372,0.49501936072781616,0.48194882565484204,-3.6728892529057044,91.7,2026-08-28 13:09:44.031561728+09:00
,,0.026091901084224187,0.025402968215536975,0.0012139804023228893,0.052708849702084046,1.0054768147358994,0.49501936072781616,0.48194882565484204,-3.6728892529057044,91.8,2026-08-28 13:09:44.131561728+09:00
,,0.026091901084224187,0.025402968215536975,0.0012139804023228893,0.052708849702084046,1.0043564604967188,0.49501936072781616,0.48194882565484204,-3.6728892529057044,91.9,2026-08-28 13:09:44.231561728+09:00
,,0.02725521923831688,0.026399448956364854,0.0015319961233477915,0.05518666431802952,1.003294951208076,0.4938732857860478,0.47836645469692096,-3.6344121419126756,92.0,2026-08-28 13:09:44.331561728+09:00
,,0.02725521923831688,0.026399448956364854,0.0015319961233477915,0.05518666431802952,1.002233441919433,0.4938732857860478,0.47836645469692096,-3.6344121419126756,92.1,2026-08-28 13:09:44.431561728+09:00
,,0.02725521923831688,0.026399448956364854,0.0015319961233477915,0.05518666431802952,1.0047051906844717,0.4938732857860478,0.47836645469692096,-3.6344121419126756,92.2,2026-08-28 13:09:44.531561728+09:00
,,0.026500227011509392,0.02718278273826965,0.0013734143139518136,0.055056424063730854,1.0065377608676123,0.4813285181913361,0.49372590393455407,-3.6051714936650097,92.3,2026-08-28 13:09:44.631561728+09:00
,,0.026500227011509392,0.02718278273826965,0.0013734143139518136,0.055056424063730854,1.008370331050753,0.4813285181913361,0.49372590393455407,-3.6051714936650097,92.4,2026-08-28 13:09:44.731561728+09:00
,,0.026500227011509392,0.02718278273826965,0.0013734143139518136,0.055056424063730854,1.0102029012338936,0.4813285181913361,0.49372590393455407,-3.6051714936650097,92.5,2026-08-28 13:09:44.831561728+09:00
,,0.026500227011509392,0.02718278273826965,0.0013734143139518136,0.055056424063730854,1.0120354714170345,0.4813285181913361,0.49372590393455407,-3.6051714936650097,92.6,2026-08-28 13:09:44.931561728+09:00
,,0.026500227011509392,0.02718278273826965,0.0013734143139518136,0.055056424063730854,1.0138680416001753,0.4813285181913361,0.49372590393455407,-3.6051714936650097,92.7,2026-08-28 13:09:45.031561728+09:00
,,0.026500227011509392,0.02718278273826965,0.0013734143139518136,0.055056424063730854,1.0156010491601113,0.4813285181913361,0.49372590393455407,-3.6051714936650097,92.8,2026-08-28 13:09:45.131561728+09:00
,,0.02733902480647779,0.028123065373512487,0.0017048031973862937,0.05716689337737657,1.0172037267538463,0.4782317735197595,0.491946714470967,-3.571165207543024,92.9,2026-08-28 13:09:45.231561728+09:00
,,0.02733902480647779,0.028123065373512487,0.0017048031973862937,0.05716689337737657,1.0187068417243765,0.4782317735197595,0.491946714470967,-3.571165207543024,93.0,2026-08-28 13:09:45.331561728+09:00
,,0.026943213189602345,0.02909819683674944,0.0016061241827513453,0.057647534209103124,1.0195972819134123,0.46737841538671987,0.5047604765054208,-3.5370790710974327,93.1,2026-08-28 13:09:45.431561728+09:00
,,0.026943213189602345,0.02909819683674944,0.0016061241827513453,0.057647534209103124,1.0204877221024482,0.46737841538671987,0.5047604765054208,-3.5370790710974327,93.2,2026-08-28 13:09:45.531561728+09:00
,,0.026943213189602345,0.02909819683674944,0.0016061241827513453,0.057647534209103124,1.021378162291484,0.46737841538671987,0.5047604765054208,-3.5370790710974327,93.3,2026-08-28 13:09:45.631561728+09:00
,,0.026943213189602345,0.02909819683674944,0.0016061241827513453,0.057647534209103124,1.0222686024805197,0.46737841538671987,0.5047604765054208,-3.5370790710974327,93.4,2026-08-28 13:09:45.731561728+09:00
,,0.026943213189602345,0.02909819683674944,0.0016061241827513453,0.057647534209103124,1.0231590426695556,0.46737841538671987,0.5047604765054208,-3.5370790710974327,93.5,2026-08-28 13:09:45.831561728+09:00
,,0.026943213189602345,0.02909819683674944,0.0016061241827513453,0.057647534209103124,1.0241768322341847,0.46737841538671987,0.5047604765054208,-3.5370790710974327,93.6,2026-08-28 13:09:45.931561728+09:00
,,0.026975173678447935,0.0360002536224628,0.0020132897551843843,0.06498871705609513,1.0232320008092075,0.4150747222039214,0.553946211792258,-3.324229295482432,93.7,2026-08-28 13:09:46.031561728+09:00
,,0.026975173678447935,0.0360002536224628,0.0020132897551843843,0.06498871705609513,1.0222871693842304,0.4150747222039214,0.553946211792258,-3.324229295482432,93.8,2026-08-28 13:09:46.131561728+09:00
,,0.026967073601472116,0.030451861931205533,0.0018225805022231483,0.03227444243342868,1.0215408491281666,,0.9435286757940894,-3.4916081395296152,93.9,2026-08-28 13:09:46.231561728+09:00
,,0.026958973524496294,0.030451861931205533,0.0018225805022231483,0.03227444243342868,1.0202258015798873,,0.9435286757940894,-3.4916081395296152,94.0,2026-08-28 13:09:46.331561728+09:00
,,0.026950873447520472,0.030451861931205533,0.0018225805022231483,0.03227444243342868,1.019109265200521,,0.9435286757940894,-3.4916081395296152,94.1,2026-08-28 13:09:46.431561728+09:00
,,0.026942773370544654,0.030451861931205533,0.0018225805022231483,0.03227444243342868,1.018191239990068,,0.9435286757940894,-3.4916081395296152,94.2,2026-08-28 13:09:46.531561728+09:00
,,0.026934673293568835,0.030451861931205533,0.0018225805022231483,0.03227444243342868,1.0174717259485284,,0.9435286757940894,-3.4916081395296152,94.3,2026-08-28 13:09:46.631561728+09:00
,,0.026926573216593013,0.030451861931205533,0.0018225805022231483,0.03227444243342868,1.0170955154736456,,0.9435286757940894,-3.4916081395296152,94.4,2026-08-28 13:09:46.731561728+09:00
,,0.02691847313961719,0.030451861931205533,0.0018225805022231483,0.03227444243342868,1.0169178161676757,,0.9435286757940894,-3.4916081395296152,94.5,2026-08-28 13:09:46.831561728+09:00
,,0.026910373062641373,0.03016069654412343,0.0020702873214449974,0.05914135692820981,1.0169386280306194,0.4550178497816205,0.5099764041723753,-3.5012156411447615,94.6,2026-08-28 13:09:46.931561728+09:00
,,0.027027612604012284,0.031069986624359416,0.002009796412341088,0.06010739564071278,1.0167112335125208,0.4496553596427253,0.5169078828515181,-3.4715129860774536,94.7,2026-08-28 13:09:47.031561728+09:00
,,0.027027612604012284,0.031069986624359416,0.002009796412341088,0.06010739564071278,1.0164838389944222,0.4496553596427253,0.5169078828515181,-3.4715129860774536,94.8,2026-08-28 13:09:47.131561728+09:00
,,0.027027612604012284,0.031069986624359416,0.002009796412341088,0.06010739564071278,1.0152657013918038,0.4496553596427253,0.5169078828515181,-3.4715129860774536,94.9,2026-08-28 13:09:47.231561728+09:00
,,0.027027612604012284,0.031069986624359416,0.002009796412341088,0.06010739564071278,1.0140475637891855,0.4496553596427253,0.5169078828515181,-3.4715129860774536,95.0,2026-08-28 13:09:47.331561728+09:00
,,0.027027612604012284,0.031069986624359416,0.002009796412341088,0.06010739564071278,1.0128294261865671,0.4496553596427253,0.5169078828515181,-3.4715129860774536,95.1,2026-08-28 13:09:47.431561728+09:00
,,0.027027612604012284,0.031069986624359416,0.002009796412341088,0.06010739564071278,1.0116112885839488,0.4496553596427253,0.5169078828515181,-3.4715129860774536,95.2,2026-08-28 13:09:47.531561728+09:00
,,0.027027612604012284,0.031069986624359416,0.002009796412341088,0.06010739564071278,1.0106238463630688,0.4496553596427253,0.5169078828515181,-3.4715129860774536,95.3,2026-08-28 13:09:47.631561728+09:00
,,0.027027612604012284,0.031069986624359416,0.002009796412341088,0.06010739564071278,1.009636404142189,0.4496553596427253,0.5169078828515181,-3.4715129860774536,95.4,2026-08-28 13:09:47.731561728+09:00
,,0.026984297153831865,0.03994003552047318,0.0022366724019356084,0.04217670792240878,1.0086906561615632,,0.9469690141285957,-3.220376061649015,95.5,2026-08-28 13:09:47.831561728+09:00
,,0.026940981703651445,0.03994003552047318,0.0022366724019356084,0.04217670792240878,1.0077866024211917,,0.9469690141285957,-3.220376061649015,95.6,2026-08-28 13:09:47.931561728+09:00
,,0.026897666253471023,0.03994003552047318,0.0022366724019356084,0.04217670792240878,1.0069242429210745,,0.9469690141285957,-3.220376061649015,95.7,2026-08-28 13:09:48.031561728+09:00
,,0.026854350803290603,0.03994003552047318,0.0022366724019356084,0.04217670792240878,1.0049623070680593,,0.9469690141285957,-3.220376061649015,95.8,2026-08-28 13:09:48.131561728+09:00
,,0.026811035353110184,0.03994003552047318,0.0022366724019356084,0.04217670792240878,1.0030420654552985,,0.9469690141285957,-3.220376061649015,95.9,2026-08-28 13:09:48.231561728+09:00
,,0.026767719902929765,0.03994003552047318,0.0022366724019356084,0.04217670792240878,1.0011635180827918,,0.9469690141285957,-3.220376061649015,96.0,2026-08-28 13:09:48.331561728+09:00
,,0.02672440445274934,0.03994003552047318,0.0022366724019356084,0.04217670792240878,0.9993266649505396,,0.9469690141285957,-3.220376061649015,96.1,2026-08-28 13:09:48.431561728+09:00
,,0.026681089002568922,0.03994003552047318,0.0022366724019356084,0.04217670792240878,0.9979083571044344,,0.9469690141285957,-3.220376061649015,96.2,2026-08-28 13:09:48.531561728+09:00
,,0.026637773552388503,0.029477425215551932,0.0022456175108743755,0.058360816278814814,0.9965317434985834,0.4564325047327707,0.5050893235407391,-3.5241305555177007,96.3,2026-08-28 13:09:48.631561728+09:00
,,0.026637773552388503,0.029477425215551932,0.0022456175108743755,0.058360816278814814,0.9951551298927325,0.4564325047327707,0.5050893235407391,-3.5241305555177007,96.4,2026-08-28 13:09:48.731561728+09:00
,,0.026637773552388503,0.029477425215551932,0.0022456175108743755,0.058360816278814814,0.9937785162868816,0.4564325047327707,0.5050893235407391,-3.5241305555177007,96.5,2026-08-28 13:09:48.831561728+09:00
,,0.026637773552388503,0.029477425215551932,0.0022456175108743755,0.058360816278814814,0.9924019026810306,0.4564325047327707,0.5050893235407391,-3.5241305555177007,96.6,2026-08-28 13:09:48.931561728+09:00
,,0.026637773552388503,0.029477425215551932,0.0022456175108743755,0.058360816278814814,0.9899109608845956,0.4564325047327707,0.5050893235407391,-3.5241305555177007,96.7,2026-08-28 13:09:49.031561728+09:00
,,0.026637773552388503,0.029477425215551932,0.0022456175108743755,0.058360816278814814,0.9874200190881606,0.4564325047327707,0.5050893235407391,-3.5241305555177007,96.8,2026-08-28 13:09:49.131561728+09:00
,,0.026637773552388503,0.029477425215551932,0.0022456175108743755,0.058360816278814814,0.9849290772917255,0.4564325047327707,0.5050893235407391,-3.5241305555177007,96.9,2026-08-28 13:09:49.231561728+09:00
,,0.026637773552388503,0.029477425215551932,0.0022456175108743755,0.058360816278814814,0.9824381354952905,0.4564325047327707,0.5050893235407391,-3.5241305555177007,97.0,2026-08-28 13:09:49.331561728+09:00
,,0.026637773552388503,0.029477425215551932,0.0022456175108743755,0.058360816278814814,0.9804824393665028,0.4564325047327707,0.5050893235407391,-3.5241305555177007,97.1,2026-08-28 13:09:49.431561728+09:00
,,0.026039150356975023,0.027562368311341436,0.0022386360119034656,0.055840154680219925,0.9789830620100113,0.4663158708297559,0.493594053762619,-3.591303903606298,97.2,2026-08-28 13:09:49.531561728+09:00
,,0.026039150356975023,0.027562368311341436,0.0022386360119034656,0.055840154680219925,0.9774836846535196,0.4663158708297559,0.493594053762619,-3.591303903606298,97.3,2026-08-28 13:09:49.631561728+09:00
,,0.026039150356975023,0.027562368311341436,0.0022386360119034656,0.055840154680219925,0.9759843072970281,0.4663158708297559,0.493594053762619,-3.591303903606298,97.4,2026-08-28 13:09:49.731561728+09:00
,,0.026039150356975023,0.027562368311341436,0.0022386360119034656,0.055840154680219925,0.9744849299405366,0.4663158708297559,0.493594053762619,-3.591303903606298,97.5,2026-08-28 13:09:49.831561728+09:00
,,0.026039150356975023,0.027562368311341436,0.0022386360119034656,0.055840154680219925,0.9720071407929818,0.4663158708297559,0.493594053762619,-3.591303903606298,97.6,2026-08-28 13:09:49.931561728+09:00
,,0.026039150356975023,0.027562368311341436,0.0022386360119034656,0.055840154680219925,0.9695293516454271,0.4663158708297559,0.493594053762619,-3.591303903606298,97.7,2026-08-28 13:09:50.031561728+09:00
,,0.026039150356975023,0.027562368311341436,0.0022386360119034656,0.055840154680219925,0.9670515624978724,0.4663158708297559,0.493594053762619,-3.591303903606298,97.8,2026-08-28 13:09:50.131561728+09:00
,,0.026039150356975023,0.027562368311341436,0.0022386360119034656,0.055840154680219925,0.9652931078618866,0.4663158708297559,0.493594053762619,-3.591303903606298,97.9,2026-08-28 13:09:50.231561728+09:00
,,0.026039150356975023,0.027562368311341436,0.0022386360119034656,0.055840154680219925,0.9635346532259008,0.4663158708297559,0.493594053762619,-3.591303903606298,98.0,2026-08-28 13:09:50.331561728+09:00
,,0.02550900715283186,0.02567679085977226,0.002156849342312165,0.053342647354916284,0.9623176425618836,0.47821037045850406,0.4813557656584095,-3.662167774489115,98.1,2026-08-28 13:09:50.431561728+09:00
,,0.02550900715283186,0.02567679085977226,0.002156849342312165,0.053342647354916284,0.9611006318978659,0.47821037045850406,0.4813557656584095,-3.662167774489115,98.2,2026-08-28 13:09:50.531561728+09:00
,,0.02550900715283186,0.02567679085977226,0.002156849342312165,0.053342647354916284,0.9598836212338485,0.47821037045850406,0.4813557656584095,-3.662167774489115,98.3,2026-08-28 13:09:50.631561728+09:00
,,0.02550900715283186,0.02567679085977226,0.002156849342312165,0.053342647354916284,0.9578829853882237,0.47821037045850406,0.4813557656584095,-3.662167774489115,98.4,2026-08-28 13:09:50.731561728+09:00
,,0.02550900715283186,0.02567679085977226,0.002156849342312165,0.053342647354916284,0.955882349542599,0.47821037045850406,0.4813557656584095,-3.662167774489115,98.5,2026-08-28 13:09:50.831561728+09:00
,,0.02550900715283186,0.02567679085977226,0.002156849342312165,0.053342647354916284,0.9538817136969745,0.47821037045850406,0.4813557656584095,-3.662167774489115,98.6,2026-08-28 13:09:50.931561728+09:00
,,0.02550900715283186,0.02567679085977226,0.002156849342312165,0.053342647354916284,0.9518810778513498,0.47821037045850406,0.4813557656584095,-3.662167774489115,98.7,2026-08-28 13:09:51.031561728+09:00
,,0.02550900715283186,0.02567679085977226,0.002156849342312165,0.053342647354916284,0.9506620279644348,0.47821037045850406,0.4813557656584095,-3.662167774489115,98.8,2026-08-28 13:09:51.131561728+09:00
,,0.02550900715283186,0.02567679085977226,0.002156849342312165,0.053342647354916284,0.9494429780775199,0.47821037045850406,0.4813557656584095,-3.662167774489115,98.9,2026-08-28 13:09:51.231561728+09:00
,,0.025184695516895176,0.024065673044508545,0.0020323104173121114,0.05128267897871583,0.9488131853953018,0.4910955515281824,0.4692748804035115,-3.7269688088430235,99.0,2026-08-28 13:09:51.331561728+09:00
,,0.025184695516895176,0.024065673044508545,0.0020323104173121114,0.05128267897871583,0.9481833927130837,0.4910955515281824,0.4692748804035115,-3.7269688088430235,99.1,2026-08-28 13:09:51.431561728+09:00
,,0.025184695516895176,0.024065673044508545,0.0020323104173121114,0.05128267897871583,0.9475536000308661,0.4910955515281824,0.4692748804035115,-3.7269688088430235,99.2,2026-08-28 13:09:51.531561728+09:00
,,0.025184695516895176,0.024065673044508545,0.0020323104173121114,0.05128267897871583,0.9464703415518027,0.4910955515281824,0.4692748804035115,-3.7269688088430235,99.3,2026-08-28 13:09:51.631561728+09:00
,,0.025184695516895176,0.024065673044508545,0.0020323104173121114,0.05128267897871583,0.945387083072739,0.4910955515281824,0.4692748804035115,-3.7269688088430235,99.4,2026-08-28 13:09:51.731561728+09:00
,,0.025184695516895176,0.024065673044508545,0.0020323104173121114,0.05128267897871583,0.9443038245936756,0.4910955515281824,0.4692748804035115,-3.7269688088430235,99.5,2026-08-28 13:09:51.831561728+09:00
,,0.025184695516895176,0.024065673044508545,0.0020323104173121114,0.05128267897871583,0.9440204412420203,0.4910955515281824,0.4692748804035115,-3.7269688088430235,99.6,2026-08-28 13:09:51.931561728+09:00
,,0.025184695516895176,0.024065673044508545,0.0020323104173121114,0.05128267897871583,0.943737057890365,0.4910955515281824,0.4692748804035115,-3.7269688088430235,99.7,2026-08-28 13:09:52.031561728+09:00
,,0.025184695516895176,0.024065673044508545,0.0020323104173121114,0.05128267897871583,0.9434536745387097,0.4910955515281824,0.4692748804035115,-3.7269688088430235,99.8,2026-08-28 13:09:52.131561728+09:00
,,0.025204701664433546,0.022733199606843207,0.0018748008756963035,0.02460800048253951,0.943300372224478,,0.9238133599263151,-3.783928885215058,99.9,2026-08-28 13:09:52.231561728+09:00
,,0.025224707811971912,0.022733199606843207,0.0018748008756963035,0.02460800048253951,0.9432771509476704,,0.9238133599263151,-3.783928885215058,100.0,2026-08-28 13:09:52.331561728+09:00
,,0.025244713959510282,0.022733199606843207,0.0018748008756963035,0.02460800048253951,0.9433840107082863,,0.9238133599263151,-3.783928885215058,100.1,2026-08-28 13:09:52.431561728+09:00
,,0.025264720107048652,0.022733199606843207,0.0018748008756963035,0.02460800048253951,0.9449726975187421,,0.9238133599263151,-3.783928885215058,100.2,2026-08-28 13:09:52.531561728+09:00
,,0.02528472625458702,0.022733199606843207,0.0018748008756963035,0.02460800048253951,0.9466914653666217,,0.9238133599263151,-3.783928885215058,100.3,2026-08-28 13:09:52.631561728+09:00
,,0.02530473240212539,0.022733199606843207,0.0018748008756963035,0.02460800048253951,0.9476872685504247,,0.9238133599263151,-3.783928885215058,100.4,2026-08-28 13:09:52.731561728+09:00
,,0.02532473854966376,0.022733199606843207,0.0018748008756963035,0.02460800048253951,0.9488131527716516,,0.9238133599263151,-3.783928885215058,100.5,2026-08-28 13:09:52.831561728+09:00
,,0.02534474469720213,0.022733199606843207,0.0018748008756963035,0.02460800048253951,0.9500691180303023,,0.9238133599263151,-3.783928885215058,100.6,2026-08-28 13:09:52.931561728+09:00
,,0.025364750844740495,0.022733199606843207,0.0018748008756963035,0.02460800048253951,0.9514551643263766,,0.9238133599263151,-3.783928885215058,100.7,2026-08-28 13:09:53.031561728+09:00
,,0.025384756992278865,0.021816239149062923,0.0017348967561201028,0.04893589289746189,0.9529712916598748,0.5187349303193254,0.44581263071618427,-3.825100671404006,100.8,2026-08-28 13:09:53.131561728+09:00
,,0.025384756992278865,0.021816239149062923,0.0017348967561201028,0.04893589289746189,0.9544874189933732,0.5187349303193254,0.44581263071618427,-3.825100671404006,100.9,2026-08-28 13:09:53.231561728+09:00
,,0.025384756992278865,0.021816239149062923,0.0017348967561201028,0.04893589289746189,0.9559447013763337,0.5187349303193254,0.44581263071618427,-3.825100671404006,101.0,2026-08-28 13:09:53.331561728+09:00
,,0.025384756992278865,0.021816239149062923,0.0017348967561201028,0.04893589289746189,0.9574019837592944,0.5187349303193254,0.44581263071618427,-3.825100671404006,101.1,2026-08-28 13:09:53.431561728+09:00
,,0.025384756992278865,0.021816239149062923,0.0017348967561201028,0.04893589289746189,0.9588592661422551,0.5187349303193254,0.44581263071618427,-3.825100671404006,101.2,2026-08-28 13:09:53.531561728+09:00
,,0.025384756992278865,0.021816239149062923,0.0017348967561201028,0.04893589289746189,0.9609557271071136,0.5187349303193254,0.44581263071618427,-3.825100671404006,101.3,2026-08-28 13:09:53.631561728+09:00
,,0.025384756992278865,0.021816239149062923,0.0017348967561201028,0.04893589289746189,0.9630521880719721,0.5187349303193254,0.44581263071618427,-3.825100671404006,101.4,2026-08-28 13:09:53.731561728+09:00
,,0.025384756992278865,0.021816239149062923,0.0017348967561201028,0.04893589289746189,0.9651486490368307,0.5187349303193254,0.44581263071618427,-3.825100671404006,101.5,2026-08-28 13:09:53.831561728+09:00
,,0.022522368791233843,0.04290160725277242,0.002264486401287081,0.06768846244529335,0.9601496171253111,0.3327357126694479,0.6338097469335492,-3.148845988650375,101.6,2026-08-28 13:09:53.931561728+09:00
,,0.021710521906147365,0.04347675705645656,0.0021317732497268945,0.06731905221233082,0.9548659407953044,0.322501894971282,0.6458313898913289,-3.135528804228817,101.7,2026-08-28 13:09:54.031561728+09:00
,,0.021710521906147365,0.04347675705645656,0.0021317732497268945,0.06731905221233082,0.9495822644652978,0.322501894971282,0.6458313898913289,-3.135528804228817,101.8,2026-08-28 13:09:54.131561728+09:00
,,0.021710521906147365,0.04347675705645656,0.0021317732497268945,0.06731905221233082,0.9443293554782879,0.322501894971282,0.6458313898913289,-3.135528804228817,101.9,2026-08-28 13:09:54.231561728+09:00
,,0.021710521906147365,0.04347675705645656,0.0021317732497268945,0.06731905221233082,0.9390764464912781,0.322501894971282,0.6458313898913289,-3.135528804228817,102.0,2026-08-28 13:09:54.331561728+09:00
,,0.021710521906147365,0.04347675705645656,0.0021317732497268945,0.06731905221233082,0.9343366496625584,0.322501894971282,0.6458313898913289,-3.135528804228817,102.1,2026-08-28 13:09:54.431561728+09:00
,,0.021710521906147365,0.04347675705645656,0.0021317732497268945,0.06731905221233082,0.9295968528338384,0.322501894971282,0.6458313898913289,-3.135528804228817,102.2,2026-08-28 13:09:54.531561728+09:00
,,0.021710521906147365,0.04347675705645656,0.0021317732497268945,0.06731905221233082,0.9248570560051186,0.322501894971282,0.6458313898913289,-3.135528804228817,102.3,2026-08-28 13:09:54.631561728+09:00
,,0.021710521906147365,0.04347675705645656,0.0021317732497268945,0.06731905221233082,0.9201172591763987,0.322501894971282,0.6458313898913289,-3.135528804228817,102.4,2026-08-28 13:09:54.731561728+09:00
,,0.02712429125336895,0.021527095507650727,0.001858845635097756,0.05051023239611743,0.9238291038463161,0.5370058692395545,0.42619276305894505,-3.8384428811349567,102.5,2026-08-28 13:09:54.831561728+09:00
,,0.02653026569431514,0.021629195728051928,0.0016256626584029094,0.04978512408076998,0.9271697051686307,0.5328954418447002,0.4344509756159557,-3.833711222877601,102.6,2026-08-28 13:09:54.931561728+09:00
,,0.02653026569431514,0.021629195728051928,0.0016256626584029094,0.04978512408076998,0.9324729274805512,0.5328954418447002,0.4344509756159557,-3.833711222877601,102.7,2026-08-28 13:09:55.031561728+09:00
,,0.02653026569431514,0.021629195728051928,0.0016256626584029094,0.04978512408076998,0.9377761497924718,0.5328954418447002,0.4344509756159557,-3.833711222877601,102.8,2026-08-28 13:09:55.131561728+09:00
,,0.02653026569431514,0.021629195728051928,0.0016256626584029094,0.04978512408076998,0.9428808609354794,0.5328954418447002,0.4344509756159557,-3.833711222877601,102.9,2026-08-28 13:09:55.231561728+09:00
,,0.02653026569431514,0.021629195728051928,0.0016256626584029094,0.04978512408076998,0.9477870609095733,0.5328954418447002,0.4344509756159557,-3.833711222877601,103.0,2026-08-28 13:09:55.331561728+09:00
,,0.02653026569431514,0.021629195728051928,0.0016256626584029094,0.04978512408076998,0.9524947497147541,0.5328954418447002,0.4344509756159557,-3.833711222877601,103.1,2026-08-28 13:09:55.431561728+09:00
,,0.02653026569431514,0.021629195728051928,0.0016256626584029094,0.04978512408076998,0.9570039273510217,0.5328954418447002,0.4344509756159557,-3.833711222877601,103.2,2026-08-28 13:09:55.531561728+09:00
,,0.027192280523541928,0.021264952852914135,0.001772932154009334,0.050230165530465394,0.9618939473814762,0.5413535917386013,0.42335024438684365,-3.850694967400365,103.3,2026-08-28 13:09:55.631561728+09:00
,,0.026698160413688794,0.02178389445293761,0.0016508629037651449,0.05013291777039155,0.9659949537806919,0.5325475077266837,0.4345227730950692,-3.826584368786867,103.4,2026-08-28 13:09:55.731561728+09:00
,,0.026698160413688794,0.02178389445293761,0.0016508629037651449,0.05013291777039155,0.9698974490109945,0.5325475077266837,0.4345227730950692,-3.826584368786867,103.5,2026-08-28 13:09:55.831561728+09:00
,,0.026698160413688794,0.02178389445293761,0.0016508629037651449,0.05013291777039155,0.9736014330723838,0.5325475077266837,0.4345227730950692,-3.826584368786867,103.6,2026-08-28 13:09:55.931561728+09:00
,,0.026698160413688794,0.02178389445293761,0.0016508629037651449,0.05013291777039155,0.9775536235148153,0.5325475077266837,0.4345227730950692,-3.826584368786867,103.7,2026-08-28 13:09:56.031561728+09:00
,,0.026698160413688794,0.02178389445293761,0.0016508629037651449,0.05013291777039155,0.981505813957247,0.5325475077266837,0.4345227730950692,-3.826584368786867,103.8,2026-08-28 13:09:56.131561728+09:00
,,0.026698160413688794,0.02178389445293761,0.0016508629037651449,0.05013291777039155,0.9854580043996785,0.5325475077266837,0.4345227730950692,-3.826584368786867,103.9,2026-08-28 13:09:56.231561728+09:00
,,0.026698160413688794,0.02178389445293761,0.0016508629037651449,0.05013291777039155,0.98941019484211,0.5325475077266837,0.4345227730950692,-3.826584368786867,104.0,2026-08-28 13:09:56.331561728+09:00
,,0.02630974146983502,0.020603889134237295,0.0017055675599710145,0.04861919816404333,0.9939328200879896,0.5411389422973366,0.42378093247689647,-3.8822754280816025,104.1,2026-08-28 13:09:56.431561728+09:00
,,0.02630974146983502,0.020603889134237295,0.0017055675599710145,0.04861919816404333,0.9984554453338693,0.5411389422973366,0.42378093247689647,-3.8822754280816025,104.2,2026-08-28 13:09:56.531561728+09:00
,,0.0243214742839162,0.04840014122154547,0.002166654085625386,0.07488826959108705,0.9943733760523188,0.32477014646911884,0.6462980315318421,-3.0282525474632815,104.3,2026-08-28 13:09:56.631561728+09:00
,,0.0243214742839162,0.04840014122154547,0.002166654085625386,0.07488826959108705,0.990291306770768,0.32477014646911884,0.6462980315318421,-3.0282525474632815,104.4,2026-08-28 13:09:56.731561728+09:00
,,0.0243214742839162,0.04840014122154547,0.002166654085625386,0.07488826959108705,0.9861675432489634,0.32477014646911884,0.6462980315318421,-3.0282525474632815,104.5,2026-08-28 13:09:56.831561728+09:00
,,0.0243214742839162,0.04840014122154547,0.002166654085625386,0.07488826959108705,0.9820020854869043,0.32477014646911884,0.6462980315318421,-3.0282525474632815,104.6,2026-08-28 13:09:56.931561728+09:00
,,0.0243214742839162,0.04840014122154547,0.002166654085625386,0.07488826959108705,0.9777949334845908,0.32477014646911884,0.6462980315318421,-3.0282525474632815,104.7,2026-08-28 13:09:57.031561728+09:00
,,0.0243214742839162,0.04840014122154547,0.002166654085625386,0.07488826959108705,0.9735460872420234,0.32477014646911884,0.6462980315318421,-3.0282525474632815,104.8,2026-08-28 13:09:57.131561728+09:00
,,0.0243214742839162,0.04840014122154547,0.002166654085625386,0.07488826959108705,0.9692555467592013,0.32477014646911884,0.6462980315318421,-3.0282525474632815,104.9,2026-08-28 13:09:57.231561728+09:00
,,0.02620053594644648,0.048667750622803964,0.0021871111407465674,0.07705539770999702,0.9653216104041579,0.3400220714589508,0.6315943083697809,-3.022738673118637,105.0,2026-08-28 13:09:57.331561728+09:00
,,0.025068587513354404,0.021230760582811932,0.0017730285601304553,0.048072376656296795,0.9684838920085315,0.5214759339357684,0.4416415842013712,-3.8523041780579286,105.1,2026-08-28 13:09:57.431561728+09:00
,,0.025068587513354404,0.021230760582811932,0.0017730285601304553,0.048072376656296795,0.9716044793726507,0.5214759339357684,0.4416415842013712,-3.8523041780579286,105.2,2026-08-28 13:09:57.531561728+09:00
,,0.025068587513354404,0.021230760582811932,0.0017730285601304553,0.048072376656296795,0.9746833724965158,0.5214759339357684,0.4416415842013712,-3.8523041780579286,105.3,2026-08-28 13:09:57.631561728+09:00
,,0.025068587513354404,0.021230760582811932,0.0017730285601304553,0.048072376656296795,0.9777622656203812,0.5214759339357684,0.4416415842013712,-3.8523041780579286,105.4,2026-08-28 13:09:57.731561728+09:00
,,0.025068587513354404,0.021230760582811932,0.0017730285601304553,0.048072376656296795,0.980841158744246,0.5214759339357684,0.4416415842013712,-3.8523041780579286,105.5,2026-08-28 13:09:57.831561728+09:00
,,0.025068587513354404,0.021230760582811932,0.0017730285601304553,0.048072376656296795,0.9839200518681112,0.5214759339357684,0.4416415842013712,-3.8523041780579286,105.6,2026-08-28 13:09:57.931561728+09:00
,,0.025068587513354404,0.021230760582811932,0.0017730285601304553,0.048072376656296795,0.9869989449919762,0.5214759339357684,0.4416415842013712,-3.8523041780579286,105.7,2026-08-28 13:09:58.031561728+09:00
,,0.024959628132754708,0.020114227534350795,0.0017829773600528424,0.046856833027158346,0.9907459148748343,0.532678512828386,0.429269889467189,-3.906327876786047,105.8,2026-08-28 13:09:58.131561728+09:00
,,0.024959628132754708,0.020114227534350795,0.0017829773600528424,0.046856833027158346,0.9944928847576923,0.532678512828386,0.429269889467189,-3.906327876786047,105.9,2026-08-28 13:09:58.231561728+09:00
,,0.025846752400553587,0.04381996001387346,0.002406170981816903,0.07207288339624396,0.9910059159198549,0.35861965253218353,0.6079951009169299,-3.1276658573238256,106.0,2026-08-28 13:09:58.331561728+09:00
,,0.025846752400553587,0.04381996001387346,0.002406170981816903,0.07207288339624396,0.9875189470820173,0.35861965253218353,0.6079951009169299,-3.1276658573238256,106.1,2026-08-28 13:09:58.431561728+09:00
,,0.025846752400553587,0.04381996001387346,0.002406170981816903,0.07207288339624396,0.9835756594718835,0.35861965253218353,0.6079951009169299,-3.1276658573238256,106.2,2026-08-28 13:09:58.531561728+09:00
,,0.025846752400553587,0.04381996001387346,0.002406170981816903,0.07207288339624396,0.9796323718617499,0.35861965253218353,0.6079951009169299,-3.1276658573238256,106.3,2026-08-28 13:09:58.631561728+09:00
,,0.025846752400553587,0.04381996001387346,0.002406170981816903,0.07207288339624396,0.9756890842516162,0.35861965253218353,0.6079951009169299,-3.1276658573238256,106.4,2026-08-28 13:09:58.731561728+09:00
,,0.025846752400553587,0.04381996001387346,0.002406170981816903,0.07207288339624396,0.9717457966414824,0.35861965253218353,0.6079951009169299,-3.1276658573238256,106.5,2026-08-28 13:09:58.831561728+09:00
,,0.025846752400553587,0.04381996001387346,0.002406170981816903,0.07207288339624396,0.9678025090313488,0.35861965253218353,0.6079951009169299,-3.1276658573238256,106.6,2026-08-28 13:09:58.931561728+09:00
,,0.024602823909110658,0.020123558950789495,0.001894011793755313,0.046620394653655466,0.9708897592286876,0.5277266332017542,0.43164711711018566,-3.90586406317098,106.7,2026-08-28 13:09:59.031561728+09:00
,,0.024271196925564006,0.02112933388161983,0.002030238357055827,0.04743076916423966,0.9731559941891509,0.5117183919476311,0.4454773610871622,-3.857092972620618,106.8,2026-08-28 13:09:59.131561728+09:00
,,0.024271196925564006,0.02112933388161983,0.002030238357055827,0.04743076916423966,0.9754222291496142,0.5117183919476311,0.4454773610871622,-3.857092972620618,106.9,2026-08-28 13:09:59.231561728+09:00
,,0.024271196925564006,0.02112933388161983,0.002030238357055827,0.04743076916423966,0.9776884641100777,0.5117183919476311,0.4454773610871622,-3.857092972620618,107.0,2026-08-28 13:09:59.331561728+09:00
,,0.024271196925564006,0.02112933388161983,0.002030238357055827,0.04743076916423966,0.9794132550985728,0.5117183919476311,0.4454773610871622,-3.857092972620618,107.1,2026-08-28 13:09:59.431561728+09:00
,,0.024271196925564006,0.02112933388161983,0.002030238357055827,0.04743076916423966,0.981138046087068,0.5117183919476311,0.4454773610871622,-3.857092972620618,107.2,2026-08-28 13:09:59.531561728+09:00
,,0.024271196925564006,0.02112933388161983,0.002030238357055827,0.04743076916423966,0.9828628370755632,0.5117183919476311,0.4454773610871622,-3.857092972620618,107.3,2026-08-28 13:09:59.631561728+09:00
,,0.024271196925564006,0.02112933388161983,0.002030238357055827,0.04743076916423966,0.9845876280640584,0.5117183919476311,0.4454773610871622,-3.857092972620618,107.4,2026-08-28 13:09:59.731561728+09:00
,,0.024271196925564006,0.02112933388161983,0.002030238357055827,0.04743076916423966,0.9863124190525536,0.5117183919476311,0.4454773610871622,-3.857092972620618,107.5,2026-08-28 13:09:59.831561728+09:00
,,0.024245650743566324,0.033045380633912366,0.002320345501628628,0.035365726135540995,0.9880379054114422,,0.9343899940655599,-3.4098734914723345,107.6,2026-08-28 13:09:59.931561728+09:00
,,0.02422010456156864,0.033045380633912366,0.002320345501628628,0.035365726135540995,0.9897640871407246,,0.9343899940655599,-3.4098734914723345,107.7,2026-08-28 13:10:00.031561728+09:00
,,0.02419455837957096,0.033045380633912366,0.002320345501628628,0.035365726135540995,0.9914909642404006,,0.9343899940655599,-3.4098734914723345,107.8,2026-08-28 13:10:00.131561728+09:00
,,0.024169012197573277,0.033045380633912366,0.002320345501628628,0.035365726135540995,0.9932185367104702,,0.9343899940655599,-3.4098734914723345,107.9,2026-08-28 13:10:00.231561728+09:00
,,0.024143466015575592,0.033045380633912366,0.002320345501628628,0.035365726135540995,0.9943575473462365,,0.9343899940655599,-3.4098734914723345,108.0,2026-08-28 13:10:00.331561728+09:00
,,0.02411791983357791,0.033045380633912366,0.002320345501628628,0.035365726135540995,0.9954972533523964,,0.9343899940655599,-3.4098734914723345,108.1,2026-08-28 13:10:00.431561728+09:00
,,0.024092373651580228,0.033045380633912366,0.002320345501628628,0.035365726135540995,0.9966376547289496,,0.9343899940655599,-3.4098734914723345,108.2,2026-08-28 13:10:00.531561728+09:00
,,0.024066827469582545,0.033045380633912366,0.002320345501628628,0.035365726135540995,0.9977787514758967,,0.9343899940655599,-3.4098734914723345,108.3,2026-08-28 13:10:00.631561728+09:00
,,0.024041281287584863,0.033045380633912366,0.002320345501628628,0.035365726135540995,0.9989205435932373,,0.9343899940655599,-3.4098734914723345,108.4,2026-08-28 13:10:00.731561728+09:00
,,0.02401573510558718,0.020895556812977528,0.00235128564609929,0.047262577564663996,1.0000630310809715,0.5081342648468377,0.4421163188653543,-3.8682187352929,108.5,2026-08-28 13:10:00.831561728+09:00
,,0.02401573510558718,0.020895556812977528,0.00235128564609929,0.047262577564663996,1.0012055185687057,0.5081342648468377,0.4421163188653543,-3.8682187352929,108.6,2026-08-28 13:10:00.931561728+09:00
,,0.02401573510558718,0.020895556812977528,0.00235128564609929,0.047262577564663996,1.00234800605644,0.5081342648468377,0.4421163188653543,-3.8682187352929,108.7,2026-08-28 13:10:01.031561728+09:00
,,0.02401573510558718,0.020895556812977528,0.00235128564609929,0.047262577564663996,1.0034904935441742,0.5081342648468377,0.4421163188653543,-3.8682187352929,108.8,2026-08-28 13:10:01.131561728+09:00
,,0.02401573510558718,0.020895556812977528,0.00235128564609929,0.047262577564663996,1.004502899994485,0.5081342648468377,0.4421163188653543,-3.8682187352929,108.9,2026-08-28 13:10:01.231561728+09:00
,,0.02401573510558718,0.020895556812977528,0.00235128564609929,0.047262577564663996,1.0053852254073712,0.5081342648468377,0.4421163188653543,-3.8682187352929,109.0,2026-08-28 13:10:01.331561728+09:00
,,0.02401512429692141,0.020907687340188854,0.0023480830125761146,0.047270894649686375,1.0061297359462227,0.5080319396299122,0.44229514789451035,-3.8676383723188033,109.1,2026-08-28 13:10:01.431561728+09:00
,,0.02401573510558718,0.020895556812977528,0.00235128564609929,0.047262577564663996,1.0067518992842617,0.5081342648468377,0.4421163188653543,-3.8682187352929,109.2,2026-08-28 13:10:01.531561728+09:00
,,0.023765904609758096,0.021542024133291697,0.002366937495061409,0.0476748662381112,1.0067318920919726,0.4984996599898098,0.45185284895610345,-3.8377496407639766,109.3,2026-08-28 13:10:01.631561728+09:00
,,0.02391194196559937,0.020510874690656503,0.0024877084952550643,0.04691052515151094,1.007277173206816,0.5097351156988528,0.43723396027673483,-3.886800060773735,109.4,2026-08-28 13:10:01.731561728+09:00
,,0.02391194196559937,0.020510874690656503,0.0024877084952550643,0.04691052515151094,1.0076923732842353,0.5097351156988528,0.43723396027673483,-3.886800060773735,109.5,2026-08-28 13:10:01.831561728+09:00
,,0.02391194196559937,0.020510874690656503,0.0024877084952550643,0.04691052515151094,1.007977492324231,0.5097351156988528,0.43723396027673483,-3.886800060773735,109.6,2026-08-28 13:10:01.931561728+09:00
,,0.02391194196559937,0.020510874690656503,0.0024877084952550643,0.04691052515151094,1.0081325303268032,0.5097351156988528,0.43723396027673483,-3.886800060773735,109.7,2026-08-28 13:10:02.031561728+09:00
,,0.02391194196559937,0.020510874690656503,0.0024877084952550643,0.04691052515151094,1.0081574872919512,0.5097351156988528,0.43723396027673483,-3.886800060773735,109.8,2026-08-28 13:10:02.131561728+09:00
,,0.02391194196559937,0.020510874690656503,0.0024877084952550643,0.04691052515151094,1.0081824442570992,0.5097351156988528,0.43723396027673483,-3.886800060773735,109.9,2026-08-28 13:10:02.231561728+09:00
,,0.02391194196559937,0.020510874690656503,0.0024877084952550643,0.04691052515151094,1.0082074012222473,0.5097351156988528,0.43723396027673483,-3.886800060773735,110.0,2026-08-28 13:10:02.331561728+09:00
,,0.023668769063309412,0.021000296985012615,0.0024164989121996027,0.04708556496052163,1.0078018086653533,0.5026756944119547,0.4460028673887651,-3.8632186992152553,110.1,2026-08-28 13:10:02.431561728+09:00
,,0.023668769063309412,0.021000296985012615,0.0024164989121996027,0.04708556496052163,1.0073962161084593,0.5026756944119547,0.4460028673887651,-3.8632186992152553,110.2,2026-08-28 13:10:02.531561728+09:00
,,0.023761245064946212,0.019877510533549227,0.0025625426335660864,0.046201298232061525,1.0077496796039631,0.5142982118294033,0.43023705597422307,-3.918166310265535,110.3,2026-08-28 13:10:02.631561728+09:00
,,0.023761245064946212,0.019877510533549227,0.0025625426335660864,0.046201298232061525,1.0081031430994667,0.5142982118294033,0.43023705597422307,-3.918166310265535,110.4,2026-08-28 13:10:02.731561728+09:00
,,0.023761245064946212,0.019877510533549227,0.0025625426335660864,0.046201298232061525,1.0084566065949707,0.5142982118294033,0.43023705597422307,-3.918166310265535,110.5,2026-08-28 13:10:02.831561728+09:00
,,0.023761245064946212,0.019877510533549227,0.0025625426335660864,0.046201298232061525,1.0159055629668525,0.5142982118294033,0.43023705597422307,-3.918166310265535,110.6,2026-08-28 13:10:02.931561728+09:00
,,0.023761245064946212,0.019877510533549227,0.0025625426335660864,0.046201298232061525,1.0236391637572215,0.5142982118294033,0.43023705597422307,-3.918166310265535,110.7,2026-08-28 13:10:03.031561728+09:00
,,0.023761245064946212,0.019877510533549227,0.0025625426335660864,0.046201298232061525,1.0313727645475905,0.5142982118294033,0.43023705597422307,-3.918166310265535,110.8,2026-08-28 13:10:03.131561728+09:00
,,0.023761245064946212,0.019877510533549227,0.0025625426335660864,0.046201298232061525,1.0391063653379597,0.5142982118294033,0.43023705597422307,-3.918166310265535,110.9,2026-08-28 13:10:03.231561728+09:00
,,0.02356988374295778,0.02016914353814411,0.0023925050885961136,0.046131532369698004,1.0465424960195417,0.5109278303193742,0.4372094856183973,-3.903601390081957,111.0,2026-08-28 13:10:03.331561728+09:00
,,0.02363112898749691,0.018895269830445337,0.002576239910405031,0.04510263872834728,1.0548900294742025,0.5239411629511734,0.4189393428675282,-3.9688436617615954,111.1,2026-08-28 13:10:03.431561728+09:00
,,0.02363112898749691,0.018895269830445337,0.002576239910405031,0.04510263872834728,1.0632375629288635,0.5239411629511734,0.4189393428675282,-3.9688436617615954,111.2,2026-08-28 13:10:03.531561728+09:00
,,0.02363112898749691,0.018895269830445337,0.002576239910405031,0.04510263872834728,1.0715850963835245,0.5239411629511734,0.4189393428675282,-3.9688436617615954,111.3,2026-08-28 13:10:03.631561728+09:00
,,0.02363112898749691,0.018895269830445337,0.002576239910405031,0.04510263872834728,1.0799326298381853,0.5239411629511734,0.4189393428675282,-3.9688436617615954,111.4,2026-08-28 13:10:03.731561728+09:00
,,0.02363112898749691,0.018895269830445337,0.002576239910405031,0.04510263872834728,1.0798285217942092,0.5239411629511734,0.4189393428675282,-3.9688436617615954,111.5,2026-08-28 13:10:03.831561728+09:00
,,0.02363112898749691,0.018895269830445337,0.002576239910405031,0.04510263872834728,1.0800956570978355,0.5239411629511734,0.4189393428675282,-3.9688436617615954,111.6,2026-08-28 13:10:03.931561728+09:00
,,0.02363112898749691,0.018895269830445337,0.002576239910405031,0.04510263872834728,1.0803627924014623,0.5239411629511734,0.4189393428675282,-3.9688436617615954,111.7,2026-08-28 13:10:04.031561728+09:00
,,0.02352360861779525,0.01900725926772157,0.0023097254441176787,0.0448405933296345,1.0804852002312555,0.5246052041476632,0.4238850973267552,-3.9629343060624134,111.8,2026-08-28 13:10:04.131561728+09:00
,,0.02352360861779525,0.01900725926772157,0.0023097254441176787,0.0448405933296345,1.080607608061049,0.5246052041476632,0.4238850973267552,-3.9629343060624134,111.9,2026-08-28 13:10:04.231561728+09:00
,,0.02355971145480154,0.01764125645819473,0.0025207284610169324,0.0437216963740132,1.08181754491115,0.5388562981011115,0.40348975271417276,-4.0375150031512534,112.0,2026-08-28 13:10:04.331561728+09:00
,,0.02355971145480154,0.01764125645819473,0.0025207284610169324,0.0437216963740132,1.0830274817612513,0.5388562981011115,0.40348975271417276,-4.0375150031512534,112.1,2026-08-28 13:10:04.431561728+09:00
,,0.02355971145480154,0.01764125645819473,0.0025207284610169324,0.0437216963740132,1.0842374186113524,0.5388562981011115,0.40348975271417276,-4.0375150031512534,112.2,2026-08-28 13:10:04.531561728+09:00
,,0.02355971145480154,0.01764125645819473,0.0025207284610169324,0.0437216963740132,1.0848680018983536,0.5388562981011115,0.40348975271417276,-4.0375150031512534,112.3,2026-08-28 13:10:04.631561728+09:00
,,0.02355971145480154,0.01764125645819473,0.0025207284610169324,0.0437216963740132,1.0860890876476799,0.5388562981011115,0.40348975271417276,-4.0375150031512534,112.4,2026-08-28 13:10:04.731561728+09:00
,,0.02355971145480154,0.01764125645819473,0.0025207284610169324,0.0437216963740132,1.087310173397006,0.5388562981011115,0.40348975271417276,-4.0375150031512534,112.5,2026-08-28 13:10:04.831561728+09:00
,,0.02353438536518256,0.017671197886070324,0.0021751303400610986,0.043380713591313985,1.0884901926038175,0.5425080275741428,0.40735148002748817,-4.035819202867365,112.6,2026-08-28 13:10:04.931561728+09:00
,,0.02353438536518256,0.017671197886070324,0.0021751303400610986,0.043380713591313985,1.0896702118106287,0.5425080275741428,0.40735148002748817,-4.035819202867365,112.7,2026-08-28 13:10:05.031561728+09:00
,,0.02353438536518256,0.017671197886070324,0.0021751303400610986,0.043380713591313985,1.09085023101744,0.5425080275741428,0.40735148002748817,-4.035819202867365,112.8,2026-08-28 13:10:05.131561728+09:00
,,0.023549939539822675,0.01628476780151354,0.0024179451878477507,0.04225265252918397,1.0933006894227706,0.5573600266529231,0.3854140941865278,-4.117525098782762,112.9,2026-08-28 13:10:05.231561728+09:00
,,0.023549939539822675,0.01628476780151354,0.0024179451878477507,0.04225265252918397,1.095751147828101,0.5573600266529231,0.3854140941865278,-4.117525098782762,113.0,2026-08-28 13:10:05.331561728+09:00
,,0.023549939539822675,0.01628476780151354,0.0024179451878477507,0.04225265252918397,1.0976311714299836,0.5573600266529231,0.3854140941865278,-4.117525098782762,113.1,2026-08-28 13:10:05.431561728+09:00
,,0.023549939539822675,0.01628476780151354,0.0024179451878477507,0.04225265252918397,1.0995111950318657,0.5573600266529231,0.3854140941865278,-4.117525098782762,113.2,2026-08-28 13:10:05.531561728+09:00
,,0.023549939539822675,0.01628476780151354,0.0024179451878477507,0.04225265252918397,1.1099959131611783,0.5573600266529231,0.3854140941865278,-4.117525098782762,113.3,2026-08-28 13:10:05.631561728+09:00
,,0.02360471640586521,0.016351223908605578,0.0020272584352996875,0.04198319874977048,1.1204525481048202,0.5622419708072924,0.38947065482224524,-4.113452527645056,113.4,2026-08-28 13:10:05.731561728+09:00
,,0.02360471640586521,0.016351223908605578,0.0020272584352996875,0.04198319874977048,1.130909183048462,0.5622419708072924,0.38947065482224524,-4.113452527645056,113.5,2026-08-28 13:10:05.831561728+09:00
,,0.02360471640586521,0.016351223908605578,0.0020272584352996875,0.04198319874977048,1.141365817992104,0.5622419708072924,0.38947065482224524,-4.113452527645056,113.6,2026-08-28 13:10:05.931561728+09:00
,,0.02682812685475393,0.010999875351311908,0.001419020157881568,0.039247022363947406,1.16288181718712,0.6835710135146059,0.28027286374256183,-4.509871337946888,113.7,2026-08-28 13:10:06.031561728+09:00
,,0.02682812685475393,0.010999875351311908,0.001419020157881568,0.039247022363947406,1.1843978163821356,0.6835710135146059,0.28027286374256183,-4.509871337946888,113.8,2026-08-28 13:10:06.131561728+09:00
,,0.02682812685475393,0.010999875351311908,0.001419020157881568,0.039247022363947406,1.2059138155771516,0.6835710135146059,0.28027286374256183,-4.509871337946888,113.9,2026-08-28 13:10:06.231561728+09:00
,,0.02682812685475393,0.010999875351311908,0.001419020157881568,0.039247022363947406,1.2270315164041348,0.6835710135146059,0.28027286374256183,-4.509871337946888,114.0,2026-08-28 13:10:06.331561728+09:00
,,0.02682812685475393,0.010999875351311908,0.001419020157881568,0.039247022363947406,1.2410113050314466,0.6835710135146059,0.28027286374256183,-4.509871337946888,114.1,2026-08-28 13:10:06.431561728+09:00
,,0.023744681049373783,0.015284644150726159,0.0019108175376074206,0.04094014273770736,1.2451527697375824,0.5799853019931968,0.37334125209701446,-4.180906604857276,114.2,2026-08-28 13:10:06.531561728+09:00
,,0.023744681049373783,0.015284644150726159,0.0019108175376074206,0.04094014273770736,1.2492942344437177,0.5799853019931968,0.37334125209701446,-4.180906604857276,114.3,2026-08-28 13:10:06.631561728+09:00
,,0.023744681049373783,0.015284644150726159,0.0019108175376074206,0.04094014273770736,1.2534356991498532,0.5799853019931968,0.37334125209701446,-4.180906604857276,114.4,2026-08-28 13:10:06.731561728+09:00
,,0.023744681049373783,0.015284644150726159,0.0019108175376074206,0.04094014273770736,1.257577163855989,0.5799853019931968,0.37334125209701446,-4.180906604857276,114.5,2026-08-28 13:10:06.831561728+09:00
,,0.026304628213907427,0.010092257346281584,0.0013664855767008158,0.03776337113688982,1.2734177130597926,0.6965646186235551,0.26724990493295186,-4.595986748500544,114.6,2026-08-28 13:10:06.931561728+09:00
,,0.026304628213907427,0.010092257346281584,0.0013664855767008158,0.03776337113688982,1.2892582622635966,0.6965646186235551,0.26724990493295186,-4.595986748500544,114.7,2026-08-28 13:10:07.031561728+09:00
,,0.026304628213907427,0.010092257346281584,0.0013664855767008158,0.03776337113688982,1.3044307347084072,0.6965646186235551,0.26724990493295186,-4.595986748500544,114.8,2026-08-28 13:10:07.131561728+09:00
,,0.026304628213907427,0.010092257346281584,0.0013664855767008158,0.03776337113688982,1.319603207153218,0.6965646186235551,0.26724990493295186,-4.595986748500544,114.9,2026-08-28 13:10:07.231561728+09:00
,,0.023910811294051388,0.014633213412657716,0.0018281702040297623,0.040372194910738866,1.331205094921934,0.5922593841359661,0.36245771241843805,-4.224461442637481,115.0,2026-08-28 13:10:07.331561728+09:00
,,0.023910811294051388,0.014633213412657716,0.0018281702040297623,0.040372194910738866,1.3428069826906501,0.5922593841359661,0.36245771241843805,-4.224461442637481,115.1,2026-08-28 13:10:07.431561728+09:00
,,0.023910811294051388,0.014633213412657716,0.0018281702040297623,0.040372194910738866,1.3544088704593664,0.5922593841359661,0.36245771241843805,-4.224461442637481,115.2,2026-08-28 13:10:07.531561728+09:00
,,0.023910811294051388,0.014633213412657716,0.0018281702040297623,0.040372194910738866,1.3660107582280825,0.5922593841359661,0.36245771241843805,-4.224461442637481,115.3,2026-08-28 13:10:07.631561728+09:00
,,0.023925069325106976,0.013746891053546203,0.002092189183619493,0.03976414956227268,1.3787947454215044,0.601674362169851,0.34571067669931865,-4.28694258563183,115.4,2026-08-28 13:10:07.731561728+09:00
,,0.023925069325106976,0.013746891053546203,0.002092189183619493,0.03976414956227268,1.391578732614926,0.601674362169851,0.34571067669931865,-4.28694258563183,115.5,2026-08-28 13:10:07.831561728+09:00
,,0.023925069325106976,0.013746891053546203,0.002092189183619493,0.03976414956227268,1.404362719808348,0.601674362169851,0.34571067669931865,-4.28694258563183,115.6,2026-08-28 13:10:07.931561728+09:00
,,0.023925069325106976,0.013746891053546203,0.002092189183619493,0.03976414956227268,1.4101161691942972,0.601674362169851,0.34571067669931865,-4.28694258563183,115.7,2026-08-28 13:10:08.031561728+09:00
,,0.024083691340448687,0.014453801634827582,0.0017963496702220855,0.04033384264549836,1.4158667950898913,0.5971087741905657,0.35835419307465277,-4.2367978101101125,115.8,2026-08-28 13:10:08.131561728+09:00
,,0.024083691340448687,0.014453801634827582,0.0017963496702220855,0.04033384264549836,1.4216174209854857,0.5971087741905657,0.35835419307465277,-4.2367978101101125,115.9,2026-08-28 13:10:08.231561728+09:00
,,0.024083691340448687,0.014453801634827582,0.0017963496702220855,0.04033384264549836,1.4273680468810799,0.5971087741905657,0.35835419307465277,-4.2367978101101125,116.0,2026-08-28 13:10:08.331561728+09:00
,,0.024083691340448687,0.014453801634827582,0.0017963496702220855,0.04033384264549836,1.4331186727766743,0.5971087741905657,0.35835419307465277,-4.2367978101101125,116.1,2026-08-28 13:10:08.431561728+09:00
,,0.024083691340448687,0.014453801634827582,0.0017963496702220855,0.04033384264549836,1.4388692986722684,0.5971087741905657,0.35835419307465277,-4.2367978101101125,116.2,2026-08-28 13:10:08.531561728+09:00
,,0.02539679008632292,0.009911131430641904,0.0014216897075102052,0.03672961122447503,1.4545776809660118,0.6914527336297965,0.2698403576904063,-4.614096766557621,116.3,2026-08-28 13:10:08.631561728+09:00
,,0.02539679008632292,0.009911131430641904,0.0014216897075102052,0.03672961122447503,1.4702860632597554,0.6914527336297965,0.2698403576904063,-4.614096766557621,116.4,2026-08-28 13:10:08.731561728+09:00
,,0.025212857854249048,0.011053207104723834,0.0013740632740653737,0.03764012823303826,1.4828677056331299,0.6698398501235366,0.29365487376374,-4.505034657407,116.5,2026-08-28 13:10:08.831561728+09:00
,,0.025212857854249048,0.011053207104723834,0.0013740632740653737,0.03764012823303826,1.4954486526361108,0.6698398501235366,0.29365487376374,-4.505034657407,116.6,2026-08-28 13:10:08.931561728+09:00
,,0.025212857854249048,0.011053207104723834,0.0013740632740653737,0.03764012823303826,1.5080289042686985,0.6698398501235366,0.29365487376374,-4.505034657407,116.7,2026-08-28 13:10:09.031561728+09:00
,,0.025212857854249048,0.011053207104723834,0.0013740632740653737,0.03764012823303826,1.5206084605308923,0.6698398501235366,0.29365487376374,-4.505034657407,116.8,2026-08-28 13:10:09.131561728+09:00
,,0.025212857854249048,0.011053207104723834,0.0013740632740653737,0.03764012823303826,1.5331873214226928,0.6698398501235366,0.29365487376374,-4.505034657407,116.9,2026-08-28 13:10:09.231561728+09:00
,,0.025212857854249048,0.011053207104723834,0.0013740632740653737,0.03764012823303826,1.5457654869440995,0.6698398501235366,0.29365487376374,-4.505034657407,117.0,2026-08-28 13:10:09.331561728+09:00
,,0.025212857854249048,0.011053207104723834,0.0013740632740653737,0.03764012823303826,1.5583429570951126,0.6698398501235366,0.29365487376374,-4.505034657407,117.1,2026-08-28 13:10:09.431561728+09:00
,,0.02432439888433207,0.014370321255547557,0.0021361883445279676,0.04083090848440759,1.5643823815939881,0.5957349416709896,0.35194713487786494,-4.242590223153095,117.2,2026-08-28 13:10:09.531561728+09:00
,,0.02451637291789571,0.01565026726160576,0.0019861442887561614,0.04215278446825763,1.5690192398480438,0.5816074365468622,0.37127481515226834,-4.157267284722894,117.3,2026-08-28 13:10:09.631561728+09:00
,,0.02451637291789571,0.01565026726160576,0.0019861442887561614,0.04215278446825763,1.5736554027317058,0.5816074365468622,0.37127481515226834,-4.157267284722894,117.4,2026-08-28 13:10:09.731561728+09:00
,,0.02451637291789571,0.01565026726160576,0.0019861442887561614,0.04215278446825763,1.5782908702449743,0.5816074365468622,0.37127481515226834,-4.157267284722894,117.5,2026-08-28 13:10:09.831561728+09:00
,,0.02451637291789571,0.01565026726160576,0.0019861442887561614,0.04215278446825763,1.582926337758243,0.5816074365468622,0.37127481515226834,-4.157267284722894,117.6,2026-08-28 13:10:09.931561728+09:00
,,0.02451637291789571,0.01565026726160576,0.0019861442887561614,0.04215278446825763,1.5875618052715113,0.5816074365468622,0.37127481515226834,-4.157267284722894,117.7,2026-08-28 13:10:10.031561728+09:00
,,0.02451637291789571,0.01565026726160576,0.0019861442887561614,0.04215278446825763,1.5921972727847797,0.5816074365468622,0.37127481515226834,-4.157267284722894,117.8,2026-08-28 13:10:10.131561728+09:00
,,0.02451637291789571,0.01565026726160576,0.0019861442887561614,0.04215278446825763,1.5968327402980482,0.5816074365468622,0.37127481515226834,-4.157267284722894,117.9,2026-08-28 13:10:10.231561728+09:00
,,0.024557106015639193,0.015466578048021772,0.0022590101484018573,0.04228269421206283,1.6017041897248985,0.5807838519578844,0.36578979500339676,-4.169073838088217,118.0,2026-08-28 13:10:10.331561728+09:00
,,0.024749583158383517,0.016872039853914878,0.0021635695948301415,0.043785192607128536,1.6052405536765841,0.5652500693660101,0.385336659479899,-4.082097473675044,118.1,2026-08-28 13:10:10.431561728+09:00
,,0.024749583158383517,0.016872039853914878,0.0021635695948301415,0.043785192607128536,1.6087691837916578,0.5652500693660101,0.385336659479899,-4.082097473675044,118.2,2026-08-28 13:10:10.531561728+09:00
,,0.024749583158383517,0.016872039853914878,0.0021635695948301415,0.043785192607128536,1.6128099033996361,0.5652500693660101,0.385336659479899,-4.082097473675044,118.3,2026-08-28 13:10:10.631561728+09:00
,,0.024749583158383517,0.016872039853914878,0.0021635695948301415,0.043785192607128536,1.6161552536630581,0.5652500693660101,0.385336659479899,-4.082097473675044,118.4,2026-08-28 13:10:10.731561728+09:00
,,0.024749583158383517,0.016872039853914878,0.0021635695948301415,0.043785192607128536,1.6195006039264803,0.5652500693660101,0.385336659479899,-4.082097473675044,118.5,2026-08-28 13:10:10.831561728+09:00
,,0.024749583158383517,0.016872039853914878,0.0021635695948301415,0.043785192607128536,1.6228459541899023,0.5652500693660101,0.385336659479899,-4.082097473675044,118.6,2026-08-28 13:10:10.931561728+09:00
,,0.024749583158383517,0.016872039853914878,0.0021635695948301415,0.043785192607128536,1.6261913044533243,0.5652500693660101,0.385336659479899,-4.082097473675044,118.7,2026-08-28 13:10:11.031561728+09:00
,,0.024749583158383517,0.016872039853914878,0.0021635695948301415,0.043785192607128536,1.6295366547167462,0.5652500693660101,0.385336659479899,-4.082097473675044,118.8,2026-08-28 13:10:11.131561728+09:00
,,0.02477005178211937,0.01335071096276404,0.0018659545455632781,0.015216665508327318,1.6326762425691954,,0.8773742812088408,-4.316185639916154,118.9,2026-08-28 13:10:11.231561728+09:00
,,0.024790520405855224,0.01335071096276404,0.0018659545455632781,0.015216665508327318,1.6356100680106709,,0.8773742812088408,-4.316185639916154,119.0,2026-08-28 13:10:11.331561728+09:00
,,0.02481098902959108,0.01335071096276404,0.0018659545455632781,0.015216665508327318,1.6387686805632156,,0.8773742812088408,-4.316185639916154,119.1,2026-08-28 13:10:11.431561728+09:00
,,0.024831457653326935,0.01335071096276404,0.0018659545455632781,0.015216665508327318,1.6417215307047874,,0.8773742812088408,-4.316185639916154,119.2,2026-08-28 13:10:11.531561728+09:00
,,0.02485192627706279,0.01335071096276404,0.0018659545455632781,0.015216665508327318,1.643709562382988,,0.8773742812088408,-4.316185639916154,119.3,2026-08-28 13:10:11.631561728+09:00
,,0.024872394900798643,0.01335071096276404,0.0018659545455632781,0.015216665508327318,1.6454918316502156,,0.8773742812088408,-4.316185639916154,119.4,2026-08-28 13:10:11.731561728+09:00
,,0.024892863524534497,0.01335071096276404,0.0018659545455632781,0.015216665508327318,1.6470683385064702,,0.8773742812088408,-4.316185639916154,119.5,2026-08-28 13:10:11.831561728+09:00
,,0.024913332148270354,0.014293997579996753,0.0018333305551902531,0.016127328135187007,1.6484390829517512,,0.8863214948054385,-4.2479155794863965,119.6,2026-08-28 13:10:11.931561728+09:00
,,0.024933800772006208,0.014293997579996753,0.0018333305551902531,0.016127328135187007,1.6496040649860593,,0.8863214948054385,-4.2479155794863965,119.7,2026-08-28 13:10:12.031561728+09:00
,,0.024954269395742062,0.019469465629420334,0.0026331953111106265,0.04705693033627302,1.650563284609394,0.5302995587986005,0.41374278964415645,-3.938907905818518,119.8,2026-08-28 13:10:12.131561728+09:00
,,0.024954269395742062,0.019469465629420334,0.0026331953111106265,0.04705693033627302,1.6515225042327293,0.5302995587986005,0.41374278964415645,-3.938907905818518,119.9,2026-08-28 13:10:12.231561728+09:00
,,0.024954269395742062,0.019469465629420334,0.0026331953111106265,0.04705693033627302,1.652779193964851,0.5302995587986005,0.41374278964415645,-3.938907905818518,120.0,2026-08-28 13:10:12.331561728+09:00
,,0.024954269395742062,0.019469465629420334,0.0026331953111106265,0.04705693033627302,1.6531244809238943,0.5302995587986005,0.41374278964415645,-3.938907905818518,120.1,2026-08-28 13:10:12.431561728+09:00
,,0.024954269395742062,0.019469465629420334,0.0026331953111106265,0.04705693033627302,1.6534697678829369,0.5302995587986005,0.41374278964415645,-3.938907905818518,120.2,2026-08-28 13:10:12.531561728+09:00
,,0.024954269395742062,0.019469465629420334,0.0026331953111106265,0.04705693033627302,1.6538150548419803,0.5302995587986005,0.41374278964415645,-3.938907905818518,120.3,2026-08-28 13:10:12.631561728+09:00
,,0.024919103949371253,0.020467797491296943,0.002551145488792341,0.047938046929460534,1.6534466241861607,0.5198189234959656,0.42696352484728306,-3.8889024820057205,120.4,2026-08-28 13:10:12.731561728+09:00
,,0.024919103949371253,0.020467797491296943,0.002551145488792341,0.047938046929460534,1.6530781935303407,0.5198189234959656,0.42696352484728306,-3.8889024820057205,120.5,2026-08-28 13:10:12.831561728+09:00
,,0.024651938373841522,0.020265887051975465,0.002857898090927265,0.04777572351674425,1.6526980606967359,0.5159929888911385,0.4241879674490488,-3.8988162472481895,120.6,2026-08-28 13:10:12.931561728+09:00
,,0.024651938373841522,0.020265887051975465,0.002857898090927265,0.04777572351674425,1.6523179278631315,0.5159929888911385,0.4241879674490488,-3.8988162472481895,120.7,2026-08-28 13:10:13.031561728+09:00
,,0.024651938373841522,0.020265887051975465,0.002857898090927265,0.04777572351674425,1.6520825225033602,0.5159929888911385,0.4241879674490488,-3.8988162472481895,120.8,2026-08-28 13:10:13.131561728+09:00
,,0.024651938373841522,0.020265887051975465,0.002857898090927265,0.04777572351674425,1.651847117143589,0.5159929888911385,0.4241879674490488,-3.8988162472481895,120.9,2026-08-28 13:10:13.231561728+09:00
,,0.024651938373841522,0.020265887051975465,0.002857898090927265,0.04777572351674425,1.6505241827635098,0.5159929888911385,0.4241879674490488,-3.8988162472481895,121.0,2026-08-28 13:10:13.331561728+09:00
,,0.021536653739999564,0.018327727842991078,0.0023911481712097513,0.0422555297542004,1.6487419208660163,0.5096765764215445,0.43373560690406954,-3.999340183188734,121.1,2026-08-28 13:10:13.431561728+09:00
,,0.021536653739999564,0.018327727842991078,0.0023911481712097513,0.0422555297542004,1.6469596589685227,0.5096765764215445,0.43373560690406954,-3.999340183188734,121.2,2026-08-28 13:10:13.531561728+09:00
,,0.021536653739999564,0.018327727842991078,0.0023911481712097513,0.0422555297542004,1.6451773970710293,0.5096765764215445,0.43373560690406954,-3.999340183188734,121.3,2026-08-28 13:10:13.631561728+09:00
,,0.02171171576242124,0.015025480204268898,0.0023265081384537603,0.0390637041051439,1.6463941049655832,0.5558027908459978,0.38464043665255865,-4.198007838720912,121.4,2026-08-28 13:10:13.731561728+09:00
,,0.02171171576242124,0.015025480204268898,0.0023265081384537603,0.0390637041051439,1.6476108128601374,0.5558027908459978,0.38464043665255865,-4.198007838720912,121.5,2026-08-28 13:10:13.831561728+09:00
,,0.02171171576242124,0.015025480204268898,0.0023265081384537603,0.0390637041051439,1.6488685872972064,0.5558027908459978,0.38464043665255865,-4.198007838720912,121.6,2026-08-28 13:10:13.931561728+09:00
,,0.02171171576242124,0.015025480204268898,0.0023265081384537603,0.0390637041051439,1.6501263617342756,0.5558027908459978,0.38464043665255865,-4.198007838720912,121.7,2026-08-28 13:10:14.031561728+09:00
,,0.02171171576242124,0.015025480204268898,0.0023265081384537603,0.0390637041051439,1.6513841361713446,0.5558027908459978,0.38464043665255865,-4.198007838720912,121.8,2026-08-28 13:10:14.131561728+09:00
,,0.016997337538444582,0.014737517794203802,0.002006582965106137,0.03374143829775453,1.6481308574596978,0.503752607949014,0.43677799577336257,-4.217358805709449,121.9,2026-08-28 13:10:14.231561728+09:00
,,0.016997337538444582,0.014737517794203802,0.002006582965106137,0.03374143829775453,1.6448775787480507,0.503752607949014,0.43677799577336257,-4.217358805709449,122.0,2026-08-28 13:10:14.331561728+09:00
,,0.016997337538444582,0.014737517794203802,0.002006582965106137,0.03374143829775453,1.6416243000364037,0.503752607949014,0.43677799577336257,-4.217358805709449,122.1,2026-08-28 13:10:14.431561728+09:00
,,0.016997337538444582,0.014737517794203802,0.002006582965106137,0.03374143829775453,1.6383710213247566,0.503752607949014,0.43677799577336257,-4.217358805709449,122.2,2026-08-28 13:10:14.531561728+09:00
,,0.015600970012564538,0.013437798663772482,0.002036601444463955,0.031075370120800975,1.6352026174451564,0.5020364987421885,0.4324260213646691,-4.309683747200045,122.3,2026-08-28 13:10:14.631561728+09:00
,,0.015600970012564538,0.013437798663772482,0.002036601444463955,0.031075370120800975,1.6320622967512268,0.5020364987421885,0.4324260213646691,-4.309683747200045,122.4,2026-08-28 13:10:14.731561728+09:00
,,0.015600970012564538,0.013437798663772482,0.002036601444463955,0.031075370120800975,1.628921976057297,0.5020364987421885,0.4324260213646691,-4.309683747200045,122.5,2026-08-28 13:10:14.831561728+09:00
,,0.013932973986472244,0.012087626879889096,0.001701028105565975,0.027721628971927318,1.6256892944731949,0.5026030036179208,0.4360359520044726,-4.415572921472782,122.6,2026-08-28 13:10:14.931561728+09:00
,,0.013932973986472244,0.012087626879889096,0.001701028105565975,0.027721628971927318,1.6113972486377188,0.5026030036179208,0.4360359520044726,-4.415572921472782,122.7,2026-08-28 13:10:15.031561728+09:00
,,0.013932973986472244,0.012087626879889096,0.001701028105565975,0.027721628971927318,1.5971052028022428,0.5026030036179208,0.4360359520044726,-4.415572921472782,122.8,2026-08-28 13:10:15.131561728+09:00
,,0.013932973986472244,0.012087626879889096,0.001701028105565975,0.027721628971927318,1.5828131569667667,0.5026030036179208,0.4360359520044726,-4.415572921472782,122.9,2026-08-28 13:10:15.231561728+09:00
,,0.013932973986472244,0.012087626879889096,0.001701028105565975,0.027721628971927318,1.568521111131291,0.5026030036179208,0.4360359520044726,-4.415572921472782,123.0,2026-08-28 13:10:15.331561728+09:00
,,0.01320328167600274,0.01121977897231732,0.0018616423441429118,0.013081421316460232,1.55431645803491,,0.8576880677483857,-4.490077078518582,123.1,2026-08-28 13:10:15.431561728+09:00
,,0.01247358936553324,0.01121977897231732,0.0018616423441429118,0.013081421316460232,1.5500375215988011,,0.8576880677483857,-4.490077078518582,123.2,2026-08-28 13:10:15.531561728+09:00
,,0.011743897055063736,0.009984098165668084,0.001469312044159694,0.023197307264891515,1.5458459779017875,0.5062612190699306,0.4303990136294285,-4.606761635104916,123.3,2026-08-28 13:10:15.631561728+09:00
,,0.011743897055063736,0.009984098165668084,0.001469312044159694,0.023197307264891515,1.5416544342047735,0.5062612190699306,0.4303990136294285,-4.606761635104916,123.4,2026-08-28 13:10:15.731561728+09:00
,,0.011743897055063736,0.009984098165668084,0.001469312044159694,0.023197307264891515,1.5374628905077596,0.5062612190699306,0.4303990136294285,-4.606761635104916,123.5,2026-08-28 13:10:15.831561728+09:00
,,0.011743897055063736,0.009984098165668084,0.001469312044159694,0.023197307264891515,1.5215722623130776,0.5062612190699306,0.4303990136294285,-4.606761635104916,123.6,2026-08-28 13:10:15.931561728+09:00
,,0.011743897055063736,0.009984098165668084,0.001469312044159694,0.023197307264891515,1.5056816341183956,0.5062612190699306,0.4303990136294285,-4.606761635104916,123.7,2026-08-28 13:10:16.031561728+09:00
,,0.011743897055063736,0.009984098165668084,0.001469312044159694,0.023197307264891515,1.4897910059237136,0.5062612190699306,0.4303990136294285,-4.606761635104916,123.8,2026-08-28 13:10:16.131561728+09:00
,,0.010995527787671691,0.009029052777149603,0.0015098314505420814,0.021534412015363377,1.474361866507592,0.5106026475126003,0.41928485303931085,-4.707307814380978,123.9,2026-08-28 13:10:16.231561728+09:00
,,0.009654810721812412,0.007914024198751354,0.0012126561716366932,0.01878149109220046,1.469761340256435,0.5140598621491689,0.42137358316762585,-4.839118878309231,124.0,2026-08-28 13:10:16.331561728+09:00
,,0.009654810721812412,0.007914024198751354,0.0012126561716366932,0.01878149109220046,1.4651608140052783,0.5140598621491689,0.42137358316762585,-4.839118878309231,124.1,2026-08-28 13:10:16.431561728+09:00
,,0.009654810721812412,0.007914024198751354,0.0012126561716366932,0.01878149109220046,1.4605602877541215,0.5140598621491689,0.42137358316762585,-4.839118878309231,124.2,2026-08-28 13:10:16.531561728+09:00
,,0.009654810721812412,0.007914024198751354,0.0012126561716366932,0.01878149109220046,1.455959761502965,0.5140598621491689,0.42137358316762585,-4.839118878309231,124.3,2026-08-28 13:10:16.631561728+09:00
,,0.009654810721812412,0.007914024198751354,0.0012126561716366932,0.01878149109220046,1.4501771358271023,0.5140598621491689,0.42137358316762585,-4.839118878309231,124.4,2026-08-28 13:10:16.731561728+09:00
,,0.009654810721812412,0.007914024198751354,0.0012126561716366932,0.01878149109220046,1.4443945101512399,0.5140598621491689,0.42137358316762585,-4.839118878309231,124.5,2026-08-28 13:10:16.831561728+09:00
,,0.009654810721812412,0.007914024198751354,0.0012126561716366932,0.01878149109220046,1.4386118844753775,0.5140598621491689,0.42137358316762585,-4.839118878309231,124.6,2026-08-28 13:10:16.931561728+09:00
,,0.008934474388409334,0.007043420446411305,0.0009225068133806571,0.007965927259791963,1.433146154013308,,0.8841934173769056,-4.955661367938146,124.7,2026-08-28 13:10:17.031561728+09:00
,,0.008214138055006256,0.006432354186904543,0.001009820687705552,0.01565631292961635,1.4288211574922616,0.5246534156498581,0.41084731863890794,-5.046414682249594,124.8,2026-08-28 13:10:17.131561728+09:00
,,0.008214138055006256,0.006432354186904543,0.001009820687705552,0.01565631292961635,1.4244961609712148,0.5246534156498581,0.41084731863890794,-5.046414682249594,124.9,2026-08-28 13:10:17.231561728+09:00
,,0.008214138055006256,0.006432354186904543,0.001009820687705552,0.01565631292961635,1.420171164450168,0.5246534156498581,0.41084731863890794,-5.046414682249594,125.0,2026-08-28 13:10:17.331561728+09:00
,,0.008214138055006256,0.006432354186904543,0.001009820687705552,0.01565631292961635,1.4158461679291214,0.5246534156498581,0.41084731863890794,-5.046414682249594,125.1,2026-08-28 13:10:17.431561728+09:00
,,0.008214138055006256,0.006432354186904543,0.001009820687705552,0.01565631292961635,1.4115211714080749,0.5246534156498581,0.41084731863890794,-5.046414682249594,125.2,2026-08-28 13:10:17.531561728+09:00
,,0.008214138055006256,0.006432354186904543,0.001009820687705552,0.01565631292961635,1.3972384184888789,0.5246534156498581,0.41084731863890794,-5.046414682249594,125.3,2026-08-28 13:10:17.631561728+09:00
,,0.007343458651487031,0.005825260805643712,0.000815019095878336,0.013983738553009079,1.3827736630326959,0.5251427308691233,0.41657392145609073,-5.14555150703161,125.4,2026-08-28 13:10:17.731561728+09:00
,,0.007343458651487031,0.005825260805643712,0.000815019095878336,0.013983738553009079,1.3714356474968812,0.5251427308691233,0.41657392145609073,-5.14555150703161,125.5,2026-08-28 13:10:17.831561728+09:00
,,0.007343458651487031,0.005825260805643712,0.000815019095878336,0.013983738553009079,1.3600976319610667,0.5251427308691233,0.41657392145609073,-5.14555150703161,125.6,2026-08-28 13:10:17.931561728+09:00
,,0.007285871881237491,0.005437360006941833,0.0008809593081703254,0.013604191196349648,1.3496411920379645,0.5355608265188508,0.3996827101636748,-5.214461628748542,125.7,2026-08-28 13:10:18.031561728+09:00
,,0.007285871881237491,0.005437360006941833,0.0008809593081703254,0.013604191196349648,1.3391847521148625,0.5355608265188508,0.3996827101636748,-5.214461628748542,125.8,2026-08-28 13:10:18.131561728+09:00
,,0.007285871881237491,0.005437360006941833,0.0008809593081703254,0.013604191196349648,1.3287283121917608,0.5355608265188508,0.3996827101636748,-5.214461628748542,125.9,2026-08-28 13:10:18.231561728+09:00
,,0.007285871881237491,0.005437360006941833,0.0008809593081703254,0.013604191196349648,1.3182718722686588,0.5355608265188508,0.3996827101636748,-5.214461628748542,126.0,2026-08-28 13:10:18.331561728+09:00
,,0.007285871881237491,0.005437360006941833,0.0008809593081703254,0.013604191196349648,1.3078154323455566,0.5355608265188508,0.3996827101636748,-5.214461628748542,126.1,2026-08-28 13:10:18.431561728+09:00
,,0.006560850157513079,0.004999485211005096,0.000721264202938939,0.012281599571457115,1.3035890114163986,0.534201601293103,0.40707117846636864,-5.298420329647535,126.2,2026-08-28 13:10:18.531561728+09:00
,,0.006560850157513079,0.004999485211005096,0.000721264202938939,0.012281599571457115,1.3007644613616667,0.534201601293103,0.40707117846636864,-5.298420329647535,126.3,2026-08-28 13:10:18.631561728+09:00
,,0.006560850157513079,0.004999485211005096,0.000721264202938939,0.012281599571457115,1.2979399113069348,0.534201601293103,0.40707117846636864,-5.298420329647535,126.4,2026-08-28 13:10:18.731561728+09:00
,,0.00664035267396985,0.004753788775074327,0.0007918788118192136,0.01218602026086339,1.2960548018918425,0.544915610824643,0.3901018276115616,-5.348813342021055,126.5,2026-08-28 13:10:18.831561728+09:00
,,0.00664035267396985,0.004753788775074327,0.0007918788118192136,0.01218602026086339,1.2941696924767503,0.544915610824643,0.3901018276115616,-5.348813342021055,126.6,2026-08-28 13:10:18.931561728+09:00
,,0.00664035267396985,0.004753788775074327,0.0007918788118192136,0.01218602026086339,1.2922845830616578,0.544915610824643,0.3901018276115616,-5.348813342021055,126.7,2026-08-28 13:10:19.031561728+09:00
,,0.00664035267396985,0.004753788775074327,0.0007918788118192136,0.01218602026086339,1.2903994736465658,0.544915610824643,0.3901018276115616,-5.348813342021055,126.8,2026-08-28 13:10:19.131561728+09:00
,,0.005988472145336341,0.004421941831751419,0.000648649724237364,0.011059063701325124,1.2880411218320877,0.5414990190009293,0.39984775846996623,-5.421176350918471,126.9,2026-08-28 13:10:19.231561728+09:00
,,0.005988472145336341,0.004421941831751419,0.000648649724237364,0.011059063701325124,1.2854467881040283,0.5414990190009293,0.39984775846996623,-5.421176350918471,127.0,2026-08-28 13:10:19.331561728+09:00
,,0.005988472145336341,0.004421941831751419,0.000648649724237364,0.011059063701325124,1.284195273687745,0.5414990190009293,0.39984775846996623,-5.421176350918471,127.1,2026-08-28 13:10:19.431561728+09:00
,,0.005988472145336341,0.004421941831751419,0.000648649724237364,0.011059063701325124,1.2829437592714619,0.5414990190009293,0.39984775846996623,-5.421176350918471,127.2,2026-08-28 13:10:19.531561728+09:00
,,0.005988472145336341,0.004421941831751419,0.000648649724237364,0.011059063701325124,1.2816922448551789,0.5414990190009293,0.39984775846996623,-5.421176350918471,127.3,2026-08-28 13:10:19.631561728+09:00
,,0.0061125981676352645,0.004279066066193618,0.0007110689130127116,0.011102733146841593,1.281265462279803,0.5505489582422435,0.385406548964107,-5.4540205020327095,127.4,2026-08-28 13:10:19.731561728+09:00
,,0.0061125981676352645,0.004279066066193618,0.0007110689130127116,0.011102733146841593,1.2808386797044276,0.5505489582422435,0.385406548964107,-5.4540205020327095,127.5,2026-08-28 13:10:19.831561728+09:00
,,0.005518026010061425,0.004025890058269668,0.0005873393569026846,0.010131255425233777,1.2797690770884895,0.54465372537324,0.3973732661247923,-5.515009260068437,127.6,2026-08-28 13:10:19.931561728+09:00
,,0.005518026010061425,0.004025890058269668,0.0005873393569026846,0.010131255425233777,1.2786994744725515,0.54465372537324,0.3973732661247923,-5.515009260068437,127.7,2026-08-28 13:10:20.031561728+09:00
,,0.005518026010061425,0.004025890058269668,0.0005873393569026846,0.010131255425233777,1.2776298718566133,0.54465372537324,0.3973732661247923,-5.515009260068437,127.8,2026-08-28 13:10:20.131561728+09:00
,,0.005518026010061425,0.004025890058269668,0.0005873393569026846,0.010131255425233777,1.2767660316516483,0.54465372537324,0.3973732661247923,-5.515009260068437,127.9,2026-08-28 13:10:20.231561728+09:00
,,0.005518026010061425,0.004025890058269668,0.0005873393569026846,0.010131255425233777,1.2761079538576565,0.54465372537324,0.3973732661247923,-5.515009260068437,128.0,2026-08-28 13:10:20.331561728+09:00
,,0.005518026010061425,0.004025890058269668,0.0005873393569026846,0.010131255425233777,1.2756556384746376,0.54465372537324,0.3973732661247923,-5.515009260068437,128.1,2026-08-28 13:10:20.431561728+09:00
,,0.005518026010061425,0.004025890058269668,0.0005873393569026846,0.010131255425233777,1.2754090855025921,0.54465372537324,0.3973732661247923,-5.515009260068437,128.2,2026-08-28 13:10:20.531561728+09:00
,,0.005604410615101111,0.003939223681061307,0.0006443055439999668,0.010187939840162384,1.2759470118429748,0.5501024449523824,0.38665556951291535,-5.53677161034992,128.3,2026-08-28 13:10:20.631561728+09:00
,,0.005055967894722987,0.0037307609728178914,0.0005438412245802188,0.009330570092121097,1.2759406041575663,0.5418712731167775,0.39984276801780994,-5.591143051974179,128.4,2026-08-28 13:10:20.731561728+09:00
,,0.005055967894722987,0.0037307609728178914,0.0005438412245802188,0.009330570092121097,1.2761399588831308,0.5418712731167775,0.39984276801780994,-5.591143051974179,128.5,2026-08-28 13:10:20.831561728+09:00
,,0.005055967894722987,0.0037307609728178914,0.0005438412245802188,0.009330570092121097,1.2765450760196684,0.5418712731167775,0.39984276801780994,-5.591143051974179,128.6,2026-08-28 13:10:20.931561728+09:00
,,0.005055967894722987,0.0037307609728178914,0.0005438412245802188,0.009330570092121097,1.2771559555671792,0.5418712731167775,0.39984276801780994,-5.591143051974179,128.7,2026-08-28 13:10:21.031561728+09:00
,,0.005055967894722987,0.0037307609728178914,0.0005438412245802188,0.009330570092121097,1.2779725975256633,0.5418712731167775,0.39984276801780994,-5.591143051974179,128.8,2026-08-28 13:10:21.131561728+09:00
,,0.005055967894722987,0.0037307609728178914,0.0005438412245802188,0.009330570092121097,1.2787892394841471,0.5418712731167775,0.39984276801780994,-5.591143051974179,128.9,2026-08-28 13:10:21.231561728+09:00
,,0.005055967894722987,0.0037307609728178914,0.0005438412245802188,0.009330570092121097,1.279605881442631,0.5418712731167775,0.39984276801780994,-5.591143051974179,129.0,2026-08-28 13:10:21.331561728+09:00
,,0.005097433265113297,0.0036973314747059463,0.0005984119731281929,0.009393176712947437,1.280683280204411,0.5426740516961699,0.3936188562927376,-5.6001439425908695,129.1,2026-08-28 13:10:21.431561728+09:00
,,0.008475123411482738,0.005529049504184474,0.0007170641467673516,0.014721237062434563,1.2834735290523784,0.5757072843497258,0.3755832122487465,-5.197739358115244,129.2,2026-08-28 13:10:21.531561728+09:00
,,0.008475123411482738,0.005529049504184474,0.0007170641467673516,0.014721237062434563,1.2862637779003459,0.5757072843497258,0.3755832122487465,-5.197739358115244,129.3,2026-08-28 13:10:21.631561728+09:00
,,0.008475123411482738,0.005529049504184474,0.0007170641467673516,0.014721237062434563,1.289767744363176,0.5757072843497258,0.3755832122487465,-5.197739358115244,129.4,2026-08-28 13:10:21.731561728+09:00
,,0.008475123411482738,0.005529049504184474,0.0007170641467673516,0.014721237062434563,1.2932717108260063,0.5757072843497258,0.3755832122487465,-5.197739358115244,129.5,2026-08-28 13:10:21.831561728+09:00
,,0.008475123411482738,0.005529049504184474,0.0007170641467673516,0.014721237062434563,1.2967873794666214,0.5757072843497258,0.3755832122487465,-5.197739358115244,129.6,2026-08-28 13:10:21.931561728+09:00
,,0.008475123411482738,0.005529049504184474,0.0007170641467673516,0.014721237062434563,1.3003030481072366,0.5757072843497258,0.3755832122487465,-5.197739358115244,129.7,2026-08-28 13:10:22.031561728+09:00
,,0.008475123411482738,0.005529049504184474,0.0007170641467673516,0.014721237062434563,1.3038187167478514,0.5757072843497258,0.3755832122487465,-5.197739358115244,129.8,2026-08-28 13:10:22.131561728+09:00
,,0.008475123411482738,0.005529049504184474,0.0007170641467673516,0.014721237062434563,1.3073343853884665,0.5757072843497258,0.3755832122487465,-5.197739358115244,129.9,2026-08-28 13:10:22.231561728+09:00
,,0.004048173561617929,0.003288733467297504,0.0004741775532194645,0.007811084582134897,1.307495456728823,0.5182601108784175,0.4210341640416137,-5.717252752669917,130.0,2026-08-28 13:10:22.331561728+09:00
,,0.004048173561617929,0.003288733467297504,0.0004741775532194645,0.007811084582134897,1.3081158555865935,0.5182601108784175,0.4210341640416137,-5.717252752669917,130.1,2026-08-28 13:10:22.431561728+09:00
,,0.004048173561617929,0.003288733467297504,0.0004741775532194645,0.007811084582134897,1.3087362544443641,0.5182601108784175,0.4210341640416137,-5.717252752669917,130.2,2026-08-28 13:10:22.531561728+09:00
,,0.004048173561617929,0.003288733467297504,0.0004741775532194645,0.007811084582134897,1.3093566533021346,0.5182601108784175,0.4210341640416137,-5.717252752669917,130.3,2026-08-28 13:10:22.631561728+09:00
,,0.004048173561617929,0.003288733467297504,0.0004741775532194645,0.007811084582134897,1.3069780823678576,0.5182601108784175,0.4210341640416137,-5.717252752669917,130.4,2026-08-28 13:10:22.731561728+09:00
,,0.004048173561617929,0.003288733467297504,0.0004741775532194645,0.007811084582134897,1.3045995114335809,0.5182601108784175,0.4210341640416137,-5.717252752669917,130.5,2026-08-28 13:10:22.831561728+09:00
,,0.004048173561617929,0.003288733467297504,0.0004741775532194645,0.007811084582134897,1.302220940499304,0.5182601108784175,0.4210341640416137,-5.717252752669917,130.6,2026-08-28 13:10:22.931561728+09:00
,,0.004048173561617929,0.003288733467297504,0.0004741775532194645,0.007811084582134897,1.2998423695650272,0.5182601108784175,0.4210341640416137,-5.717252752669917,130.7,2026-08-28 13:10:23.031561728+09:00
,,0.0035577715694322604,0.003066506152905511,0.00043923587071791146,0.007063513593055682,1.2966780417168702,0.5036829790955588,0.4341332557100577,-5.7872164264089685,130.8,2026-08-28 13:10:23.131561728+09:00
,,0.0035577715694322604,0.003066506152905511,0.00043923587071791146,0.007063513593055682,1.29675432781891,0.5036829790955588,0.4341332557100577,-5.7872164264089685,130.9,2026-08-28 13:10:23.231561728+09:00
,,0.0035577715694322604,0.003066506152905511,0.00043923587071791146,0.007063513593055682,1.29683061392095,0.5036829790955588,0.4341332557100577,-5.7872164264089685,131.0,2026-08-28 13:10:23.331561728+09:00
,,0.0035577715694322604,0.003066506152905511,0.00043923587071791146,0.007063513593055682,1.29690690002299,0.5036829790955588,0.4341332557100577,-5.7872164264089685,131.1,2026-08-28 13:10:23.431561728+09:00
,,0.0035577715694322604,0.003066506152905511,0.00043923587071791146,0.007063513593055682,1.2969831861250298,0.5036829790955588,0.4341332557100577,-5.7872164264089685,131.2,2026-08-28 13:10:23.531561728+09:00
,,0.0035577715694322604,0.003066506152905511,0.00043923587071791146,0.007063513593055682,1.2969745973950233,0.5036829790955588,0.4341332557100577,-5.7872164264089685,131.3,2026-08-28 13:10:23.631561728+09:00
,,0.0035577715694322604,0.003066506152905511,0.00043923587071791146,0.007063513593055682,1.2969660086650163,0.5036829790955588,0.4341332557100577,-5.7872164264089685,131.4,2026-08-28 13:10:23.731561728+09:00
,,0.0033443596114640685,0.002938055181935925,0.00038460191686106427,0.006667016710261058,1.2967139381031707,0.5016276029902308,0.44068513843891066,-5.830007419263905,131.5,2026-08-28 13:10:23.831561728+09:00
,,0.0031306551474179884,0.002818865635947053,0.0004085285342681185,0.0063580493176331595,1.2962466493701865,0.49239239757633757,0.44335384881795803,-5.871420731715431,131.6,2026-08-28 13:10:23.931561728+09:00
,,0.0031306551474179884,0.002818865635947053,0.0004085285342681185,0.0063580493176331595,1.2957793606372023,0.49239239757633757,0.44335384881795803,-5.871420731715431,131.7,2026-08-28 13:10:24.031561728+09:00
,,0.0031306551474179884,0.002818865635947053,0.0004085285342681185,0.0063580493176331595,1.2953120719042182,0.49239239757633757,0.44335384881795803,-5.871420731715431,131.8,2026-08-28 13:10:24.131561728+09:00
,,0.0031306551474179884,0.002818865635947053,0.0004085285342681185,0.0063580493176331595,1.2948447831712337,0.49239239757633757,0.44335384881795803,-5.871420731715431,131.9,2026-08-28 13:10:24.231561728+09:00
,,0.0031306551474179884,0.002818865635947053,0.0004085285342681185,0.0063580493176331595,1.2943774944382498,0.49239239757633757,0.44335384881795803,-5.871420731715431,132.0,2026-08-28 13:10:24.331561728+09:00
,,0.0031306551474179884,0.002818865635947053,0.0004085285342681185,0.0063580493176331595,1.2938228129661704,0.49239239757633757,0.44335384881795803,-5.871420731715431,132.1,2026-08-28 13:10:24.431561728+09:00
,,0.0031306551474179884,0.002818865635947053,0.0004085285342681185,0.0063580493176331595,1.2931807387549956,0.49239239757633757,0.44335384881795803,-5.871420731715431,132.2,2026-08-28 13:10:24.531561728+09:00
,,0.0031306551474179884,0.002818865635947053,0.0004085285342681185,0.0063580493176331595,1.2924512718047254,0.49239239757633757,0.44335384881795803,-5.871420731715431,132.3,2026-08-28 13:10:24.631561728+09:00
,,0.003025990816867788,0.002707139222868336,0.00036145145538810195,0.006094581495124225,1.2918015115227306,0.49650510363814726,0.4441878782052707,-5.911862838985993,132.4,2026-08-28 13:10:24.731561728+09:00
,,0.0030004371672724415,0.006600906192040701,0.0008748505750178961,0.007475756767058597,1.2911608372467855,,0.8829749813593636,-5.020548337550442,132.5,2026-08-28 13:10:24.831561728+09:00
,,0.0029748835176770954,0.006600906192040701,0.0008748505750178961,0.007475756767058597,1.2905292489768907,,0.8829749813593636,-5.020548337550442,132.6,2026-08-28 13:10:24.931561728+09:00
,,0.0029493298680817494,0.006600906192040701,0.0008748505750178961,0.007475756767058597,1.289906746713046,,0.8829749813593636,-5.020548337550442,132.7,2026-08-28 13:10:25.031561728+09:00
,,0.002923776218486403,0.006600906192040701,0.0008748505750178961,0.007475756767058597,1.2892933304552512,,0.8829749813593636,-5.020548337550442,132.8,2026-08-28 13:10:25.131561728+09:00
,,0.0028982225688910564,0.006600906192040701,0.0008748505750178961,0.007475756767058597,1.288227511424946,,0.8829749813593636,-5.020548337550442,132.9,2026-08-28 13:10:25.231561728+09:00
,,0.0028726689192957104,0.006600906192040701,0.0008748505750178961,0.007475756767058597,1.287146688632516,,0.8829749813593636,-5.020548337550442,133.0,2026-08-28 13:10:25.331561728+09:00
,,0.0028471152697003644,0.006600906192040701,0.0008748505750178961,0.007475756767058597,1.286074951846136,,0.8829749813593636,-5.020548337550442,133.1,2026-08-28 13:10:25.431561728+09:00
,,0.002821561620105018,0.0025095634696119685,0.0003440460131240833,0.0056751711028410695,1.285012301065806,0.4971764848979628,0.4422004947755048,-5.987646457452926,133.2,2026-08-28 13:10:25.531561728+09:00
,,0.0026166741362485253,0.0023707670229173848,0.0003590296047893336,0.0053464707639552436,1.28372077286822,0.48942082576969836,0.44342653828775913,-6.04454173783293,133.3,2026-08-28 13:10:25.631561728+09:00
,,0.0026166741362485253,0.0023707670229173848,0.0003590296047893336,0.0053464707639552436,1.2824292446706342,0.48942082576969836,0.44342653828775913,-6.04454173783293,133.4,2026-08-28 13:10:25.731561728+09:00
,,0.0026166741362485253,0.0023707670229173848,0.0003590296047893336,0.0053464707639552436,1.2811377164730482,0.48942082576969836,0.44342653828775913,-6.04454173783293,133.5,2026-08-28 13:10:25.831561728+09:00
,,0.0026166741362485253,0.0023707670229173848,0.0003590296047893336,0.0053464707639552436,1.279846188275462,0.48942082576969836,0.44342653828775913,-6.04454173783293,133.6,2026-08-28 13:10:25.931561728+09:00
,,0.0026166741362485253,0.0023707670229173848,0.0003590296047893336,0.0053464707639552436,1.278237764864083,0.48942082576969836,0.44342653828775913,-6.04454173783293,133.7,2026-08-28 13:10:26.031561728+09:00
,,0.0026166741362485253,0.0023707670229173848,0.0003590296047893336,0.0053464707639552436,1.2763124462389117,0.48942082576969836,0.44342653828775913,-6.04454173783293,133.8,2026-08-28 13:10:26.131561728+09:00
,,0.0026166741362485253,0.0023707670229173848,0.0003590296047893336,0.0053464707639552436,1.2743871276137402,0.48942082576969836,0.44342653828775913,-6.04454173783293,133.9,2026-08-28 13:10:26.231561728+09:00
,,0.0027078537078987753,0.002341135606330073,0.00032561932587133835,0.005374608640100187,1.2730497691310623,0.5038234203129437,0.43559182874502883,-6.057119165482926,134.0,2026-08-28 13:10:26.331561728+09:00
,,0.00239561821692548,0.002221565744937765,0.0003646175061499724,0.004981801468013218,1.2708424732926824,0.48087388313386,0.4459362259218538,-6.109543041185912,134.1,2026-08-28 13:10:26.431561728+09:00
,,0.0025135104588300534,0.002193456403971243,0.00033806468343821786,0.005045031546239515,1.2693859147549498,0.4982150132844231,0.43477555766845705,-6.1222767126541076,134.2,2026-08-28 13:10:26.531561728+09:00
,,0.0025135104588300534,0.002193456403971243,0.00033806468343821786,0.005045031546239515,1.2679293562172171,0.4982150132844231,0.43477555766845705,-6.1222767126541076,134.3,2026-08-28 13:10:26.631561728+09:00
,,0.0025135104588300534,0.002193456403971243,0.00033806468343821786,0.005045031546239515,1.2666548002164717,0.4982150132844231,0.43477555766845705,-6.1222767126541076,134.4,2026-08-28 13:10:26.731561728+09:00
,,0.0025135104588300534,0.002193456403971243,0.00033806468343821786,0.005045031546239515,1.2653802442157267,0.4982150132844231,0.43477555766845705,-6.1222767126541076,134.5,2026-08-28 13:10:26.831561728+09:00
,,0.0025135104588300534,0.002193456403971243,0.00033806468343821786,0.005045031546239515,1.2641056882149813,0.4982150132844231,0.43477555766845705,-6.1222767126541076,134.6,2026-08-28 13:10:26.931561728+09:00
,,0.0025135104588300534,0.002193456403971243,0.00033806468343821786,0.005045031546239515,1.2619495566015237,0.4982150132844231,0.43477555766845705,-6.1222767126541076,134.7,2026-08-28 13:10:27.031561728+09:00
,,0.0025135104588300534,0.002193456403971243,0.00033806468343821786,0.005045031546239515,1.259793424988066,0.4982150132844231,0.43477555766845705,-6.1222767126541076,134.8,2026-08-28 13:10:27.131561728+09:00
,,0.0026791353686483107,0.0022204475953222415,0.0003103553349616471,0.005209938298932199,1.25831130837933,0.5142355273569001,0.4261946049874204,-6.110046483905909,134.9,2026-08-28 13:10:27.231561728+09:00
,,0.002510636206428581,0.0020790473005960278,0.0003207786554643729,0.0049104621624889815,1.2568404726998328,0.511283077508942,0.4233913696510828,-6.175845518755634,135.0,2026-08-28 13:10:27.331561728+09:00
,,0.002510636206428581,0.0020790473005960278,0.0003207786554643729,0.0049104621624889815,1.2553696370203358,0.511283077508942,0.4233913696510828,-6.175845518755634,135.1,2026-08-28 13:10:27.431561728+09:00
,,0.002510636206428581,0.0020790473005960278,0.0003207786554643729,0.0049104621624889815,1.2542061326286387,0.511283077508942,0.4233913696510828,-6.175845518755634,135.2,2026-08-28 13:10:27.531561728+09:00
,,0.002510636206428581,0.0020790473005960278,0.0003207786554643729,0.0049104621624889815,1.2530426282369418,0.511283077508942,0.4233913696510828,-6.175845518755634,135.3,2026-08-28 13:10:27.631561728+09:00
,,0.002650517038147199,0.002140196727172523,0.00030593467001173967,0.005096648435331462,1.2522219656983222,0.5200509848340799,0.41992237728936754,-6.146857525588259,135.4,2026-08-28 13:10:27.731561728+09:00
,,0.002510636206428581,0.0020790473005960278,0.0003207786554643729,0.0049104621624889815,1.2501190206669854,0.511283077508942,0.4233913696510828,-6.175845518755634,135.5,2026-08-28 13:10:27.831561728+09:00
,,0.0027163931002977355,0.0021735787991485657,0.0002970233627698665,0.005186995262216168,1.2484843337164468,0.5236929981573077,0.41904391449547884,-6.131380253695911,135.6,2026-08-28 13:10:27.931561728+09:00
,,0.002510636206428581,0.0020790473005960278,0.0003207786554643729,0.0049104621624889815,1.2463813886851105,0.511283077508942,0.4233913696510828,-6.175845518755634,135.7,2026-08-28 13:10:28.031561728+09:00
,,0.002510636206428581,0.0020790473005960278,0.0003207786554643729,0.0049104621624889815,1.2442784436537737,0.511283077508942,0.4233913696510828,-6.175845518755634,135.8,2026-08-28 13:10:28.131561728+09:00
,,0.002572839184843305,0.0020461582781886303,0.00030567076206634933,0.004924668225098285,1.24320218699145,0.5224390897504486,0.41549159956817067,-6.191791254626329,135.9,2026-08-28 13:10:28.231561728+09:00
,,0.002572839184843305,0.0020461582781886303,0.00030567076206634933,0.004924668225098285,1.242125930329126,0.5224390897504486,0.41549159956817067,-6.191791254626329,136.0,2026-08-28 13:10:28.331561728+09:00
,,0.002572839184843305,0.0020461582781886303,0.00030567076206634933,0.004924668225098285,1.2410496736668024,0.5224390897504486,0.41549159956817067,-6.191791254626329,136.1,2026-08-28 13:10:28.431561728+09:00
,,0.002572839184843305,0.0020461582781886303,0.00030567076206634933,0.004924668225098285,1.2399734170044785,0.5224390897504486,0.41549159956817067,-6.191791254626329,136.2,2026-08-28 13:10:28.531561728+09:00
,,0.002572839184843305,0.0020461582781886303,0.00030567076206634933,0.004924668225098285,1.2388971603421546,0.5224390897504486,0.41549159956817067,-6.191791254626329,136.3,2026-08-28 13:10:28.631561728+09:00
,,0.002572839184843305,0.0020461582781886303,0.00030567076206634933,0.004924668225098285,1.2369961718389235,0.5224390897504486,0.41549159956817067,-6.191791254626329,136.4,2026-08-28 13:10:28.731561728+09:00
,,0.0027896721957646415,0.002216389999230884,0.00028333722119707036,0.005289399416192595,1.23510913828227,0.5274081188167669,0.4190248882407676,-6.111875533149242,136.5,2026-08-28 13:10:28.831561728+09:00
,,0.0027896721957646415,0.002216389999230884,0.00028333722119707036,0.005289399416192595,1.2338649247661793,0.5274081188167669,0.4190248882407676,-6.111875533149242,136.6,2026-08-28 13:10:28.931561728+09:00
,,0.0028941073099702317,0.0034427569190470858,0.0005662349558097481,0.006903099184827065,1.2279760526106798,0.4192475339672719,0.49872627161641064,-5.671482698614788,136.7,2026-08-28 13:10:29.031561728+09:00
,,0.0028941073099702317,0.0034427569190470858,0.0005662349558097481,0.006903099184827065,1.2220871804551803,0.4192475339672719,0.49872627161641064,-5.671482698614788,136.8,2026-08-28 13:10:29.131561728+09:00
,,0.0028941073099702317,0.0034427569190470858,0.0005662349558097481,0.006903099184827065,1.216198308299681,0.4192475339672719,0.49872627161641064,-5.671482698614788,136.9,2026-08-28 13:10:29.231561728+09:00
,,0.0028941073099702317,0.0034427569190470858,0.0005662349558097481,0.006903099184827065,1.2103094361441815,0.4192475339672719,0.49872627161641064,-5.671482698614788,137.0,2026-08-28 13:10:29.331561728+09:00
,,0.0028941073099702317,0.0034427569190470858,0.0005662349558097481,0.006903099184827065,1.2044205639886822,0.4192475339672719,0.49872627161641064,-5.671482698614788,137.1,2026-08-28 13:10:29.431561728+09:00
,,0.0028941073099702317,0.0034427569190470858,0.0005662349558097481,0.006903099184827065,1.1985316918331828,0.4192475339672719,0.49872627161641064,-5.671482698614788,137.2,2026-08-28 13:10:29.531561728+09:00
,,0.0028643552583204417,0.0023691838151921186,0.0002731811345468519,0.0026423649497389705,1.1930631215786744,,0.8966149113604317,-6.045209764923596,137.3,2026-08-28 13:10:29.631561728+09:00
,,0.0028346032066706517,0.0023691838151921186,0.0002731811345468519,0.0026423649497389705,1.189343666563377,,0.8966149113604317,-6.045209764923596,137.4,2026-08-28 13:10:29.731561728+09:00
,,0.002804851155020862,0.0023691838151921186,0.0002731811345468519,0.0026423649497389705,1.1866232303505257,,0.8966149113604317,-6.045209764923596,137.5,2026-08-28 13:10:29.831561728+09:00
,,0.002775099103371072,0.00231203671024574,0.0002844310683177582,0.005371566881934571,1.184901812940121,0.5166274877269367,0.43042128322398543,-6.069626450164091,137.6,2026-08-28 13:10:29.931561728+09:00
,,0.002775099103371072,0.00231203671024574,0.0002844310683177582,0.005371566881934571,1.183180395529716,0.5166274877269367,0.43042128322398543,-6.069626450164091,137.7,2026-08-28 13:10:30.031561728+09:00
,,0.002775099103371072,0.00231203671024574,0.0002844310683177582,0.005371566881934571,1.181458978119311,0.5166274877269367,0.43042128322398543,-6.069626450164091,137.8,2026-08-28 13:10:30.131561728+09:00
,,0.002775099103371072,0.00231203671024574,0.0002844310683177582,0.005371566881934571,1.179737560708906,0.5166274877269367,0.43042128322398543,-6.069626450164091,137.9,2026-08-28 13:10:30.231561728+09:00
,,0.002775099103371072,0.00231203671024574,0.0002844310683177582,0.005371566881934571,1.178016143298501,0.5166274877269367,0.43042128322398543,-6.069626450164091,138.0,2026-08-28 13:10:30.331561728+09:00
,,0.002920638438862102,0.0026263997179893197,0.0002693499372108924,0.005816388094062314,1.1750533899876239,0.5021395394581131,0.45155166325137275,-5.94214129915227,138.1,2026-08-28 13:10:30.431561728+09:00
,,0.002920638438862102,0.0026263997179893197,0.0002693499372108924,0.005816388094062314,1.1703777865905594,0.5021395394581131,0.45155166325137275,-5.94214129915227,138.2,2026-08-28 13:10:30.531561728+09:00
,,0.002920638438862102,0.0026263997179893197,0.0002693499372108924,0.005816388094062314,1.1657021831934946,0.5021395394581131,0.45155166325137275,-5.94214129915227,138.3,2026-08-28 13:10:30.631561728+09:00
,,0.002920638438862102,0.0026263997179893197,0.0002693499372108924,0.005816388094062314,1.16102657979643,0.5021395394581131,0.45155166325137275,-5.94214129915227,138.4,2026-08-28 13:10:30.731561728+09:00
,,0.0028413673883673444,0.002616568580471242,0.00028129164132959796,0.005739227610168185,1.1560607807280818,0.4950783592087019,0.45590953316356886,-5.9458915217287425,138.5,2026-08-28 13:10:30.831561728+09:00
,,0.0028413673883673444,0.002616568580471242,0.00028129164132959796,0.005739227610168185,1.1510949816597333,0.4950783592087019,0.45590953316356886,-5.9458915217287425,138.6,2026-08-28 13:10:30.931561728+09:00
,,0.0028413673883673444,0.002616568580471242,0.00028129164132959796,0.005739227610168185,1.146129182591385,0.4950783592087019,0.45590953316356886,-5.9458915217287425,138.7,2026-08-28 13:10:31.031561728+09:00
,,0.0028413673883673444,0.002616568580471242,0.00028129164132959796,0.005739227610168185,1.1411633835230368,0.4950783592087019,0.45590953316356886,-5.9458915217287425,138.8,2026-08-28 13:10:31.131561728+09:00
,,0.0028413673883673444,0.002616568580471242,0.00028129164132959796,0.005739227610168185,1.1361975844546883,0.4950783592087019,0.45590953316356886,-5.9458915217287425,138.9,2026-08-28 13:10:31.231561728+09:00
,,0.0029240074414495316,0.003002354673123142,0.00026716131979973414,0.006193523434372407,1.1333418398545554,0.4721072701884146,0.4847571345998099,-5.808358407138869,139.0,2026-08-28 13:10:31.331561728+09:00
,,0.0029240074414495316,0.003002354673123142,0.00026716131979973414,0.006193523434372407,1.1304860952544222,0.4721072701884146,0.4847571345998099,-5.808358407138869,139.1,2026-08-28 13:10:31.431561728+09:00
,,0.0029240074414495316,0.003002354673123142,0.00026716131979973414,0.006193523434372407,1.127630350654289,0.4721072701884146,0.4847571345998099,-5.808358407138869,139.2,2026-08-28 13:10:31.531561728+09:00
,,0.002853470735600339,0.00302492371237175,0.0002819963536255534,0.006160390801597642,1.1244347745266952,0.46319638274576946,0.491027892514102,-5.800869406867999,139.3,2026-08-28 13:10:31.631561728+09:00
,,0.002853470735600339,0.00302492371237175,0.0002819963536255534,0.006160390801597642,1.121239198399101,0.46319638274576946,0.491027892514102,-5.800869406867999,139.4,2026-08-28 13:10:31.731561728+09:00
,,0.002853470735600339,0.00302492371237175,0.0002819963536255534,0.006160390801597642,1.1180436222715069,0.46319638274576946,0.491027892514102,-5.800869406867999,139.5,2026-08-28 13:10:31.831561728+09:00
,,0.002853470735600339,0.00302492371237175,0.0002819963536255534,0.006160390801597642,1.1148480461439128,0.46319638274576946,0.491027892514102,-5.800869406867999,139.6,2026-08-28 13:10:31.931561728+09:00
,,0.002853470735600339,0.00302492371237175,0.0002819963536255534,0.006160390801597642,1.1116524700163188,0.46319638274576946,0.491027892514102,-5.800869406867999,139.7,2026-08-28 13:10:32.031561728+09:00
,,0.0028740582416108694,0.003388255563365053,0.000272544881561118,0.006534858686537041,1.1081862217033907,0.4398041915629997,0.5184894924117419,-5.687440073111243,139.8,2026-08-28 13:10:32.131561728+09:00
,,0.002853470735600339,0.00302492371237175,0.0002819963536255534,0.006160390801597642,1.1057764024896768,0.46319638274576946,0.491027892514102,-5.800869406867999,139.9,2026-08-28 13:10:32.231561728+09:00
,,0.002853470735600339,0.00302492371237175,0.0002819963536255534,0.006160390801597642,1.1033665832759627,0.46319638274576946,0.491027892514102,-5.800869406867999,140.0,2026-08-28 13:10:32.331561728+09:00
,,0.002853470735600339,0.00302492371237175,0.0002819963536255534,0.006160390801597642,1.1009567640622488,0.46319638274576946,0.491027892514102,-5.800869406867999,140.1,2026-08-28 13:10:32.431561728+09:00
,,0.0028121578360078077,0.0030928080611925773,0.00018311703967622962,0.006088082936876614,1.0981684698162504,0.4619118801706957,0.508010172210185,-5.778675843075239,140.2,2026-08-28 13:10:32.531561728+09:00
,,0.0028121578360078077,0.0030928080611925773,0.00018311703967622962,0.006088082936876614,1.0953801755702521,0.4619118801706957,0.508010172210185,-5.778675843075239,140.3,2026-08-28 13:10:32.631561728+09:00
,,0.002501890156718287,0.0036778157250300005,0.0002616845201297359,0.006441390401878024,1.0900475266733154,0.38840840263133974,0.570966126188798,-5.605436256004581,140.4,2026-08-28 13:10:32.731561728+09:00
,,0.0028121578360078077,0.0030928080611925773,0.00018311703967622962,0.006088082936876614,1.0875027142591562,0.4619118801706957,0.508010172210185,-5.778675843075239,140.5,2026-08-28 13:10:32.831561728+09:00
,,0.0028121578360078077,0.0030928080611925773,0.00018311703967622962,0.006088082936876614,1.085265480906308,0.4619118801706957,0.508010172210185,-5.778675843075239,140.6,2026-08-28 13:10:32.931561728+09:00
,,0.0028121578360078077,0.0030928080611925773,0.00018311703967622962,0.006088082936876614,1.0830282475534596,0.4619118801706957,0.508010172210185,-5.778675843075239,140.7,2026-08-28 13:10:33.031561728+09:00
,,0.0014134643662774699,0.002479992564144186,0.00037265925713181065,0.004266116187553466,1.0770209016473054,0.3313234577157787,0.5813232587006527,-5.999499717138699,140.8,2026-08-28 13:10:33.131561728+09:00
,,0.002501890156718287,0.0036778157250300005,0.0002616845201297359,0.006441390401878024,1.0722393136435182,0.38840840263133974,0.570966126188798,-5.605436256004581,140.9,2026-08-28 13:10:33.231561728+09:00
,,0.002392626488143243,0.0037132538544664665,0.00027823472342447834,0.006384115066034188,1.0670586417064547,0.37477809585119876,0.5816395563141282,-5.595846737024748,141.0,2026-08-28 13:10:33.331561728+09:00
,,0.002392626488143243,0.0037132538544664665,0.00027823472342447834,0.006384115066034188,1.0618779697693912,0.37477809585119876,0.5816395563141282,-5.595846737024748,141.1,2026-08-28 13:10:33.431561728+09:00
,,0.002392626488143243,0.0037132538544664665,0.00027823472342447834,0.006384115066034188,1.0566972978323277,0.37477809585119876,0.5816395563141282,-5.595846737024748,141.2,2026-08-28 13:10:33.531561728+09:00
,,0.002392626488143243,0.0037132538544664665,0.00027823472342447834,0.006384115066034188,1.0515166258952642,0.37477809585119876,0.5816395563141282,-5.595846737024748,141.3,2026-08-28 13:10:33.631561728+09:00
,,0.002392626488143243,0.0037132538544664665,0.00027823472342447834,0.006384115066034188,1.0462562472899253,0.37477809585119876,0.5816395563141282,-5.595846737024748,141.4,2026-08-28 13:10:33.731561728+09:00
,,0.002392626488143243,0.0037132538544664665,0.00027823472342447834,0.006384115066034188,1.0409867826785364,0.37477809585119876,0.5816395563141282,-5.595846737024748,141.5,2026-08-28 13:10:33.831561728+09:00
,,0.002392626488143243,0.0037132538544664665,0.00027823472342447834,0.006384115066034188,1.0357082320610977,0.37477809585119876,0.5816395563141282,-5.595846737024748,141.6,2026-08-28 13:10:33.931561728+09:00
,,0.002392626488143243,0.0037132538544664665,0.00027823472342447834,0.006384115066034188,1.0304205954376089,0.37477809585119876,0.5816395563141282,-5.595846737024748,141.7,2026-08-28 13:10:34.031561728+09:00
,,0.0010389763602016234,0.0021657983496330135,0.00023982818021788752,0.0034446028900525245,1.0232946742425215,0.3016244232976826,0.6287512432528873,-6.13496623278293,141.8,2026-08-28 13:10:34.131561728+09:00
,,0.0010389763602016234,0.0021657983496330135,0.00023982818021788752,0.0034446028900525245,1.0161596670413842,0.3016244232976826,0.6287512432528873,-6.13496623278293,141.9,2026-08-28 13:10:34.231561728+09:00
,,0.0010389763602016234,0.0021657983496330135,0.00023982818021788752,0.0034446028900525245,1.0090155738341968,0.3016244232976826,0.6287512432528873,-6.13496623278293,142.0,2026-08-28 13:10:34.331561728+09:00
,,0.0010389763602016234,0.0021657983496330135,0.00023982818021788752,0.0034446028900525245,1.0018623946209593,0.3016244232976826,0.6287512432528873,-6.13496623278293,142.1,2026-08-28 13:10:34.431561728+09:00
,,0.0010389763602016234,0.0021657983496330135,0.00023982818021788752,0.0034446028900525245,0.9947001294016722,0.3016244232976826,0.6287512432528873,-6.13496623278293,142.2,2026-08-28 13:10:34.531561728+09:00
,,0.0010389763602016234,0.0021657983496330135,0.00023982818021788752,0.0034446028900525245,0.987766741599641,0.3016244232976826,0.6287512432528873,-6.13496623278293,142.3,2026-08-28 13:10:34.631561728+09:00
,,0.0010389763602016234,0.0021657983496330135,0.00023982818021788752,0.0034446028900525245,0.9808333537976097,0.3016244232976826,0.6287512432528873,-6.13496623278293,142.4,2026-08-28 13:10:34.731561728+09:00
,,0.0010389763602016234,0.0021657983496330135,0.00023982818021788752,0.0034446028900525245,0.9738999659955785,0.3016244232976826,0.6287512432528873,-6.13496623278293,142.5,2026-08-28 13:10:34.831561728+09:00
,,0.0022527706568171695,0.0038424138434429637,0.00020660948133553066,0.006301793981595664,0.9681506968141941,0.3574808480563419,0.6097333322328056,-5.561654504808635,142.6,2026-08-28 13:10:34.931561728+09:00
,,0.0022527706568171695,0.0038424138434429637,0.00020660948133553066,0.006301793981595664,0.9624014276328097,0.3574808480563419,0.6097333322328056,-5.561654504808635,142.7,2026-08-28 13:10:35.031561728+09:00
,,0.0022527706568171695,0.0038424138434429637,0.00020660948133553066,0.006301793981595664,0.9566521584514251,0.3574808480563419,0.6097333322328056,-5.561654504808635,142.8,2026-08-28 13:10:35.131561728+09:00
,,0.0007642783519017613,0.0017718855778390765,0.00013304479580808002,0.002669208725548918,0.949181174795958,0.28633143020487795,0.6638242865307176,-6.335711001209708,142.9,2026-08-28 13:10:35.231561728+09:00
,,0.0022527706568171695,0.0038424138434429637,0.00020660948133553066,0.006301793981595664,0.9428439454720801,0.3574808480563419,0.6097333322328056,-5.561654504808635,143.0,2026-08-28 13:10:35.331561728+09:00
,,0.0022527706568171695,0.0038424138434429637,0.00020660948133553066,0.006301793981595664,0.9373766535039039,0.3574808480563419,0.6097333322328056,-5.561654504808635,143.1,2026-08-28 13:10:35.431561728+09:00
,,0.0022527706568171695,0.0038424138434429637,0.00020660948133553066,0.006301793981595664,0.9311586242350807,0.3574808480563419,0.6097333322328056,-5.561654504808635,143.2,2026-08-28 13:10:35.531561728+09:00
,,0.0022527706568171695,0.0038424138434429637,0.00020660948133553066,0.006301793981595664,0.9249405949662574,0.3574808480563419,0.6097333322328056,-5.561654504808635,143.3,2026-08-28 13:10:35.631561728+09:00
,,0.00012428334424565993,0.00023350949326394896,3.580008894272598e-05,0.00039359292645233483,0.9181220167775818,0.3157662038438869,0.5932766510025875,-8.362287825305115,143.4,2026-08-28 13:10:35.731561728+09:00
,,0.002209700947270465,0.003851176926855047,0.0002747659746657531,0.006335643848791266,0.9117649032673473,0.34877291085294176,0.6078588094231002,-5.559376482110703,143.5,2026-08-28 13:10:35.831561728+09:00
,,0.002209700947270465,0.003851176926855047,0.0002747659746657531,0.006335643848791266,0.9054077897571129,0.34877291085294176,0.6078588094231002,-5.559376482110703,143.6,2026-08-28 13:10:35.931561728+09:00
,,0.002209700947270465,0.003851176926855047,0.0002747659746657531,0.006335643848791266,0.8990506762468782,0.34877291085294176,0.6078588094231002,-5.559376482110703,143.7,2026-08-28 13:10:36.031561728+09:00
,,0.00012428334424565993,0.00023350949326394896,3.580008894272598e-05,0.00039359292645233483,0.8922320980582026,0.3157662038438869,0.5932766510025875,-8.362287825305115,143.8,2026-08-28 13:10:36.131561728+09:00
,,0.00012428334424565993,0.00023350949326394896,3.580008894272598e-05,0.00039359292645233483,0.8847395048648051,0.3157662038438869,0.5932766510025875,-8.362287825305115,143.9,2026-08-28 13:10:36.231561728+09:00
,,0.00012428334424565993,0.00023350949326394896,3.580008894272598e-05,0.00039359292645233483,0.877235630742169,0.3157662038438869,0.5932766510025875,-8.362287825305115,144.0,2026-08-28 13:10:36.331561728+09:00
,,0.00012428334424565993,0.00023350949326394896,3.580008894272598e-05,0.00039359292645233483,0.8697317566195328,0.3157662038438869,0.5932766510025875,-8.362287825305115,144.1,2026-08-28 13:10:36.431561728+09:00
,,0.0006940206502766978,0.001582107925889433,5.564150367963186e-05,0.0023317700798457628,0.8611881853651244,0.297636828036924,0.6785008262881917,-6.448997190794586,144.2,2026-08-28 13:10:36.531561728+09:00
,,8.002647419011263e-05,9.627368326654803e-05,1.5584921894074492e-05,0.00019188507935073517,0.8570065143063268,0.4170541787870701,0.5017257391366796,-9.248315555151969,144.3,2026-08-28 13:10:36.631561728+09:00
,,8.002647419011263e-05,9.627368326654803e-05,1.5584921894074492e-05,0.00019188507935073517,0.8524820013944518,0.4170541787870701,0.5017257391366796,-9.248315555151969,144.4,2026-08-28 13:10:36.731561728+09:00
,,8.002647419011263e-05,9.627368326654803e-05,1.5584921894074492e-05,0.00019188507935073517,0.8483003303356543,0.4170541787870701,0.5017257391366796,-9.248315555151969,144.5,2026-08-28 13:10:36.831561728+09:00
,,8.002647419011263e-05,9.627368326654803e-05,1.5584921894074492e-05,0.00019188507935073517,0.8436504011960586,0.4170541787870701,0.5017257391366796,-9.248315555151969,144.6,2026-08-28 13:10:36.931561728+09:00
,,8.002647419011263e-05,9.627368326654803e-05,1.5584921894074492e-05,0.00019188507935073517,0.839468730137261,0.4170541787870701,0.5017257391366796,-9.248315555151969,144.7,2026-08-28 13:10:37.031561728+09:00
,,8.002647419011263e-05,9.627368326654803e-05,1.5584921894074492e-05,0.00019188507935073517,0.8352870590784635,0.4170541787870701,0.5017257391366796,-9.248315555151969,144.8,2026-08-28 13:10:37.131561728+09:00
,,0.0013010465299874941,9.504084353643733e-05,1.3863169415018971e-05,0.0001089040129514563,0.82839029685893,,0.8727028597082236,-9.2612038267955,144.9,2026-08-28 13:10:37.231561728+09:00
,,0.0025220665857848754,0.005704184706771808,6.521047548519287e-05,0.008291461768041877,0.8193318894482876,0.30417635108754654,0.6879588746049198,-5.16655521442181,145.0,2026-08-28 13:10:37.331561728+09:00
,,0.0025220665857848754,0.005704184706771808,6.521047548519287e-05,0.008291461768041877,0.8102734820376452,0.30417635108754654,0.6879588746049198,-5.16655521442181,145.1,2026-08-28 13:10:37.431561728+09:00
,,0.0025220665857848754,0.005704184706771808,6.521047548519287e-05,0.008291461768041877,0.8012150746270027,0.30417635108754654,0.6879588746049198,-5.16655521442181,145.2,2026-08-28 13:10:37.531561728+09:00
,,0.0025220665857848754,0.005704184706771808,6.521047548519287e-05,0.008291461768041877,0.7921566672163604,0.30417635108754654,0.6879588746049198,-5.16655521442181,145.3,2026-08-28 13:10:37.631561728+09:00
,,0.0025220665857848754,0.005704184706771808,6.521047548519287e-05,0.008291461768041877,0.7830982598057179,0.30417635108754654,0.6879588746049198,-5.16655521442181,145.4,2026-08-28 13:10:37.731561728+09:00
,,0.003867842935624783,0.009011490546802788,0.00012205292418486215,0.013001386406612431,0.7738822210086034,0.2974946528516082,0.6931176618379402,-4.709254788546803,145.5,2026-08-28 13:10:37.831561728+09:00
,,0.0025220665857848754,0.005704184706771808,6.521047548519287e-05,0.008291461768041877,0.7648098586513828,0.30417635108754654,0.6879588746049198,-5.16655521442181,145.6,2026-08-28 13:10:37.931561728+09:00
,,0.00010877710215864284,8.578801690697162e-05,1.2858255599627824e-05,0.00020742337466524228,0.7695580689804852,0.5244206557443042,0.4135889556585593,-9.363631224313064,145.7,2026-08-28 13:10:38.031561728+09:00
,,0.00010877710215864284,8.578801690697162e-05,1.2858255599627824e-05,0.00020742337466524228,0.7743062793095875,0.5244206557443042,0.4135889556585593,-9.363631224313064,145.8,2026-08-28 13:10:38.131561728+09:00
,,0.005261602399522654,0.012136050638714861,0.0001787329713684796,0.017576386009605996,0.7697831115399293,0.2993563293755064,0.6904747444714837,-4.411574864341211,145.9,2026-08-28 13:10:38.231561728+09:00
,,0.0027500198486890793,0.006079507843850017,4.92861849510249e-05,0.00887881387749012,0.7654687333022041,0.30972829103457455,0.6847207214539094,-5.102831533015619,146.0,2026-08-28 13:10:38.331561728+09:00
,,0.0027500198486890793,0.006079507843850017,4.92861849510249e-05,0.00887881387749012,0.7611543550644787,0.30972829103457455,0.6847207214539094,-5.102831533015619,146.1,2026-08-28 13:10:38.431561728+09:00
,,0.0027500198486890793,0.006079507843850017,4.92861849510249e-05,0.00887881387749012,0.7568399768267535,0.30972829103457455,0.6847207214539094,-5.102831533015619,146.2,2026-08-28 13:10:38.531561728+09:00
,,0.0027500198486890793,0.006079507843850017,4.92861849510249e-05,0.00887881387749012,0.7515265797865821,0.30972829103457455,0.6847207214539094,-5.102831533015619,146.3,2026-08-28 13:10:38.631561728+09:00
,,0.007966428561237497,0.019343494959643784,0.00035662534730908845,0.02766654886819037,0.7447641381010919,0.28794442701152734,0.6991654453108888,-3.945399093822956,146.4,2026-08-28 13:10:38.731561728+09:00
,,0.007966428561237497,0.019343494959643784,0.00035662534730908845,0.02766654886819037,0.7370026776131554,0.28794442701152734,0.6991654453108888,-3.945399093822956,146.5,2026-08-28 13:10:38.831561728+09:00
,,0.0027500198486890793,0.006079507843850017,4.92861849510249e-05,0.00887881387749012,0.728692224165645,0.30972829103457455,0.6847207214539094,-5.102831533015619,146.6,2026-08-28 13:10:38.931561728+09:00
,,0.007966428561237497,0.019343494959643784,0.00035662534730908845,0.02766654886819037,0.7199317448752625,0.28794442701152734,0.6991654453108888,-3.945399093822956,146.7,2026-08-28 13:10:39.031561728+09:00
,,0.008375172738676526,0.019733676879548103,0.00035519981571873816,0.02846404943394337,0.7113109318374842,0.2942368673899623,0.6932842400145532,-3.92542861647527,146.8,2026-08-28 13:10:39.131561728+09:00
,,0.008375172738676526,0.019733676879548103,0.00035519981571873816,0.02846404943394337,0.7026901187997058,0.2942368673899623,0.6932842400145532,-3.92542861647527,146.9,2026-08-28 13:10:39.231561728+09:00
,,0.008375172738676526,0.019733676879548103,0.00035519981571873816,0.02846404943394337,0.6940693057619275,0.2942368673899623,0.6932842400145532,-3.92542861647527,147.0,2026-08-28 13:10:39.331561728+09:00
,,0.011267813748701342,0.0281657005260722,0.0006337029570959249,0.04006721723186946,0.686158452913792,0.2812227683169103,0.7029612354428548,-3.5696503347249138,147.1,2026-08-28 13:10:39.431561728+09:00
,,0.008375172738676526,0.019733676879548103,0.00035519981571873816,0.02846404943394337,0.6785182189731899,0.2942368673899623,0.6932842400145532,-3.92542861647527,147.2,2026-08-28 13:10:39.531561728+09:00
,,0.008375172738676526,0.019733676879548103,0.00035519981571873816,0.02846404943394337,0.6708779850325878,0.2942368673899623,0.6932842400145532,-3.92542861647527,147.3,2026-08-28 13:10:39.631561728+09:00
,,0.008375172738676526,0.019733676879548103,0.00035519981571873816,0.02846404943394337,0.6632377510919857,0.2942368673899623,0.6932842400145532,-3.92542861647527,147.4,2026-08-28 13:10:39.731561728+09:00
,,0.011267813748701342,0.0281657005260722,0.0006337029570959249,0.04006721723186946,0.6556170939151337,0.2812227683169103,0.7029612354428548,-3.5696503347249138,147.5,2026-08-28 13:10:39.831561728+09:00
,,0.011267813748701342,0.0281657005260722,0.0006337029570959249,0.04006721723186946,0.6479964367382817,0.2812227683169103,0.7029612354428548,-3.5696503347249138,147.6,2026-08-28 13:10:39.931561728+09:00
,,0.01188696488523796,0.02884528158936228,0.0006281130479517238,0.041360359522551966,0.6405095513762548,0.28739994096899774,0.6974137053531712,-3.5458088491658883,147.7,2026-08-28 13:10:40.031561728+09:00
,,0.01188696488523796,0.02884528158936228,0.0006281130479517238,0.041360359522551966,0.6330226660142277,0.28739994096899774,0.6974137053531712,-3.5458088491658883,147.8,2026-08-28 13:10:40.131561728+09:00
,,0.01188696488523796,0.02884528158936228,0.0006281130479517238,0.041360359522551966,0.6255357806522008,0.28739994096899774,0.6974137053531712,-3.5458088491658883,147.9,2026-08-28 13:10:40.231561728+09:00
,,0.014086641305436368,0.03611992269089856,0.0009547914552753853,0.05116135545161031,0.6190479106871107,0.27533753124973137,0.706000112234354,-3.3209106907762145,148.0,2026-08-28 13:10:40.331561728+09:00
,,0.01188696488523796,0.02884528158936228,0.0006281130479517238,0.041360359522551966,0.6128055681571272,0.28739994096899774,0.6974137053531712,-3.5458088491658883,148.1,2026-08-28 13:10:40.431561728+09:00
,,0.01188696488523796,0.02884528158936228,0.0006281130479517238,0.041360359522551966,0.6065632256271437,0.28739994096899774,0.6974137053531712,-3.5458088491658883,148.2,2026-08-28 13:10:40.531561728+09:00
,,0.01188696488523796,0.02884528158936228,0.0006281130479517238,0.041360359522551966,0.6006607146246212,0.28739994096899774,0.6974137053531712,-3.5458088491658883,148.3,2026-08-28 13:10:40.631561728+09:00
,,0.01188696488523796,0.02884528158936228,0.0006281130479517238,0.041360359522551966,0.5947582036220987,0.28739994096899774,0.6974137053531712,-3.5458088491658883,148.4,2026-08-28 13:10:40.731561728+09:00
,,0.016427950022771864,0.04324553443035649,0.0013386733440498106,0.06101215779717816,0.5884977182493619,0.26925699099813943,0.7088019173836958,-3.140861301100082,148.5,2026-08-28 13:10:40.831561728+09:00
,,0.016427950022771864,0.04324553443035649,0.0013386733440498106,0.06101215779717816,0.5822372328766253,0.26925699099813943,0.7088019173836958,-3.140861301100082,148.6,2026-08-28 13:10:40.931561728+09:00
,,0.016427950022771864,0.04324553443035649,0.0013386733440498106,0.06101215779717816,0.5759767475038886,0.26925699099813943,0.7088019173836958,-3.140861301100082,148.7,2026-08-28 13:10:41.031561728+09:00
,,0.016427950022771864,0.04324553443035649,0.0013386733440498106,0.06101215779717816,0.5707726912303658,0.26925699099813943,0.7088019173836958,-3.140861301100082,148.8,2026-08-28 13:10:41.131561728+09:00
,,0.016427950022771864,0.04324553443035649,0.0013386733440498106,0.06101215779717816,0.5645122058576291,0.26925699099813943,0.7088019173836958,-3.140861301100082,148.9,2026-08-28 13:10:41.231561728+09:00
,,0.016427950022771864,0.04324553443035649,0.0013386733440498106,0.06101215779717816,0.5582517204848924,0.26925699099813943,0.7088019173836958,-3.140861301100082,149.0,2026-08-28 13:10:41.331561728+09:00
,,0.016427950022771864,0.04324553443035649,0.0013386733440498106,0.06101215779717816,0.5519912351121558,0.26925699099813943,0.7088019173836958,-3.140861301100082,149.1,2026-08-28 13:10:41.431561728+09:00
,,0.016427950022771864,0.04324553443035649,0.0013386733440498106,0.06101215779717816,0.5461092247717032,0.26925699099813943,0.7088019173836958,-3.140861301100082,149.2,2026-08-28 13:10:41.531561728+09:00
,,0.017468584560976046,0.04847472959208558,0.0018194725552421775,0.0677627867083038,0.5400104205251164,0.2577902328039205,0.7153591513399993,-3.0267126561653064,149.3,2026-08-28 13:10:41.631561728+09:00
,,0.017977792022154486,0.0485843457666055,0.0017380473609142563,0.06830018514967426,0.5365633913676876,0.2632173248543562,0.7113354914066029,-3.0244539035299733,149.4,2026-08-28 13:10:41.731561728+09:00
,,0.017977792022154486,0.0485843457666055,0.0017380473609142563,0.06830018514967426,0.5305720075593199,0.2632173248543562,0.7113354914066029,-3.0244539035299733,149.5,2026-08-28 13:10:41.831561728+09:00
,,0.017977792022154486,0.0485843457666055,0.0017380473609142563,0.06830018514967426,0.5245806237509522,0.2632173248543562,0.7113354914066029,-3.0244539035299733,149.6,2026-08-28 13:10:41.931561728+09:00
,,0.017977792022154486,0.0485843457666055,0.0017380473609142563,0.06830018514967426,0.5185892399425843,0.2632173248543562,0.7113354914066029,-3.0244539035299733,149.7,2026-08-28 13:10:42.031561728+09:00
,,0.017977792022154486,0.0485843457666055,0.0017380473609142563,0.06830018514967426,0.5163679686875228,0.2632173248543562,0.7113354914066029,-3.0244539035299733,149.8,2026-08-28 13:10:42.131561728+09:00
,,0.017977792022154486,0.0485843457666055,0.0017380473609142563,0.06830018514967426,0.512920939530094,0.2632173248543562,0.7113354914066029,-3.0244539035299733,149.9,2026-08-28 13:10:42.231561728+09:00
,,0.00014127826967888732,0.00012702771274898599,9.27301689275842e-06,0.00027757899932063173,0.5181191279158356,0.5089659881499057,0.4576272450721539,-8.971105284688221,150.0,2026-08-28 13:10:42.331561728+09:00
,,0.00014127826967888732,0.00012702771274898599,9.27301689275842e-06,0.00027757899932063173,0.5233173163015773,0.5089659881499057,0.4576272450721539,-8.971105284688221,150.1,2026-08-28 13:10:42.431561728+09:00
,,0.00014127826967888732,0.00012702771274898599,9.27301689275842e-06,0.00027757899932063173,0.5285155046873189,0.5089659881499057,0.4576272450721539,-8.971105284688221,150.2,2026-08-28 13:10:42.531561728+09:00
,,0.019463728547711726,0.05381442318902919,0.0021912241847434496,0.07546937592148437,0.5253747791636885,0.2579023386646405,0.7130630475203052,-2.9222137587284247,150.3,2026-08-28 13:10:42.631561728+09:00
,,0.019463728547711726,0.05381442318902919,0.0021912241847434496,0.07546937592148437,0.5222340536400579,0.2579023386646405,0.7130630475203052,-2.9222137587284247,150.4,2026-08-28 13:10:42.731561728+09:00
,,0.019463728547711726,0.05381442318902919,0.0021912241847434496,0.07546937592148437,0.5190933281164275,0.2579023386646405,0.7130630475203052,-2.9222137587284247,150.5,2026-08-28 13:10:42.831561728+09:00
,,0.019463728547711726,0.05381442318902919,0.0021912241847434496,0.07546937592148437,0.515952602592797,0.2579023386646405,0.7130630475203052,-2.9222137587284247,150.6,2026-08-28 13:10:42.931561728+09:00
,,0.020075137021678555,0.05819345174619896,0.0028235450767479316,0.08109213384462545,0.5126262110881289,0.24755960991411347,0.7176214139055591,-2.84398244352671,150.7,2026-08-28 13:10:43.031561728+09:00
,,0.020075137021678555,0.05819345174619896,0.0028235450767479316,0.08109213384462545,0.5111290181490096,0.24755960991411347,0.7176214139055591,-2.84398244352671,150.8,2026-08-28 13:10:43.131561728+09:00
,,0.020075137021678555,0.05819345174619896,0.0028235450767479316,0.08109213384462545,0.50963182520989,0.24755960991411347,0.7176214139055591,-2.84398244352671,150.9,2026-08-28 13:10:43.231561728+09:00
,,0.020075137021678555,0.05819345174619896,0.0028235450767479316,0.08109213384462545,0.5081346322707707,0.24755960991411347,0.7176214139055591,-2.84398244352671,151.0,2026-08-28 13:10:43.331561728+09:00
,,0.020075137021678555,0.05819345174619896,0.0028235450767479316,0.08109213384462545,0.5066374393316513,0.24755960991411347,0.7176214139055591,-2.84398244352671,151.1,2026-08-28 13:10:43.431561728+09:00
,,0.02053297081522023,0.05823729236724303,0.0027168818277052333,0.08148714501016849,0.5052247111686512,0.25197803669103874,0.7146807310524355,-2.8432293671215074,151.2,2026-08-28 13:10:43.531561728+09:00
,,0.02053297081522023,0.05823729236724303,0.0027168818277052333,0.08148714501016849,0.503811983005651,0.25197803669103874,0.7146807310524355,-2.8432293671215074,151.3,2026-08-28 13:10:43.631561728+09:00
,,0.02053297081522023,0.05823729236724303,0.0027168818277052333,0.08148714501016849,0.5023992548426509,0.25197803669103874,0.7146807310524355,-2.8432293671215074,151.4,2026-08-28 13:10:43.731561728+09:00
,,0.020790528700624613,0.06178348980567804,0.003422863142967621,0.08599688164927027,0.5008079928118653,0.24175909988709493,0.7184387226696877,-2.7841191054587404,151.5,2026-08-28 13:10:43.831561728+09:00
,,0.020790528700624613,0.06178348980567804,0.003422863142967621,0.08599688164927027,0.498032612160433,0.24175909988709493,0.7184387226696877,-2.7841191054587404,151.6,2026-08-28 13:10:43.931561728+09:00
,,0.020790528700624613,0.06178348980567804,0.003422863142967621,0.08599688164927027,0.4952572315090007,0.24175909988709493,0.7184387226696877,-2.7841191054587404,151.7,2026-08-28 13:10:44.031561728+09:00
,,0.020790528700624613,0.06178348980567804,0.003422863142967621,0.08599688164927027,0.49248185085756846,0.24175909988709493,0.7184387226696877,-2.7841191054587404,151.8,2026-08-28 13:10:44.131561728+09:00
,,0.020790528700624613,0.06178348980567804,0.003422863142967621,0.08599688164927027,0.4914281846802186,0.24175909988709493,0.7184387226696877,-2.7841191054587404,151.9,2026-08-28 13:10:44.231561728+09:00
,,0.020790528700624613,0.06178348980567804,0.003422863142967621,0.08599688164927027,0.4886528040287863,0.24175909988709493,0.7184387226696877,-2.7841191054587404,152.0,2026-08-28 13:10:44.331561728+09:00
,,0.021163696087802643,0.06167198288023596,0.003291186758930484,0.08612686572696909,0.48595141522586544,0.24572699713575677,0.7160597609083141,-2.7859255374190015,152.1,2026-08-28 13:10:44.431561728+09:00
,,0.02102773305951301,0.06408008194337186,0.004008888341024056,0.08911670334390893,0.4830831623836673,0.23595725908267948,0.7190580389411554,-2.747621697456124,152.2,2026-08-28 13:10:44.531561728+09:00
,,0.021163696087802643,0.06167198288023596,0.003291186758930484,0.08612686572696909,0.4803817735807464,0.24572699713575677,0.7160597609083141,-2.7859255374190015,152.3,2026-08-28 13:10:44.631561728+09:00
,,0.021163696087802643,0.06167198288023596,0.003291186758930484,0.08612686572696909,0.4782809336976778,0.24572699713575677,0.7160597609083141,-2.7859255374190015,152.4,2026-08-28 13:10:44.731561728+09:00
,,0.021163696087802643,0.06167198288023596,0.003291186758930484,0.08612686572696909,0.4757186291361681,0.24572699713575677,0.7160597609083141,-2.7859255374190015,152.5,2026-08-28 13:10:44.831561728+09:00
,,0.021163696087802643,0.06167198288023596,0.003291186758930484,0.08612686572696909,0.4731563245746585,0.24572699713575677,0.7160597609083141,-2.7859255374190015,152.6,2026-08-28 13:10:44.931561728+09:00
,,0.02102773305951301,0.06408008194337186,0.004008888341024056,0.08911670334390893,0.4704271559738715,0.23595725908267948,0.7190580389411554,-2.747621697456124,152.7,2026-08-28 13:10:45.031561728+09:00
,,0.02102773305951301,0.06408008194337186,0.004008888341024056,0.08911670334390893,0.46815945205152554,0.23595725908267948,0.7190580389411554,-2.747621697456124,152.8,2026-08-28 13:10:45.131561728+09:00
,,0.02102773305951301,0.06408008194337186,0.004008888341024056,0.08911670334390893,0.46589174812917955,0.23595725908267948,0.7190580389411554,-2.747621697456124,152.9,2026-08-28 13:10:45.231561728+09:00
,,0.021144168756015817,0.0633497745946909,0.00383204201510122,0.08832598536580795,0.4636864989394412,0.23938786154998254,0.7172269217526823,-2.7590839303161747,153.0,2026-08-28 13:10:45.331561728+09:00
,,0.021144168756015817,0.0633497745946909,0.00383204201510122,0.08832598536580795,0.4614812497497029,0.23938786154998254,0.7172269217526823,-2.7590839303161747,153.1,2026-08-28 13:10:45.431561728+09:00
,,0.021144168756015817,0.0633497745946909,0.00383204201510122,0.08832598536580795,0.4603156976917367,0.23938786154998254,0.7172269217526823,-2.7590839303161747,153.2,2026-08-28 13:10:45.531561728+09:00
,,0.021144168756015817,0.0633497745946909,0.00383204201510122,0.08832598536580795,0.4547882454381597,0.23938786154998254,0.7172269217526823,-2.7590839303161747,153.3,2026-08-28 13:10:45.631561728+09:00
,,0.021144168756015817,0.0633497745946909,0.00383204201510122,0.08832598536580795,0.4492607931845827,0.23938786154998254,0.7172269217526823,-2.7590839303161747,153.4,2026-08-28 13:10:45.731561728+09:00
,,0.021144168756015817,0.0633497745946909,0.00383204201510122,0.08832598536580795,0.44373334093100575,0.23938786154998254,0.7172269217526823,-2.7590839303161747,153.5,2026-08-28 13:10:45.831561728+09:00
,,0.021144168756015817,0.0633497745946909,0.00383204201510122,0.08832598536580795,0.4382058886774287,0.23938786154998254,0.7172269217526823,-2.7590839303161747,153.6,2026-08-28 13:10:45.931561728+09:00
,,0.020091091794122447,0.06565929837378878,0.005253385875079134,0.09100377604299036,0.4323697852771346,0.22077206757477158,0.721500812700027,-2.723276052713746,153.7,2026-08-28 13:10:46.031561728+09:00
,,0.020101578840081714,0.06500306411791404,0.005103398380469129,0.09020804133846487,0.4265697978147945,0.2228357754123009,0.7205905721200557,-2.7333208699219673,153.8,2026-08-28 13:10:46.131561728+09:00
,,0.020101578840081714,0.06500306411791404,0.005103398380469129,0.09020804133846487,0.4229314555435631,0.2228357754123009,0.7205905721200557,-2.7333208699219673,153.9,2026-08-28 13:10:46.231561728+09:00
,,0.020101578840081714,0.06500306411791404,0.005103398380469129,0.09020804133846487,0.4214547584634405,0.2228357754123009,0.7205905721200557,-2.7333208699219673,154.0,2026-08-28 13:10:46.331561728+09:00
,,0.020101578840081714,0.06500306411791404,0.005103398380469129,0.09020804133846487,0.4199780613833179,0.2228357754123009,0.7205905721200557,-2.7333208699219673,154.1,2026-08-28 13:10:46.431561728+09:00
,,0.020101578840081714,0.06500306411791404,0.005103398380469129,0.09020804133846487,0.41850136430319523,0.2228357754123009,0.7205905721200557,-2.7333208699219673,154.2,2026-08-28 13:10:46.531561728+09:00
,,0.020101578840081714,0.06500306411791404,0.005103398380469129,0.09020804133846487,0.41702466722307274,0.2228357754123009,0.7205905721200557,-2.7333208699219673,154.3,2026-08-28 13:10:46.631561728+09:00
,,0.01963623853526869,0.06605416809524949,0.005840131738546505,0.09153053836906468,0.4154150179467024,0.21453209917866398,0.72166261962657,-2.7172801448534565,154.4,2026-08-28 13:10:46.731561728+09:00
,,0.020101578840081714,0.06500306411791404,0.005103398380469129,0.09020804133846487,0.41408199730647394,0.2228357754123009,0.7205905721200557,-2.7333208699219673,154.5,2026-08-28 13:10:46.831561728+09:00
,,0.01959254459390989,0.0654817455847999,0.005711433121965007,0.0907857233006748,0.4124938082665083,0.2158108552929738,0.7212780072030684,-2.725983868544976,154.6,2026-08-28 13:10:46.931561728+09:00
,,0.01959254459390989,0.0654817455847999,0.005711433121965007,0.0907857233006748,0.40172970517962847,0.2158108552929738,0.7212780072030684,-2.725983868544976,154.7,2026-08-28 13:10:47.031561728+09:00
,,0.01959254459390989,0.0654817455847999,0.005711433121965007,0.0907857233006748,0.3909656020927487,0.2158108552929738,0.7212780072030684,-2.725983868544976,154.8,2026-08-28 13:10:47.131561728+09:00
,,0.01959254459390989,0.0654817455847999,0.005711433121965007,0.0907857233006748,0.3894728771046296,0.2158108552929738,0.7212780072030684,-2.725983868544976,154.9,2026-08-28 13:10:47.231561728+09:00
,,0.01959254459390989,0.0654817455847999,0.005711433121965007,0.0907857233006748,0.38777136258457734,0.2158108552929738,0.7212780072030684,-2.725983868544976,155.0,2026-08-28 13:10:47.331561728+09:00
,,0.01959254459390989,0.0654817455847999,0.005711433121965007,0.0907857233006748,0.38606984806452516,0.2158108552929738,0.7212780072030684,-2.725983868544976,155.1,2026-08-28 13:10:47.431561728+09:00
,,0.00027112098307243424,0.0005484820082742344,1.358667389153271e-05,0.0008331896652382014,0.38653617053711115,0.32540127942528335,0.658291900581158,-7.5083560804747895,155.2,2026-08-28 13:10:47.531561728+09:00
,,0.00027112098307243424,0.0005484820082742344,1.358667389153271e-05,0.0008331896652382014,0.38700249300969713,0.32540127942528335,0.658291900581158,-7.5083560804747895,155.3,2026-08-28 13:10:47.631561728+09:00
,,0.00027112098307243424,0.0005484820082742344,1.358667389153271e-05,0.0008331896652382014,0.3879188413251555,0.32540127942528335,0.658291900581158,-7.5083560804747895,155.4,2026-08-28 13:10:47.731561728+09:00
,,0.00035559099449993735,0.0007573380203053609,1.174715503885275e-05,0.001124676169844151,0.3885598109995461,0.31617189377206456,0.6733831840771616,-7.1857008780270055,155.5,2026-08-28 13:10:47.831561728+09:00
,,0.00035559099449993735,0.0007573380203053609,1.174715503885275e-05,0.001124676169844151,0.3887507548310644,0.31617189377206456,0.6733831840771616,-7.1857008780270055,155.6,2026-08-28 13:10:47.931561728+09:00
,,0.00035559099449993735,0.0007573380203053609,1.174715503885275e-05,0.001124676169844151,0.38939172450545506,0.31617189377206456,0.6733831840771616,-7.1857008780270055,155.7,2026-08-28 13:10:48.031561728+09:00
,,0.00035559099449993735,0.0007573380203053609,1.174715503885275e-05,0.001124676169844151,0.38989302792724123,0.31617189377206456,0.6733831840771616,-7.1857008780270055,155.8,2026-08-28 13:10:48.131561728+09:00
,,0.018210214802932192,0.06541564140598743,0.006998095958335634,0.09062395216725526,0.38827043820071994,0.20094262463110724,0.7218361133186572,-2.7269938838852625,155.9,2026-08-28 13:10:48.231561728+09:00
,,0.018210214802932192,0.06541564140598743,0.006998095958335634,0.09062395216725526,0.38664784847419853,0.20094262463110724,0.7218361133186572,-2.7269938838852625,156.0,2026-08-28 13:10:48.331561728+09:00
,,0.018210214802932192,0.06541564140598743,0.006998095958335634,0.09062395216725526,0.38529587765521073,0.20094262463110724,0.7218361133186572,-2.7269938838852625,156.1,2026-08-28 13:10:48.431561728+09:00
,,0.018210214802932192,0.06541564140598743,0.006998095958335634,0.09062395216725526,0.38367328792868943,0.20094262463110724,0.7218361133186572,-2.7269938838852625,156.2,2026-08-28 13:10:48.531561728+09:00
,,0.018086918552522386,0.0651521831733778,0.006965874247141759,0.09020497597304195,0.38204217874370006,0.20050910005150627,0.7222681727984579,-2.731029466020652,156.3,2026-08-28 13:10:48.631561728+09:00
,,0.018086918552522386,0.0651521831733778,0.006965874247141759,0.09020497597304195,0.38041106955871073,0.20050910005150627,0.7222681727984579,-2.731029466020652,156.4,2026-08-28 13:10:48.731561728+09:00
,,0.018086918552522386,0.0651521831733778,0.006965874247141759,0.09020497597304195,0.37905057928125496,0.20050910005150627,0.7222681727984579,-2.731029466020652,156.5,2026-08-28 13:10:48.831561728+09:00
,,0.017594495383525102,0.0651701760003621,0.007559458452917597,0.0903241298368048,0.3776052822897097,0.19479285784777958,0.7215145733273026,-2.730753338006815,156.6,2026-08-28 13:10:48.931561728+09:00
,,0.017594495383525102,0.0651701760003621,0.007559458452917597,0.0903241298368048,0.3760262134833393,0.19479285784777958,0.7215145733273026,-2.730753338006815,156.7,2026-08-28 13:10:49.031561728+09:00
,,0.017594495383525102,0.0651701760003621,0.007559458452917597,0.0903241298368048,0.37444714467696893,0.19479285784777958,0.7215145733273026,-2.730753338006815,156.8,2026-08-28 13:10:49.131561728+09:00
,,0.017594495383525102,0.0651701760003621,0.007559458452917597,0.0903241298368048,0.37286807587059856,0.19479285784777958,0.7215145733273026,-2.730753338006815,156.9,2026-08-28 13:10:49.231561728+09:00
,,0.017594495383525102,0.0651701760003621,0.007559458452917597,0.0903241298368048,0.37153453449933477,0.19479285784777958,0.7215145733273026,-2.730753338006815,157.0,2026-08-28 13:10:49.331561728+09:00
,,0.017594495383525102,0.0651701760003621,0.007559458452917597,0.0903241298368048,0.3699554656929644,0.19479285784777958,0.7215145733273026,-2.730753338006815,157.1,2026-08-28 13:10:49.431561728+09:00
,,0.017448401980376494,0.06512721933494175,0.007634071737852037,0.09020969305317028,0.36835345101712186,0.19342047833033058,0.7219536740531339,-2.7314127014095306,157.2,2026-08-28 13:10:49.531561728+09:00
,,0.017448401980376494,0.06512721933494175,0.007634071737852037,0.09020969305317028,0.36675143634127927,0.19342047833033058,0.7219536740531339,-2.7314127014095306,157.3,2026-08-28 13:10:49.631561728+09:00
,,0.017083787334518697,0.06512523849149837,0.008190233833265215,0.09039925965928228,0.365087304775751,0.1889814960753887,0.7204178301565466,-2.7314431168577546,157.4,2026-08-28 13:10:49.731561728+09:00
,,0.017083787334518697,0.06512523849149837,0.008190233833265215,0.09039925965928228,0.3637811475804371,0.1889814960753887,0.7204178301565466,-2.7314431168577546,157.5,2026-08-28 13:10:49.831561728+09:00
,,0.017083787334518697,0.06512523849149837,0.008190233833265215,0.09039925965928228,0.3624749903851231,0.1889814960753887,0.7204178301565466,-2.7314431168577546,157.6,2026-08-28 13:10:49.931561728+09:00
,,0.017083787334518697,0.06512523849149837,0.008190233833265215,0.09039925965928228,0.3611688331898091,0.1889814960753887,0.7204178301565466,-2.7314431168577546,157.7,2026-08-28 13:10:50.031561728+09:00
,,0.017083787334518697,0.06512523849149837,0.008190233833265215,0.09039925965928228,0.35986267599449506,0.1889814960753887,0.7204178301565466,-2.7314431168577546,157.8,2026-08-28 13:10:50.131561728+09:00
,,0.017083787334518697,0.06512523849149837,0.008190233833265215,0.09039925965928228,0.35855651879918116,0.1889814960753887,0.7204178301565466,-2.7314431168577546,157.9,2026-08-28 13:10:50.231561728+09:00
,,0.016887070450773246,0.06490988094209951,0.00829273344218616,0.09008968483505891,0.35722635843659023,0.187447325203668,0.7205029195178121,-2.7347554181381106,158.0,2026-08-28 13:10:50.331561728+09:00
,,0.0076600626262860886,0.018197065817043643,0.0003030879038428462,0.026160216347172575,0.3576827385476642,0.2928134280171577,0.6956007387534623,-4.006494916740298,158.1,2026-08-28 13:10:50.431561728+09:00
,,0.0076600626262860886,0.018197065817043643,0.0003030879038428462,0.026160216347172575,0.3581391186587381,0.2928134280171577,0.6956007387534623,-4.006494916740298,158.2,2026-08-28 13:10:50.531561728+09:00
,,0.0076600626262860886,0.018197065817043643,0.0003030879038428462,0.026160216347172575,0.3588122926759463,0.2928134280171577,0.6956007387534623,-4.006494916740298,158.3,2026-08-28 13:10:50.631561728+09:00
,,0.0076600626262860886,0.018197065817043643,0.0003030879038428462,0.026160216347172575,0.3593780462549354,0.2928134280171577,0.6956007387534623,-4.006494916740298,158.4,2026-08-28 13:10:50.731561728+09:00
,,0.0076600626262860886,0.018197065817043643,0.0003030879038428462,0.026160216347172575,0.35994379983392444,0.2928134280171577,0.6956007387534623,-4.006494916740298,158.5,2026-08-28 13:10:50.831561728+09:00
,,0.0076600626262860886,0.018197065817043643,0.0003030879038428462,0.026160216347172575,0.3605095534129136,0.2928134280171577,0.6956007387534623,-4.006494916740298,158.6,2026-08-28 13:10:50.931561728+09:00
,,0.0076600626262860886,0.018197065817043643,0.0003030879038428462,0.026160216347172575,0.3610753069919027,0.2928134280171577,0.6956007387534623,-4.006494916740298,158.7,2026-08-28 13:10:51.031561728+09:00
,,0.015629850590552188,0.060200131750219196,0.008309958786697701,0.08413994112746909,0.3598486280639042,0.18576017978041495,0.7154762761126501,-2.8100807381279096,158.8,2026-08-28 13:10:51.131561728+09:00
,,0.015629850590552188,0.060200131750219196,0.008309958786697701,0.08413994112746909,0.3586219491359058,0.18576017978041495,0.7154762761126501,-2.8100807381279096,158.9,2026-08-28 13:10:51.231561728+09:00
,,0.015629850590552188,0.060200131750219196,0.008309958786697701,0.08413994112746909,0.34914913659801333,0.18576017978041495,0.7154762761126501,-2.8100807381279096,159.0,2026-08-28 13:10:51.331561728+09:00
,,0.015629850590552188,0.060200131750219196,0.008309958786697701,0.08413994112746909,0.3396763240601208,0.18576017978041495,0.7154762761126501,-2.8100807381279096,159.1,2026-08-28 13:10:51.431561728+09:00
,,0.015629850590552188,0.060200131750219196,0.008309958786697701,0.08413994112746909,0.3302035115222283,0.18576017978041495,0.7154762761126501,-2.8100807381279096,159.2,2026-08-28 13:10:51.531561728+09:00
,,0.015629850590552188,0.060200131750219196,0.008309958786697701,0.08413994112746909,0.3290696128937079,0.18576017978041495,0.7154762761126501,-2.8100807381279096,159.3,2026-08-28 13:10:51.631561728+09:00
,,0.015629850590552188,0.060200131750219196,0.008309958786697701,0.08413994112746909,0.3279357142651875,0.18576017978041495,0.7154762761126501,-2.8100807381279096,159.4,2026-08-28 13:10:51.731561728+09:00
,,0.015629850590552188,0.060200131750219196,0.008309958786697701,0.08413994112746909,0.32680181563666705,0.18576017978041495,0.7154762761126501,-2.8100807381279096,159.5,2026-08-28 13:10:51.831561728+09:00
,,0.015629850590552188,0.060200131750219196,0.008309958786697701,0.08413994112746909,0.3256679170081466,0.18576017978041495,0.7154762761126501,-2.8100807381279096,159.6,2026-08-28 13:10:51.931561728+09:00
,,0.015516875132046764,0.059472554580140786,0.00837904791965944,0.08336847763184699,0.32473386952091304,0.18612400721252076,0.7133698043854181,-2.8222403404078187,159.7,2026-08-28 13:10:52.031561728+09:00
,,0.015516875132046764,0.059472554580140786,0.00837904791965944,0.08336847763184699,0.32379982203367946,0.18612400721252076,0.7133698043854181,-2.8222403404078187,159.8,2026-08-28 13:10:52.131561728+09:00
,,0.015516875132046764,0.059472554580140786,0.00837904791965944,0.08336847763184699,0.3228657745464458,0.18612400721252076,0.7133698043854181,-2.8222403404078187,159.9,2026-08-28 13:10:52.231561728+09:00
,,0.015516875132046764,0.059472554580140786,0.00837904791965944,0.08336847763184699,0.3219317270592122,0.18612400721252076,0.7133698043854181,-2.8222403404078187,160.0,2026-08-28 13:10:52.331561728+09:00
,,0.015516875132046764,0.059472554580140786,0.00837904791965944,0.08336847763184699,0.3209976795719786,0.18612400721252076,0.7133698043854181,-2.8222403404078187,160.1,2026-08-28 13:10:52.431561728+09:00
,,0.015516875132046764,0.059472554580140786,0.00837904791965944,0.08336847763184699,0.3199791673086257,0.18612400721252076,0.7133698043854181,-2.8222403404078187,160.2,2026-08-28 13:10:52.531561728+09:00
,,0.015319682669948164,0.0406627377508771,0.0011933819144897778,0.057175802335315044,0.3202477855039213,0.2679399683821464,0.7111878817616779,-3.202443140267646,160.3,2026-08-28 13:10:52.631561728+09:00
,,0.015319682669948164,0.0406627377508771,0.0011933819144897778,0.057175802335315044,0.32051640369921686,0.2679399683821464,0.7111878817616779,-3.202443140267646,160.4,2026-08-28 13:10:52.731561728+09:00
,,0.016025558182412376,0.05658788929977562,0.007119062272673201,0.0797325097548612,0.31992408641851455,0.20099151816095087,0.7097216615124238,-2.871960286636468,160.5,2026-08-28 13:10:52.831561728+09:00
,,0.016025558182412376,0.05658788929977562,0.007119062272673201,0.0797325097548612,0.31933176913781225,0.20099151816095087,0.7097216615124238,-2.871960286636468,160.6,2026-08-28 13:10:52.931561728+09:00
,,0.016025558182412376,0.05658788929977562,0.007119062272673201,0.0797325097548612,0.31873945185710995,0.20099151816095087,0.7097216615124238,-2.871960286636468,160.7,2026-08-28 13:10:53.031561728+09:00
,,0.016025558182412376,0.05658788929977562,0.007119062272673201,0.0797325097548612,0.31814713457640764,0.20099151816095087,0.7097216615124238,-2.871960286636468,160.8,2026-08-28 13:10:53.131561728+09:00
,,0.016025558182412376,0.05658788929977562,0.007119062272673201,0.0797325097548612,0.31755481729570534,0.20099151816095087,0.7097216615124238,-2.871960286636468,160.9,2026-08-28 13:10:53.231561728+09:00
,,0.016025558182412376,0.05658788929977562,0.007119062272673201,0.0797325097548612,0.3169625000150031,0.20099151816095087,0.7097216615124238,-2.871960286636468,161.0,2026-08-28 13:10:53.331561728+09:00
,,0.016025558182412376,0.05658788929977562,0.007119062272673201,0.0797325097548612,0.31629619088578936,0.20099151816095087,0.7097216615124238,-2.871960286636468,161.1,2026-08-28 13:10:53.431561728+09:00
,,0.016025558182412376,0.05658788929977562,0.007119062272673201,0.0797325097548612,0.31579674579585304,0.20099151816095087,0.7097216615124238,-2.871960286636468,161.2,2026-08-28 13:10:53.531561728+09:00
,,0.017171391931738327,0.057035745888545535,0.006058976918655657,0.08026611473893952,0.3153289480061781,0.21393077250078937,0.710583115603025,-2.8640770868540195,161.3,2026-08-28 13:10:53.631561728+09:00
,,0.016520009670014324,0.056659430784953335,0.004434501470724389,0.07761394192569204,0.31475562939934165,0.21284848134412063,0.7300161463155594,-2.8706968307835417,161.4,2026-08-28 13:10:53.731561728+09:00
,,0.017171391931738327,0.057035745888545535,0.006058976918655657,0.08026611473893952,0.31428783160966667,0.21393077250078937,0.710583115603025,-2.8640770868540195,161.5,2026-08-28 13:10:53.831561728+09:00
,,0.017171391931738327,0.057035745888545535,0.006058976918655657,0.08026611473893952,0.31382003381999174,0.21393077250078937,0.710583115603025,-2.8640770868540195,161.6,2026-08-28 13:10:53.931561728+09:00
,,0.017171391931738327,0.057035745888545535,0.006058976918655657,0.08026611473893952,0.3135191000695942,0.21393077250078937,0.710583115603025,-2.8640770868540195,161.7,2026-08-28 13:10:54.031561728+09:00
,,0.017171391931738327,0.057035745888545535,0.006058976918655657,0.08026611473893952,0.31321816631919663,0.21393077250078937,0.710583115603025,-2.8640770868540195,161.8,2026-08-28 13:10:54.131561728+09:00
,,0.017171391931738327,0.057035745888545535,0.006058976918655657,0.08026611473893952,0.31291723256879905,0.21393077250078937,0.710583115603025,-2.8640770868540195,161.9,2026-08-28 13:10:54.231561728+09:00
,,0.017171391931738327,0.057035745888545535,0.006058976918655657,0.08026611473893952,0.31255384408579384,0.21393077250078937,0.710583115603025,-2.8640770868540195,162.0,2026-08-28 13:10:54.331561728+09:00
,,0.017171391931738327,0.057035745888545535,0.006058976918655657,0.08026611473893952,0.31219045560278863,0.21393077250078937,0.710583115603025,-2.8640770868540195,162.1,2026-08-28 13:10:54.431561728+09:00
,,0.02034321539424602,0.057549954683419016,0.0025001106892102356,0.08039328076687527,0.31240955891294303,0.25304621481038136,0.7158552821137203,-2.855101931244286,162.2,2026-08-28 13:10:54.531561728+09:00
,,0.017957377272631886,0.057759250177602105,0.006073104893878795,0.0817897323441128,0.3121554678768651,0.21955539843412206,0.7061919451526314,-2.851471766171543,162.3,2026-08-28 13:10:54.631561728+09:00
,,0.017957377272631886,0.057759250177602105,0.006073104893878795,0.0817897323441128,0.3119013768407872,0.21955539843412206,0.7061919451526314,-2.851471766171543,162.4,2026-08-28 13:10:54.731561728+09:00
,,0.01905748140217882,0.06118266088722632,0.005016448926068609,0.08525659121547374,0.3116537807776892,0.2235308863570886,0.717629687217918,-2.7938914484423916,162.5,2026-08-28 13:10:54.831561728+09:00
,,0.01905748140217882,0.06118266088722632,0.005016448926068609,0.08525659121547374,0.31140618471459114,0.2235308863570886,0.717629687217918,-2.7938914484423916,162.6,2026-08-28 13:10:54.931561728+09:00
,,0.01905748140217882,0.06118266088722632,0.005016448926068609,0.08525659121547374,0.3114672397982103,0.2235308863570886,0.717629687217918,-2.7938914484423916,162.7,2026-08-28 13:10:55.031561728+09:00
,,0.01905748140217882,0.06118266088722632,0.005016448926068609,0.08525659121547374,0.31149217894387543,0.2235308863570886,0.717629687217918,-2.7938914484423916,162.8,2026-08-28 13:10:55.131561728+09:00
,,0.01905748140217882,0.06118266088722632,0.005016448926068609,0.08525659121547374,0.3115171180895406,0.2235308863570886,0.717629687217918,-2.7938914484423916,162.9,2026-08-28 13:10:55.231561728+09:00
,,0.019891431328374447,0.06237113920224378,0.0050814903233505565,0.08734406085396879,0.3116246732155415,0.22773650702628867,0.7140856355021388,-2.7746526233833393,163.0,2026-08-28 13:10:55.331561728+09:00
,,0.019891431328374447,0.06237113920224378,0.0050814903233505565,0.08734406085396879,0.31173222834154235,0.22773650702628867,0.7140856355021388,-2.7746526233833393,163.1,2026-08-28 13:10:55.431561728+09:00
,,0.020324139353785936,0.06487310906488171,0.004848977398124391,0.09004622581679203,0.3117772303600385,0.22570784249344789,0.7204422892401119,-2.7353220852830087,163.2,2026-08-28 13:10:55.531561728+09:00
,,0.020324139353785936,0.06487310906488171,0.004848977398124391,0.09004622581679203,0.31182223237853474,0.22570784249344789,0.7204422892401119,-2.7353220852830087,163.3,2026-08-28 13:10:55.631561728+09:00
,,0.020324139353785936,0.06487310906488171,0.004848977398124391,0.09004622581679203,0.3120001865932786,0.22570784249344789,0.7204422892401119,-2.7353220852830087,163.4,2026-08-28 13:10:55.731561728+09:00
,,0.020324139353785936,0.06487310906488171,0.004848977398124391,0.09004622581679203,0.3120451886117748,0.22570784249344789,0.7204422892401119,-2.7353220852830087,163.5,2026-08-28 13:10:55.831561728+09:00
,,0.020324139353785936,0.06487310906488171,0.004848977398124391,0.09004622581679203,0.31220168259011405,0.22570784249344789,0.7204422892401119,-2.7353220852830087,163.6,2026-08-28 13:10:55.931561728+09:00
,,0.020324139353785936,0.06487310906488171,0.004848977398124391,0.09004622581679203,0.3123581765684532,0.22570784249344789,0.7204422892401119,-2.7353220852830087,163.7,2026-08-28 13:10:56.031561728+09:00
,,0.02131479975614908,0.06848288580085166,0.00498554292794556,0.0947832284849463,0.312491915641094,0.2248794443579683,0.7225211347567494,-2.6811714072530837,163.8,2026-08-28 13:10:56.131561728+09:00
,,0.021125363856668633,0.06615731996954946,0.004949823701090441,0.09223250752730854,0.31271540367025236,0.22904466573690146,0.7172885324619561,-2.7157197374071753,163.9,2026-08-28 13:10:56.231561728+09:00
,,0.02131479975614908,0.06848288580085166,0.00498554292794556,0.0947832284849463,0.31284914274289305,0.2248794443579683,0.7225211347567494,-2.6811714072530837,164.0,2026-08-28 13:10:56.331561728+09:00
,,0.02131479975614908,0.06848288580085166,0.00498554292794556,0.0947832284849463,0.3129828818155338,0.2248794443579683,0.7225211347567494,-2.6811714072530837,164.1,2026-08-28 13:10:56.431561728+09:00
,,0.02131479975614908,0.06848288580085166,0.00498554292794556,0.0947832284849463,0.3109487838955363,0.2248794443579683,0.7225211347567494,-2.6811714072530837,164.2,2026-08-28 13:10:56.531561728+09:00
,,0.02131479975614908,0.06848288580085166,0.00498554292794556,0.0947832284849463,0.30891468597553884,0.2248794443579683,0.7225211347567494,-2.6811714072530837,164.3,2026-08-28 13:10:56.631561728+09:00
,,0.02131479975614908,0.06848288580085166,0.00498554292794556,0.0947832284849463,0.30688058805554136,0.2248794443579683,0.7225211347567494,-2.6811714072530837,164.4,2026-08-28 13:10:56.731561728+09:00
,,0.021969352843886816,0.06964580656210177,0.005104025917867061,0.09671918532385565,0.3051685498140087,0.2271457598647505,0.7200826426411568,-2.664332787861004,164.5,2026-08-28 13:10:56.831561728+09:00
,,0.021969352843886816,0.06964580656210177,0.005104025917867061,0.09671918532385565,0.3034565115724761,0.2271457598647505,0.7200826426411568,-2.664332787861004,164.6,2026-08-28 13:10:56.931561728+09:00
,,0.021969352843886816,0.06964580656210177,0.005104025917867061,0.09671918532385565,0.30174447333094345,0.2271457598647505,0.7200826426411568,-2.664332787861004,164.7,2026-08-28 13:10:57.031561728+09:00
,,0.021969352843886816,0.06964580656210177,0.005104025917867061,0.09671918532385565,0.3000324350894108,0.2271457598647505,0.7200826426411568,-2.664332787861004,164.8,2026-08-28 13:10:57.131561728+09:00
,,0.021914548691515667,0.07164015335704418,0.005370829729814702,0.09892553177837456,0.3003382183651162,0.22152571027478932,0.7241826459678932,-2.636099561129659,164.9,2026-08-28 13:10:57.231561728+09:00
,,0.021914548691515667,0.07164015335704418,0.005370829729814702,0.09892553177837456,0.30064400164082156,0.22152571027478932,0.7241826459678932,-2.636099561129659,165.0,2026-08-28 13:10:57.331561728+09:00
,,0.021914548691515667,0.07164015335704418,0.005370829729814702,0.09892553177837456,0.30094978491652696,0.22152571027478932,0.7241826459678932,-2.636099561129659,165.1,2026-08-28 13:10:57.431561728+09:00
,,0.021735465789241834,0.07322205982684533,0.00578815314002344,0.10074567875611061,0.3011549633796718,0.215745886648498,0.726800997629927,-2.6142585396610887,165.2,2026-08-28 13:10:57.531561728+09:00
,,0.022101862556584837,0.07394203833261116,0.0059096454766590705,0.10195354636585506,0.3013916036091322,0.21678365632592553,0.7252522444611584,-2.604473758466403,165.3,2026-08-28 13:10:57.631561728+09:00
,,0.022101862556584837,0.07394203833261116,0.0059096454766590705,0.10195354636585506,0.30162824383859266,0.21678365632592553,0.7252522444611584,-2.604473758466403,165.4,2026-08-28 13:10:57.731561728+09:00
,,0.022101862556584837,0.07394203833261116,0.0059096454766590705,0.10195354636585506,0.3018648840680531,0.21678365632592553,0.7252522444611584,-2.604473758466403,165.5,2026-08-28 13:10:57.831561728+09:00
,,0.022101862556584837,0.07394203833261116,0.0059096454766590705,0.10195354636585506,0.3021863310116032,0.21678365632592553,0.7252522444611584,-2.604473758466403,165.6,2026-08-28 13:10:57.931561728+09:00
,,0.022101862556584837,0.07394203833261116,0.0059096454766590705,0.10195354636585506,0.3025077779551532,0.21678365632592553,0.7252522444611584,-2.604473758466403,165.7,2026-08-28 13:10:58.031561728+09:00
,,0.022101862556584837,0.07394203833261116,0.0059096454766590705,0.10195354636585506,0.3028292248987033,0.21678365632592553,0.7252522444611584,-2.604473758466403,165.8,2026-08-28 13:10:58.131561728+09:00
,,0.021756430627279905,0.07511911740691196,0.006469478140247524,0.10334502617443939,0.3030475363544128,0.21052228087451957,0.7268769498409724,-2.5886801932604167,165.9,2026-08-28 13:10:58.231561728+09:00
,,0.022101862556584837,0.07394203833261116,0.0059096454766590705,0.10195354636585506,0.30336898329796286,0.21678365632592553,0.7252522444611584,-2.604473758466403,166.0,2026-08-28 13:10:58.331561728+09:00
,,0.022252611444906093,0.07299936657948611,0.006013194383200089,0.10126517240759228,0.3037562635315734,0.21974594933131936,0.7208733747636719,-2.617304514864732,166.1,2026-08-28 13:10:58.431561728+09:00
,,0.022252611444906093,0.07299936657948611,0.006013194383200089,0.10126517240759228,0.30416648963465615,0.21974594933131936,0.7208733747636719,-2.617304514864732,166.2,2026-08-28 13:10:58.531561728+09:00
,,0.022252611444906093,0.07299936657948611,0.006013194383200089,0.10126517240759228,0.30457671573773887,0.21974594933131936,0.7208733747636719,-2.617304514864732,166.3,2026-08-28 13:10:58.631561728+09:00
,,0.022252611444906093,0.07299936657948611,0.006013194383200089,0.10126517240759228,0.30504905873050725,0.21974594933131936,0.7208733747636719,-2.617304514864732,166.4,2026-08-28 13:10:58.731561728+09:00
,,0.022252611444906093,0.07299936657948611,0.006013194383200089,0.10126517240759228,0.30552140172327563,0.21974594933131936,0.7208733747636719,-2.617304514864732,166.5,2026-08-28 13:10:58.831561728+09:00
,,0.021530473390835952,0.07625303335248787,0.007213440466020485,0.10499694720934431,0.3057439968578638,0.2050580894310023,0.7262404801203749,-2.5736980826139138,166.6,2026-08-28 13:10:58.931561728+09:00
,,0.021530473390835952,0.07625303335248787,0.007213440466020485,0.10499694720934431,0.30596659199245196,0.2050580894310023,0.7262404801203749,-2.5736980826139138,166.7,2026-08-28 13:10:59.031561728+09:00
,,0.021530473390835952,0.07625303335248787,0.007213440466020485,0.10499694720934431,0.30618918712704013,0.2050580894310023,0.7262404801203749,-2.5736980826139138,166.8,2026-08-28 13:10:59.131561728+09:00
,,0.02154115441900545,0.07638420531471661,0.007345477899442417,0.10527083763316447,0.3064079484099744,0.20462603797330417,0.7255970127348219,-2.5719793409010125,166.9,2026-08-28 13:10:59.231561728+09:00
,,0.02154115441900545,0.07638420531471661,0.007345477899442417,0.10527083763316447,0.30665071286018547,0.20462603797330417,0.7255970127348219,-2.5719793409010125,167.0,2026-08-28 13:10:59.331561728+09:00
,,0.02154115441900545,0.07638420531471661,0.007345477899442417,0.10527083763316447,0.30510693683673185,0.20462603797330417,0.7255970127348219,-2.5719793409010125,167.1,2026-08-28 13:10:59.431561728+09:00
,,0.02154115441900545,0.07638420531471661,0.007345477899442417,0.10527083763316447,0.30356316081327817,0.20462603797330417,0.7255970127348219,-2.5719793409010125,167.2,2026-08-28 13:10:59.531561728+09:00
,,0.021097701612031488,0.07663316109537682,0.00793939468022741,0.10567025738763572,0.30194490862239204,0.19965600665320316,0.7252103192505664,-2.5687253834428776,167.3,2026-08-28 13:10:59.631561728+09:00
,,0.021097701612031488,0.07663316109537682,0.00793939468022741,0.10567025738763572,0.30032665643150597,0.19965600665320316,0.7252103192505664,-2.5687253834428776,167.4,2026-08-28 13:10:59.731561728+09:00
,,0.021097701612031488,0.07663316109537682,0.00793939468022741,0.10567025738763572,0.2987084042406198,0.19965600665320316,0.7252103192505664,-2.5687253834428776,167.5,2026-08-28 13:10:59.831561728+09:00
,,0.020918722389817988,0.07644169047898172,0.008086916027279869,0.10544732889607958,0.29707179878949186,0.19838077084374323,0.7249277082619752,-2.571227044744949,167.6,2026-08-28 13:10:59.931561728+09:00
,,0.020918722389817988,0.07644169047898172,0.008086916027279869,0.10544732889607958,0.29543519333836393,0.19838077084374323,0.7249277082619752,-2.571227044744949,167.7,2026-08-28 13:11:00.031561728+09:00
,,0.020918722389817988,0.07644169047898172,0.008086916027279869,0.10544732889607958,0.2955910203942235,0.19838077084374323,0.7249277082619752,-2.571227044744949,167.8,2026-08-28 13:11:00.131561728+09:00
,,0.020918722389817988,0.07644169047898172,0.008086916027279869,0.10544732889607958,0.2957468474500831,0.19838077084374323,0.7249277082619752,-2.571227044744949,167.9,2026-08-28 13:11:00.231561728+09:00
,,0.02045077848641394,0.07631472752709864,0.008662839474859773,0.10542834548837235,0.29583960240207424,0.1939779894266618,0.7238539803843869,-2.57288933799293,168.0,2026-08-28 13:11:00.331561728+09:00
,,0.020918722389817988,0.07644169047898172,0.008086916027279869,0.10544732889607958,0.2959954294579339,0.19838077084374323,0.7249277082619752,-2.571227044744949,168.1,2026-08-28 13:11:00.431561728+09:00
,,0.02045077848641394,0.07631472752709864,0.008662839474859773,0.10542834548837235,0.296088184409925,0.1939779894266618,0.7238539803843869,-2.57288933799293,168.2,2026-08-28 13:11:00.531561728+09:00
,,0.02045077848641394,0.07631472752709864,0.008662839474859773,0.10542834548837235,0.29618093936191614,0.1939779894266618,0.7238539803843869,-2.57288933799293,168.3,2026-08-28 13:11:00.631561728+09:00
,,0.020119983754221495,0.07577515197969724,0.008800412747860914,0.10469554848177966,0.29624639137730546,0.19217611489683356,0.7237667033463655,-2.5799848503695824,168.4,2026-08-28 13:11:00.731561728+09:00
,,0.020119983754221495,0.07577515197969724,0.008800412747860914,0.10469554848177966,0.2963118433926948,0.19217611489683356,0.7237667033463655,-2.5799848503695824,168.5,2026-08-28 13:11:00.831561728+09:00
,,0.020119983754221495,0.07577515197969724,0.008800412747860914,0.10469554848177966,0.2963772954080841,0.19217611489683356,0.7237667033463655,-2.5799848503695824,168.6,2026-08-28 13:11:00.931561728+09:00
,,0.019654657405885848,0.07521848945696288,0.00931486952933303,0.10418801639218175,0.29638165888695195,0.1886460466998653,0.7219495299135694,-2.5873582078091895,168.7,2026-08-28 13:11:01.031561728+09:00
,,0.019654657405885848,0.07521848945696288,0.00931486952933303,0.10418801639218175,0.2963860223658198,0.1886460466998653,0.7219495299135694,-2.5873582078091895,168.8,2026-08-28 13:11:01.131561728+09:00
,,0.019654657405885848,0.07521848945696288,0.00931486952933303,0.10418801639218175,0.29639038584468763,0.1886460466998653,0.7219495299135694,-2.5873582078091895,168.9,2026-08-28 13:11:01.231561728+09:00
,,0.019654657405885848,0.07521848945696288,0.00931486952933303,0.10418801639218175,0.2963947493235555,0.1886460466998653,0.7219495299135694,-2.5873582078091895,169.0,2026-08-28 13:11:01.331561728+09:00
,,0.019654657405885848,0.07521848945696288,0.00931486952933303,0.10418801639218175,0.2963991128024233,0.1886460466998653,0.7219495299135694,-2.5873582078091895,169.1,2026-08-28 13:11:01.431561728+09:00
,,0.019018711069209694,0.07150606942226183,0.00857634328943049,0.09910112378090202,0.2964553929746725,0.19191216349127646,0.7215465041582294,-2.6379729458602337,169.2,2026-08-28 13:11:01.531561728+09:00
,,0.019018711069209694,0.07150606942226183,0.00857634328943049,0.09910112378090202,0.29522454268827314,0.19191216349127646,0.7215465041582294,-2.6379729458602337,169.3,2026-08-28 13:11:01.631561728+09:00
,,0.019018711069209694,0.07150606942226183,0.00857634328943049,0.09910112378090202,0.29399369240187384,0.19191216349127646,0.7215465041582294,-2.6379729458602337,169.4,2026-08-28 13:11:01.731561728+09:00
,,0.019018711069209694,0.07150606942226183,0.00857634328943049,0.09910112378090202,0.2938023114592579,0.19191216349127646,0.7215465041582294,-2.6379729458602337,169.5,2026-08-28 13:11:01.831561728+09:00
,,0.019018711069209694,0.07150606942226183,0.00857634328943049,0.09910112378090202,0.29361093051664194,0.19191216349127646,0.7215465041582294,-2.6379729458602337,169.6,2026-08-28 13:11:01.931561728+09:00
,,0.01846812524472561,0.07034223829550537,0.008829535110065779,0.09763989865029675,0.2933814757651335,0.18914527257827587,0.7204251465626812,-2.6543828313520863,169.7,2026-08-28 13:11:02.031561728+09:00
,,0.01846812524472561,0.07034223829550537,0.008829535110065779,0.09763989865029675,0.2931520210136251,0.18914527257827587,0.7204251465626812,-2.6543828313520863,169.8,2026-08-28 13:11:02.131561728+09:00
,,0.01838281379949369,0.07215907417450476,0.009892880961487688,0.10043476893548614,0.2928359804351898,0.18303237010782408,0.718467070112501,-2.6288822334860082,169.9,2026-08-28 13:11:02.231561728+09:00
,,0.01838281379949369,0.07215907417450476,0.009892880961487688,0.10043476893548614,0.29251993985675456,0.18303237010782408,0.718467070112501,-2.6288822334860082,170.0,2026-08-28 13:11:02.331561728+09:00
,,0.01838281379949369,0.07215907417450476,0.009892880961487688,0.10043476893548614,0.29220389927831936,0.18303237010782408,0.718467070112501,-2.6288822334860082,170.1,2026-08-28 13:11:02.431561728+09:00
,,0.01838281379949369,0.07215907417450476,0.009892880961487688,0.10043476893548614,0.2918878586998841,0.18303237010782408,0.718467070112501,-2.6288822334860082,170.2,2026-08-28 13:11:02.531561728+09:00
,,0.01838281379949369,0.07215907417450476,0.009892880961487688,0.10043476893548614,0.2913733067819101,0.18303237010782408,0.718467070112501,-2.6288822334860082,170.3,2026-08-28 13:11:02.631561728+09:00
,,0.01838281379949369,0.07215907417450476,0.009892880961487688,0.10043476893548614,0.29096427568109756,0.18303237010782408,0.718467070112501,-2.6288822334860082,170.4,2026-08-28 13:11:02.731561728+09:00
,,0.01838281379949369,0.07215907417450476,0.009892880961487688,0.10043476893548614,0.29044972376312356,0.18303237010782408,0.718467070112501,-2.6288822334860082,170.5,2026-08-28 13:11:02.831561728+09:00
,,0.017959338324412166,0.0707842328887083,0.009938485934682592,0.09868205714780307,0.2899236769533589,0.1819919329155573,0.7172958786488386,-2.6481190023956667,170.6,2026-08-28 13:11:02.931561728+09:00
,,0.017959338324412166,0.0707842328887083,0.009938485934682592,0.09868205714780307,0.2893976301435943,0.1819919329155573,0.7172958786488386,-2.6481190023956667,170.7,2026-08-28 13:11:03.031561728+09:00
,,0.017959338324412166,0.0707842328887083,0.009938485934682592,0.09868205714780307,0.2888715833338297,0.1819919329155573,0.7172958786488386,-2.6481190023956667,170.8,2026-08-28 13:11:03.131561728+09:00
,,0.017628174547154013,0.06835768045200782,0.010035718243663809,0.09602157324282565,0.2883917801824767,0.1835855626170041,0.71189919247772,-2.6830013526736844,170.9,2026-08-28 13:11:03.231561728+09:00
,,0.017959338324412166,0.0707842328887083,0.009938485934682592,0.09868205714780307,0.2878657333727121,0.1819919329155573,0.7172958786488386,-2.6481190023956667,171.0,2026-08-28 13:11:03.331561728+09:00
,,0.017959338324412166,0.0707842328887083,0.009938485934682592,0.09868205714780307,0.28733968656294745,0.1819919329155573,0.7172958786488386,-2.6481190023956667,171.1,2026-08-28 13:11:03.431561728+09:00
,,0.017959338324412166,0.0707842328887083,0.009938485934682592,0.09868205714780307,0.2862311479600232,0.1819919329155573,0.7172958786488386,-2.6481190023956667,171.2,2026-08-28 13:11:03.531561728+09:00
,,0.017959338324412166,0.0707842328887083,0.009938485934682592,0.09868205714780307,0.2855958037033313,0.1819919329155573,0.7172958786488386,-2.6481190023956667,171.3,2026-08-28 13:11:03.631561728+09:00
,,0.017611272263680925,0.06927845405861931,0.007077644774399246,0.09396737109669948,0.2849659091691821,0.18741901638982328,0.73726074540626,-2.6696213293733,171.4,2026-08-28 13:11:03.731561728+09:00
,,0.017611272263680925,0.06927845405861931,0.007077644774399246,0.09396737109669948,0.28432951966205294,0.18741901638982328,0.73726074540626,-2.6696213293733,171.5,2026-08-28 13:11:03.831561728+09:00
,,0.01741193883358129,0.06506305816593597,0.009515405715755673,0.09199040271527292,0.28384209028492224,0.18927995007777512,0.7072809363311301,-2.7323983537244634,171.6,2026-08-28 13:11:03.931561728+09:00
,,0.017611272263680925,0.06927845405861931,0.007077644774399246,0.09396737109669948,0.2832057007777931,0.18741901638982328,0.73726074540626,-2.6696213293733,171.7,2026-08-28 13:11:04.031561728+09:00
,,0.01741193883358129,0.06506305816593597,0.009515405715755673,0.09199040271527292,0.2827182714006624,0.18927995007777512,0.7072809363311301,-2.7323983537244634,171.8,2026-08-28 13:11:04.131561728+09:00
,,0.017611272263680925,0.06927845405861931,0.007077644774399246,0.09396737109669948,0.2820818818935332,0.18741901638982328,0.73726074540626,-2.6696213293733,171.9,2026-08-28 13:11:04.231561728+09:00
,,0.017611272263680925,0.06927845405861931,0.007077644774399246,0.09396737109669948,0.28136287640606833,0.18741901638982328,0.73726074540626,-2.6696213293733,172.0,2026-08-28 13:11:04.331561728+09:00
,,0.017396815645234907,0.06310264093641868,0.011011191441146853,0.09151064802280044,0.280882546704845,0.19010700963346236,0.689566102959912,-2.7629926571187347,172.1,2026-08-28 13:11:04.431561728+09:00
,,0.017396815645234907,0.06310264093641868,0.011011191441146853,0.09151064802280044,0.2804647701111264,0.19010700963346236,0.689566102959912,-2.7629926571187347,172.2,2026-08-28 13:11:04.531561728+09:00
,,0.017563352293647257,0.06223780356567473,0.00859245741887991,0.0883936132782019,0.28011929047191203,0.19869481111005138,0.7040984213394831,-2.7767926894892825,172.3,2026-08-28 13:11:04.631561728+09:00
,,0.017563352293647257,0.06223780356567473,0.00859245741887991,0.0883936132782019,0.2797738108326976,0.19869481111005138,0.7040984213394831,-2.7767926894892825,172.4,2026-08-28 13:11:04.731561728+09:00
,,0.017563352293647257,0.06223780356567473,0.00859245741887991,0.0883936132782019,0.2794283311934832,0.19869481111005138,0.7040984213394831,-2.7767926894892825,172.5,2026-08-28 13:11:04.831561728+09:00
,,0.017563352293647257,0.06223780356567473,0.00859245741887991,0.0883936132782019,0.2790828515542688,0.19869481111005138,0.7040984213394831,-2.7767926894892825,172.6,2026-08-28 13:11:04.931561728+09:00
,,0.017563352293647257,0.06223780356567473,0.00859245741887991,0.0883936132782019,0.27873737191505443,0.19869481111005138,0.7040984213394831,-2.7767926894892825,172.7,2026-08-28 13:11:05.031561728+09:00
,,0.018164737898246255,0.061893643917198975,0.008329329335669516,0.08838771115111474,0.2785400426810247,0.20551202946290076,0.7002516878322669,-2.782337787646263,172.8,2026-08-28 13:11:05.131561728+09:00
,,0.018164737898246255,0.061893643917198975,0.008329329335669516,0.08838771115111474,0.2782529644904775,0.20551202946290076,0.7002516878322669,-2.782337787646263,172.9,2026-08-28 13:11:05.231561728+09:00
,,0.017549398557901868,0.05809984829164522,0.007227389994906448,0.08287663684445354,0.2781508880438015,0.21175326637396422,0.701040130292564,-2.8455922262869713,173.0,2026-08-28 13:11:05.331561728+09:00
,,0.017549398557901868,0.05809984829164522,0.007227389994906448,0.08287663684445354,0.2780488115971255,0.21175326637396422,0.701040130292564,-2.8455922262869713,173.1,2026-08-28 13:11:05.431561728+09:00
,,0.017549398557901868,0.05809984829164522,0.007227389994906448,0.08287663684445354,0.2779467351504496,0.21175326637396422,0.701040130292564,-2.8455922262869713,173.2,2026-08-28 13:11:05.531561728+09:00
,,0.017549398557901868,0.05809984829164522,0.007227389994906448,0.08287663684445354,0.2778446587037737,0.21175326637396422,0.701040130292564,-2.8455922262869713,173.3,2026-08-28 13:11:05.631561728+09:00
,,0.017549398557901868,0.05809984829164522,0.007227389994906448,0.08287663684445354,0.27774258225709764,0.21175326637396422,0.701040130292564,-2.8455922262869713,173.4,2026-08-28 13:11:05.731561728+09:00
,,0.018599953157553913,0.05914767004689553,0.007047704240156391,0.08479532744460584,0.27773171954784187,0.21935115669792873,0.6975345438171091,-2.8277180799185997,173.5,2026-08-28 13:11:05.831561728+09:00
,,0.018599953157553913,0.05914767004689553,0.007047704240156391,0.08479532744460584,0.27772085683858605,0.21935115669792873,0.6975345438171091,-2.8277180799185997,173.6,2026-08-28 13:11:05.931561728+09:00
,,0.01911480786460155,0.05963566055192138,0.006467839210656396,0.08521830762717933,0.27777732858072424,0.22430400693037372,0.6997986959893735,-2.8195015524316243,173.7,2026-08-28 13:11:06.031561728+09:00
,,0.01911480786460155,0.05963566055192138,0.006467839210656396,0.08521830762717933,0.27783380032286237,0.22430400693037372,0.6997986959893735,-2.8195015524316243,173.8,2026-08-28 13:11:06.131561728+09:00
,,0.01911480786460155,0.05963566055192138,0.006467839210656396,0.08521830762717933,0.27799634369607007,0.22430400693037372,0.6997986959893735,-2.8195015524316243,173.9,2026-08-28 13:11:06.231561728+09:00
,,0.01911480786460155,0.05963566055192138,0.006467839210656396,0.08521830762717933,0.2781588870692778,0.22430400693037372,0.6997986959893735,-2.8195015524316243,174.0,2026-08-28 13:11:06.331561728+09:00
,,0.01911480786460155,0.05963566055192138,0.006467839210656396,0.08521830762717933,0.2783214304424856,0.22430400693037372,0.6997986959893735,-2.8195015524316243,174.1,2026-08-28 13:11:06.431561728+09:00
,,0.02049428843011269,0.06191577818073992,0.006411269381077618,0.08882133599193023,0.2787009809279097,0.23073609737163464,0.6970822662064575,-2.781980233860748,174.2,2026-08-28 13:11:06.531561728+09:00
,,0.02049428843011269,0.06191577818073992,0.006411269381077618,0.08882133599193023,0.27905758910548617,0.23073609737163464,0.6970822662064575,-2.781980233860748,174.3,2026-08-28 13:11:06.631561728+09:00
,,0.02049428843011269,0.06191577818073992,0.006411269381077618,0.08882133599193023,0.27941419728306266,0.23073609737163464,0.6970822662064575,-2.781980233860748,174.4,2026-08-28 13:11:06.731561728+09:00
,,0.02107142264671018,0.06342322758229685,0.0060083161505851655,0.0905029663795922,0.27978449908146646,0.23282576792379753,0.7007861744142605,-2.757925118983095,174.5,2026-08-28 13:11:06.831561728+09:00
,,0.02107142264671018,0.06342322758229685,0.0060083161505851655,0.0905029663795922,0.2801548008798703,0.23282576792379753,0.7007861744142605,-2.757925118983095,174.6,2026-08-28 13:11:06.931561728+09:00
,,0.02107142264671018,0.06342322758229685,0.0060083161505851655,0.0905029663795922,0.28052510267827413,0.23282576792379753,0.7007861744142605,-2.757925118983095,174.7,2026-08-28 13:11:07.031561728+09:00
,,0.02107142264671018,0.06342322758229685,0.0060083161505851655,0.0905029663795922,0.28089540447667793,0.23282576792379753,0.7007861744142605,-2.757925118983095,174.8,2026-08-28 13:11:07.131561728+09:00
,,0.02107142264671018,0.06342322758229685,0.0060083161505851655,0.0905029663795922,0.28136884176292226,0.23282576792379753,0.7007861744142605,-2.757925118983095,174.9,2026-08-28 13:11:07.231561728+09:00
,,0.0226053614814544,0.06655454250873759,0.006077499308880104,0.0952374032990721,0.2818215498394741,0.23735802004667472,0.698827773576918,-2.7097334793894694,175.0,2026-08-28 13:11:07.331561728+09:00
,,0.0226053614814544,0.06655454250873759,0.006077499308880104,0.0952374032990721,0.2822084246259654,0.23735802004667472,0.698827773576918,-2.7097334793894694,175.1,2026-08-28 13:11:07.431561728+09:00
,,0.02116621186873948,0.06828676662346589,0.0050818882379891055,0.09453486673019448,0.2822653994063456,0.22389846837303448,0.7223447706163113,-2.684039284860846,175.2,2026-08-28 13:11:07.531561728+09:00
,,0.02116621186873948,0.06828676662346589,0.0050818882379891055,0.09453486673019448,0.2823223741867258,0.22389846837303448,0.7223447706163113,-2.684039284860846,175.3,2026-08-28 13:11:07.631561728+09:00
,,0.02116621186873948,0.06828676662346589,0.0050818882379891055,0.09453486673019448,0.282379348967106,0.22389846837303448,0.7223447706163113,-2.684039284860846,175.4,2026-08-28 13:11:07.731561728+09:00
,,0.02116621186873948,0.06828676662346589,0.0050818882379891055,0.09453486673019448,0.28243632374748623,0.22389846837303448,0.7223447706163113,-2.684039284860846,175.5,2026-08-28 13:11:07.831561728+09:00
,,0.02116621186873948,0.06828676662346589,0.0050818882379891055,0.09453486673019448,0.28274304638604664,0.22389846837303448,0.7223447706163113,-2.684039284860846,175.6,2026-08-28 13:11:07.931561728+09:00
,,0.02381382273665733,0.07003112730938736,0.005938612540115267,0.09978356258615996,0.28338405333877525,0.23865476556917725,0.7018302964370278,-2.6588154599233924,175.7,2026-08-28 13:11:08.031561728+09:00
,,0.02381382273665733,0.07003112730938736,0.005938612540115267,0.09978356258615996,0.2840250602915039,0.23865476556917725,0.7018302964370278,-2.6588154599233924,175.8,2026-08-28 13:11:08.131561728+09:00
,,0.02381382273665733,0.07003112730938736,0.005938612540115267,0.09978356258615996,0.28466990109588636,0.23865476556917725,0.7018302964370278,-2.6588154599233924,175.9,2026-08-28 13:11:08.231561728+09:00
,,0.022326482098928645,0.07241637129635736,0.005265231550207191,0.10000808494549321,0.2849620846999516,0.22324677160948647,0.7241051694553097,-2.625322882274527,176.0,2026-08-28 13:11:08.331561728+09:00
,,0.022326482098928645,0.07241637129635736,0.005265231550207191,0.10000808494549321,0.2852542683040169,0.22324677160948647,0.7241051694553097,-2.625322882274527,176.1,2026-08-28 13:11:08.431561728+09:00
,,0.022326482098928645,0.07241637129635736,0.005265231550207191,0.10000808494549321,0.28554645190808225,0.22324677160948647,0.7241051694553097,-2.625322882274527,176.2,2026-08-28 13:11:08.531561728+09:00
,,0.022326482098928645,0.07241637129635736,0.005265231550207191,0.10000808494549321,0.28591311167957995,0.22324677160948647,0.7241051694553097,-2.625322882274527,176.3,2026-08-28 13:11:08.631561728+09:00
,,0.024614001856884345,0.07359663014361931,0.006133411990454911,0.10434404399095856,0.286570188969863,0.23589273441440659,0.70532660350021,-2.6091560403876506,176.4,2026-08-28 13:11:08.731561728+09:00
,,0.024614001856884345,0.07359663014361931,0.006133411990454911,0.10434404399095856,0.28722726626014605,0.23589273441440659,0.70532660350021,-2.6091560403876506,176.5,2026-08-28 13:11:08.831561728+09:00
,,0.024614001856884345,0.07359663014361931,0.006133411990454911,0.10434404399095856,0.28790269681067093,0.23589273441440659,0.70532660350021,-2.6091560403876506,176.6,2026-08-28 13:11:08.931561728+09:00
,,0.024549296346624512,0.075709316946488,0.006429006630408133,0.10668761992352063,0.2884649338386682,0.2301044522712453,0.7096354478688387,-2.580854048879777,176.7,2026-08-28 13:11:09.031561728+09:00
,,0.024549296346624512,0.075709316946488,0.006429006630408133,0.10668761992352063,0.2890271708666655,0.2301044522712453,0.7096354478688387,-2.580854048879777,176.8,2026-08-28 13:11:09.131561728+09:00
,,0.024549296346624512,0.075709316946488,0.006429006630408133,0.10668761992352063,0.28958940789466275,0.2301044522712453,0.7096354478688387,-2.580854048879777,176.9,2026-08-28 13:11:09.231561728+09:00
,,0.024549296346624512,0.075709316946488,0.006429006630408133,0.10668761992352063,0.29021471702652857,0.2301044522712453,0.7096354478688387,-2.580854048879777,177.0,2026-08-28 13:11:09.331561728+09:00
,,0.024549296346624512,0.075709316946488,0.006429006630408133,0.10668761992352063,0.2907769540545258,0.2301044522712453,0.7096354478688387,-2.580854048879777,177.1,2026-08-28 13:11:09.431561728+09:00
,,0.025077229143636134,0.07726280779440965,0.006600639970870079,0.10894067690891587,0.29140574367332056,0.2301916038634764,0.7092190904872774,-2.5605425802556474,177.2,2026-08-28 13:11:09.531561728+09:00
,,0.025077229143636134,0.07726280779440965,0.006600639970870079,0.10894067690891587,0.2920345332921153,0.2301916038634764,0.7092190904872774,-2.5605425802556474,177.3,2026-08-28 13:11:09.631561728+09:00
,,0.024982852925297647,0.0796852099745484,0.00707479422631352,0.11174285712615956,0.29256783482792714,0.2235744956573966,0.7131123368770002,-2.5296712816166185,177.4,2026-08-28 13:11:09.731561728+09:00
,,0.024982852925297647,0.0796852099745484,0.00707479422631352,0.11174285712615956,0.293101136363739,0.2235744956573966,0.7131123368770002,-2.5296712816166185,177.5,2026-08-28 13:11:09.831561728+09:00
,,0.024982852925297647,0.0796852099745484,0.00707479422631352,0.11174285712615956,0.29363443789955085,0.2235744956573966,0.7131123368770002,-2.5296712816166185,177.6,2026-08-28 13:11:09.931561728+09:00
,,0.024982852925297647,0.0796852099745484,0.00707479422631352,0.11174285712615956,0.29421464281163495,0.2235744956573966,0.7131123368770002,-2.5296712816166185,177.7,2026-08-28 13:11:10.031561728+09:00
,,0.024982852925297647,0.0796852099745484,0.00707479422631352,0.11174285712615956,0.29479484772371906,0.2235744956573966,0.7131123368770002,-2.5296712816166185,177.8,2026-08-28 13:11:10.131561728+09:00
,,0.025270194102075386,0.07958246418217431,0.007259950827100113,0.11345870590063253,0.2953609835217993,0.22272591513785725,0.7132864801255049,-2.514188476783521,177.9,2026-08-28 13:11:10.231561728+09:00
,,0.025270194102075386,0.07947971838980022,0.007259950827100113,0.11345870590063253,0.2959271193198795,0.22272591513785725,0.7132864801255049,-2.514188476783521,178.0,2026-08-28 13:11:10.331561728+09:00
,,0.025270194102075386,0.07937697259742613,0.007259950827100113,0.11345870590063253,0.2964932551179597,0.22272591513785725,0.7132864801255049,-2.514188476783521,178.1,2026-08-28 13:11:10.431561728+09:00
,,0.025239355530396565,0.07927422680505204,0.00795384810946157,0.11726234552313111,0.2968737886664246,0.21523836503353808,0.7169321192427415,-2.476115701056372,178.2,2026-08-28 13:11:10.531561728+09:00
,,0.0252390143251702,0.07917148101267796,0.007953752304774506,0.11726086515642455,0.2972543185185226,0.21523817252671357,0.7169322724536786,-2.4761281118321246,178.3,2026-08-28 13:11:10.631561728+09:00
,,0.0252390143251702,0.07906873522030387,0.007953752304774506,0.11726086515642455,0.29763484837062054,0.21523817252671357,0.7169322724536786,-2.4761281118321246,178.4,2026-08-28 13:11:10.731561728+09:00
,,0.0252390143251702,0.07896598942792979,0.007953752304774506,0.11726086515642455,0.29801537822271845,0.21523817252671357,0.7169322724536786,-2.4761281118321246,178.5,2026-08-28 13:11:10.831561728+09:00
,,0.0252390143251702,0.07886324363555569,0.007953752304774506,0.11726086515642455,0.2983959080748165,0.21523817252671357,0.7169322724536786,-2.4761281118321246,178.6,2026-08-28 13:11:10.931561728+09:00
,,0.025336244664772026,0.0787604978431816,0.008121648969532956,0.11847628838542656,0.2987899329231294,0.213850762967424,0.7175983980401217,-2.4648876370681108,178.7,2026-08-28 13:11:11.031561728+09:00
,,0.025336244664772026,0.07865775205080752,0.008121648969532956,0.11847628838542656,0.29918395777144235,0.213850762967424,0.7175983980401217,-2.4648876370681108,178.8,2026-08-28 13:11:11.131561728+09:00
,,0.025336244664772026,0.07855500625843344,0.008121648969532956,0.11847628838542656,0.29966456844668216,0.213850762967424,0.7175983980401217,-2.4648876370681108,178.9,2026-08-28 13:11:11.231561728+09:00
,,0.025240079006407016,0.07845226046605935,0.00885365423875578,0.12200753855027267,0.30002397151331844,0.20687311051691246,0.7205604370822167,-2.4313984296822015,179.0,2026-08-28 13:11:11.331561728+09:00
,,0.025240079006407016,0.07834951467368526,0.00885365423875578,0.12200753855027267,0.3003833745799548,0.20687311051691246,0.7205604370822167,-2.4313984296822015,179.1,2026-08-28 13:11:11.431561728+09:00
,,0.025240079006407016,0.07824676888131117,0.00885365423875578,0.12200753855027267,0.30074277764659113,0.20687311051691246,0.7205604370822167,-2.4313984296822015,179.2,2026-08-28 13:11:11.531561728+09:00
,,0.025240079006407016,0.07814402308893709,0.00885365423875578,0.12200753855027267,0.3011021807132274,0.20687311051691246,0.7205604370822167,-2.4313984296822015,179.3,2026-08-28 13:11:11.631561728+09:00
,,0.025240079006407016,0.078041277296563,0.00885365423875578,0.12200753855027267,0.3014615837798638,0.20687311051691246,0.7205604370822167,-2.4313984296822015,179.4,2026-08-28 13:11:11.731561728+09:00
,,0.025409741143408736,0.07793853150418892,0.009051301028612794,0.12389491802137897,0.3017878462154805,0.2050910686992351,0.7218526577008184,-2.4142557440869656,179.5,2026-08-28 13:11:11.831561728+09:00
,,0.025409741143408736,0.07783578571181482,0.009051301028612794,0.12389491802137897,0.30212560354288787,0.2050910686992351,0.7218526577008184,-2.4142557440869656,179.6,2026-08-28 13:11:11.931561728+09:00
,,0.025409741143408736,0.07773303991944074,0.009051301028612794,0.12389491802137897,0.3024633608702952,0.2050910686992351,0.7218526577008184,-2.4142557440869656,179.7,2026-08-28 13:11:12.031561728+09:00
,,0.02520227266077978,0.07763029412706665,0.009793778639208384,0.12693339884736704,0.3026900825654038,0.1985472136540252,0.7242959566373096,-2.3866479388420716,179.8,2026-08-28 13:11:12.131561728+09:00
,,0.02520227266077978,0.07752754833469257,0.009793778639208384,0.12693339884736704,0.3028705606021008,0.1985472136540252,0.7242959566373096,-2.3866479388420716,179.9,2026-08-28 13:11:12.231561728+09:00
,,0.02520227266077978,0.07742480254231848,0.009793778639208384,0.12693339884736704,0.3030972822972094,0.1985472136540252,0.7242959566373096,-2.3866479388420716,180.0,2026-08-28 13:11:12.331561728+09:00
,,0.02520227266077978,0.07732205674994438,0.009793778639208384,0.12693339884736704,0.303324003992318,0.1985472136540252,0.7242959566373096,-2.3866479388420716,180.1,2026-08-28 13:11:12.431561728+09:00
,,0.02520227266077978,0.0772193109575703,0.009793778639208384,0.12693339884736704,0.3035507256874267,0.1985472136540252,0.7242959566373096,-2.3866479388420716,180.2,2026-08-28 13:11:12.531561728+09:00
,,0.022589902543413216,0.07711656516519622,0.009974321314544808,0.11804270783797147,0.30366801921514464,0.1913705891466054,0.7241318463936245,-2.4594905840650028,180.3,2026-08-28 13:11:12.631561728+09:00
,,0.022589902543413216,0.07701381937282213,0.009974321314544808,0.11804270783797147,0.30377986302031995,0.1913705891466054,0.7241318463936245,-2.4594905840650028,180.4,2026-08-28 13:11:12.731561728+09:00
,,0.022589902543413216,0.07691107358044805,0.009974321314544808,0.11804270783797147,0.30389170682549527,0.1913705891466054,0.7241318463936245,-2.4594905840650028,180.5,2026-08-28 13:11:12.831561728+09:00
,,0.022589902543413216,0.07680832778807395,0.009974321314544808,0.11804270783797147,0.3038545905006721,0.1913705891466054,0.7241318463936245,-2.4594905840650028,180.6,2026-08-28 13:11:12.931561728+09:00
,,0.022205200682900505,0.07670558199569986,0.010536564431971353,0.1180214088797571,0.30392315796478575,0.18814553133765477,0.722577747328623,-2.461819495814354,180.7,2026-08-28 13:11:13.031561728+09:00
,,0.022205200682900505,0.07660283620332578,0.010536564431971353,0.1180214088797571,0.30384276529890086,0.18814553133765477,0.722577747328623,-2.461819495814354,180.8,2026-08-28 13:11:13.131561728+09:00
,,0.022205200682900505,0.0765000904109517,0.010536564431971353,0.1180214088797571,0.3039113327630144,0.18814553133765477,0.722577747328623,-2.461819495814354,180.9,2026-08-28 13:11:13.231561728+09:00
,,0.022205200682900505,0.07639734461857761,0.010536564431971353,0.1180214088797571,0.30397990022712806,0.18814553133765477,0.722577747328623,-2.461819495814354,181.0,2026-08-28 13:11:13.331561728+09:00
,,0.022205200682900505,0.07629459882620351,0.010536564431971353,0.1180214088797571,0.30380979190500007,0.18814553133765477,0.722577747328623,-2.461819495814354,181.1,2026-08-28 13:11:13.431561728+09:00
,,0.02161452059778125,0.07619185303382943,0.011201359291203774,0.11824155010370795,0.30355790975025404,0.18279970601555431,0.7224674417731948,-2.4601086353607196,181.2,2026-08-28 13:11:13.531561728+09:00
,,0.02161452059778125,0.07608910724145534,0.011201359291203774,0.11824155010370795,0.30323373064100384,0.18279970601555431,0.7224674417731948,-2.4601086353607196,181.3,2026-08-28 13:11:13.631561728+09:00
,,0.02161452059778125,0.07598636144908126,0.011201359291203774,0.11824155010370795,0.30290955153175364,0.18279970601555431,0.7224674417731948,-2.4601086353607196,181.4,2026-08-28 13:11:13.731561728+09:00
,,0.02161452059778125,0.07588361565670718,0.011201359291203774,0.11824155010370795,0.30258537242250344,0.18279970601555431,0.7224674417731948,-2.4601086353607196,181.5,2026-08-28 13:11:13.831561728+09:00
,,0.025246131368140412,0.07578086986433308,0.011705676913987172,0.1372971476053999,0.3022453165383926,0.18387950375123074,0.7308625202591298,-2.2991376490308886,181.6,2026-08-28 13:11:13.931561728+09:00
,,0.025246131368140412,0.075678124071959,0.011705676913987172,0.1372971476053999,0.3019052606542818,0.18387950375123074,0.7308625202591298,-2.2991376490308886,181.7,2026-08-28 13:11:14.031561728+09:00
,,0.025246131368140412,0.07557537827958491,0.011705676913987172,0.1372971476053999,0.3014398092706847,0.18387950375123074,0.7308625202591298,-2.2991376490308886,181.8,2026-08-28 13:11:14.131561728+09:00
,,0.02559176559695506,0.07547263248721083,0.011997674870586506,0.14061887669089196,0.30093880555248403,0.18199381334279047,0.7326856724209896,-2.27274054300606,181.9,2026-08-28 13:11:14.231561728+09:00
,,0.02559176559695506,0.07536988669483674,0.011997674870586506,0.14061887669089196,0.30034254904692964,0.18199381334279047,0.7326856724209896,-2.27274054300606,182.0,2026-08-28 13:11:14.331561728+09:00
,,0.02559176559695506,0.07526714090246264,0.011997674870586506,0.14061887669089196,0.2997462925413752,0.18199381334279047,0.7326856724209896,-2.27274054300606,182.1,2026-08-28 13:11:14.431561728+09:00
,,0.02559176559695506,0.07516439511008856,0.011997674870586506,0.14061887669089196,0.2991500360358208,0.18199381334279047,0.7326856724209896,-2.27274054300606,182.2,2026-08-28 13:11:14.531561728+09:00
,,0.02559176559695506,0.07506164931771447,0.011997674870586506,0.14061887669089196,0.2985537795302664,0.18199381334279047,0.7326856724209896,-2.27274054300606,182.3,2026-08-28 13:11:14.631561728+09:00
,,0.02540148897569,0.07495890352534039,0.012565569308293695,0.14234832951191312,0.29790152504332496,0.1784459927474186,0.7332806193499711,-2.2597050139951853,182.4,2026-08-28 13:11:14.731561728+09:00
,,0.02540148897569,0.0748561577329663,0.012565569308293695,0.14234832951191312,0.2971113757815662,0.1784459927474186,0.7332806193499711,-2.2597050139951853,182.5,2026-08-28 13:11:14.831561728+09:00
,,0.02540148897569,0.07475341194059221,0.012565569308293695,0.14234832951191312,0.29632122651980747,0.1784459927474186,0.7332806193499711,-2.2597050139951853,182.6,2026-08-28 13:11:14.931561728+09:00
,,0.02585373717205965,0.07465066614821812,0.01285300142924972,0.14600586010914324,0.29543704493450557,0.17707328426909233,0.7348959927199151,-2.2321348166312474,182.7,2026-08-28 13:11:15.031561728+09:00
,,0.02585373717205965,0.07454792035584404,0.01285300142924972,0.14600586010914324,0.2945528633492036,0.17707328426909233,0.7348959927199151,-2.2321348166312474,182.8,2026-08-28 13:11:15.131561728+09:00
,,0.02585373717205965,0.07444517456346995,0.01285300142924972,0.14600586010914324,0.2936686817639017,0.17707328426909233,0.7348959927199151,-2.2321348166312474,182.9,2026-08-28 13:11:15.231561728+09:00
,,0.02585373717205965,0.07434242877109587,0.01285300142924972,0.14600586010914324,0.2927845001785997,0.17707328426909233,0.7348959927199151,-2.2321348166312474,183.0,2026-08-28 13:11:15.331561728+09:00
,,0.02585373717205965,0.07423968297872177,0.01285300142924972,0.14600586010914324,0.2919003185932978,0.17707328426909233,0.7348959927199151,-2.2321348166312474,183.1,2026-08-28 13:11:15.431561728+09:00
,,0.02564159279301835,0.07413693718634769,0.013347797894581697,0.147255407574836,0.2908540532000346,0.17413005889095892,0.735226085549453,-2.223163961038037,183.2,2026-08-28 13:11:15.531561728+09:00
,,0.02564159279301835,0.0740341913939736,0.013347797894581697,0.147255407574836,0.2898077878067714,0.17413005889095892,0.735226085549453,-2.223163961038037,183.3,2026-08-28 13:11:15.631561728+09:00
,,0.02564159279301835,0.07393144560159952,0.013347797894581697,0.147255407574836,0.2887615224135082,0.17413005889095892,0.735226085549453,-2.223163961038037,183.4,2026-08-28 13:11:15.731561728+09:00
,,0.026184476053676718,0.07382869980922543,0.013596070352049992,0.15086995330680275,0.2876889804391704,0.17355659944050672,0.7363255868129642,-2.1974199343074656,183.5,2026-08-28 13:11:15.831561728+09:00
,,0.026184476053676718,0.07372595401685134,0.013596070352049992,0.15086995330680275,0.2866164384648326,0.17355659944050672,0.7363255868129642,-2.1974199343074656,183.6,2026-08-28 13:11:15.931561728+09:00
,,0.026184476053676718,0.07362320822447725,0.013596070352049992,0.15086995330680275,0.2855438964904948,0.17355659944050672,0.7363255868129642,-2.1974199343074656,183.7,2026-08-28 13:11:16.031561728+09:00
,,0.026184476053676718,0.07352046243210317,0.013596070352049992,0.15086995330680275,0.284471354516157,0.17355659944050672,0.7363255868129642,-2.1974199343074656,183.8,2026-08-28 13:11:16.131561728+09:00
,,0.026184476053676718,0.07341771663972908,0.013596070352049992,0.15086995330680275,0.2833988125418192,0.17355659944050672,0.7363255868129642,-2.1974199343074656,183.9,2026-08-28 13:11:16.231561728+09:00
,,0.025945374104714283,0.073314970847355,0.01400629870354463,0.15157569312653807,0.2822075206866671,0.1711710734718833,0.7364242776385884,-2.19261901636796,184.0,2026-08-28 13:11:16.331561728+09:00
,,0.025945374104714283,0.0732122250549809,0.01400629870354463,0.15157569312653807,0.28101622883151506,0.1711710734718833,0.7364242776385884,-2.19261901636796,184.1,2026-08-28 13:11:16.431561728+09:00
,,0.025945374104714283,0.07310947926260682,0.01400629870354463,0.15157569312653807,0.2801548369824741,0.1711710734718833,0.7364242776385884,-2.19261901636796,184.2,2026-08-28 13:11:16.531561728+09:00
,,0.01641602355245051,0.07300673347023273,0.01580326399310119,0.10522602101578443,0.27920923281958904,0.1560072631653346,0.6938087439349375,-2.6172036027692736,184.3,2026-08-28 13:11:16.631561728+09:00
,,0.01641602355245051,0.07300673347023273,0.01580326399310119,0.10522602101578443,0.2782636286567039,0.1560072631653346,0.6938087439349375,-2.6172036027692736,184.4,2026-08-28 13:11:16.731561728+09:00
,,0.01641602355245051,0.07300673347023273,0.01580326399310119,0.10522602101578443,0.27731802449381887,0.1560072631653346,0.6938087439349375,-2.6172036027692736,184.5,2026-08-28 13:11:16.831561728+09:00
,,0.01641602355245051,0.07300673347023273,0.01580326399310119,0.10522602101578443,0.2763724203309338,0.1560072631653346,0.6938087439349375,-2.6172036027692736,184.6,2026-08-28 13:11:16.931561728+09:00
,,0.01641602355245051,0.07300673347023273,0.01580326399310119,0.10522602101578443,0.2750925318538805,0.1560072631653346,0.6938087439349375,-2.6172036027692736,184.7,2026-08-28 13:11:17.031561728+09:00
,,0.0263159325574416,0.07161556224789725,0.0145199110637615,0.1550341555371123,0.27387469170754736,0.16974280581121398,0.7366009865392034,-2.1698187636916404,184.8,2026-08-28 13:11:17.131561728+09:00
,,0.0263159325574416,0.07022439102556177,0.0145199110637615,0.1550341555371123,0.2726568515612142,0.16974280581121398,0.7366009865392034,-2.1698187636916404,184.9,2026-08-28 13:11:17.231561728+09:00
,,0.0263159325574416,0.0688332198032263,0.0145199110637615,0.1550341555371123,0.2717916686151983,0.16974280581121398,0.7366009865392034,-2.1698187636916404,185.0,2026-08-28 13:11:17.331561728+09:00
,,0.02693345075657052,0.06744204858089083,0.014560589997117039,0.157368968780356,0.27094865111050287,0.17114842249593848,0.7363264112659854,-2.1552438762253856,185.1,2026-08-28 13:11:17.431561728+09:00
,,0.02693345075657052,0.06605087735855535,0.014560589997117039,0.157368968780356,0.27010563360580747,0.17114842249593848,0.7363264112659854,-2.1552438762253856,185.2,2026-08-28 13:11:17.531561728+09:00
,,0.02693345075657052,0.06465970613621987,0.014560589997117039,0.157368968780356,0.2692626161011121,0.17114842249593848,0.7363264112659854,-2.1552438762253856,185.3,2026-08-28 13:11:17.631561728+09:00
,,0.02693345075657052,0.0632685349138844,0.014560589997117039,0.157368968780356,0.2681291810776314,0.17114842249593848,0.7363264112659854,-2.1552438762253856,185.4,2026-08-28 13:11:17.731561728+09:00
,,0.02693345075657052,0.06187736369154892,0.014560589997117039,0.157368968780356,0.26699574605415066,0.17114842249593848,0.7363264112659854,-2.1552438762253856,185.5,2026-08-28 13:11:17.831561728+09:00
,,0.014995304815237125,0.06048619246921344,0.014359711283445216,0.08984120856789579,0.26603428129353035,0.16690898368653076,0.6732566651026533,-2.805340163641686,185.6,2026-08-28 13:11:17.931561728+09:00
,,0.014995304815237125,0.06048619246921344,0.014359711283445216,0.08984120856789579,0.2651860100554376,0.16690898368653076,0.6732566651026533,-2.805340163641686,185.7,2026-08-28 13:11:18.031561728+09:00
,,0.014995304815237125,0.06048619246921344,0.014359711283445216,0.08984120856789579,0.2643377388173449,0.16690898368653076,0.6732566651026533,-2.805340163641686,185.8,2026-08-28 13:11:18.131561728+09:00
,,0.014995304815237125,0.06048619246921344,0.014359711283445216,0.08984120856789579,0.26348946757925223,0.16690898368653076,0.6732566651026533,-2.805340163641686,185.9,2026-08-28 13:11:18.231561728+09:00
,,0.027251762098198334,0.061023180237832576,0.014711338384404592,0.15800602477433703,0.26249596551705756,0.17247293030198746,0.7344208833648319,-2.1537951193248697,186.0,2026-08-28 13:11:18.331561728+09:00
,,0.027251762098198334,0.061560168006451706,0.014711338384404592,0.15800602477433703,0.261502463454863,0.17247293030198746,0.7344208833648319,-2.1537951193248697,186.1,2026-08-28 13:11:18.431561728+09:00
,,0.027251762098198334,0.06209715577507084,0.014711338384404592,0.15800602477433703,0.2605054809057394,0.17247293030198746,0.7344208833648319,-2.1537951193248697,186.2,2026-08-28 13:11:18.531561728+09:00
,,0.027251762098198334,0.06263414354368997,0.014711338384404592,0.15800602477433703,0.25950849835661577,0.17247293030198746,0.7344208833648319,-2.1537951193248697,186.3,2026-08-28 13:11:18.631561728+09:00
,,0.026793391553153034,0.06317113131230911,0.014771132717560018,0.15558201663077809,0.2586359913745875,0.17221393663213785,0.7328449317548534,-2.1714034006036673,186.4,2026-08-28 13:11:18.731561728+09:00
,,0.026793391553153034,0.06370811908092824,0.014771132717560018,0.15558201663077809,0.2577634843925592,0.17221393663213785,0.7328449317548534,-2.1714034006036673,186.5,2026-08-28 13:11:18.831561728+09:00
,,0.026793391553153034,0.06424510684954737,0.014771132717560018,0.15558201663077809,0.2568909774105309,0.17221393663213785,0.7328449317548534,-2.1714034006036673,186.6,2026-08-28 13:11:18.931561728+09:00
,,0.026793391553153034,0.06478209461816652,0.014771132717560018,0.15558201663077809,0.2560184704285026,0.17221393663213785,0.7328449317548534,-2.1714034006036673,186.7,2026-08-28 13:11:19.031561728+09:00
,,0.027279918888038168,0.06531908238678565,0.014449541973584008,0.15511964804066453,0.25520808327374667,0.1758637234716182,0.7309853304290453,-2.176920424245343,186.8,2026-08-28 13:11:19.131561728+09:00
,,0.027279918888038168,0.06585607015540478,0.014449541973584008,0.15511964804066453,0.2544117652329945,0.1758637234716182,0.7309853304290453,-2.176920424245343,186.9,2026-08-28 13:11:19.231561728+09:00
,,0.027279918888038168,0.06639305792402392,0.014449541973584008,0.15511964804066453,0.25361544719224244,0.1758637234716182,0.7309853304290453,-2.176920424245343,187.0,2026-08-28 13:11:19.331561728+09:00
,,0.026558043016788584,0.06693004569264305,0.014271365146727652,0.15037251041567967,0.2528397879951544,0.176615013896977,0.7284782434591922,-2.2114371793030707,187.1,2026-08-28 13:11:19.431561728+09:00
,,0.026558043016788584,0.06746703346126218,0.014271365146727652,0.15037251041567967,0.2521978143543003,0.176615013896977,0.7284782434591922,-2.2114371793030707,187.2,2026-08-28 13:11:19.531561728+09:00
,,0.026558043016788584,0.0680040212298813,0.014271365146727652,0.15037251041567967,0.2515558444098132,0.176615013896977,0.7284782434591922,-2.2114371793030707,187.3,2026-08-28 13:11:19.631561728+09:00
,,0.026558043016788584,0.06854100899850045,0.014271365146727652,0.15037251041567967,0.2509138744653261,0.176615013896977,0.7284782434591922,-2.2114371793030707,187.4,2026-08-28 13:11:19.731561728+09:00
,,0.026558043016788584,0.06907799676711958,0.014271365146727652,0.15037251041567967,0.250271904520839,0.176615013896977,0.7284782434591922,-2.2114371793030707,187.5,2026-08-28 13:11:19.831561728+09:00
,,0.025831070944556778,0.06961498453573872,0.008645767434922362,0.13521080793723014,0.2497853215604266,0.19104294500295063,0.7450141826274378,-2.295272201904177,187.6,2026-08-28 13:11:19.931561728+09:00
,,0.025831070944556778,0.07015197230435785,0.008645767434922362,0.13521080793723014,0.24932331741269181,0.19104294500295063,0.7450141826274378,-2.295272201904177,187.7,2026-08-28 13:11:20.031561728+09:00
,,0.025831070944556778,0.07068896007297698,0.008645767434922362,0.13521080793723014,0.24886131326495697,0.19104294500295063,0.7450141826274378,-2.295272201904177,187.8,2026-08-28 13:11:20.131561728+09:00
,,0.023258845146667873,0.07122594784159611,0.01128511158363711,0.12392699570600567,0.2484413848922851,0.1876818284358742,0.721255594606245,-2.4148243354316503,187.9,2026-08-28 13:11:20.231561728+09:00
,,0.023258845146667873,0.07176293561021525,0.01128511158363711,0.12392699570600567,0.24814266412821664,0.1876818284358742,0.721255594606245,-2.4148243354316503,188.0,2026-08-28 13:11:20.331561728+09:00
,,0.023258845146667873,0.07229992337883438,0.01128511158363711,0.12392699570600567,0.2478439433641482,0.1876818284358742,0.721255594606245,-2.4148243354316503,188.1,2026-08-28 13:11:20.431561728+09:00
,,0.023258845146667873,0.07283691114745351,0.01128511158363711,0.12392699570600567,0.24754522260007975,0.1876818284358742,0.721255594606245,-2.4148243354316503,188.2,2026-08-28 13:11:20.531561728+09:00
,,0.023258845146667873,0.07337389891607266,0.01128511158363711,0.12392699570600567,0.2472465018360113,0.1876818284358742,0.721255594606245,-2.4148243354316503,188.3,2026-08-28 13:11:20.631561728+09:00
,,0.02667586313397715,0.07391088668469178,0.011413715914952507,0.11200046573362145,0.248066712703809,0.23817635899320475,0.6599158869613919,-2.6048951454410156,188.4,2026-08-28 13:11:20.731561728+09:00
,,0.02667586313397715,0.07391088668469178,0.011413715914952507,0.11200046573362145,0.24892006420262633,0.23817635899320475,0.6599158869613919,-2.6048951454410156,188.5,2026-08-28 13:11:20.831561728+09:00
,,0.02667586313397715,0.07391088668469178,0.011413715914952507,0.11200046573362145,0.24977341570144368,0.23817635899320475,0.6599158869613919,-2.6048951454410156,188.6,2026-08-28 13:11:20.931561728+09:00
,,0.027295819775317535,0.07388626440612502,0.012459118478856267,0.12665622568964147,0.2501065691416653,0.21551107832790814,0.686119351514632,-2.442982431682816,188.7,2026-08-28 13:11:21.031561728+09:00
,,0.027295819775317535,0.07386164212755826,0.012459118478856267,0.12665622568964147,0.2505507582141856,0.21551107832790814,0.686119351514632,-2.442982431682816,188.8,2026-08-28 13:11:21.131561728+09:00
,,0.027295819775317535,0.07383701984899149,0.012459118478856267,0.12665622568964147,0.2509949472867059,0.21551107832790814,0.686119351514632,-2.442982431682816,188.9,2026-08-28 13:11:21.231561728+09:00
,,0.027295819775317535,0.07381239757042474,0.012459118478856267,0.12665622568964147,0.25143913635922627,0.21551107832790814,0.686119351514632,-2.442982431682816,189.0,2026-08-28 13:11:21.331561728+09:00
,,0.027295819775317535,0.07378777529185797,0.012459118478856267,0.12665622568964147,0.2518833254317465,0.21551107832790814,0.686119351514632,-2.442982431682816,189.1,2026-08-28 13:11:21.431561728+09:00
,,0.027295819775317535,0.0737631530132912,0.012459118478856267,0.12665622568964147,0.2523275145042668,0.21551107832790814,0.686119351514632,-2.442982431682816,189.2,2026-08-28 13:11:21.531561728+09:00
,,0.027295819775317535,0.07373853073472444,0.012459118478856267,0.12665622568964147,0.2528811317441778,0.21551107832790814,0.686119351514632,-2.442982431682816,189.3,2026-08-28 13:11:21.631561728+09:00
,,0.027254092697684834,0.07371390845615768,0.007867337784134006,0.1282298366384501,0.253197105800604,0.2125409609194855,0.7261056287481258,-2.373990807082026,189.4,2026-08-28 13:11:21.731561728+09:00
,,0.027254092697684834,0.0736892861775909,0.007867337784134006,0.1282298366384501,0.25351307985703025,0.2125409609194855,0.7261056287481258,-2.373990807082026,189.5,2026-08-28 13:11:21.831561728+09:00
,,0.027254092697684834,0.07366466389902415,0.007867337784134006,0.1282298366384501,0.2538290539134565,0.2125409609194855,0.7261056287481258,-2.373990807082026,189.6,2026-08-28 13:11:21.931561728+09:00
,,0.027254092697684834,0.07364004162045738,0.007867337784134006,0.1282298366384501,0.2541883043109444,0.2125409609194855,0.7261056287481258,-2.373990807082026,189.7,2026-08-28 13:11:22.031561728+09:00
,,0.027254092697684834,0.07361541934189063,0.007867337784134006,0.1282298366384501,0.2545475547084324,0.2125409609194855,0.7261056287481258,-2.373990807082026,189.8,2026-08-28 13:11:22.131561728+09:00
,,0.027154901680245726,0.07359079706332386,0.011558621275095035,0.12230453535290547,0.2552639247265939,0.22202693957252856,0.683466170378439,-2.481819271876959,189.9,2026-08-28 13:11:22.231561728+09:00
,,0.027154901680245726,0.07356617478475709,0.011558621275095035,0.12230453535290547,0.2559802947447555,0.22202693957252856,0.683466170378439,-2.481819271876959,190.0,2026-08-28 13:11:22.331561728+09:00
,,0.027154901680245726,0.07354155250619034,0.011558621275095035,0.12230453535290547,0.256696664762917,0.22202693957252856,0.683466170378439,-2.481819271876959,190.1,2026-08-28 13:11:22.431561728+09:00
,,0.02742001842294119,0.07351693022762357,0.007570567760982349,0.12970120113970335,0.2571021347816094,0.21140913254462945,0.7302215717629739,-2.3569291947256144,190.2,2026-08-28 13:11:22.531561728+09:00
,,0.02742001842294119,0.07349230794905681,0.007570567760982349,0.12970120113970335,0.25750760480030177,0.21140913254462945,0.7302215717629739,-2.3569291947256144,190.3,2026-08-28 13:11:22.631561728+09:00
,,0.02742001842294119,0.07346768567049004,0.007570567760982349,0.12970120113970335,0.25791307481899417,0.21140913254462945,0.7302215717629739,-2.3569291947256144,190.4,2026-08-28 13:11:22.731561728+09:00
,,0.02742001842294119,0.07344306339192327,0.007570567760982349,0.12970120113970335,0.2583185448376865,0.21140913254462945,0.7302215717629739,-2.3569291947256144,190.5,2026-08-28 13:11:22.831561728+09:00
,,0.02742001842294119,0.07341844111335652,0.007570567760982349,0.12970120113970335,0.2587398916312396,0.21140913254462945,0.7302215717629739,-2.3569291947256144,190.6,2026-08-28 13:11:22.931561728+09:00
,,0.02742001842294119,0.07339381883478975,0.007570567760982349,0.12970120113970335,0.25916123842479255,0.21140913254462945,0.7302215717629739,-2.3569291947256144,190.7,2026-08-28 13:11:23.031561728+09:00
,,0.02742001842294119,0.07336919655622298,0.007570567760982349,0.12970120113970335,0.25958258521834565,0.21140913254462945,0.7302215717629739,-2.3569291947256144,190.8,2026-08-28 13:11:23.131561728+09:00
,,0.02742001842294119,0.07334457427765623,0.007570567760982349,0.12970120113970335,0.2600394843465022,0.21140913254462945,0.7302215717629739,-2.3569291947256144,190.9,2026-08-28 13:11:23.231561728+09:00
,,0.027403199338889232,0.07331995199908946,0.009429840972062831,0.10715172889469514,0.2604710580423786,,0.9119954379706731,-2.325629713063376,191.0,2026-08-28 13:11:23.331561728+09:00
,,0.02738638025483727,0.0732953297205227,0.009429840972062831,0.10715172889469514,0.2608773063059748,,0.9119954379706731,-2.325629713063376,191.1,2026-08-28 13:11:23.431561728+09:00
,,0.027369561170785314,0.07327070744195593,0.009429840972062831,0.10715172889469514,0.26125822913729074,,0.9119954379706731,-2.325629713063376,191.2,2026-08-28 13:11:23.531561728+09:00
,,0.027352742086733352,0.07324608516338917,0.009429840972062831,0.10715172889469514,0.2616138265363265,,0.9119954379706731,-2.325629713063376,191.3,2026-08-28 13:11:23.631561728+09:00
,,0.027335923002681395,0.07322146288482241,0.009429840972062831,0.10715172889469514,0.2620000964844691,,0.9119954379706731,-2.325629713063376,191.4,2026-08-28 13:11:23.731561728+09:00
,,0.027319103918629434,0.07319684060625564,0.009429840972062831,0.10715172889469514,0.2623610410003314,,0.9119954379706731,-2.325629713063376,191.5,2026-08-28 13:11:23.831561728+09:00
,,0.027302284834577476,0.07317221832768887,0.009429840972062831,0.10715172889469514,0.2626966600839135,,0.9119954379706731,-2.325629713063376,191.6,2026-08-28 13:11:23.931561728+09:00
,,0.027285465750525515,0.07314759604912212,0.009429840972062831,0.10715172889469514,0.2630336516073647,,0.9119954379706731,-2.325629713063376,191.7,2026-08-28 13:11:24.031561728+09:00
,,0.027268646666473557,0.07312297377055535,0.010661422087061112,0.13930047335259269,0.2633453176985357,0.1957541565379471,0.7277104101611532,-2.2889740982861557,191.8,2026-08-28 13:11:24.131561728+09:00
,,0.027268646666473557,0.0730983514919886,0.010661422087061112,0.13930047335259269,0.2636569837897066,0.1957541565379471,0.7277104101611532,-2.2889740982861557,191.9,2026-08-28 13:11:24.231561728+09:00
,,0.027268646666473557,0.07307372921342183,0.010661422087061112,0.13930047335259269,0.26396864988087754,0.1957541565379471,0.7277104101611532,-2.2889740982861557,192.0,2026-08-28 13:11:24.331561728+09:00
,,0.027268646666473557,0.07304910693485506,0.010661422087061112,0.13930047335259269,0.2642803159720485,0.1957541565379471,0.7277104101611532,-2.2889740982861557,192.1,2026-08-28 13:11:24.431561728+09:00
,,0.027268646666473557,0.0730244846562883,0.010661422087061112,0.13930047335259269,0.26463766357152485,0.1957541565379471,0.7277104101611532,-2.2889740982861557,192.2,2026-08-28 13:11:24.531561728+09:00
,,0.027268646666473557,0.07299986237772153,0.010661422087061112,0.13930047335259269,0.26499501117100116,0.1957541565379471,0.7277104101611532,-2.2889740982861557,192.3,2026-08-28 13:11:24.631561728+09:00
,,0.027268646666473557,0.07297524009915478,0.010661422087061112,0.13930047335259269,0.26535235877047747,0.1957541565379471,0.7277104101611532,-2.2889740982861557,192.4,2026-08-28 13:11:24.731561728+09:00
,,0.026696685788320657,0.07295061782058801,0.011307158806098772,0.14105294770202145,0.26561192868381034,0.18926712431928894,0.7305703623103028,-2.272549675151744,192.5,2026-08-28 13:11:24.831561728+09:00
,,0.026696685788320657,0.07292599554202124,0.011307158806098772,0.14105294770202145,0.26587149859714315,0.18926712431928894,0.7305703623103028,-2.272549675151744,192.6,2026-08-28 13:11:24.931561728+09:00
,,0.026696685788320657,0.07290137326345449,0.011307158806098772,0.14105294770202145,0.26613106851047597,0.18926712431928894,0.7305703623103028,-2.272549675151744,192.7,2026-08-28 13:11:25.031561728+09:00
,,0.026696685788320657,0.07287675098488772,0.011307158806098772,0.14105294770202145,0.2663906384238088,0.18926712431928894,0.7305703623103028,-2.272549675151744,192.8,2026-08-28 13:11:25.131561728+09:00
,,0.026696685788320657,0.07285212870632095,0.011307158806098772,0.14105294770202145,0.26665020833714165,0.18926712431928894,0.7305703623103028,-2.272549675151744,192.9,2026-08-28 13:11:25.231561728+09:00
,,0.027273018973297848,0.0728275064277542,0.010533143975374354,0.14248510952545937,0.26696247805709306,0.19140960809258936,0.734665867369692,-2.2568572646418703,193.0,2026-08-28 13:11:25.331561728+09:00
,,0.027273018973297848,0.07280288414918742,0.010533143975374354,0.14248510952545937,0.2672747477770445,0.19140960809258936,0.734665867369692,-2.2568572646418703,193.1,2026-08-28 13:11:25.431561728+09:00
,,0.026618130365300377,0.07277826187062067,0.011256456702354846,0.14395505021472257,0.267480176242008,0.18490584613458796,0.7368999072199155,-2.2435573865372667,193.2,2026-08-28 13:11:25.531561728+09:00
,,0.026618130365300377,0.0727536395920539,0.011256456702354846,0.14395505021472257,0.26776981702081554,0.18490584613458796,0.7368999072199155,-2.2435573865372667,193.3,2026-08-28 13:11:25.631561728+09:00
,,0.026618130365300377,0.07272901731348713,0.011256456702354846,0.14395505021472257,0.2680594577996232,0.18490584613458796,0.7368999072199155,-2.2435573865372667,193.4,2026-08-28 13:11:25.731561728+09:00
,,0.026618130365300377,0.07270439503492038,0.011256456702354846,0.14395505021472257,0.26834909857843076,0.18490584613458796,0.7368999072199155,-2.2435573865372667,193.5,2026-08-28 13:11:25.831561728+09:00
,,0.026618130365300377,0.07267977275635361,0.011256456702354846,0.14395505021472257,0.26863873935723837,0.18490584613458796,0.7368999072199155,-2.2435573865372667,193.6,2026-08-28 13:11:25.931561728+09:00
,,0.027679315422207508,0.07265515047778685,0.009663557482303659,0.14659592143781483,0.2689553417385665,0.1888136801537751,0.7452666313069848,-2.2140885412007534,193.7,2026-08-28 13:11:26.031561728+09:00
,,0.027679315422207508,0.07263052819922008,0.009663557482303659,0.14659592143781483,0.26920989578917454,0.1888136801537751,0.7452666313069848,-2.2140885412007534,193.8,2026-08-28 13:11:26.131561728+09:00
,,0.027679315422207508,0.07260590592065332,0.009663557482303659,0.14659592143781483,0.26946444983978257,0.1888136801537751,0.7452666313069848,-2.2140885412007534,193.9,2026-08-28 13:11:26.231561728+09:00
,,0.027037955638043,0.07258128364208656,0.010554874662073215,0.14777455026035655,0.2696306005223602,0.18296760565609022,0.7456068705072469,-2.2056242766016094,194.0,2026-08-28 13:11:26.331561728+09:00
,,0.027037955638043,0.07255666136351979,0.010554874662073215,0.14777455026035655,0.26977458576361735,0.18296760565609022,0.7456068705072469,-2.2056242766016094,194.1,2026-08-28 13:11:26.431561728+09:00
,,0.027037955638043,0.07253203908495302,0.010554874662073215,0.14777455026035655,0.2699185710048745,0.18296760565609022,0.7456068705072469,-2.2056242766016094,194.2,2026-08-28 13:11:26.531561728+09:00
,,0.027037955638043,0.07250741680638627,0.010554874662073215,0.14777455026035655,0.2700625562461316,0.18296760565609022,0.7456068705072469,-2.2056242766016094,194.3,2026-08-28 13:11:26.631561728+09:00
,,0.02750972645337624,0.0724827945278195,0.009795464171973696,0.14754525930422557,0.27025264817309347,0.1864494093751502,0.7471610351883292,-2.2050948487228275,194.4,2026-08-28 13:11:26.731561728+09:00
,,0.02750972645337624,0.07245817224925274,0.009795464171973696,0.14754525930422557,0.2704427401000553,0.1864494093751502,0.7471610351883292,-2.2050948487228275,194.5,2026-08-28 13:11:26.831561728+09:00
,,0.02750972645337624,0.07243354997068598,0.009795464171973696,0.14754525930422557,0.27046086176415673,0.1864494093751502,0.7471610351883292,-2.2050948487228275,194.6,2026-08-28 13:11:26.931561728+09:00
,,0.02750972645337624,0.07240892769211921,0.009795464171973696,0.14754525930422557,0.27047898342825816,0.1864494093751502,0.7471610351883292,-2.2050948487228275,194.7,2026-08-28 13:11:27.031561728+09:00
,,0.02692956798072779,0.07238430541355245,0.010654326734364488,0.14875756976457957,0.2704158374360938,0.18102990001346436,0.747348018829753,-2.1966616603583287,194.8,2026-08-28 13:11:27.131561728+09:00
,,0.02692956798072779,0.07235968313498568,0.010654326734364488,0.14875756976457957,0.2703526914439295,0.18102990001346436,0.747348018829753,-2.1966616603583287,194.9,2026-08-28 13:11:27.231561728+09:00
,,0.02692956798072779,0.07233506085641891,0.010654326734364488,0.14875756976457957,0.270434776275867,0.18102990001346436,0.747348018829753,-2.1966616603583287,195.0,2026-08-28 13:11:27.331561728+09:00
,,0.02692956798072779,0.07231043857785216,0.010654326734364488,0.14875756976457957,0.2705168611078045,0.18102990001346436,0.747348018829753,-2.1966616603583287,195.1,2026-08-28 13:11:27.431561728+09:00
,,0.02692956798072779,0.07228581629928539,0.010654326734364488,0.14875756976457957,0.270598945939742,0.18102990001346436,0.747348018829753,-2.1966616603583287,195.2,2026-08-28 13:11:27.531561728+09:00
,,0.02692956798072779,0.07226119402071864,0.010654326734364488,0.14875756976457957,0.27068103077167954,0.18102990001346436,0.747348018829753,-2.1966616603583287,195.3,2026-08-28 13:11:27.631561728+09:00
,,0.02692956798072779,0.07223657174215187,0.010654326734364488,0.14875756976457957,0.2707614310561064,0.18102990001346436,0.747348018829753,-2.1966616603583287,195.4,2026-08-28 13:11:27.731561728+09:00
,,0.02692956798072779,0.0722119494635851,0.010654326734364488,0.14875756976457957,0.27084183134053336,0.18102990001346436,0.747348018829753,-2.1966616603583287,195.5,2026-08-28 13:11:27.831561728+09:00
,,0.02638853741388652,0.07218732718501834,0.011465021311975578,0.14983861623815176,0.27084905008443855,0.17611306134825006,0.7473711405229604,-2.189389831656467,195.6,2026-08-28 13:11:27.931561728+09:00
,,0.02638853741388652,0.07216270490645157,0.011465021311975578,0.14983861623815176,0.2708562688283438,0.17611306134825006,0.7473711405229604,-2.189389831656467,195.7,2026-08-28 13:11:28.031561728+09:00
,,0.02638853741388652,0.07213808262788482,0.011465021311975578,0.14983861623815176,0.27080136774497665,0.17611306134825006,0.7473711405229604,-2.189389831656467,195.8,2026-08-28 13:11:28.131561728+09:00
,,0.027433098439422324,0.07211346034931805,0.010291079769806219,0.1500365368341745,0.27084217540116173,0.182842786285732,0.7485667224449295,-2.1864713732042405,195.9,2026-08-28 13:11:28.231561728+09:00
,,0.027433098439422324,0.07208883807075128,0.010291079769806219,0.1500365368341745,0.2708829830573468,0.182842786285732,0.7485667224449295,-2.1864713732042405,196.0,2026-08-28 13:11:28.331561728+09:00
,,0.027433098439422324,0.07206421579218453,0.010291079769806219,0.1500365368341745,0.27090313186986786,0.182842786285732,0.7485667224449295,-2.1864713732042405,196.1,2026-08-28 13:11:28.431561728+09:00
,,0.027433098439422324,0.07203959351361776,0.010291079769806219,0.1500365368341745,0.2709232806823889,0.182842786285732,0.7485667224449295,-2.1864713732042405,196.2,2026-08-28 13:11:28.531561728+09:00
,,0.027433098439422324,0.07201497123505099,0.010291079769806219,0.1500365368341745,0.2709434294949099,0.182842786285732,0.7485667224449295,-2.1864713732042405,196.3,2026-08-28 13:11:28.631561728+09:00
,,0.02688903725801301,0.07199034895648423,0.011015866826581913,0.15016352295225865,0.2709110275430598,0.17906504009340415,0.7475758204164802,-2.186949972521998,196.4,2026-08-28 13:11:28.731561728+09:00
,,0.02688903725801301,0.07196572667791747,0.011015866826581913,0.15016352295225865,0.27087862559120973,0.17906504009340415,0.7475758204164802,-2.186949972521998,196.5,2026-08-28 13:11:28.831561728+09:00
,,0.027435392765252965,0.07194110439935071,0.010545819867633989,0.14971512804511594,0.27075766570900955,0.1832506382186404,0.7463101215700695,-2.191634989519233,196.6,2026-08-28 13:11:28.931561728+09:00
,,0.027435392765252965,0.07191648212078394,0.010545819867633989,0.14971512804511594,0.2706367058268094,0.1832506382186404,0.7463101215700695,-2.191634989519233,196.7,2026-08-28 13:11:29.031561728+09:00
,,0.027435392765252965,0.07189185984221717,0.010545819867633989,0.14971512804511594,0.27051574594460914,0.1832506382186404,0.7463101215700695,-2.191634989519233,196.8,2026-08-28 13:11:29.131561728+09:00
,,0.027435392765252965,0.07186723756365042,0.010545819867633989,0.14971512804511594,0.27035271028734603,0.1832506382186404,0.7463101215700695,-2.191634989519233,196.9,2026-08-28 13:11:29.231561728+09:00
,,0.027435392765252965,0.07184261528508365,0.010545819867633989,0.14971512804511594,0.2701896746300829,0.1832506382186404,0.7463101215700695,-2.191634989519233,197.0,2026-08-28 13:11:29.331561728+09:00
,,0.02684769993020765,0.0718179930065169,0.011190832058329457,0.14888578314768874,0.2699895529699325,0.18032413412888323,0.7445119931242568,-2.1996021410698536,197.1,2026-08-28 13:11:29.431561728+09:00
,,0.02684769993020765,0.07179337072795013,0.011190832058329457,0.14888578314768874,0.269789431309782,0.18032413412888323,0.7445119931242568,-2.1996021410698536,197.2,2026-08-28 13:11:29.531561728+09:00
,,0.02684769993020765,0.07176874844938336,0.011190832058329457,0.14888578314768874,0.26958930964963157,0.18032413412888323,0.7445119931242568,-2.1996021410698536,197.3,2026-08-28 13:11:29.631561728+09:00
,,0.02684769993020765,0.0717441261708166,0.011190832058329457,0.14888578314768874,0.2682702563576149,0.18032413412888323,0.7445119931242568,-2.1996021410698536,197.4,2026-08-28 13:11:29.731561728+09:00
,,0.02684769993020765,0.07171950389224983,0.011190832058329457,0.14888578314768874,0.26695120306559833,0.18032413412888323,0.7445119931242568,-2.1996021410698536,197.5,2026-08-28 13:11:29.831561728+09:00
,,0.02684769993020765,0.07169488161368306,0.011190832058329457,0.14888578314768874,0.2656321497735817,0.18032413412888323,0.7445119931242568,-2.1996021410698536,197.6,2026-08-28 13:11:29.931561728+09:00
,,0.02684769993020765,0.07167025933511631,0.011190832058329457,0.14888578314768874,0.2648332945401608,0.18032413412888323,0.7445119931242568,-2.1996021410698536,197.7,2026-08-28 13:11:30.031561728+09:00
,,0.02684769993020765,0.07164563705654954,0.011190832058329457,0.14888578314768874,0.26403443930673987,0.18032413412888323,0.7445119931242568,-2.1996021410698536,197.8,2026-08-28 13:11:30.131561728+09:00
,,0.026832015194857894,0.07162101477798279,0.011766712043733975,0.12128322369339381,0.26325883657330823,,0.9029815362305966,-2.2116799497723556,197.9,2026-08-28 13:11:30.231561728+09:00
,,0.026816330459508143,0.07159639249941602,0.011766712043733975,0.12128322369339381,0.26250648633986595,,0.9029815362305966,-2.2116799497723556,198.0,2026-08-28 13:11:30.331561728+09:00
,,0.026800645724158387,0.07157177022084925,0.011295698285694475,0.1459535568061331,0.26177738860641286,0.1836244782972785,0.7389831063832489,-2.226947030346303,198.1,2026-08-28 13:11:30.431561728+09:00
,,0.026800645724158387,0.0715471479422825,0.011295698285694475,0.1459535568061331,0.2610482908729598,0.1836244782972785,0.7389831063832489,-2.226947030346303,198.2,2026-08-28 13:11:30.531561728+09:00
,,0.026800645724158387,0.07152252566371572,0.011295698285694475,0.1459535568061331,0.26031919313950674,0.1836244782972785,0.7389831063832489,-2.226947030346303,198.3,2026-08-28 13:11:30.631561728+09:00
,,0.026800645724158387,0.07149790338514897,0.011295698285694475,0.1459535568061331,0.25982773858953834,0.1836244782972785,0.7389831063832489,-2.226947030346303,198.4,2026-08-28 13:11:30.731561728+09:00
,,0.026800645724158387,0.0714732811065822,0.011295698285694475,0.1459535568061331,0.25933628403957,0.1836244782972785,0.7389831063832489,-2.226947030346303,198.5,2026-08-28 13:11:30.831561728+09:00
,,0.026800645724158387,0.07144865882801543,0.011295698285694475,0.1459535568061331,0.25884482948960164,0.1836244782972785,0.7389831063832489,-2.226947030346303,198.6,2026-08-28 13:11:30.931561728+09:00
,,0.026130895173326694,0.07142403654944868,0.007075774154147036,0.14438856538574035,0.2582038825111648,0.18097620890904254,0.7700187044676242,-2.1965877156512805,198.7,2026-08-28 13:11:31.031561728+09:00
,,0.02651552226729651,0.07139941427088191,0.015107457875415519,0.15871006110583252,0.2574677301679532,0.16706894372383352,0.7377420192979663,-2.1448373392886033,198.8,2026-08-28 13:11:31.131561728+09:00
,,0.026769326842799777,0.07137479199231514,0.011296038419980618,0.14135920798487223,0.25673776039859536,0.18937094529890502,0.7307188841433377,-2.270177510421115,198.9,2026-08-28 13:11:31.231561728+09:00
,,0.026769326842799777,0.07135016971374838,0.011296038419980618,0.14135920798487223,0.25600779062923745,0.18937094529890502,0.7307188841433377,-2.270177510421115,199.0,2026-08-28 13:11:31.331561728+09:00
,,0.026769326842799777,0.07132554743518162,0.011296038419980618,0.14135920798487223,0.25527782085987955,0.18937094529890502,0.7307188841433377,-2.270177510421115,199.1,2026-08-28 13:11:31.431561728+09:00
,,0.026769326842799777,0.07130092515661486,0.011296038419980618,0.14135920798487223,0.25494052492260877,0.18937094529890502,0.7307188841433377,-2.270177510421115,199.2,2026-08-28 13:11:31.531561728+09:00
,,0.026769326842799777,0.07127630287804809,0.011296038419980618,0.14135920798487223,0.25460322898533805,0.18937094529890502,0.7307188841433377,-2.270177510421115,199.3,2026-08-28 13:11:31.631561728+09:00
,,0.026769326842799777,0.07125168059948132,0.011296038419980618,0.14135920798487223,0.25426593304806727,0.18937094529890502,0.7307188841433377,-2.270177510421115,199.4,2026-08-28 13:11:31.731561728+09:00
,,0.026821005376993237,0.07122705832091457,0.011155336778415485,0.13585118401980895,0.2540939333361594,0.19742930891998978,0.7204563034955128,-2.3240657403618723,199.5,2026-08-28 13:11:31.831561728+09:00
,,0.026821005376993237,0.0712024360423478,0.011155336778415485,0.13585118401980895,0.2539219336242516,0.19742930891998978,0.7204563034955128,-2.3240657403618723,199.6,2026-08-28 13:11:31.931561728+09:00
,,0.026821005376993237,0.07117781376378104,0.011155336778415485,0.13585118401980895,0.2537499339123438,0.19742930891998978,0.7204563034955128,-2.3240657403618723,199.7,2026-08-28 13:11:32.031561728+09:00
,,0.026821005376993237,0.07115319148521428,0.011155336778415485,0.13585118401980895,0.25357793420043595,0.19742930891998978,0.7204563034955128,-2.3240657403618723,199.8,2026-08-28 13:11:32.131561728+09:00
,,0.026821005376993237,0.07112856920664751,0.011155336778415485,0.13585118401980895,0.2534059344885281,0.19742930891998978,0.7204563034955128,-2.3240657403618723,199.9,2026-08-28 13:11:32.231561728+09:00
,,0.026821005376993237,0.07110394692808075,0.011155336778415485,0.13585118401980895,0.2532592602089005,0.19742930891998978,0.7204563034955128,-2.3240657403618723,200.0,2026-08-28 13:11:32.331561728+09:00
,,0.026821005376993237,0.07107932464951398,0.011155336778415485,0.13585118401980895,0.2531379113615531,0.19742930891998978,0.7204563034955128,-2.3240657403618723,200.1,2026-08-28 13:11:32.431561728+09:00
,,0.026821005376993237,0.07105470237094721,0.011155336778415485,0.13585118401980895,0.25304188794648597,0.19742930891998978,0.7204563034955128,-2.3240657403618723,200.2,2026-08-28 13:11:32.531561728+09:00
,,0.02687044855275921,0.07103008009238046,0.01089264409066711,0.1299081199153787,0.2531664866287937,0.20684194775709513,0.7093092204857944,-2.3843915597303864,200.3,2026-08-28 13:11:32.631561728+09:00
,,0.026032413037620838,0.07100545781381369,0.016266487915805566,0.15319970197499033,0.2526844731917939,0.16992469764641316,0.7238969762465227,-2.199119161734282,200.4,2026-08-28 13:11:32.731561728+09:00
,,0.02687044855275921,0.07098083553524694,0.01089264409066711,0.1299081199153787,0.2528597227386621,0.20684194775709513,0.7093092204857944,-2.3843915597303864,200.5,2026-08-28 13:11:32.831561728+09:00
,,0.02687044855275921,0.07095621325668017,0.01089264409066711,0.1299081199153787,0.2530602977178106,0.20684194775709513,0.7093092204857944,-2.3843915597303864,200.6,2026-08-28 13:11:32.931561728+09:00
,,0.02687044855275921,0.0709315909781134,0.01089264409066711,0.1299081199153787,0.2532861981292392,0.20684194775709513,0.7093092204857944,-2.3843915597303864,200.7,2026-08-28 13:11:33.031561728+09:00
,,0.02687044855275921,0.07090696869954664,0.01089264409066711,0.1299081199153787,0.2535374239729481,0.20684194775709513,0.7093092204857944,-2.3843915597303864,200.8,2026-08-28 13:11:33.131561728+09:00
,,0.02687044855275921,0.07088234642097987,0.01089264409066711,0.1299081199153787,0.25378864981665694,0.20684194775709513,0.7093092204857944,-2.3843915597303864,200.9,2026-08-28 13:11:33.231561728+09:00
,,0.027007944904514136,0.0708577241424131,0.007349587514222789,0.11943757666667544,0.25432688889716126,0.22612602882832675,0.7123390027024626,-2.4641627685757355,201.0,2026-08-28 13:11:33.331561728+09:00
,,0.026114418649025112,0.07083310186384635,0.015198665178876499,0.15145062734903467,0.25397252501599193,0.17242859343752703,0.7272174797091393,-2.2060252986366438,201.1,2026-08-28 13:11:33.431561728+09:00
,,0.026114418649025112,0.07080847958527958,0.015198665178876499,0.15145062734903467,0.2536181611348225,0.17242859343752703,0.7272174797091393,-2.2060252986366438,201.2,2026-08-28 13:11:33.531561728+09:00
,,0.027007104789588576,0.07078385730671283,0.009579084705391051,0.12177720977830861,0.2541516959474058,0.2217747051254838,0.699564560876509,-2.462859246436963,201.3,2026-08-28 13:11:33.631561728+09:00
,,0.027007104789588576,0.07075923502814606,0.009579084705391051,0.12177720977830861,0.2546852307599891,0.2217747051254838,0.699564560876509,-2.462859246436963,201.4,2026-08-28 13:11:33.731561728+09:00
,,0.026114418649025112,0.07073461274957929,0.015198665178876499,0.15145062734903467,0.2544412275252105,0.17242859343752703,0.7272174797091393,-2.2060252986366438,201.5,2026-08-28 13:11:33.831561728+09:00
,,0.026114418649025112,0.07070999047101253,0.015198665178876499,0.15145062734903467,0.2541972242904319,0.17242859343752703,0.7272174797091393,-2.2060252986366438,201.6,2026-08-28 13:11:33.931561728+09:00
,,0.026615858017544937,0.07068536819244577,0.011440790565303177,0.14980254131823784,0.25396516163709315,0.17767294054780208,0.7459545862976968,-2.191527800209635,201.7,2026-08-28 13:11:34.031561728+09:00
,,0.026615858017544937,0.07066074591387901,0.011440790565303177,0.14980254131823784,0.25373309898375435,0.17767294054780208,0.7459545862976968,-2.191527800209635,201.8,2026-08-28 13:11:34.131561728+09:00
,,0.025706296219808567,0.07063612363531224,0.014406342215476875,0.15127353571495808,0.2534240481847537,0.16993254040314404,0.7348337351559697,-2.1967766021750235,201.9,2026-08-28 13:11:34.231561728+09:00
,,0.02698910857978805,0.07061150135674547,0.009176945016125418,0.12133661608819055,0.2540500857840708,0.2224316900363504,0.7019361940205499,-2.46309941550345,202.0,2026-08-28 13:11:34.331561728+09:00
,,0.025706296219808567,0.07058687907817872,0.014406342215476875,0.15127353571495808,0.2537246787811177,0.16993254040314404,0.7348337351559697,-2.1967766021750235,202.1,2026-08-28 13:11:34.431561728+09:00
,,0.02698910857978805,0.07056225679961195,0.009176945016125418,0.12133661608819055,0.2544575576354229,0.2224316900363504,0.7019361940205499,-2.46309941550345,202.2,2026-08-28 13:11:34.531561728+09:00
,,0.025706296219808567,0.07053763452104518,0.014406342215476875,0.15127353571495808,0.2542389918874578,0.16993254040314404,0.7348337351559697,-2.1967766021750235,202.3,2026-08-28 13:11:34.631561728+09:00
,,0.025706296219808567,0.07051301224247843,0.014406342215476875,0.15127353571495808,0.2540204261394927,0.16993254040314404,0.7348337351559697,-2.1967766021750235,202.4,2026-08-28 13:11:34.731561728+09:00
,,0.025706296219808567,0.07048838996391166,0.014406342215476875,0.15127353571495808,0.2538018603915277,0.16993254040314404,0.7348337351559697,-2.1967766021750235,202.5,2026-08-28 13:11:34.831561728+09:00
,,0.025706296219808567,0.0704637676853449,0.014406342215476875,0.15127353571495808,0.2535832946435626,0.16993254040314404,0.7348337351559697,-2.1967766021750235,202.6,2026-08-28 13:11:34.931561728+09:00
,,0.024881740767146273,0.07043914540677813,0.015649412952380263,0.15174581409630736,0.2532541463897559,0.1639698657608754,0.7329010097517226,-2.196293067934819,202.7,2026-08-28 13:11:35.031561728+09:00
,,0.024881740767146273,0.07041452312821136,0.015649412952380263,0.15174581409630736,0.2529249981359492,0.1639698657608754,0.7329010097517226,-2.196293067934819,202.8,2026-08-28 13:11:35.131561728+09:00
,,0.024881740767146273,0.07038990084964461,0.015649412952380263,0.15174581409630736,0.2525958498821425,0.1639698657608754,0.7329010097517226,-2.196293067934819,202.9,2026-08-28 13:11:35.231561728+09:00
,,0.024881740767146273,0.07036527857107784,0.015649412952380263,0.15174581409630736,0.2523551049963662,0.1639698657608754,0.7329010097517226,-2.196293067934819,203.0,2026-08-28 13:11:35.331561728+09:00
,,0.024881740767146273,0.07034065629251107,0.015649412952380263,0.15174581409630736,0.25211436011058985,0.1639698657608754,0.7329010097517226,-2.196293067934819,203.1,2026-08-28 13:11:35.431561728+09:00
,,0.02546289770271739,0.07031603401394432,0.013485526660879578,0.15289490293013533,0.25187068743645186,0.16653856482287413,0.7452601517959413,-2.172026427089257,203.2,2026-08-28 13:11:35.531561728+09:00
,,0.02546289770271739,0.07029141173537755,0.013485526660879578,0.15289490293013533,0.2516270147623138,0.16653856482287413,0.7452601517959413,-2.172026427089257,203.3,2026-08-28 13:11:35.631561728+09:00
,,0.02546289770271739,0.0702667894568108,0.013485526660879578,0.15289490293013533,0.251337235402471,0.16653856482287413,0.7452601517959413,-2.172026427089257,203.4,2026-08-28 13:11:35.731561728+09:00
,,0.02545726781955848,0.07024216717824402,0.014932564461076506,0.1297320076397281,0.25103220802777076,,0.8848968366962688,-2.164568645468612,203.5,2026-08-28 13:11:35.831561728+09:00
,,0.025451637936399568,0.07021754489967726,0.014932564461076506,0.1297320076397281,0.25071193263821306,,0.8848968366962688,-2.164568645468612,203.6,2026-08-28 13:11:35.931561728+09:00
,,0.02544600805324066,0.0701929226211105,0.014932564461076506,0.1297320076397281,0.2503764092337979,,0.8848968366962688,-2.164568645468612,203.7,2026-08-28 13:11:36.031561728+09:00
,,0.02544037817008175,0.07016830034254373,0.014932564461076506,0.1297320076397281,0.250106905470791,,0.8848968366962688,-2.164568645468612,203.8,2026-08-28 13:11:36.131561728+09:00
,,0.02543474828692284,0.07014367806397698,0.012601083284010687,0.15546199315428824,0.24982215369292657,0.1636075015562172,0.7553367816840938,-2.141945554988095,203.9,2026-08-28 13:11:36.231561728+09:00
,,0.02543474828692284,0.07011905578541021,0.012601083284010687,0.15546199315428824,0.24953740191506218,0.1636075015562172,0.7553367816840938,-2.141945554988095,204.0,2026-08-28 13:11:36.331561728+09:00
,,0.02543474828692284,0.07009443350684344,0.012601083284010687,0.15546199315428824,0.24925265013719783,0.1636075015562172,0.7553367816840938,-2.141945554988095,204.1,2026-08-28 13:11:36.431561728+09:00
,,0.02543474828692284,0.07006981122827668,0.012601083284010687,0.15546199315428824,0.24896789835933347,0.1636075015562172,0.7553367816840938,-2.141945554988095,204.2,2026-08-28 13:11:36.531561728+09:00
,,0.024854497775792753,0.07004518894970992,0.014184057409995045,0.15760547030242922,0.24860561510918808,0.1577007303623373,0.7523020291689325,-2.132277793252645,204.3,2026-08-28 13:11:36.631561728+09:00
,,0.024854497775792753,0.07002056667114315,0.014184057409995045,0.15760547030242922,0.24824333185904268,0.1577007303623373,0.7523020291689325,-2.132277793252645,204.4,2026-08-28 13:11:36.731561728+09:00
,,0.024854497775792753,0.06999594439257639,0.014184057409995045,0.15760547030242922,0.24788104860889731,0.1577007303623373,0.7523020291689325,-2.132277793252645,204.5,2026-08-28 13:11:36.831561728+09:00
,,0.024854497775792753,0.06997132211400962,0.014184057409995045,0.15760547030242922,0.24759194689927366,0.1577007303623373,0.7523020291689325,-2.132277793252645,204.6,2026-08-28 13:11:36.931561728+09:00
,,0.025492659087185513,0.06994669983544287,0.01197824414764136,0.15799566377624016,0.24732384128844587,0.16135037176266587,0.7628358757497631,-2.115900065488415,204.7,2026-08-28 13:11:37.031561728+09:00
,,0.025492659087185513,0.0699220775568761,0.01197824414764136,0.15799566377624016,0.24705573567761807,0.16135037176266587,0.7628358757497631,-2.115900065488415,204.8,2026-08-28 13:11:37.131561728+09:00
,,0.025492659087185513,0.06989745527830933,0.01197824414764136,0.15799566377624016,0.24669192132723808,0.16135037176266587,0.7628358757497631,-2.115900065488415,204.9,2026-08-28 13:11:37.231561728+09:00
,,0.025492659087185513,0.06987283299974258,0.01197824414764136,0.15799566377624016,0.24632810697685809,0.16135037176266587,0.7628358757497631,-2.115900065488415,205.0,2026-08-28 13:11:37.331561728+09:00
,,0.025000913393996373,0.06984821072117581,0.013558727471797443,0.16024734285643222,0.24589693222284947,0.15601452697031634,0.7593742262526004,-2.1062973359383,205.1,2026-08-28 13:11:37.431561728+09:00
,,0.025000913393996373,0.06982358844260905,0.013558727471797443,0.16024734285643222,0.2454657574688408,0.15601452697031634,0.7593742262526004,-2.1062973359383,205.2,2026-08-28 13:11:37.531561728+09:00
,,0.025000913393996373,0.06979896616404228,0.013558727471797443,0.16024734285643222,0.2450345827148322,0.15601452697031634,0.7593742262526004,-2.1062973359383,205.3,2026-08-28 13:11:37.631561728+09:00
,,0.025622370050379654,0.06977434388547551,0.011506052171912034,0.15999311638282193,0.24469029115575427,0.16014670274358545,0.7679373771715714,-2.096671576581398,205.4,2026-08-28 13:11:37.731561728+09:00
,,0.025622370050379654,0.06974972160690876,0.011506052171912034,0.15999311638282193,0.2443459995966763,0.16014670274358545,0.7679373771715714,-2.096671576581398,205.5,2026-08-28 13:11:37.831561728+09:00
,,0.025622370050379654,0.06972509932834199,0.011506052171912034,0.15999311638282193,0.24393487898387367,0.16014670274358545,0.7679373771715714,-2.096671576581398,205.6,2026-08-28 13:11:37.931561728+09:00
,,0.025622370050379654,0.06970047704977522,0.011506052171912034,0.15999311638282193,0.24352375837107104,0.16014670274358545,0.7679373771715714,-2.096671576581398,205.7,2026-08-28 13:11:38.031561728+09:00
,,0.025622370050379654,0.06967585477120847,0.011506052171912034,0.15999311638282193,0.24311263775826844,0.16014670274358545,0.7679373771715714,-2.096671576581398,205.8,2026-08-28 13:11:38.131561728+09:00
,,0.02517420449767569,0.0696512324926417,0.013069142104712352,0.16219788591009407,0.24264097135160614,0.15520673624334227,0.7642179712281438,-2.087840399084329,205.9,2026-08-28 13:11:38.231561728+09:00
,,0.02517420449767569,0.06962661021407494,0.013069142104712352,0.16219788591009407,0.24216930494494385,0.15520673624334227,0.7642179712281438,-2.087840399084329,206.0,2026-08-28 13:11:38.331561728+09:00
,,0.02517420449767569,0.06960198793550817,0.013069142104712352,0.16219788591009407,0.2417347245411689,0.15520673624334227,0.7642179712281438,-2.087840399084329,206.1,2026-08-28 13:11:38.431561728+09:00
,,0.025768138301369797,0.0695773656569414,0.011230904036185783,0.16131824503242687,0.24134660817601322,0.15973480430679182,0.7706456431501697,-2.0849028057129075,206.2,2026-08-28 13:11:38.531561728+09:00
,,0.025768138301369797,0.06955274337837465,0.011230904036185783,0.16131824503242687,0.24095849181085757,0.15973480430679182,0.7706456431501697,-2.0849028057129075,206.3,2026-08-28 13:11:38.631561728+09:00
,,0.025768138301369797,0.06952812109980788,0.011230904036185783,0.16131824503242687,0.24057037544570192,0.15973480430679182,0.7706456431501697,-2.0849028057129075,206.4,2026-08-28 13:11:38.731561728+09:00
,,0.025768138301369797,0.06950349882124113,0.011230904036185783,0.16131824503242687,0.24018225908054627,0.15973480430679182,0.7706456431501697,-2.0849028057129075,206.5,2026-08-28 13:11:38.831561728+09:00
,,0.02523829635165976,0.06947887654267436,0.012675966543949738,0.16268790401041605,0.23973857228732437,0.15513320738365333,0.766950941274761,-2.081254054370548,206.6,2026-08-28 13:11:38.931561728+09:00
,,0.02523829635165976,0.06945425426410759,0.012675966543949738,0.16268790401041605,0.23929488549410244,0.15513320738365333,0.766950941274761,-2.081254054370548,206.7,2026-08-28 13:11:39.031561728+09:00
,,0.02523829635165976,0.06942963198554084,0.012675966543949738,0.16268790401041605,0.2388511987008805,0.15513320738365333,0.766950941274761,-2.081254054370548,206.8,2026-08-28 13:11:39.131561728+09:00
,,0.025940416643045784,0.06940500970697407,0.011104857767842601,0.16212049695950617,0.23844121345494318,0.16000701410090717,0.7714954302160733,-2.0788399422881016,206.9,2026-08-28 13:11:39.231561728+09:00
,,0.025940416643045784,0.0693803874284073,0.011104857767842601,0.16212049695950617,0.23800797570901658,0.16000701410090717,0.7714954302160733,-2.0788399422881016,207.0,2026-08-28 13:11:39.331561728+09:00
,,0.025940416643045784,0.06935576514984054,0.011104857767842601,0.16212049695950617,0.2375514854631007,0.16000701410090717,0.7714954302160733,-2.0788399422881016,207.1,2026-08-28 13:11:39.431561728+09:00
,,0.025940416643045784,0.06933114287127377,0.011104857767842601,0.16212049695950617,0.23709499521718486,0.16000701410090717,0.7714954302160733,-2.0788399422881016,207.2,2026-08-28 13:11:39.531561728+09:00
,,0.025940416643045784,0.06930652059270702,0.011104857767842601,0.16212049695950617,0.23663850497126893,0.16000701410090717,0.7714954302160733,-2.0788399422881016,207.3,2026-08-28 13:11:39.631561728+09:00
,,0.02621544242095925,0.06928189831414025,0.012534793409185606,0.13826290300718336,0.2362072513922277,,0.9093408778742742,-2.073633563899308,207.4,2026-08-28 13:11:39.731561728+09:00
,,0.02649046819887271,0.06925727603557348,0.012534793409185606,0.13826290300718336,0.23580123448006102,,0.9093408778742742,-2.073633563899308,207.5,2026-08-28 13:11:39.831561728+09:00
,,0.026765493976786174,0.06923265375700673,0.01009444295241835,0.16180831000946497,0.235420454234769,0.1654148292829987,0.7721999758414855,-2.0798546423520867,207.6,2026-08-28 13:11:39.931561728+09:00
,,0.026765493976786174,0.06920803147843996,0.01009444295241835,0.16180831000946497,0.23518916641794546,0.1654148292829987,0.7721999758414855,-2.0798546423520867,207.7,2026-08-28 13:11:40.031561728+09:00
,,0.026765493976786174,0.0691834091998732,0.01009444295241835,0.16180831000946497,0.23505308396589658,0.1654148292829987,0.7721999758414855,-2.0798546423520867,207.8,2026-08-28 13:11:40.131561728+09:00
,,0.026765493976786174,0.06915878692130643,0.01009444295241835,0.16180831000946497,0.2345536993193205,0.1654148292829987,0.7721999758414855,-2.0798546423520867,207.9,2026-08-28 13:11:40.231561728+09:00
,,0.026765493976786174,0.06913416464273966,0.01009444295241835,0.16180831000946497,0.23405431467274443,0.1654148292829987,0.7721999758414855,-2.0798546423520867,208.0,2026-08-28 13:11:40.331561728+09:00
,,0.026765493976786174,0.06910954236417291,0.01009444295241835,0.16180831000946497,0.23355493002616834,0.1654148292829987,0.7721999758414855,-2.0798546423520867,208.1,2026-08-28 13:11:40.431561728+09:00
,,0.026330925362226216,0.06908492008560614,0.011278425362335164,0.16321777796213982,0.23300459688577005,0.16132388083566465,0.769575647983118,-2.0745859313582713,208.2,2026-08-28 13:11:40.531561728+09:00
,,0.027139182779823696,0.06906029780703937,0.010178239222406866,0.16191694633758288,0.23254519959878348,0.16761175030586878,0.7695273852038504,-2.082650490169359,208.3,2026-08-28 13:11:40.631561728+09:00
,,0.027139182779823696,0.06903567552847262,0.010178239222406866,0.16191694633758288,0.2320858023117969,0.16761175030586878,0.7695273852038504,-2.082650490169359,208.4,2026-08-28 13:11:40.731561728+09:00
,,0.027139182779823696,0.06901105324990585,0.010178239222406866,0.16191694633758288,0.23146110879944745,0.16761175030586878,0.7695273852038504,-2.082650490169359,208.5,2026-08-28 13:11:40.831561728+09:00
,,0.027139182779823696,0.0689864309713391,0.010178239222406866,0.16191694633758288,0.23083641528709795,0.16761175030586878,0.7695273852038504,-2.082650490169359,208.6,2026-08-28 13:11:40.931561728+09:00
,,0.027139182779823696,0.06896180869277233,0.010178239222406866,0.16191694633758288,0.23021172177474847,0.16761175030586878,0.7695273852038504,-2.082650490169359,208.7,2026-08-28 13:11:41.031561728+09:00
,,0.027139182779823696,0.06893718641420556,0.010178239222406866,0.16191694633758288,0.22958702826239896,0.16761175030586878,0.7695273852038504,-2.082650490169359,208.8,2026-08-28 13:11:41.131561728+09:00
,,0.027139182779823696,0.0689125641356388,0.010178239222406866,0.16191694633758288,0.2289623347500495,0.16761175030586878,0.7695273852038504,-2.082650490169359,208.9,2026-08-28 13:11:41.231561728+09:00
,,0.026666275584268564,0.06888794185707203,0.011258799615480285,0.1630142582723313,0.22828616148708764,0.1635824735019187,0.7673511777332305,-2.0787283314940366,209.0,2026-08-28 13:11:41.331561728+09:00
,,0.026666275584268564,0.06886331957850528,0.011258799615480285,0.1630142582723313,0.2276099882241258,0.1635824735019187,0.7673511777332305,-2.0787283314940366,209.1,2026-08-28 13:11:41.431561728+09:00
,,0.026666275584268564,0.06883869729993851,0.011258799615480285,0.1630142582723313,0.2269338149611639,0.1635824735019187,0.7673511777332305,-2.0787283314940366,209.2,2026-08-28 13:11:41.531561728+09:00
,,0.026666275584268564,0.06881407502137174,0.011258799615480285,0.1630142582723313,0.22606234503310738,0.1635824735019187,0.7673511777332305,-2.0787283314940366,209.3,2026-08-28 13:11:41.631561728+09:00
,,0.026666275584268564,0.06878945274280499,0.011258799615480285,0.1630142582723313,0.22582281265663853,0.1635824735019187,0.7673511777332305,-2.0787283314940366,209.4,2026-08-28 13:11:41.731561728+09:00
,,0.026666275584268564,0.06876483046423822,0.011258799615480285,0.1630142582723313,0.224951342728582,0.1635824735019187,0.7673511777332305,-2.0787283314940366,209.5,2026-08-28 13:11:41.831561728+09:00
,,0.026666275584268564,0.06874020818567145,0.011258799615480285,0.1630142582723313,0.22407987280052538,0.1635824735019187,0.7673511777332305,-2.0787283314940366,209.6,2026-08-28 13:11:41.931561728+09:00
,,0.026666275584268564,0.06871558590710469,0.011258799615480285,0.1630142582723313,0.22320840287246885,0.1635824735019187,0.7673511777332305,-2.0787283314940366,209.7,2026-08-28 13:11:42.031561728+09:00
,,0.02732266828123778,0.06869096362853792,0.010988715118027422,0.161930373664382,0.22242410092711604,0.16873096543250699,0.7634082937480917,-2.0905511028387544,209.8,2026-08-28 13:11:42.131561728+09:00
,,0.02732266828123778,0.06866634134997117,0.010988715118027422,0.161930373664382,0.22163979898176328,0.16873096543250699,0.7634082937480917,-2.0905511028387544,209.9,2026-08-28 13:11:42.231561728+09:00
,,0.02732266828123778,0.0686417190714044,0.010988715118027422,0.161930373664382,0.22056848379961508,0.16873096543250699,0.7634082937480917,-2.0905511028387544,210.0,2026-08-28 13:11:42.331561728+09:00
,,0.02732266828123778,0.06861709679283763,0.010988715118027422,0.161930373664382,0.22038977157914053,0.16873096543250699,0.7634082937480917,-2.0905511028387544,210.1,2026-08-28 13:11:42.431561728+09:00
,,0.02732266828123778,0.06859247451427088,0.010988715118027422,0.161930373664382,0.22021105935866606,0.16873096543250699,0.7634082937480917,-2.0905511028387544,210.2,2026-08-28 13:11:42.531561728+09:00
,,0.02732266828123778,0.06856785223570411,0.010988715118027422,0.161930373664382,0.21914444844443884,0.16873096543250699,0.7634082937480917,-2.0905511028387544,210.3,2026-08-28 13:11:42.631561728+09:00
,,0.02732266828123778,0.06854322995713734,0.010988715118027422,0.161930373664382,0.21807783753021165,0.16873096543250699,0.7634082937480917,-2.0905511028387544,210.4,2026-08-28 13:11:42.731561728+09:00
,,0.02732266828123778,0.06851860767857058,0.010988715118027422,0.161930373664382,0.21789912530973715,0.16873096543250699,0.7634082937480917,-2.0905511028387544,210.5,2026-08-28 13:11:42.831561728+09:00
,,0.0273266656318434,0.06849398540000382,0.011282399896084202,0.160681083109543,0.21775189853292196,0.17006772112192992,0.75971617329959,-2.103144100366111,210.6,2026-08-28 13:11:42.931561728+09:00
,,0.0273266656318434,0.06846936312143706,0.011282399896084202,0.160681083109543,0.21759273117466696,0.17006772112192992,0.75971617329959,-2.103144100366111,210.7,2026-08-28 13:11:43.031561728+09:00
,,0.0273266656318434,0.06844474084287029,0.011282399896084202,0.160681083109543,0.217433563816412,0.17006772112192992,0.75971617329959,-2.103144100366111,210.8,2026-08-28 13:11:43.131561728+09:00
,,0.0273266656318434,0.06842011856430352,0.011282399896084202,0.160681083109543,0.2173513846038189,0.17006772112192992,0.75971617329959,-2.103144100366111,210.9,2026-08-28 13:11:43.231561728+09:00
,,0.0273266656318434,0.06839549628573677,0.011282399896084202,0.160681083109543,0.21631776078895573,0.17006772112192992,0.75971617329959,-2.103144100366111,211.0,2026-08-28 13:11:43.331561728+09:00
,,0.0273266656318434,0.06837087400717,0.011282399896084202,0.160681083109543,0.2162355815763626,0.17006772112192992,0.75971617329959,-2.103144100366111,211.1,2026-08-28 13:11:43.431561728+09:00
,,0.0273266656318434,0.06834625172860323,0.011282399896084202,0.160681083109543,0.21520195776149942,0.17006772112192992,0.75971617329959,-2.103144100366111,211.2,2026-08-28 13:11:43.531561728+09:00
,,0.0273266656318434,0.06832162945003648,0.011282399896084202,0.160681083109543,0.21511977854890635,0.17006772112192992,0.75971617329959,-2.103144100366111,211.3,2026-08-28 13:11:43.631561728+09:00
,,0.026870472576381706,0.0682970071714697,0.012102739661074316,0.16124421987556425,0.21499209583044485,0.16664456311747639,0.7582969965215962,-2.101515323769718,211.4,2026-08-28 13:11:43.731561728+09:00
,,0.026870472576381706,0.06827238489290295,0.012102739661074316,0.16124421987556425,0.21486441311198334,0.16664456311747639,0.7582969965215962,-2.101515323769718,211.5,2026-08-28 13:11:43.831561728+09:00
,,0.026870472576381706,0.06824776261433618,0.012102739661074316,0.16124421987556425,0.21473673039352184,0.16664456311747639,0.7582969965215962,-2.101515323769718,211.6,2026-08-28 13:11:43.931561728+09:00
,,0.026870472576381706,0.06822314033576941,0.012102739661074316,0.16124421987556425,0.21469266857838143,0.16664456311747639,0.7582969965215962,-2.101515323769718,211.7,2026-08-28 13:11:44.031561728+09:00
,,0.026870472576381706,0.06819851805720266,0.012102739661074316,0.16124421987556425,0.21464860676324096,0.16664456311747639,0.7582969965215962,-2.101515323769718,211.8,2026-08-28 13:11:44.131561728+09:00
,,0.027207147801689473,0.06817389577863589,0.01154083627172195,0.1587480454376248,0.21468192842867936,0.17138571833553498,0.7559152053394178,-2.120263024831777,211.9,2026-08-28 13:11:44.231561728+09:00
,,0.027207147801689473,0.06814927350006914,0.01154083627172195,0.1587480454376248,0.21471525009411777,0.17138571833553498,0.7559152053394178,-2.120263024831777,212.0,2026-08-28 13:11:44.331561728+09:00
,,0.027207147801689473,0.06812465122150237,0.01154083627172195,0.1587480454376248,0.21474857175955617,0.17138571833553498,0.7559152053394178,-2.120263024831777,212.1,2026-08-28 13:11:44.431561728+09:00
,,0.026847623825791263,0.0681000289429356,0.012376376932484149,0.15976759915385597,0.21474032297351184,0.16804173041329262,0.7544933956195791,-2.115743779078297,212.2,2026-08-28 13:11:44.531561728+09:00
,,0.026847623825791263,0.06807540666436884,0.012376376932484149,0.15976759915385597,0.21473207418746748,0.16804173041329262,0.7544933956195791,-2.115743779078297,212.3,2026-08-28 13:11:44.631561728+09:00
,,0.026847623825791263,0.06805078438580207,0.012376376932484149,0.15976759915385597,0.21472382540142315,0.16804173041329262,0.7544933956195791,-2.115743779078297,212.4,2026-08-28 13:11:44.731561728+09:00
,,0.026847623825791263,0.0680261621072353,0.012376376932484149,0.15976759915385597,0.2147308246302363,0.16804173041329262,0.7544933956195791,-2.115743779078297,212.5,2026-08-28 13:11:44.831561728+09:00
,,0.02757268097648652,0.06800153982866855,0.011485356213680938,0.15443422540845164,0.21493373204096852,0.17853996355769958,0.7470894998380978,-2.159557287462127,212.6,2026-08-28 13:11:44.931561728+09:00
,,0.02757268097648652,0.06797691755010178,0.011485356213680938,0.15443422540845164,0.21515188746655817,0.17853996355769958,0.7470894998380978,-2.159557287462127,212.7,2026-08-28 13:11:45.031561728+09:00
,,0.02757268097648652,0.06795229527153503,0.011485356213680938,0.15443422540845164,0.2153852909070054,0.17853996355769958,0.7470894998380978,-2.159557287462127,212.8,2026-08-28 13:11:45.131561728+09:00
,,0.02757268097648652,0.06792767299296826,0.011485356213680938,0.15443422540845164,0.21563394236231004,0.17853996355769958,0.7470894998380978,-2.159557287462127,212.9,2026-08-28 13:11:45.231561728+09:00
,,0.027114203948092875,0.06790305071440149,0.012211549255369351,0.15462446793046267,0.21584019550746159,0.17535519643816402,0.7456692738878319,-2.1602289989765358,213.0,2026-08-28 13:11:45.331561728+09:00
,,0.027114203948092875,0.06787842843583473,0.012211549255369351,0.15462446793046267,0.21604644865261313,0.17535519643816402,0.7456692738878319,-2.1602289989765358,213.1,2026-08-28 13:11:45.431561728+09:00
,,0.027114203948092875,0.06785380615726797,0.012211549255369351,0.15462446793046267,0.21625270179776465,0.17535519643816402,0.7456692738878319,-2.1602289989765358,213.2,2026-08-28 13:11:45.531561728+09:00
,,0.02751159570493415,0.06782918387870121,0.011848491046752996,0.1512614614484358,0.21665527422068492,0.18188106502139476,0.7397877398857158,-2.190137378692813,213.3,2026-08-28 13:11:45.631561728+09:00
,,0.02751159570493415,0.06780456160013444,0.011848491046752996,0.1512614614484358,0.2170578466436052,0.18188106502139476,0.7397877398857158,-2.190137378692813,213.4,2026-08-28 13:11:45.731561728+09:00
,,0.02751159570493415,0.06777993932156767,0.011848491046752996,0.1512614614484358,0.2174604190665255,0.18188106502139476,0.7397877398857158,-2.190137378692813,213.5,2026-08-28 13:11:45.831561728+09:00
,,0.02751159570493415,0.06775531704300092,0.011848491046752996,0.1512614614484358,0.2178629914894457,0.18188106502139476,0.7397877398857158,-2.190137378692813,213.6,2026-08-28 13:11:45.931561728+09:00
,,0.02751159570493415,0.06773069476443415,0.011848491046752996,0.1512614614484358,0.21824456781357007,0.18188106502139476,0.7397877398857158,-2.190137378692813,213.7,2026-08-28 13:11:46.031561728+09:00
,,0.026786767711051655,0.06770607248586738,0.012426650723677274,0.14980755066246182,0.2185856120571895,0.1788078611031171,0.7382413752756531,-2.2018882453001143,213.8,2026-08-28 13:11:46.131561728+09:00
,,0.026786767711051655,0.06768145020730063,0.012426650723677274,0.14980755066246182,0.2189266563008089,0.1788078611031171,0.7382413752756531,-2.2018882453001143,213.9,2026-08-28 13:11:46.231561728+09:00
,,0.026786767711051655,0.06765682792873386,0.012426650723677274,0.14980755066246182,0.2192677005444283,0.1788078611031171,0.7382413752756531,-2.2018882453001143,214.0,2026-08-28 13:11:46.331561728+09:00
,,0.026786767711051655,0.0676322056501671,0.012426650723677274,0.14980755066246182,0.21967610519167632,0.1788078611031171,0.7382413752756531,-2.2018882453001143,214.1,2026-08-28 13:11:46.431561728+09:00
,,0.026786767711051655,0.06760758337160033,0.012426650723677274,0.14980755066246182,0.2200845098389244,0.1788078611031171,0.7382413752756531,-2.2018882453001143,214.2,2026-08-28 13:11:46.531561728+09:00
,,0.026786767711051655,0.06758296109303356,0.012426650723677274,0.14980755066246182,0.22049291448617245,0.1788078611031171,0.7382413752756531,-2.2018882453001143,214.3,2026-08-28 13:11:46.631561728+09:00
,,0.026786767711051655,0.06755833881446681,0.012426650723677274,0.14980755066246182,0.22086698670286092,0.1788078611031171,0.7382413752756531,-2.2018882453001143,214.4,2026-08-28 13:11:46.731561728+09:00
,,0.02610955149996222,0.06753371653590004,0.012949159035693963,0.1484973846919653,0.22120071616428594,0.1758249921648278,0.7369737479439291,-2.2123909399810886,214.5,2026-08-28 13:11:46.831561728+09:00
,,0.02610955149996222,0.06750909425733329,0.012949159035693963,0.1484973846919653,0.22153444562571095,0.1758249921648278,0.7369737479439291,-2.2123909399810886,214.6,2026-08-28 13:11:46.931561728+09:00
,,0.02571442488353588,0.06748447197876652,0.011464394773701906,0.10650034206603935,0.2218852715927658,,0.8923534464650545,-2.3535000664030825,214.7,2026-08-28 13:11:47.031561728+09:00
,,0.02531929826710954,0.06745984970019975,0.011464394773701906,0.10650034206603935,0.22225319406545055,,0.8923534464650545,-2.3535000664030825,214.8,2026-08-28 13:11:47.131561728+09:00
,,0.0249241716506832,0.06743522742163299,0.011464394773701906,0.10650034206603935,0.22269875883762477,,0.8923534464650545,-2.3535000664030825,214.9,2026-08-28 13:11:47.231561728+09:00
,,0.02452904503425686,0.06741060514306622,0.011464394773701906,0.10650034206603935,0.22316142011542886,,0.8923534464650545,-2.3535000664030825,215.0,2026-08-28 13:11:47.331561728+09:00
,,0.02413391841783052,0.06738598286449946,0.011464394773701906,0.10650034206603935,0.22364117789886276,,0.8923534464650545,-2.3535000664030825,215.1,2026-08-28 13:11:47.431561728+09:00
,,0.02373879180140418,0.0673613605859327,0.011464394773701906,0.10650034206603935,0.22409156814930722,,0.8923534464650545,-2.3535000664030825,215.2,2026-08-28 13:11:47.531561728+09:00
,,0.02334366518497784,0.06733673830736593,0.011833725424922868,0.12879628165494394,0.22455905490538158,0.1812448689125784,0.7268757284147077,-2.3685230884586934,215.3,2026-08-28 13:11:47.631561728+09:00
,,0.02334366518497784,0.06731211602879918,0.011833725424922868,0.12879628165494394,0.2250265416614559,0.1812448689125784,0.7268757284147077,-2.3685230884586934,215.4,2026-08-28 13:11:47.731561728+09:00
,,0.018179164362697786,0.06728749375023241,0.008874809538158248,0.09434146765108845,0.22572540298869231,0.19269537368160763,0.7132334849727779,-2.69878088797662,215.5,2026-08-28 13:11:47.831561728+09:00
,,0.018179164362697786,0.06728749375023241,0.008874809538158248,0.09434146765108845,0.22647983474399502,0.19269537368160763,0.7132334849727779,-2.69878088797662,215.6,2026-08-28 13:11:47.931561728+09:00
,,0.018179164362697786,0.06728749375023241,0.008874809538158248,0.09434146765108845,0.22723426649929776,0.19269537368160763,0.7132334849727779,-2.69878088797662,215.7,2026-08-28 13:11:48.031561728+09:00
,,0.018179164362697786,0.06728749375023241,0.008874809538158248,0.09434146765108845,0.22798869825460047,0.19269537368160763,0.7132334849727779,-2.69878088797662,215.8,2026-08-28 13:11:48.131561728+09:00
,,0.018179164362697786,0.06728749375023241,0.008874809538158248,0.09434146765108845,0.22868617596262933,0.19269537368160763,0.7132334849727779,-2.69878088797662,215.9,2026-08-28 13:11:48.231561728+09:00
,,0.018179164362697786,0.06728749375023241,0.008874809538158248,0.09434146765108845,0.22938365367065813,0.19269537368160763,0.7132334849727779,-2.69878088797662,216.0,2026-08-28 13:11:48.331561728+09:00
,,0.01713818686399195,0.0684493598029091,0.0052941952228498556,0.0908817418897509,0.2298611990214987,0.1885767867959922,0.7531695407637032,-2.681661080061189,216.1,2026-08-28 13:11:48.431561728+09:00
,,0.01639980631589682,0.054659186622963124,0.008131367103938117,0.07919036004279807,0.23089052109229458,0.20709346828368524,0.6902252571325956,-2.906637979255884,216.2,2026-08-28 13:11:48.531561728+09:00
,,0.01639980631589682,0.054659186622963124,0.008131367103938117,0.07919036004279807,0.23191984316309053,0.20709346828368524,0.6902252571325956,-2.906637979255884,216.3,2026-08-28 13:11:48.631561728+09:00
,,0.01639980631589682,0.054659186622963124,0.008131367103938117,0.07919036004279807,0.23292392856701183,0.20709346828368524,0.6902252571325956,-2.906637979255884,216.4,2026-08-28 13:11:48.731561728+09:00
,,0.01639980631589682,0.054659186622963124,0.008131367103938117,0.07919036004279807,0.2339027773040585,0.20709346828368524,0.6902252571325956,-2.906637979255884,216.5,2026-08-28 13:11:48.831561728+09:00
,,0.01639980631589682,0.054659186622963124,0.008131367103938117,0.07919036004279807,0.2348563893742306,0.20709346828368524,0.6902252571325956,-2.906637979255884,216.6,2026-08-28 13:11:48.931561728+09:00
,,0.01639980631589682,0.054659186622963124,0.008131367103938117,0.07919036004279807,0.23581000144440267,0.20709346828368524,0.6902252571325956,-2.906637979255884,216.7,2026-08-28 13:11:49.031561728+09:00
,,0.01639980631589682,0.054659186622963124,0.008131367103938117,0.07919036004279807,0.23676361351457473,0.20709346828368524,0.6902252571325956,-2.906637979255884,216.8,2026-08-28 13:11:49.131561728+09:00
,,0.009599378881760245,0.0268402461909958,0.004393109535448618,0.04083273460820466,0.23835734979098042,0.23509027680530142,0.6573217896996469,-3.617852794379896,216.9,2026-08-28 13:11:49.231561728+09:00
,,0.006073002263862051,0.01734730628132776,0.002912447953661778,0.026332756498851587,0.2398670262039755,0.23062539100784624,0.6587728968702651,-4.054318042203331,217.0,2026-08-28 13:11:49.331561728+09:00
,,0.006073002263862051,0.01734730628132776,0.002912447953661778,0.026332756498851587,0.24137670261697058,0.23062539100784624,0.6587728968702651,-4.054318042203331,217.1,2026-08-28 13:11:49.431561728+09:00
,,0.006073002263862051,0.01734730628132776,0.002912447953661778,0.026332756498851587,0.24293732752378783,0.23062539100784624,0.6587728968702651,-4.054318042203331,217.2,2026-08-28 13:11:49.531561728+09:00
,,0.006073002263862051,0.01734730628132776,0.002912447953661778,0.026332756498851587,0.24440701657719338,0.23062539100784624,0.6587728968702651,-4.054318042203331,217.3,2026-08-28 13:11:49.631561728+09:00
,,0.006073002263862051,0.01734730628132776,0.002912447953661778,0.026332756498851587,0.24587670563059894,0.23062539100784624,0.6587728968702651,-4.054318042203331,217.4,2026-08-28 13:11:49.731561728+09:00
,,0.006073002263862051,0.01734730628132776,0.002912447953661778,0.026332756498851587,0.2473463946840045,0.23062539100784624,0.6587728968702651,-4.054318042203331,217.5,2026-08-28 13:11:49.831561728+09:00
,,0.0024850288978050293,0.0051910811399907535,0.0007947345988484879,0.00847084463664427,0.2502452830663138,0.29336258713268937,0.6128174181751023,-5.2608132913613534,217.6,2026-08-28 13:11:49.931561728+09:00
,,0.0024850288978050293,0.0051910811399907535,0.0007947345988484879,0.00847084463664427,0.25314417144862306,0.29336258713268937,0.6128174181751023,-5.2608132913613534,217.7,2026-08-28 13:11:50.031561728+09:00
,,0.0015622301254241502,0.0033801095767950276,0.0005221820040347168,0.005464521706253894,0.2558594157948766,0.2858859767427128,0.6185554305560993,-5.689847150842573,217.8,2026-08-28 13:11:50.131561728+09:00
,,0.0015622301254241502,0.0033801095767950276,0.0005221820040347168,0.005464521706253894,0.2585746601411301,0.2858859767427128,0.6185554305560993,-5.689847150842573,217.9,2026-08-28 13:11:50.231561728+09:00
,,0.0015622301254241502,0.0033801095767950276,0.0005221820040347168,0.005464521706253894,0.261341384237996,0.2858859767427128,0.6185554305560993,-5.689847150842573,218.0,2026-08-28 13:11:50.331561728+09:00
,,0.0015622301254241502,0.0033801095767950276,0.0005221820040347168,0.005464521706253894,0.2641081083348619,0.2858859767427128,0.6185554305560993,-5.689847150842573,218.1,2026-08-28 13:11:50.431561728+09:00
,,0.0015622301254241502,0.0033801095767950276,0.0005221820040347168,0.005464521706253894,0.2668748324317278,0.2858859767427128,0.6185554305560993,-5.689847150842573,218.2,2026-08-28 13:11:50.531561728+09:00
,,0.007901943143674772,0.029699546728823512,0.0015260161346605581,0.03122556286348407,0.2703956733706196,,0.9511292673463664,-3.5166234949457174,218.3,2026-08-28 13:11:50.631561728+09:00
,,0.014241656161925392,0.029699546728823512,0.0015260161346605581,0.03122556286348407,0.2746706311515373,,0.9511292673463664,-3.5166234949457174,218.4,2026-08-28 13:11:50.731561728+09:00
,,0.020581369180176015,0.03091247991943409,0.0009617329755315248,0.05245558207514163,0.27969970577448083,0.3923580363800671,0.5893077284921279,-3.4765952957285347,218.5,2026-08-28 13:11:50.831561728+09:00
,,0.020581369180176015,0.03091247991943409,0.0009617329755315248,0.05245558207514163,0.28472878039742433,0.3923580363800671,0.5893077284921279,-3.4765952957285347,218.6,2026-08-28 13:11:50.931561728+09:00
,,0.020581369180176015,0.03091247991943409,0.0009617329755315248,0.05245558207514163,0.2897578550203678,0.3923580363800671,0.5893077284921279,-3.4765952957285347,218.7,2026-08-28 13:11:51.031561728+09:00
,,0.020581369180176015,0.03091247991943409,0.0009617329755315248,0.05245558207514163,0.2946997616606076,0.3923580363800671,0.5893077284921279,-3.4765952957285347,218.8,2026-08-28 13:11:51.131561728+09:00
,,0.020581369180176015,0.03091247991943409,0.0009617329755315248,0.05245558207514163,0.2996416683008473,0.3923580363800671,0.5893077284921279,-3.4765952957285347,218.9,2026-08-28 13:11:51.231561728+09:00
,,0.017842985577082894,0.03496911162823386,0.0008942530083797648,0.05370635021369652,0.3028552979460943,0.3322323245963653,0.6511168882095403,-3.3532901320547035,219.0,2026-08-28 13:11:51.331561728+09:00
,,0.017842985577082894,0.03496911162823386,0.0008942530083797648,0.05370635021369652,0.3060689275913413,0.3322323245963653,0.6511168882095403,-3.3532901320547035,219.1,2026-08-28 13:11:51.431561728+09:00
,,0.017842985577082894,0.03496911162823386,0.0008942530083797648,0.05370635021369652,0.30928255723658826,0.3322323245963653,0.6511168882095403,-3.3532901320547035,219.2,2026-08-28 13:11:51.531561728+09:00
,,0.017306334314965133,0.03489864451944392,0.0009354834218865775,0.05314046225629563,0.31233677431436235,0.3256715049164787,0.6567245190892073,-3.3553072895124236,219.3,2026-08-28 13:11:51.631561728+09:00
,,0.017306334314965133,0.03489864451944392,0.0009354834218865775,0.05314046225629563,0.3153909913921365,0.3256715049164787,0.6567245190892073,-3.3553072895124236,219.4,2026-08-28 13:11:51.731561728+09:00
,,0.017306334314965133,0.03489864451944392,0.0009354834218865775,0.05314046225629563,0.3184452084699106,0.3256715049164787,0.6567245190892073,-3.3553072895124236,219.5,2026-08-28 13:11:51.831561728+09:00
,,0.017306334314965133,0.03489864451944392,0.0009354834218865775,0.05314046225629563,0.32146794010402535,0.3256715049164787,0.6567245190892073,-3.3553072895124236,219.6,2026-08-28 13:11:51.931561728+09:00
,,0.017306334314965133,0.03489864451944392,0.0009354834218865775,0.05314046225629563,0.3244906717381402,0.3256715049164787,0.6567245190892073,-3.3553072895124236,219.7,2026-08-28 13:11:52.031561728+09:00
,,0.017306334314965133,0.03489864451944392,0.0009354834218865775,0.05314046225629563,0.32751340337225493,0.3256715049164787,0.6567245190892073,-3.3553072895124236,219.8,2026-08-28 13:11:52.131561728+09:00
,,0.017306334314965133,0.03489864451944392,0.0009354834218865775,0.05314046225629563,0.33053613500636975,0.3256715049164787,0.6567245190892073,-3.3553072895124236,219.9,2026-08-28 13:11:52.231561728+09:00
,,0.017306334314965133,0.03489864451944392,0.0009354834218865775,0.05314046225629563,0.33355886664048445,0.3256715049164787,0.6567245190892073,-3.3553072895124236,220.0,2026-08-28 13:11:52.331561728+09:00
,,0.01645949797305139,0.028245029359913326,0.0011712376038310768,0.04587576493679579,0.33754645233490355,0.35878416405106395,0.6156851967226534,-3.566837788732507,220.1,2026-08-28 13:11:52.431561728+09:00
,,0.01645949797305139,0.028245029359913326,0.0011712376038310768,0.04587576493679579,0.34153403802932253,0.35878416405106395,0.6156851967226534,-3.566837788732507,220.2,2026-08-28 13:11:52.531561728+09:00
,,0.01645949797305139,0.028245029359913326,0.0011712376038310768,0.04587576493679579,0.3455216237237416,0.35878416405106395,0.6156851967226534,-3.566837788732507,220.3,2026-08-28 13:11:52.631561728+09:00
,,0.01645949797305139,0.028245029359913326,0.0011712376038310768,0.04587576493679579,0.3495547129240291,0.35878416405106395,0.6156851967226534,-3.566837788732507,220.4,2026-08-28 13:11:52.731561728+09:00
,,0.01645949797305139,0.028245029359913326,0.0011712376038310768,0.04587576493679579,0.3535878021243166,0.35878416405106395,0.6156851967226534,-3.566837788732507,220.5,2026-08-28 13:11:52.831561728+09:00
,,0.01645949797305139,0.028245029359913326,0.0011712376038310768,0.04587576493679579,0.3576208913246041,0.35878416405106395,0.6156851967226534,-3.566837788732507,220.6,2026-08-28 13:11:52.931561728+09:00
,,0.01645949797305139,0.028245029359913326,0.0011712376038310768,0.04587576493679579,0.36165398052489156,0.35878416405106395,0.6156851967226534,-3.566837788732507,220.7,2026-08-28 13:11:53.031561728+09:00
,,0.01645949797305139,0.028245029359913326,0.0011712376038310768,0.04587576493679579,0.3656870697251791,0.35878416405106395,0.6156851967226534,-3.566837788732507,220.8,2026-08-28 13:11:53.131561728+09:00
,,0.01616636610363643,0.03498389890786012,0.0014292064048237753,0.05257947141632033,0.3683024324262697,0.30746535992407287,0.6653528071984638,-3.3528673545435375,220.9,2026-08-28 13:11:53.231561728+09:00
,,0.01616636610363643,0.03498389890786012,0.0014292064048237753,0.05257947141632033,0.37091779512736023,0.30746535992407287,0.6653528071984638,-3.3528673545435375,221.0,2026-08-28 13:11:53.331561728+09:00
,,0.01616636610363643,0.03498389890786012,0.0014292064048237753,0.05257947141632033,0.37353315782845087,0.30746535992407287,0.6653528071984638,-3.3528673545435375,221.1,2026-08-28 13:11:53.431561728+09:00
,,0.01616636610363643,0.03498389890786012,0.0014292064048237753,0.05257947141632033,0.37619301876938593,0.30746535992407287,0.6653528071984638,-3.3528673545435375,221.2,2026-08-28 13:11:53.531561728+09:00
,,0.01616636610363643,0.03498389890786012,0.0014292064048237753,0.05257947141632033,0.37885287971032106,0.30746535992407287,0.6653528071984638,-3.3528673545435375,221.3,2026-08-28 13:11:53.631561728+09:00
,,0.01616636610363643,0.03498389890786012,0.0014292064048237753,0.05257947141632033,0.38151274065125607,0.30746535992407287,0.6653528071984638,-3.3528673545435375,221.4,2026-08-28 13:11:53.731561728+09:00
,,0.01616636610363643,0.03498389890786012,0.0014292064048237753,0.05257947141632033,0.3841726015921912,0.30746535992407287,0.6653528071984638,-3.3528673545435375,221.5,2026-08-28 13:11:53.831561728+09:00
,,0.015663191535469915,0.03524113523904317,0.001521142528717153,0.052425469303230235,0.38645567874024495,0.29877064990822727,0.6722140155810061,-3.3455412639312416,221.6,2026-08-28 13:11:53.931561728+09:00
,,0.015663191535469915,0.03524113523904317,0.001521142528717153,0.052425469303230235,0.3887387558882987,0.29877064990822727,0.6722140155810061,-3.3455412639312416,221.7,2026-08-28 13:11:54.031561728+09:00
,,0.015352574830691563,0.03519108963138118,0.0014890466839252426,0.03668013631530642,0.39090844411972403,,0.9594045487965138,-3.3469623638944026,221.8,2026-08-28 13:11:54.131561728+09:00
,,0.015041958125913212,0.03519108963138118,0.0014890466839252426,0.03668013631530642,0.39296474343452087,,0.9594045487965138,-3.3469623638944026,221.9,2026-08-28 13:11:54.231561728+09:00
,,0.01473134142113486,0.03519108963138118,0.0014890466839252426,0.03668013631530642,0.3949500521428424,,0.9594045487965138,-3.3469623638944026,222.0,2026-08-28 13:11:54.331561728+09:00
,,0.014420724716356508,0.03519108963138118,0.0014890466839252426,0.03668013631530642,0.39682197193453544,,0.9594045487965138,-3.3469623638944026,222.1,2026-08-28 13:11:54.431561728+09:00
,,0.014110108011578155,0.03519108963138118,0.0014890466839252426,0.03668013631530642,0.3985805028096002,,0.9594045487965138,-3.3469623638944026,222.2,2026-08-28 13:11:54.531561728+09:00
,,0.013799491306799803,0.03519108963138118,0.0014890466839252426,0.03668013631530642,0.40010685696254866,,0.9594045487965138,-3.3469623638944026,222.3,2026-08-28 13:11:54.631561728+09:00
,,0.013488874602021451,0.029484822631884063,0.0012650881121715155,0.03074991074405558,0.4015198221988687,,0.9588588037636474,-3.523879635085017,222.4,2026-08-28 13:11:54.731561728+09:00
,,0.0131782578972431,0.036475526565753175,0.0015287601428152675,0.038004286708568445,0.4028193985185603,,0.9597740077444844,-3.311113748330591,222.5,2026-08-28 13:11:54.831561728+09:00
,,0.012867641192464748,0.036475526565753175,0.0015287601428152675,0.038004286708568445,0.40400558592162344,,0.9597740077444844,-3.311113748330591,222.6,2026-08-28 13:11:54.931561728+09:00
,,0.012557024487686396,0.036475526565753175,0.0015287601428152675,0.038004286708568445,0.40507838440805816,,0.9597740077444844,-3.311113748330591,222.7,2026-08-28 13:11:55.031561728+09:00
,,0.012246407782908045,0.036475526565753175,0.0015287601428152675,0.038004286708568445,0.40607832605836947,,0.9597740077444844,-3.311113748330591,222.8,2026-08-28 13:11:55.131561728+09:00
,,0.011935791078129691,0.036475526565753175,0.0015287601428152675,0.038004286708568445,0.4069648787920523,,0.9597740077444844,-3.311113748330591,222.9,2026-08-28 13:11:55.231561728+09:00
,,0.011625174373351341,0.036475526565753175,0.0015287601428152675,0.038004286708568445,0.4077380426091066,,0.9597740077444844,-3.311113748330591,223.0,2026-08-28 13:11:55.331561728+09:00
,,0.011314557668572988,0.036475526565753175,0.0015287601428152675,0.038004286708568445,0.4083978175095326,,0.9597740077444844,-3.311113748330591,223.1,2026-08-28 13:11:55.431561728+09:00
,,0.011003940963794636,0.030501236157239944,0.0012431710632123502,0.0317444072204523,0.40894420349333005,,0.9608381074946832,-3.489988066444507,223.2,2026-08-28 13:11:55.531561728+09:00
,,0.010693324259016285,0.039042386041992075,0.0015311140689444165,0.040573500110936495,0.40937720056049914,,0.9622631997545681,-3.2431074014259713,223.3,2026-08-28 13:11:55.631561728+09:00
,,0.010382707554237933,0.039042386041992075,0.0015311140689444165,0.040573500110936495,0.4096968087110397,,0.9622631997545681,-3.2431074014259713,223.4,2026-08-28 13:11:55.731561728+09:00
,,0.010072090849459581,0.039042386041992075,0.0015311140689444165,0.040573500110936495,0.40994337070021536,,0.9622631997545681,-3.2431074014259713,223.5,2026-08-28 13:11:55.831561728+09:00
,,0.009761474144681228,0.039042386041992075,0.0015311140689444165,0.040573500110936495,0.4100765437727625,,0.9622631997545681,-3.2431074014259713,223.6,2026-08-28 13:11:55.931561728+09:00
,,0.009450857439902878,0.039042386041992075,0.0015311140689444165,0.040573500110936495,0.41007923142305136,,0.9622631997545681,-3.2431074014259713,223.7,2026-08-28 13:11:56.031561728+09:00
,,0.009140240735124525,0.039042386041992075,0.0015311140689444165,0.040573500110936495,0.40995143365108194,,0.9622631997545681,-3.2431074014259713,223.8,2026-08-28 13:11:56.131561728+09:00
,,0.008829624030346173,0.040144220395991026,0.0016803967747432052,0.050654241201080405,0.40969315045685417,0.174311643427754,0.792514495215354,-3.2152767992378526,223.9,2026-08-28 13:11:56.231561728+09:00
,,0.006574934073045045,0.041255686068008696,0.0014393918880991488,0.04927001202915289,0.4087446907049211,0.1334469751936468,0.8373386644110794,-3.18796633162813,224.0,2026-08-28 13:11:56.331561728+09:00
,,0.006574934073045045,0.041255686068008696,0.0014393918880991488,0.04927001202915289,0.4077791344473581,0.1334469751936468,0.8373386644110794,-3.18796633162813,224.1,2026-08-28 13:11:56.431561728+09:00
,,0.006574934073045045,0.041255686068008696,0.0014393918880991488,0.04927001202915289,0.40679648168416527,0.1334469751936468,0.8373386644110794,-3.18796633162813,224.2,2026-08-28 13:11:56.531561728+09:00
,,0.006574934073045045,0.041255686068008696,0.0014393918880991488,0.04927001202915289,0.4057967324153426,0.1334469751936468,0.8373386644110794,-3.18796633162813,224.3,2026-08-28 13:11:56.631561728+09:00
,,0.006574934073045045,0.041255686068008696,0.0014393918880991488,0.04927001202915289,0.40479698314651985,0.1334469751936468,0.8373386644110794,-3.18796633162813,224.4,2026-08-28 13:11:56.731561728+09:00
,,0.006574934073045045,0.041255686068008696,0.0014393918880991488,0.04927001202915289,0.4035658593065351,0.1334469751936468,0.8373386644110794,-3.18796633162813,224.5,2026-08-28 13:11:56.831561728+09:00
,,0.006574934073045045,0.041255686068008696,0.0014393918880991488,0.04927001202915289,0.40233473546655024,0.1334469751936468,0.8373386644110794,-3.18796633162813,224.6,2026-08-28 13:11:56.931561728+09:00
,,0.006633054291565957,0.042614465872453385,0.001595575815383592,0.05084309597940293,0.40106230352916933,0.1304612585797898,0.838156391768844,-3.1555615088784372,224.7,2026-08-28 13:11:57.031561728+09:00
,,0.005051622567871151,0.045396952581041025,0.0013669853455729804,0.05181556049448516,0.3992968054221133,0.09749238490643763,0.8761258615715007,-3.092310299953352,224.8,2026-08-28 13:11:57.131561728+09:00
,,0.005051622567871151,0.045396952581041025,0.0013669853455729804,0.05181556049448516,0.39753130731505737,0.09749238490643763,0.8761258615715007,-3.092310299953352,224.9,2026-08-28 13:11:57.231561728+09:00
,,0.005051622567871151,0.045396952581041025,0.0013669853455729804,0.05181556049448516,0.3957658092080013,0.09749238490643763,0.8761258615715007,-3.092310299953352,225.0,2026-08-28 13:11:57.331561728+09:00
,,0.005051622567871151,0.045396952581041025,0.0013669853455729804,0.05181556049448516,0.39422024345813356,0.09749238490643763,0.8761258615715007,-3.092310299953352,225.1,2026-08-28 13:11:57.431561728+09:00
,,0.005051622567871151,0.045396952581041025,0.0013669853455729804,0.05181556049448516,0.39212290098831054,0.09749238490643763,0.8761258615715007,-3.092310299953352,225.2,2026-08-28 13:11:57.531561728+09:00
,,0.005051622567871151,0.045396952581041025,0.0013669853455729804,0.05181556049448516,0.39002555851848747,0.09749238490643763,0.8761258615715007,-3.092310299953352,225.3,2026-08-28 13:11:57.631561728+09:00
,,0.005307749857798401,0.04677906995432533,0.0015224331447283575,0.05360925295685209,0.38795252175373557,0.0990080921677904,0.8725932068476295,-3.0623193992908333,225.4,2026-08-28 13:11:57.731561728+09:00
,,0.004336613632102829,0.05075214826050563,0.001279605992348918,0.056368367884957374,0.3855681816068256,0.07693346099630659,0.9003657576903072,-2.9808013316998716,225.5,2026-08-28 13:11:57.831561728+09:00
,,0.004336613632102829,0.05075214826050563,0.001279605992348918,0.056368367884957374,0.3831838414599157,0.07693346099630659,0.9003657576903072,-2.9808013316998716,225.6,2026-08-28 13:11:57.931561728+09:00
,,0.004336613632102829,0.05075214826050563,0.001279605992348918,0.056368367884957374,0.3807995013130058,0.07693346099630659,0.9003657576903072,-2.9808013316998716,225.7,2026-08-28 13:11:58.031561728+09:00
,,0.004336613632102829,0.05075214826050563,0.001279605992348918,0.056368367884957374,0.37841516116609575,0.07693346099630659,0.9003657576903072,-2.9808013316998716,225.8,2026-08-28 13:11:58.131561728+09:00
,,0.004336613632102829,0.05075214826050563,0.001279605992348918,0.056368367884957374,0.3753906968129522,0.07693346099630659,0.9003657576903072,-2.9808013316998716,225.9,2026-08-28 13:11:58.231561728+09:00
,,0.004336613632102829,0.05075214826050563,0.001279605992348918,0.056368367884957374,0.37245029232321925,0.07693346099630659,0.9003657576903072,-2.9808013316998716,226.0,2026-08-28 13:11:58.331561728+09:00
,,0.004336613632102829,0.05075214826050563,0.001279605992348918,0.056368367884957374,0.3695098878334864,0.07693346099630659,0.9003657576903072,-2.9808013316998716,226.1,2026-08-28 13:11:58.431561728+09:00
,,0.004799474582041949,0.05347708692144065,0.0005591129467701348,0.058835674450252735,0.3666172760647021,0.08157422561884702,0.9089228163205144,-2.9285019986612695,226.2,2026-08-28 13:11:58.531561728+09:00
,,0.00444467389569148,0.057095716996898666,0.0011845552044442026,0.06272494609703436,0.36359241729177155,0.07085974834981364,0.9102553377817595,-2.8630261739443554,226.3,2026-08-28 13:11:58.631561728+09:00
,,0.00444467389569148,0.057095716996898666,0.0011845552044442026,0.06272494609703436,0.3605675585188409,0.07085974834981364,0.9102553377817595,-2.8630261739443554,226.4,2026-08-28 13:11:58.731561728+09:00
,,0.00444467389569148,0.057095716996898666,0.0011845552044442026,0.06272494609703436,0.3575426997459104,0.07085974834981364,0.9102553377817595,-2.8630261739443554,226.5,2026-08-28 13:11:58.831561728+09:00
,,0.00444467389569148,0.057095716996898666,0.0011845552044442026,0.06272494609703436,0.35308864164407605,0.07085974834981364,0.9102553377817595,-2.8630261739443554,226.6,2026-08-28 13:11:58.931561728+09:00
,,0.00444467389569148,0.057095716996898666,0.0011845552044442026,0.06272494609703436,0.34863458354224175,0.07085974834981364,0.9102553377817595,-2.8630261739443554,226.7,2026-08-28 13:11:59.031561728+09:00
,,0.00444467389569148,0.057095716996898666,0.0011845552044442026,0.06272494609703436,0.3443641694764631,0.07085974834981364,0.9102553377817595,-2.8630261739443554,226.8,2026-08-28 13:11:59.131561728+09:00
,,0.00444467389569148,0.057095716996898666,0.0011845552044442026,0.06272494609703436,0.34009375541068454,0.07085974834981364,0.9102553377817595,-2.8630261739443554,226.9,2026-08-28 13:11:59.231561728+09:00
,,0.005341578801161483,0.06438556870971883,0.001111405832503548,0.07083855334338386,0.3358801896633757,0.07540496733845811,0.9089057535889428,-2.7428657593417802,227.0,2026-08-28 13:11:59.331561728+09:00
,,0.005341578801161483,0.06438556870971883,0.001111405832503548,0.07083855334338386,0.3316666239160668,0.07540496733845811,0.9089057535889428,-2.7428657593417802,227.1,2026-08-28 13:11:59.431561728+09:00
,,0.005341578801161483,0.06438556870971883,0.001111405832503548,0.07083855334338386,0.32745305816875797,0.07540496733845811,0.9089057535889428,-2.7428657593417802,227.2,2026-08-28 13:11:59.531561728+09:00
,,0.005341578801161483,0.06438556870971883,0.001111405832503548,0.07083855334338386,0.3224853755794232,0.07540496733845811,0.9089057535889428,-2.7428657593417802,227.3,2026-08-28 13:11:59.631561728+09:00
,,0.005341578801161483,0.06438556870971883,0.001111405832503548,0.07083855334338386,0.3167635761480626,0.07540496733845811,0.9089057535889428,-2.7428657593417802,227.4,2026-08-28 13:11:59.731561728+09:00
,,0.005341578801161483,0.06438556870971883,0.001111405832503548,0.07083855334338386,0.3102876598746761,0.07540496733845811,0.9089057535889428,-2.7428657593417802,227.5,2026-08-28 13:11:59.831561728+09:00
,,0.005341578801161483,0.06438556870971883,0.001111405832503548,0.07083855334338386,0.3038117436012896,0.07540496733845811,0.9089057535889428,-2.7428657593417802,227.6,2026-08-28 13:11:59.931561728+09:00
,,0.006029650129376615,0.0719781292174614,0.0009285456125499582,0.07893632495938797,0.2973448076146626,0.07638625350849328,0.9118505232476112,-2.6313929669793508,227.7,2026-08-28 13:12:00.031561728+09:00
,,0.006270267718797835,0.07169522425914612,0.0010439910967031034,0.07273921535584922,0.2909052977179348,,0.9856474792641663,-2.6353311408592743,227.8,2026-08-28 13:12:00.131561728+09:00
,,0.006510885308219055,0.07169522425914612,0.0010439910967031034,0.07273921535584922,0.28449321391110605,,0.9856474792641663,-2.6353311408592743,227.9,2026-08-28 13:12:00.231561728+09:00
,,0.006751502897640276,0.07169522425914612,0.0010439910967031034,0.07273921535584922,0.2798368331891694,,0.9856474792641663,-2.6353311408592743,228.0,2026-08-28 13:12:00.331561728+09:00
,,0.006992120487061496,0.07169522425914612,0.0010439910967031034,0.07273921535584922,0.2752078785571319,,0.9856474792641663,-2.6353311408592743,228.1,2026-08-28 13:12:00.431561728+09:00
,,0.007232738076482717,0.07156778082451844,0.0010420512045228938,0.07260983202904134,0.27060635001499367,,0.9856486211935304,-2.6371102947751175,228.2,2026-08-28 13:12:00.531561728+09:00
,,0.007473355665903936,0.07156778082451844,0.0010420512045228938,0.07260983202904134,0.2661916601302275,,0.9856486211935304,-2.6371102947751175,228.3,2026-08-28 13:12:00.631561728+09:00
,,0.007713973255325157,0.07156778082451844,0.0010420512045228938,0.07260983202904134,0.2618043963353605,,0.9856486211935304,-2.6371102947751175,228.4,2026-08-28 13:12:00.731561728+09:00
,,0.007954590844746378,0.07836474396900192,0.0009922774863593757,0.07935702145536129,0.25744455863039273,,0.9874960341484398,-2.5463811470415023,228.5,2026-08-28 13:12:00.831561728+09:00
,,0.008195208434167597,0.07836474396900192,0.0009922774863593757,0.07935702145536129,0.2531121470153242,,0.9874960341484398,-2.5463811470415023,228.6,2026-08-28 13:12:00.931561728+09:00
,,0.008435826023588819,0.07836474396900192,0.0009922774863593757,0.07935702145536129,0.24880716149015478,,0.9874960341484398,-2.5463811470415023,228.7,2026-08-28 13:12:01.031561728+09:00
,,0.008676443613010038,0.07836474396900192,0.0009922774863593757,0.07935702145536129,0.24452960205488464,,0.9874960341484398,-2.5463811470415023,228.8,2026-08-28 13:12:01.131561728+09:00
,,0.008917061202431258,0.07836474396900192,0.0009922774863593757,0.07935702145536129,0.24027946870951375,,0.9874960341484398,-2.5463811470415023,228.9,2026-08-28 13:12:01.231561728+09:00
,,0.009157678791852478,0.07836474396900192,0.0009922774863593757,0.07935702145536129,0.23605676145404203,,0.9874960341484398,-2.5463811470415023,229.0,2026-08-28 13:12:01.331561728+09:00
,,0.009398296381273699,0.07836474396900192,0.0009922774863593757,0.07935702145536129,0.2308966262281652,,0.9874960341484398,-2.5463811470415023,229.1,2026-08-28 13:12:01.431561728+09:00
,,0.00963891397069492,0.07836474396900192,0.0009922774863593757,0.07935702145536129,0.22576391709218765,,0.9874960341484398,-2.5463811470415023,229.2,2026-08-28 13:12:01.531561728+09:00
,,0.00987953156011614,0.07155363386523417,0.0008203896732179237,0.0723740235384521,0.22065863404610925,,0.9886645838781913,-2.63730798649527,229.3,2026-08-28 13:12:01.631561728+09:00
,,0.01012014914953736,0.0719072115232647,0.0009873055135091703,0.09159697639155476,0.21558077708993006,0.1104856246157754,0.8787355751180599,-2.519628267893052,229.4,2026-08-28 13:12:01.731561728+09:00
,,0.01012014914953736,0.07226078918129522,0.0009873055135091703,0.09159697639155476,0.21050292013375094,0.1104856246157754,0.8787355751180599,-2.519628267893052,229.5,2026-08-28 13:12:01.831561728+09:00
,,0.01012014914953736,0.07261436683932573,0.0009873055135091703,0.09159697639155476,0.20542506317757175,0.1104856246157754,0.8787355751180599,-2.519628267893052,229.6,2026-08-28 13:12:01.931561728+09:00
,,0.01012014914953736,0.07296794449735626,0.0009873055135091703,0.09159697639155476,0.20034720622139257,0.1104856246157754,0.8787355751180599,-2.519628267893052,229.7,2026-08-28 13:12:02.031561728+09:00
,,0.01012014914953736,0.07332152215538679,0.0009873055135091703,0.09159697639155476,0.19526934926521342,0.1104856246157754,0.8787355751180599,-2.519628267893052,229.8,2026-08-28 13:12:02.131561728+09:00
,,0.01012014914953736,0.0736750998134173,0.0009873055135091703,0.09159697639155476,0.1915318353276523,0.1104856246157754,0.8787355751180599,-2.519628267893052,229.9,2026-08-28 13:12:02.231561728+09:00
,,0.01012014914953736,0.07402867747144783,0.0009873055135091703,0.09159697639155476,0.1877943213900912,0.1104856246157754,0.8787355751180599,-2.519628267893052,230.0,2026-08-28 13:12:02.331561728+09:00
,,0.010444005104660824,0.07438225512947835,0.001048389256581174,0.08277575353157046,0.184099126041624,,0.9873345851671248,-2.504366397148355,230.1,2026-08-28 13:12:02.431561728+09:00
,,0.010767861059784289,0.07473583278750888,0.001048389256581174,0.08277575353157046,0.18044624928225067,,0.9873345851671248,-2.504366397148355,230.2,2026-08-28 13:12:02.531561728+09:00
,,0.011091717014907753,0.0750894104455394,0.001063749738019103,0.09302333213092327,0.17683569111197123,0.11923586008827339,0.8693288396096265,-2.514938747944352,230.3,2026-08-28 13:12:02.631561728+09:00
,,0.011091717014907753,0.07544298810356992,0.001063749738019103,0.09302333213092327,0.1732251329416918,0.11923586008827339,0.8693288396096265,-2.514938747944352,230.4,2026-08-28 13:12:02.731561728+09:00
,,0.011091717014907753,0.07579656576160045,0.001063749738019103,0.09302333213092327,0.16961457477141237,0.11923586008827339,0.8693288396096265,-2.514938747944352,230.5,2026-08-28 13:12:02.831561728+09:00
,,0.011091717014907753,0.07615014341963097,0.001063749738019103,0.09302333213092327,0.16620014022695268,0.11923586008827339,0.8693288396096265,-2.514938747944352,230.6,2026-08-28 13:12:02.931561728+09:00
,,0.011091717014907753,0.07650372107766149,0.001063749738019103,0.09302333213092327,0.16278570568249298,0.11923586008827339,0.8693288396096265,-2.514938747944352,230.7,2026-08-28 13:12:03.031561728+09:00
,,0.011091717014907753,0.07685729873569201,0.001063749738019103,0.09302333213092327,0.15948466005466175,0.11923586008827339,0.8693288396096265,-2.514938747944352,230.8,2026-08-28 13:12:03.131561728+09:00
,,0.011336634378431172,0.07721087639372254,0.0014232118633265664,0.09314623618138006,0.15632938536529345,,0.9847206723355391,-2.3889818481599696,230.9,2026-08-28 13:12:03.231561728+09:00
,,0.01158155174195459,0.07756445405175307,0.0014232118633265664,0.09314623618138006,0.15331988161438811,,0.9847206723355391,-2.3889818481599696,231.0,2026-08-28 13:12:03.331561728+09:00
,,0.01182646910547801,0.07791803170978359,0.0012314955739984425,0.09411576993574715,0.15045614880194574,0.125658740437994,0.8612563581173365,-2.5125927336941603,231.1,2026-08-28 13:12:03.431561728+09:00
,,0.01182646910547801,0.0782716093678141,0.0012314955739984425,0.09411576993574715,0.14770580490613183,0.125658740437994,0.8612563581173365,-2.5125927336941603,231.2,2026-08-28 13:12:03.531561728+09:00
,,0.01182646910547801,0.07862518702584463,0.0012314955739984425,0.09411576993574715,0.14506884992694635,0.125658740437994,0.8612563581173365,-2.5125927336941603,231.3,2026-08-28 13:12:03.631561728+09:00
,,0.01182646910547801,0.07897876468387516,0.0012314955739984425,0.09411576993574715,0.1425452838643893,0.125658740437994,0.8612563581173365,-2.5125927336941603,231.4,2026-08-28 13:12:03.731561728+09:00
,,0.01182646910547801,0.07933234234190567,0.0012314955739984425,0.09411576993574715,0.14013510671846072,0.125658740437994,0.8612563581173365,-2.5125927336941603,231.5,2026-08-28 13:12:03.831561728+09:00
,,0.01182646910547801,0.0796859199999362,0.0012314955739984425,0.09411576993574715,0.13783831848916056,0.125658740437994,0.8612563581173365,-2.5125927336941603,231.6,2026-08-28 13:12:03.931561728+09:00
,,0.012400805298785693,0.08003949765796672,0.001502284805677876,0.0939425877624303,0.13575527365327492,0.1320040845600918,0.852004395071351,-2.5252350454236465,231.7,2026-08-28 13:12:04.031561728+09:00
,,0.012400805298785693,0.08003949765796672,0.001502284805677876,0.0939425877624303,0.1337856177340177,0.1320040845600918,0.852004395071351,-2.5252350454236465,231.8,2026-08-28 13:12:04.131561728+09:00
,,0.012323664628334369,0.07944645471706946,0.0014599647994527588,0.095372432967168,0.1318861557842183,0.12921621316483342,0.8554757491346356,-2.506063237953634,231.9,2026-08-28 13:12:04.231561728+09:00
,,0.012323664628334369,0.0788534117761722,0.0014599647994527588,0.095372432967168,0.13010008275104734,0.12921621316483342,0.8554757491346356,-2.506063237953634,232.0,2026-08-28 13:12:04.331561728+09:00
,,0.012323664628334369,0.07826036883527492,0.0014599647994527588,0.095372432967168,0.1284273986345048,0.12921621316483342,0.8554757491346356,-2.506063237953634,232.1,2026-08-28 13:12:04.431561728+09:00
,,0.012323664628334369,0.07766732589437765,0.0014599647994527588,0.095372432967168,0.12686810343459076,0.12921621316483342,0.8554757491346356,-2.506063237953634,232.2,2026-08-28 13:12:04.531561728+09:00
,,0.012323664628334369,0.07707428295348039,0.0014599647994527588,0.095372432967168,0.12542219715130512,0.12921621316483342,0.8554757491346356,-2.506063237953634,232.3,2026-08-28 13:12:04.631561728+09:00
,,0.012921440001067052,0.07648124001258312,0.001749732768973254,0.09554845749239217,0.12418656833563867,0.1352344175948198,0.8464530652291434,-2.5148222765155612,232.4,2026-08-28 13:12:04.731561728+09:00
,,0.012921440001067052,0.07588819707168584,0.001749732768973254,0.09554845749239217,0.12306432843660065,0.1352344175948198,0.8464530652291434,-2.5148222765155612,232.5,2026-08-28 13:12:04.831561728+09:00
,,0.012921440001067052,0.07529515413078858,0.001749732768973254,0.09554845749239217,0.12205547745419112,0.1352344175948198,0.8464530652291434,-2.5148222765155612,232.6,2026-08-28 13:12:04.931561728+09:00
,,0.012921440001067052,0.07470211118989131,0.001749732768973254,0.09554845749239217,0.12116001538840998,0.1352344175948198,0.8464530652291434,-2.5148222765155612,232.7,2026-08-28 13:12:05.031561728+09:00
,,0.00837009805039153,0.07410906824899405,0.002246351437823677,0.10797413048981438,0.11955801618996954,0.07751947630808766,0.901675989979686,-2.3293636493868743,232.8,2026-08-28 13:12:05.131561728+09:00
,,0.00837009805039153,0.07351602530809677,0.002246351437823677,0.10797413048981438,0.11806940590815757,0.07751947630808766,0.901675989979686,-2.3293636493868743,232.9,2026-08-28 13:12:05.231561728+09:00
,,0.00837009805039153,0.0729229823671995,0.002246351437823677,0.10797413048981438,0.11725387567842112,0.07751947630808766,0.901675989979686,-2.3293636493868743,233.0,2026-08-28 13:12:05.331561728+09:00
,,0.00837009805039153,0.07232993942630224,0.002246351437823677,0.10797413048981438,0.11643834544868469,0.07751947630808766,0.901675989979686,-2.3293636493868743,233.1,2026-08-28 13:12:05.431561728+09:00
,,0.007002153350286571,0.07173689648540497,0.002375090732882427,0.09429469743570298,0.11558376745052745,0.07425818779535456,0.9005538557503395,-2.466075631379915,233.2,2026-08-28 13:12:05.531561728+09:00
,,0.007002153350286571,0.0711438535445077,0.002375090732882427,0.09429469743570298,0.1147291894523702,0.07425818779535456,0.9005538557503395,-2.466075631379915,233.3,2026-08-28 13:12:05.631561728+09:00
,,0.007002153350286571,0.07055081060361043,0.002375090732882427,0.09429469743570298,0.11387461145421299,0.07425818779535456,0.9005538557503395,-2.466075631379915,233.4,2026-08-28 13:12:05.731561728+09:00
,,0.01273067372378924,0.06995776766271317,0.001983688474741034,0.09773517804243174,0.11380764235189099,0.1302568223517454,0.8494466118213646,-2.488663909328904,233.5,2026-08-28 13:12:05.831561728+09:00
,,0.01273067372378924,0.0693647247218159,0.001983688474741034,0.09773517804243174,0.11374067324956895,0.1302568223517454,0.8494466118213646,-2.488663909328904,233.6,2026-08-28 13:12:05.931561728+09:00
,,0.01273067372378924,0.06877168178091864,0.001983688474741034,0.09773517804243174,0.11371501224464314,0.1302568223517454,0.8494466118213646,-2.488663909328904,233.7,2026-08-28 13:12:06.031561728+09:00
,,0.01273067372378924,0.06817863884002136,0.001983688474741034,0.09773517804243174,0.1141824174093923,0.1302568223517454,0.8494466118213646,-2.488663909328904,233.8,2026-08-28 13:12:06.131561728+09:00
,,0.00452047090867504,0.06758559589912409,0.002150433505850268,0.0742565003136494,0.11368917779093843,0.060876433572565135,0.9101640343088038,-2.6943603970529737,233.9,2026-08-28 13:12:06.231561728+09:00
,,0.00452047090867504,0.06758559589912409,0.002150433505850268,0.0742565003136494,0.11319593817248452,0.060876433572565135,0.9101640343088038,-2.6943603970529737,234.0,2026-08-28 13:12:06.331561728+09:00
,,0.00452047090867504,0.06758559589912409,0.002150433505850268,0.0742565003136494,0.11270269855403063,0.060876433572565135,0.9101640343088038,-2.6943603970529737,234.1,2026-08-28 13:12:06.431561728+09:00
,,0.00452047090867504,0.06758559589912409,0.002150433505850268,0.0742565003136494,0.11220945893557675,0.060876433572565135,0.9101640343088038,-2.6943603970529737,234.2,2026-08-28 13:12:06.531561728+09:00
,,0.003456817607875825,0.06470159550632937,0.001943336395762278,0.07010174950996746,0.11156668555328729,0.04931143134144341,0.9229669153567948,-2.737969417712422,234.3,2026-08-28 13:12:06.631561728+09:00
,,0.003456817607875825,0.06470159550632937,0.001943336395762278,0.07010174950996746,0.11089960646592684,0.04931143134144341,0.9229669153567948,-2.737969417712422,234.4,2026-08-28 13:12:06.731561728+09:00
,,0.003456817607875825,0.06470159550632937,0.001943336395762278,0.07010174950996746,0.11054383076072424,0.04931143134144341,0.9229669153567948,-2.737969417712422,234.5,2026-08-28 13:12:06.831561728+09:00
,,0.003456817607875825,0.06470159550632937,0.001943336395762278,0.07010174950996746,0.11018805505552169,0.04931143134144341,0.9229669153567948,-2.737969417712422,234.6,2026-08-28 13:12:06.931561728+09:00
,,0.0030174095095261587,0.05759660829776161,0.001990972217363864,0.06260499002465163,0.1098207413741101,0.04819758789735466,0.9200002791324159,-2.854291596733422,234.7,2026-08-28 13:12:07.031561728+09:00
,,0.0030174095095261587,0.05759660829776161,0.001990972217363864,0.06260499002465163,0.10945342769269849,0.04819758789735466,0.9200002791324159,-2.854291596733422,234.8,2026-08-28 13:12:07.131561728+09:00
,,0.0030174095095261587,0.05759660829776161,0.001990972217363864,0.06260499002465163,0.1090861140112869,0.04819758789735466,0.9200002791324159,-2.854291596733422,234.9,2026-08-28 13:12:07.231561728+09:00
,,0.0030174095095261587,0.05759660829776161,0.001990972217363864,0.06260499002465163,0.1087188003298753,0.04819758789735466,0.9200002791324159,-2.854291596733422,235.0,2026-08-28 13:12:07.331561728+09:00
,,0.0021891047226726664,0.05426726308140328,0.0017127626959440676,0.05816913050002002,0.1082176050669926,0.03763344412844392,0.932922026080218,-2.913834123698652,235.1,2026-08-28 13:12:07.431561728+09:00
,,0.0021891047226726664,0.05426726308140328,0.0017127626959440676,0.05816913050002002,0.10766861708316114,0.03763344412844392,0.932922026080218,-2.913834123698652,235.2,2026-08-28 13:12:07.531561728+09:00
,,0.0021891047226726664,0.05426726308140328,0.0017127626959440676,0.05816913050002002,0.10725187610347613,0.03763344412844392,0.932922026080218,-2.913834123698652,235.3,2026-08-28 13:12:07.631561728+09:00
,,0.0021891047226726664,0.05426726308140328,0.0017127626959440676,0.05816913050002002,0.10683513512379109,0.03763344412844392,0.932922026080218,-2.913834123698652,235.4,2026-08-28 13:12:07.731561728+09:00
,,0.004083683897459639,0.07642738322104307,0.002564661495113235,0.07899204471615631,0.1066698499413852,,0.9675326609872059,-2.571414227902852,235.5,2026-08-28 13:12:07.831561728+09:00
,,0.005978263072246611,0.07642738322104307,0.002564661495113235,0.07899204471615631,0.10675602055625845,,0.9675326609872059,-2.571414227902852,235.6,2026-08-28 13:12:07.931561728+09:00
,,0.007872842247033583,0.07642738322104307,0.002564661495113235,0.07899204471615631,0.10709364696841085,,0.9675326609872059,-2.571414227902852,235.7,2026-08-28 13:12:08.031561728+09:00
,,0.009767421421820556,0.07642738322104307,0.002564661495113235,0.07899204471615631,0.10768272917784236,,0.9675326609872059,-2.571414227902852,235.8,2026-08-28 13:12:08.131561728+09:00
,,0.011662000596607528,0.07597670068699425,0.0023555122005328977,0.08999421348413468,0.10852326718455305,0.1295861160969361,0.8442398432693495,-2.5773285556059373,235.9,2026-08-28 13:12:08.231561728+09:00
,,0.011662000596607528,0.07597670068699425,0.0023555122005328977,0.08999421348413468,0.10930695687279396,0.1295861160969361,0.8442398432693495,-2.5773285556059373,236.0,2026-08-28 13:12:08.331561728+09:00
,,0.011662000596607528,0.07597670068699425,0.0023555122005328977,0.08999421348413468,0.1100906465610349,0.1295861160969361,0.8442398432693495,-2.5773285556059373,236.1,2026-08-28 13:12:08.431561728+09:00
,,0.011662000596607528,0.07597670068699425,0.0023555122005328977,0.08999421348413468,0.11087433624927587,0.1295861160969361,0.8442398432693495,-2.5773285556059373,236.2,2026-08-28 13:12:08.531561728+09:00
,,0.012583962545682255,0.07784386331871422,0.0028306595209250333,0.09325848538532151,0.11174871500726745,0.13493638132431987,0.8347107825854366,-2.5530502108006083,236.3,2026-08-28 13:12:08.631561728+09:00
,,0.012583962545682255,0.07784386331871422,0.0028306595209250333,0.09325848538532151,0.11262309376525904,0.13493638132431987,0.8347107825854366,-2.5530502108006083,236.4,2026-08-28 13:12:08.731561728+09:00
,,0.012583962545682255,0.07784386331871422,0.0028306595209250333,0.09325848538532151,0.11349747252325063,0.13493638132431987,0.8347107825854366,-2.5530502108006083,236.5,2026-08-28 13:12:08.831561728+09:00
,,0.012583962545682255,0.07784386331871422,0.0028306595209250333,0.09325848538532151,0.1143718512812422,0.13493638132431987,0.8347107825854366,-2.5530502108006083,236.6,2026-08-28 13:12:08.931561728+09:00
,,0.002054841186814749,0.06625756164372798,0.001964379770353918,0.07027678260089665,0.11378565510432946,0.029239260973061842,0.9428086943024425,-2.714205682610518,236.7,2026-08-28 13:12:09.031561728+09:00
,,0.002054841186814749,0.06625756164372798,0.001964379770353918,0.07027678260089665,0.11317203283751749,0.029239260973061842,0.9428086943024425,-2.714205682610518,236.8,2026-08-28 13:12:09.131561728+09:00
,,0.002054841186814749,0.06625756164372798,0.001964379770353918,0.07027678260089665,0.11253098448080631,0.029239260973061842,0.9428086943024425,-2.714205682610518,236.9,2026-08-28 13:12:09.231561728+09:00
,,0.002054841186814749,0.06625756164372798,0.001964379770353918,0.07027678260089665,0.11186251003419592,0.029239260973061842,0.9428086943024425,-2.714205682610518,237.0,2026-08-28 13:12:09.331561728+09:00
,,0.012935183396740725,0.08020217387478788,0.0031285531693608067,0.09626591044088942,0.11261404586843093,0.1343693041233259,0.8331316195678092,-2.5232046588063484,237.1,2026-08-28 13:12:09.431561728+09:00
,,0.012935183396740725,0.08020217387478788,0.0031285531693608067,0.09626591044088942,0.11333815561276674,0.1343693041233259,0.8331316195678092,-2.5232046588063484,237.2,2026-08-28 13:12:09.531561728+09:00
,,0.012935183396740725,0.08020217387478788,0.0031285531693608067,0.09626591044088942,0.11403483926720333,0.1343693041233259,0.8331316195678092,-2.5232046588063484,237.3,2026-08-28 13:12:09.631561728+09:00
,,0.012828771764482404,0.08008179447367544,0.002825043886542647,0.09637341315307915,0.1146779620720533,0.1331152580858087,0.8375712228209602,-2.5167738892964144,237.4,2026-08-28 13:12:09.731561728+09:00
,,0.012828771764482404,0.07996141507256302,0.002825043886542647,0.09637341315307915,0.11529365878700407,0.1331152580858087,0.8375712228209602,-2.5167738892964144,237.5,2026-08-28 13:12:09.831561728+09:00
,,0.012828771764482404,0.07984103567145058,0.002825043886542647,0.09637341315307915,0.11588192941205565,0.1331152580858087,0.8375712228209602,-2.5167738892964144,237.6,2026-08-28 13:12:09.931561728+09:00
,,0.012828771764482404,0.07972065627033814,0.002825043886542647,0.09637341315307915,0.11644277394720796,0.1331152580858087,0.8375712228209602,-2.5167738892964144,237.7,2026-08-28 13:12:10.031561728+09:00
,,0.012828771764482404,0.0796002768692257,0.002825043886542647,0.09637341315307915,0.11697619239246113,0.1331152580858087,0.8375712228209602,-2.5167738892964144,237.8,2026-08-28 13:12:10.131561728+09:00
,,0.013552949608247057,0.07947989746811328,0.0034643241647753483,0.10127430147328496,0.11750354449508582,0.13382417267841806,0.8319684902737998,-2.4738832983885786,237.9,2026-08-28 13:12:10.231561728+09:00
,,0.013552949608247057,0.07935951806700084,0.0034643241647753483,0.10127430147328496,0.11800347050781129,0.13382417267841806,0.8319684902737998,-2.4738832983885786,238.0,2026-08-28 13:12:10.331561728+09:00
,,0.013552949608247057,0.0792391386658884,0.0034643241647753483,0.10127430147328496,0.11847597043063758,0.13382417267841806,0.8319684902737998,-2.4738832983885786,238.1,2026-08-28 13:12:10.431561728+09:00
,,0.01375917479101984,0.07911875926477596,0.0031011864554688516,0.10161354819228087,0.11893761745233225,0.13540689244492954,0.8340736885342864,-2.4680119293484495,238.2,2026-08-28 13:12:10.531561728+09:00
,,0.01375917479101984,0.07899837986366354,0.0031011864554688516,0.10161354819228087,0.11937183838412772,0.13540689244492954,0.8340736885342864,-2.4680119293484495,238.3,2026-08-28 13:12:10.631561728+09:00
,,0.01375917479101984,0.0788780004625511,0.0031011864554688516,0.10161354819228087,0.119778633226024,0.13540689244492954,0.8340736885342864,-2.4680119293484495,238.4,2026-08-28 13:12:10.731561728+09:00
,,0.01375917479101984,0.07875762106143866,0.0031011864554688516,0.10161354819228087,0.12018542806792028,0.13540689244492954,0.8340736885342864,-2.4680119293484495,238.5,2026-08-28 13:12:10.831561728+09:00
,,0.01375917479101984,0.07863724166032623,0.0031011864554688516,0.10161354819228087,0.12059222290981657,0.13540689244492954,0.8340736885342864,-2.4680119293484495,238.6,2026-08-28 13:12:10.931561728+09:00
,,0.014495337895808544,0.0785168622592138,0.003836707113141354,0.10814487487061901,0.12098847239268122,0.1340362907918687,0.8304862340366868,-2.4100274423683534,238.7,2026-08-28 13:12:11.031561728+09:00
,,0.014495337895808544,0.07839648285810136,0.003836707113141354,0.10814487487061901,0.1213847218755459,0.1340362907918687,0.8304862340366868,-2.4100274423683534,238.8,2026-08-28 13:12:11.131561728+09:00
,,0.014495337895808544,0.07827610345698892,0.003836707113141354,0.10814487487061901,0.12178097135841058,0.1340362907918687,0.8304862340366868,-2.4100274423683534,238.9,2026-08-28 13:12:11.231561728+09:00
,,0.01527055356955169,0.0781557240558765,0.0034749725454389273,0.11053016552344935,0.1222325406224338,0.13815733919544335,0.8304035280666101,-2.3883103220616095,239.0,2026-08-28 13:12:11.331561728+09:00
,,0.01527055356955169,0.07803534465476406,0.0034749725454389273,0.11053016552344935,0.12264179129736313,0.13815733919544335,0.8304035280666101,-2.3883103220616095,239.1,2026-08-28 13:12:11.431561728+09:00
,,0.01527055356955169,0.07791496525365162,0.0034749725454389273,0.11053016552344935,0.12300872338319857,0.13815733919544335,0.8304035280666101,-2.3883103220616095,239.2,2026-08-28 13:12:11.531561728+09:00
,,0.01527055356955169,0.07779458585253918,0.0034749725454389273,0.11053016552344935,0.12333333687994014,0.13815733919544335,0.8304035280666101,-2.3883103220616095,239.3,2026-08-28 13:12:11.631561728+09:00
,,0.01527055356955169,0.07767420645142675,0.0034749725454389273,0.11053016552344935,0.12365795037668167,0.13815733919544335,0.8304035280666101,-2.3883103220616095,239.4,2026-08-28 13:12:11.731561728+09:00
,,0.01527055356955169,0.07755382705031431,0.0034749725454389273,0.11053016552344935,0.12398256387342324,0.13815733919544335,0.8304035280666101,-2.3883103220616095,239.5,2026-08-28 13:12:11.831561728+09:00
,,0.016603563220125492,0.07743344764920188,0.002629775403693273,0.1173819930255643,0.12433494759871531,,0.9775964325028922,-2.164980104547428,239.6,2026-08-28 13:12:11.931561728+09:00
,,0.017936572870699295,0.07731306824808945,0.004117377359760504,0.1267182662526145,0.1247151015525579,0.14154686140467315,0.825960764121449,-2.256997040381244,239.7,2026-08-28 13:12:12.031561728+09:00
,,0.017936572870699295,0.07719268884697701,0.004117377359760504,0.1267182662526145,0.1250952555064005,0.14154686140467315,0.825960764121449,-2.256997040381244,239.8,2026-08-28 13:12:12.131561728+09:00
,,0.017936572870699295,0.07707230944586457,0.004117377359760504,0.1267182662526145,0.1254430274384086,0.14154686140467315,0.825960764121449,-2.256997040381244,239.9,2026-08-28 13:12:12.231561728+09:00
,,0.017936572870699295,0.07695193004475213,0.004117377359760504,0.1267182662526145,0.12575841734858217,0.14154686140467315,0.825960764121449,-2.256997040381244,240.0,2026-08-28 13:12:12.331561728+09:00
,,0.017936572870699295,0.07683155064363971,0.004117377359760504,0.1267182662526145,0.12604142523692122,0.14154686140467315,0.825960764121449,-2.256997040381244,240.1,2026-08-28 13:12:12.431561728+09:00
,,0.017936572870699295,0.07671117124252727,0.004117377359760504,0.1267182662526145,0.1263244331252603,0.14154686140467315,0.825960764121449,-2.256997040381244,240.2,2026-08-28 13:12:12.531561728+09:00
,,0.017936572870699295,0.07659079184141483,0.004117377359760504,0.1267182662526145,0.12660744101359933,0.14154686140467315,0.825960764121449,-2.256997040381244,240.3,2026-08-28 13:12:12.631561728+09:00
,,0.019535223523338884,0.0764704124403024,0.005177306750076459,0.14033227663847614,0.12686365537104735,0.13920691655039208,0.8238998834382217,-2.1574485210245498,240.4,2026-08-28 13:12:12.731561728+09:00
,,0.019821285878886902,0.07635003303918997,0.0047349359304126,0.12222725583349367,0.1271259519232242,,0.9612612105366838,-2.141382310061116,240.5,2026-08-28 13:12:12.831561728+09:00
,,0.02010734823443492,0.07622965363807753,0.0047349359304126,0.12222725583349367,0.12739433067012992,,0.9612612105366838,-2.141382310061116,240.6,2026-08-28 13:12:12.931561728+09:00
,,0.02039341058998294,0.07610927423696509,0.0047349359304126,0.12222725583349367,0.12756843713497837,,0.9612612105366838,-2.141382310061116,240.7,2026-08-28 13:12:13.031561728+09:00
,,0.02067947294553096,0.07598889483585267,0.0047349359304126,0.12222725583349367,0.12774862579455565,,0.9612612105366838,-2.141382310061116,240.8,2026-08-28 13:12:13.131561728+09:00
,,0.020965535301078978,0.07586851543474023,0.0047349359304126,0.12222725583349367,0.12797809159603238,,0.9612612105366838,-2.141382310061116,240.9,2026-08-28 13:12:13.231561728+09:00
,,0.021251597656627,0.07574813603362779,0.0047349359304126,0.12222725583349367,0.12821363959223797,,0.9612612105366838,-2.141382310061116,241.0,2026-08-28 13:12:13.331561728+09:00
,,0.021537660012175018,0.07562775663251535,0.0047349359304126,0.12222725583349367,0.12845526978317237,,0.9612612105366838,-2.141382310061116,241.1,2026-08-28 13:12:13.431561728+09:00
,,0.021823722367723036,0.07550737723140293,0.002690778557412234,0.15041564617152808,0.1287029821688356,0.14508944330722165,0.8370216028113199,-2.0722582414966966,241.2,2026-08-28 13:12:13.531561728+09:00
,,0.01143295338072823,0.07538699783029049,0.0016646513185531661,0.12604122145833815,0.12814943839623452,0.09070804970346383,0.8960847526885425,-2.1808665515291326,241.3,2026-08-28 13:12:13.631561728+09:00
,,0.01143295338072823,0.07526661842917805,0.0016646513185531661,0.12604122145833815,0.12749900607264275,0.09070804970346383,0.8960847526885425,-2.1808665515291326,241.4,2026-08-28 13:12:13.731561728+09:00
,,0.01143295338072823,0.07514623902806561,0.0016646513185531661,0.12604122145833815,0.12684857374905095,0.09070804970346383,0.8960847526885425,-2.1808665515291326,241.5,2026-08-28 13:12:13.831561728+09:00
,,0.01143295338072823,0.07502585962695318,0.0016646513185531661,0.12604122145833815,0.12619814142545913,0.09070804970346383,0.8960847526885425,-2.1808665515291326,241.6,2026-08-28 13:12:13.931561728+09:00
,,0.01143295338072823,0.07490548022584075,0.0016646513185531661,0.12604122145833815,0.12554770910186733,0.09070804970346383,0.8960847526885425,-2.1808665515291326,241.7,2026-08-28 13:12:14.031561728+09:00
,,0.01143295338072823,0.0747851008247283,0.0016646513185531661,0.12604122145833815,0.1257172028275633,0.09070804970346383,0.8960847526885425,-2.1808665515291326,241.8,2026-08-28 13:12:14.131561728+09:00
,,0.01143295338072823,0.07466472142361588,0.0016646513185531661,0.12604122145833815,0.12588669655325926,0.09070804970346383,0.8960847526885425,-2.1808665515291326,241.9,2026-08-28 13:12:14.231561728+09:00
,,0.01188690322205059,0.07454434202250344,0.0013810240340981815,0.12389369221117157,0.12612535030079133,0.09594437787671922,0.8929087751010427,-2.201602260830287,242.0,2026-08-28 13:12:14.331561728+09:00
,,0.023237148962670047,0.074423962621391,0.004456267131344795,0.1410356801726695,0.12744807096266159,0.16476078205331365,0.8036424821002042,-2.1773431524506397,242.1,2026-08-28 13:12:14.431561728+09:00
,,0.023237148962670047,0.07430358322027857,0.004456267131344795,0.1410356801726695,0.1288098393929526,0.16476078205331365,0.8036424821002042,-2.1773431524506397,242.2,2026-08-28 13:12:14.531561728+09:00
,,0.023237148962670047,0.07418320381916614,0.004456267131344795,0.1410356801726695,0.1301716078232436,0.16476078205331365,0.8036424821002042,-2.1773431524506397,242.3,2026-08-28 13:12:14.631561728+09:00
,,0.023237148962670047,0.0740628244180537,0.004456267131344795,0.1410356801726695,0.13153337625353465,0.16476078205331365,0.8036424821002042,-2.1773431524506397,242.4,2026-08-28 13:12:14.731561728+09:00
,,0.023237148962670047,0.07394244501694126,0.004456267131344795,0.1410356801726695,0.13210753578799042,0.16476078205331365,0.8036424821002042,-2.1773431524506397,242.5,2026-08-28 13:12:14.831561728+09:00
,,0.023237148962670047,0.07382206561582882,0.004456267131344795,0.1410356801726695,0.13268169532244625,0.16476078205331365,0.8036424821002042,-2.1773431524506397,242.6,2026-08-28 13:12:14.931561728+09:00
,,0.023237148962670047,0.0737016862147164,0.004456267131344795,0.1410356801726695,0.13325585485690206,0.16476078205331365,0.8036424821002042,-2.1773431524506397,242.7,2026-08-28 13:12:15.031561728+09:00
,,0.023975310607807127,0.07358130681360396,0.0040501260075686,0.13840974638688275,0.13396535911763244,0.17321981459883157,0.7975183298361153,-2.2037872768742788,242.8,2026-08-28 13:12:15.131561728+09:00
,,0.023975310607807127,0.07346092741249152,0.0040501260075686,0.13840974638688275,0.13563550816156592,0.17321981459883157,0.7975183298361153,-2.2037872768742788,242.9,2026-08-28 13:12:15.231561728+09:00
,,0.021800110208264934,0.0733405480113791,0.0037365815847084094,0.12372508324262484,0.13735926562683168,0.17619798376304122,0.7936013367402962,-2.320867283953136,243.0,2026-08-28 13:12:15.331561728+09:00
,,0.021800110208264934,0.07322016861026666,0.0037365815847084094,0.12372508324262484,0.13908302309209747,0.17619798376304122,0.7936013367402962,-2.320867283953136,243.1,2026-08-28 13:12:15.431561728+09:00
,,0.021800110208264934,0.07309978920915422,0.0037365815847084094,0.12372508324262484,0.14080678055736323,0.17619798376304122,0.7936013367402962,-2.320867283953136,243.2,2026-08-28 13:12:15.531561728+09:00
,,0.021800110208264934,0.07297940980804178,0.0037365815847084094,0.12372508324262484,0.14268007178646458,0.17619798376304122,0.7936013367402962,-2.320867283953136,243.3,2026-08-28 13:12:15.631561728+09:00
,,0.021800110208264934,0.07285903040692936,0.0037365815847084094,0.12372508324262484,0.14455336301556593,0.17619798376304122,0.7936013367402962,-2.320867283953136,243.4,2026-08-28 13:12:15.731561728+09:00
,,0.021800110208264934,0.07273865100581692,0.0037365815847084094,0.12372508324262484,0.14642665424466728,0.17619798376304122,0.7936013367402962,-2.320867283953136,243.5,2026-08-28 13:12:15.831561728+09:00
,,0.01374166012263742,0.07261827160470448,0.0016429334258244762,0.11119711483112629,0.14742660200610072,0.12357928659845818,0.8616457488863242,-2.3453619002218637,243.6,2026-08-28 13:12:15.931561728+09:00
,,0.01374166012263742,0.07249789220359204,0.0016429334258244762,0.11119711483112629,0.1484380877437432,0.12357928659845818,0.8616457488863242,-2.3453619002218637,243.7,2026-08-28 13:12:16.031561728+09:00
,,0.02022536562069954,0.07237751280247962,0.003047028282378064,0.10780697796086013,0.1505143860824927,0.1876072032001719,0.7841290578470091,-2.470594549560402,243.8,2026-08-28 13:12:16.131561728+09:00
,,0.02022536562069954,0.07225713340136718,0.003047028282378064,0.10780697796086013,0.15259068442124218,0.1876072032001719,0.7841290578470091,-2.470594549560402,243.9,2026-08-28 13:12:16.231561728+09:00
,,0.02022536562069954,0.07213675400025474,0.003047028282378064,0.10780697796086013,0.1546669827599917,0.1876072032001719,0.7841290578470091,-2.470594549560402,244.0,2026-08-28 13:12:16.331561728+09:00
,,0.02022536562069954,0.07201637459914231,0.003047028282378064,0.10780697796086013,0.1568771626802123,0.1876072032001719,0.7841290578470091,-2.470594549560402,244.1,2026-08-28 13:12:16.431561728+09:00
,,0.02022536562069954,0.07189599519802987,0.003047028282378064,0.10780697796086013,0.1590873426004329,0.1876072032001719,0.7841290578470091,-2.470594549560402,244.2,2026-08-28 13:12:16.531561728+09:00
,,0.011602794891888308,0.07177561579691744,0.001497395890857148,0.0848758065796629,0.160435280267768,0.13670320624285479,0.8456545945109828,-2.634210473465768,244.3,2026-08-28 13:12:16.631561728+09:00
,,0.011602794891888308,0.07177561579691744,0.001497395890857148,0.0848758065796629,0.16178321793510309,0.13670320624285479,0.8456545945109828,-2.634210473465768,244.4,2026-08-28 13:12:16.731561728+09:00
,,0.011602794891888308,0.07177561579691744,0.001497395890857148,0.0848758065796629,0.16287969980515904,0.13670320624285479,0.8456545945109828,-2.634210473465768,244.5,2026-08-28 13:12:16.831561728+09:00
,,0.017319015233732325,0.06782947725084054,0.0022849661147828332,0.08743345859935571,0.164765592303012,0.1980822388954421,0.7757839886176066,-2.6907584108083715,244.6,2026-08-28 13:12:16.931561728+09:00
,,0.017319015233732325,0.06782947725084054,0.0022849661147828332,0.08743345859935571,0.16640002900358578,0.1980822388954421,0.7757839886176066,-2.6907584108083715,244.7,2026-08-28 13:12:17.031561728+09:00
,,0.017319015233732325,0.06782947725084054,0.0022849661147828332,0.08743345859935571,0.16778300990688041,0.1980822388954421,0.7757839886176066,-2.6907584108083715,244.8,2026-08-28 13:12:17.131561728+09:00
,,0.017319015233732325,0.06782947725084054,0.0022849661147828332,0.08743345859935571,0.16891453501289594,0.1980822388954421,0.7757839886176066,-2.6907584108083715,244.9,2026-08-28 13:12:17.231561728+09:00
,,0.017319015233732325,0.06782947725084054,0.0022849661147828332,0.08743345859935571,0.17004606011891146,0.1980822388954421,0.7757839886176066,-2.6907584108083715,245.0,2026-08-28 13:12:17.331561728+09:00
,,0.016677524198004078,0.0632580000406536,0.002095378202337601,0.08203090244099528,0.17126993225835144,0.20330782304876138,0.7711484106389661,-2.760533676516606,245.1,2026-08-28 13:12:17.431561728+09:00
,,0.016677524198004078,0.0632580000406536,0.002095378202337601,0.08203090244099528,0.1724938043977914,0.20330782304876138,0.7711484106389661,-2.760533676516606,245.2,2026-08-28 13:12:17.531561728+09:00
,,0.016677524198004078,0.0632580000406536,0.002095378202337601,0.08203090244099528,0.1736269874674807,0.20330782304876138,0.7711484106389661,-2.760533676516606,245.3,2026-08-28 13:12:17.631561728+09:00
,,0.015294512031311944,0.05658186532252757,0.00179032396976705,0.07366670132360657,0.1748342232236646,0.20761771270476043,0.7680792584151701,-2.8720667457743154,245.4,2026-08-28 13:12:17.731561728+09:00
,,0.015294512031311944,0.05658186532252757,0.00179032396976705,0.07366670132360657,0.1760414589798485,0.20761771270476043,0.7680792584151701,-2.8720667457743154,245.5,2026-08-28 13:12:17.831561728+09:00
,,0.015294512031311944,0.05658186532252757,0.00179032396976705,0.07366670132360657,0.17724869473603239,0.20761771270476043,0.7680792584151701,-2.8720667457743154,245.6,2026-08-28 13:12:17.931561728+09:00
,,0.015294512031311944,0.05658186532252757,0.00179032396976705,0.07366670132360657,0.17990752514036118,0.20761771270476043,0.7680792584151701,-2.8720667457743154,245.7,2026-08-28 13:12:18.031561728+09:00
,,0.015294512031311944,0.05658186532252757,0.00179032396976705,0.07366670132360657,0.18256635554468997,0.20761771270476043,0.7680792584151701,-2.8720667457743154,245.8,2026-08-28 13:12:18.131561728+09:00
,,0.009215804166989689,0.04732660172355887,0.0013669365725823193,0.057909342463130876,0.18438540944099055,0.15914192382441766,0.8172533085432679,-3.050682737270709,245.9,2026-08-28 13:12:18.231561728+09:00
,,0.009215804166989689,0.04732660172355887,0.0013669365725823193,0.057909342463130876,0.1862044633372911,0.15914192382441766,0.8172533085432679,-3.050682737270709,246.0,2026-08-28 13:12:18.331561728+09:00
,,0.009215804166989689,0.04732660172355887,0.0013669365725823193,0.057909342463130876,0.18657608086284705,0.15914192382441766,0.8172533085432679,-3.050682737270709,246.1,2026-08-28 13:12:18.431561728+09:00
,,0.01374943093052325,0.048181224675075726,0.0014700833810692734,0.06340073898666825,0.18795482373453873,0.21686546797844813,0.7599473672571413,-3.032785863374674,246.2,2026-08-28 13:12:18.531561728+09:00
,,0.01374943093052325,0.048181224675075726,0.0014700833810692734,0.06340073898666825,0.18933356660623038,0.21686546797844813,0.7599473672571413,-3.032785863374674,246.3,2026-08-28 13:12:18.631561728+09:00
,,0.01374943093052325,0.048181224675075726,0.0014700833810692734,0.06340073898666825,0.1907384442376095,0.21686546797844813,0.7599473672571413,-3.032785863374674,246.4,2026-08-28 13:12:18.731561728+09:00
,,0.01374943093052325,0.048181224675075726,0.0014700833810692734,0.06340073898666825,0.19214332186898855,0.21686546797844813,0.7599473672571413,-3.032785863374674,246.5,2026-08-28 13:12:18.831561728+09:00
,,0.01374943093052325,0.048181224675075726,0.0014700833810692734,0.06340073898666825,0.1935481995003676,0.21686546797844813,0.7599473672571413,-3.032785863374674,246.6,2026-08-28 13:12:18.931561728+09:00
,,0.013500495685886864,0.047023858418808864,0.0014584411751847525,0.06198279527988048,0.19497229699208912,0.21781037181246818,0.7586598540203742,-3.0571001801384328,246.7,2026-08-28 13:12:19.031561728+09:00
,,0.013500495685886864,0.047023858418808864,0.0014584411751847525,0.06198279527988048,0.19639639448381066,0.21781037181246818,0.7586598540203742,-3.0571001801384328,246.8,2026-08-28 13:12:19.131561728+09:00
,,0.013500495685886864,0.047023858418808864,0.0014584411751847525,0.06198279527988048,0.19779913222826137,0.21781037181246818,0.7586598540203742,-3.0571001801384328,246.9,2026-08-28 13:12:19.231561728+09:00
,,0.012598365514902352,0.041819239465906884,0.0012997712643332223,0.055717376245142454,0.19935918989262694,0.22611196656986698,0.7505600996341382,-3.1743987710411594,247.0,2026-08-28 13:12:19.331561728+09:00
,,0.012598365514902352,0.041819239465906884,0.0012997712643332223,0.055717376245142454,0.2009192475569925,0.22611196656986698,0.7505600996341382,-3.1743987710411594,247.1,2026-08-28 13:12:19.431561728+09:00
,,0.012598365514902352,0.041819239465906884,0.0012997712643332223,0.055717376245142454,0.20246273203259044,0.22611196656986698,0.7505600996341382,-3.1743987710411594,247.2,2026-08-28 13:12:19.531561728+09:00
,,0.012598365514902352,0.041819239465906884,0.0012997712643332223,0.055717376245142454,0.2040062165081884,0.22611196656986698,0.7505600996341382,-3.1743987710411594,247.3,2026-08-28 13:12:19.631561728+09:00
,,0.012598365514902352,0.041819239465906884,0.0012997712643332223,0.055717376245142454,0.20554970098378636,0.22611196656986698,0.7505600996341382,-3.1743987710411594,247.4,2026-08-28 13:12:19.731561728+09:00
,,0.01219138070818129,0.040783890617520704,0.0013006980656979869,0.05427596939139998,0.2070672825159807,0.22461838719573402,0.7514170833765506,-3.1994681133468568,247.5,2026-08-28 13:12:19.831561728+09:00
,,0.01219138070818129,0.040783890617520704,0.0013006980656979869,0.05427596939139998,0.20858486404817497,0.22461838719573402,0.7514170833765506,-3.1994681133468568,247.6,2026-08-28 13:12:19.931561728+09:00
,,0.01219138070818129,0.040783890617520704,0.0013006980656979869,0.05427596939139998,0.2101129909394009,0.22461838719573402,0.7514170833765506,-3.1994681133468568,247.7,2026-08-28 13:12:20.031561728+09:00
,,0.011844428113264709,0.03733459794420152,0.0012577841067369045,0.05043681016420313,0.21184472163951137,0.23483697868092257,0.740225201051657,-3.2878348234234487,247.8,2026-08-28 13:12:20.131561728+09:00
,,0.011844428113264709,0.03733459794420152,0.0012577841067369045,0.05043681016420313,0.2135764523396219,0.23483697868092257,0.740225201051657,-3.2878348234234487,247.9,2026-08-28 13:12:20.231561728+09:00
,,0.011844428113264709,0.03733459794420152,0.0012577841067369045,0.05043681016420313,0.2152528632585738,0.23483697868092257,0.740225201051657,-3.2878348234234487,248.0,2026-08-28 13:12:20.331561728+09:00
,,0.011844428113264709,0.03733459794420152,0.0012577841067369045,0.05043681016420313,0.21692927417752575,0.23483697868092257,0.740225201051657,-3.2878348234234487,248.1,2026-08-28 13:12:20.431561728+09:00
,,0.011844428113264709,0.03733459794420152,0.0012577841067369045,0.05043681016420313,0.21860568509647765,0.23483697868092257,0.740225201051657,-3.2878348234234487,248.2,2026-08-28 13:12:20.531561728+09:00
,,0.011401766563493614,0.036630573139805445,0.0012699150250399097,0.04930225472833897,0.22021557320728544,0.2312625786856736,0.7429796738839647,-3.3068720555814877,248.3,2026-08-28 13:12:20.631561728+09:00
,,0.011401766563493614,0.036630573139805445,0.0012699150250399097,0.04930225472833897,0.22182546131809325,0.2312625786856736,0.7429796738839647,-3.3068720555814877,248.4,2026-08-28 13:12:20.731561728+09:00
,,0.011401766563493614,0.036630573139805445,0.0012699150250399097,0.04930225472833897,0.2234353494289011,0.2312625786856736,0.7429796738839647,-3.3068720555814877,248.5,2026-08-28 13:12:20.831561728+09:00
,,0.011301276516898164,0.03399304809466923,0.0013255480754025676,0.04661987268696996,0.2252529650294948,0.2424132856985862,0.7291536020039396,-3.381599243076213,248.6,2026-08-28 13:12:20.931561728+09:00
,,0.011301276516898164,0.03399304809466923,0.0013255480754025676,0.04661987268696996,0.22704281040153798,0.2424132856985862,0.7291536020039396,-3.381599243076213,248.7,2026-08-28 13:12:21.031561728+09:00
,,0.011301276516898164,0.03399304809466923,0.0013255480754025676,0.04661987268696996,0.22883265577358117,0.2424132856985862,0.7291536020039396,-3.381599243076213,248.8,2026-08-28 13:12:21.131561728+09:00
,,0.011301276516898164,0.03399304809466923,0.0013255480754025676,0.04661987268696996,0.23062250114562438,0.2424132856985862,0.7291536020039396,-3.381599243076213,248.9,2026-08-28 13:12:21.231561728+09:00
,,0.011301276516898164,0.03399304809466923,0.0013255480754025676,0.04661987268696996,0.23241234651766757,0.2424132856985862,0.7291536020039396,-3.381599243076213,249.0,2026-08-28 13:12:21.331561728+09:00
,,0.010892485962259365,0.033712937289608155,0.0013450051450012764,0.045950428396868796,0.23409815489305572,0.23704862701566481,0.7336805872283327,-3.3898736194589034,249.1,2026-08-28 13:12:21.431561728+09:00
,,0.010892485962259365,0.033712937289608155,0.0013450051450012764,0.045950428396868796,0.23578396326844395,0.23704862701566481,0.7336805872283327,-3.3898736194589034,249.2,2026-08-28 13:12:21.531561728+09:00
,,0.010827140731897077,0.031373081563275645,0.0014718071619847842,0.04367202945715751,0.237714372971772,0.24791934028434742,0.7183792911216275,-3.4618050287932496,249.3,2026-08-28 13:12:21.631561728+09:00
,,0.010827140731897077,0.031373081563275645,0.0014718071619847842,0.04367202945715751,0.23967157620599108,0.24791934028434742,0.7183792911216275,-3.4618050287932496,249.4,2026-08-28 13:12:21.731561728+09:00
,,0.010827140731897077,0.031373081563275645,0.0014718071619847842,0.04367202945715751,0.24162269724548133,0.24791934028434742,0.7183792911216275,-3.4618050287932496,249.5,2026-08-28 13:12:21.831561728+09:00
,,0.010827140731897077,0.031373081563275645,0.0014718071619847842,0.04367202945715751,0.24356773609024276,0.24791934028434742,0.7183792911216275,-3.4618050287932496,249.6,2026-08-28 13:12:21.931561728+09:00
,,0.010827140731897077,0.031373081563275645,0.0014718071619847842,0.04367202945715751,0.24550669274027534,0.24791934028434742,0.7183792911216275,-3.4618050287932496,249.7,2026-08-28 13:12:22.031561728+09:00
,,0.0104802562862603,0.03141708922330632,0.001481859434168971,0.043379204943735594,0.24731151519682715,0.24159632016892826,0.7242430852307097,-3.4604032913338623,249.8,2026-08-28 13:12:22.131561728+09:00
,,0.0104802562862603,0.03141708922330632,0.001481859434168971,0.043379204943735594,0.2491102554586501,0.24159632016892826,0.7242430852307097,-3.4604032913338623,249.9,2026-08-28 13:12:22.231561728+09:00
,,0.0104802562862603,0.03141708922330632,0.001481859434168971,0.043379204943735594,0.25090291352574423,0.24159632016892826,0.7242430852307097,-3.4604032913338623,250.0,2026-08-28 13:12:22.331561728+09:00
,,0.0104802562862603,0.03141708922330632,0.001481859434168971,0.043379204943735594,0.25268948939810953,0.24159632016892826,0.7242430852307097,-3.4604032913338623,250.1,2026-08-28 13:12:22.431561728+09:00
,,0.010494614463695725,0.029505413883637286,0.0016837569255343252,0.041683785272867334,0.25471553634624716,0.2517673093985263,0.7078391199477474,-3.5231815109951397,250.2,2026-08-28 13:12:22.531561728+09:00
,,0.010494614463695725,0.029505413883637286,0.0016837569255343252,0.041683785272867334,0.2575428394526491,0.2517673093985263,0.7078391199477474,-3.5231815109951397,250.3,2026-08-28 13:12:22.631561728+09:00
,,0.010494614463695725,0.029505413883637286,0.0016837569255343252,0.041683785272867334,0.260370142559051,0.2517673093985263,0.7078391199477474,-3.5231815109951397,250.4,2026-08-28 13:12:22.731561728+09:00
,,0.010494614463695725,0.029505413883637286,0.0016837569255343252,0.041683785272867334,0.26319744566545294,0.2517673093985263,0.7078391199477474,-3.5231815109951397,250.5,2026-08-28 13:12:22.831561728+09:00
,,0.010226936395656895,0.02982029712800506,0.0016559826242826727,0.04170321614794463,0.26588328020771346,0.24523135960009013,0.7150598894391211,-3.5125660056440435,250.6,2026-08-28 13:12:22.931561728+09:00
,,0.010226936395656895,0.02982029712800506,0.0016559826242826727,0.04170321614794463,0.26856911474997397,0.24523135960009013,0.7150598894391211,-3.5125660056440435,250.7,2026-08-28 13:12:23.031561728+09:00
,,0.010226936395656895,0.02982029712800506,0.0016559826242826727,0.04170321614794463,0.2712549492922344,0.24523135960009013,0.7150598894391211,-3.5125660056440435,250.8,2026-08-28 13:12:23.131561728+09:00
,,0.010226936395656895,0.02982029712800506,0.0016559826242826727,0.04170321614794463,0.273940783834495,0.24523135960009013,0.7150598894391211,-3.5125660056440435,250.9,2026-08-28 13:12:23.231561728+09:00
,,0.008282693180573031,0.0333191660451691,0.0019228397774773186,0.04352469900321945,0.2755089500543615,0.19029868948571876,0.7655231812793131,-3.4016224906531067,251.0,2026-08-28 13:12:23.331561728+09:00
,,0.008282693180573031,0.0333191660451691,0.0019228397774773186,0.04352469900321945,0.2759930493598899,0.19029868948571876,0.7655231812793131,-3.4016224906531067,251.1,2026-08-28 13:12:23.431561728+09:00
,,0.008282693180573031,0.0333191660451691,0.0019228397774773186,0.04352469900321945,0.2764771486654182,0.19029868948571876,0.7655231812793131,-3.4016224906531067,251.2,2026-08-28 13:12:23.531561728+09:00
,,0.008282693180573031,0.0333191660451691,0.0019228397774773186,0.04352469900321945,0.2769612479709466,0.19029868948571876,0.7655231812793131,-3.4016224906531067,251.3,2026-08-28 13:12:23.631561728+09:00
,,0.009626850244154272,0.027276763620969247,0.0017472236402060433,0.038650837505329556,0.2786047453418283,0.249072228844377,0.705722446951067,-3.6017200886396035,251.4,2026-08-28 13:12:23.731561728+09:00
,,0.009626850244154272,0.027276763620969247,0.0017472236402060433,0.038650837505329556,0.28024824271271,0.249072228844377,0.705722446951067,-3.6017200886396035,251.5,2026-08-28 13:12:23.831561728+09:00
,,0.009626850244154272,0.027276763620969247,0.0017472236402060433,0.038650837505329556,0.28189174008359164,0.249072228844377,0.705722446951067,-3.6017200886396035,251.6,2026-08-28 13:12:23.931561728+09:00
,,0.009626850244154272,0.027276763620969247,0.0017472236402060433,0.038650837505329556,0.28353523745447334,0.249072228844377,0.705722446951067,-3.6017200886396035,251.7,2026-08-28 13:12:24.031561728+09:00
,,0.009524455994177915,0.025666294913871714,0.0019569240144110154,0.03714767492246064,0.2852451212178627,0.2563944046042874,0.6909260126628564,-3.6625766297765834,251.8,2026-08-28 13:12:24.131561728+09:00
,,0.009524455994177915,0.025666294913871714,0.0019569240144110154,0.03714767492246064,0.28695500498125204,0.2563944046042874,0.6909260126628564,-3.6625766297765834,251.9,2026-08-28 13:12:24.231561728+09:00
,,0.009524455994177915,0.025666294913871714,0.0019569240144110154,0.03714767492246064,0.28861128032330907,0.2563944046042874,0.6909260126628564,-3.6625766297765834,252.0,2026-08-28 13:12:24.331561728+09:00
,,0.009524455994177915,0.025666294913871714,0.0019569240144110154,0.03714767492246064,0.29026755566536616,0.2563944046042874,0.6909260126628564,-3.6625766297765834,252.1,2026-08-28 13:12:24.431561728+09:00
,,0.009292654193853521,0.025612757960804755,0.0017907005557550194,0.036696112710413294,0.29183189120333225,0.253232658924566,0.6979692416722002,-3.6646646937917127,252.2,2026-08-28 13:12:24.531561728+09:00
,,0.009292654193853521,0.025612757960804755,0.0017907005557550194,0.036696112710413294,0.2933962267412983,0.253232658924566,0.6979692416722002,-3.6646646937917127,252.3,2026-08-28 13:12:24.631561728+09:00
,,0.009292654193853521,0.025612757960804755,0.0017907005557550194,0.036696112710413294,0.29496056227926437,0.253232658924566,0.6979692416722002,-3.6646646937917127,252.4,2026-08-28 13:12:24.731561728+09:00
,,0.009292654193853521,0.025612757960804755,0.0017907005557550194,0.036696112710413294,0.29652489781723046,0.253232658924566,0.6979692416722002,-3.6646646937917127,252.5,2026-08-28 13:12:24.831561728+09:00
,,0.009292654193853521,0.025612757960804755,0.0017907005557550194,0.036696112710413294,0.2989625768228645,0.253232658924566,0.6979692416722002,-3.6646646937917127,252.6,2026-08-28 13:12:24.931561728+09:00
,,0.00945321261340278,0.024889414037940868,0.0020328692911649373,0.036375495942508586,0.30158908994914935,0.2598785904759503,0.68423573048402,-3.693312704947217,252.7,2026-08-28 13:12:25.031561728+09:00
,,0.00945321261340278,0.024889414037940868,0.0020328692911649373,0.036375495942508586,0.3031507904743272,0.2598785904759503,0.68423573048402,-3.693312704947217,252.8,2026-08-28 13:12:25.131561728+09:00
,,0.00945321261340278,0.024889414037940868,0.0020328692911649373,0.036375495942508586,0.3047124909995051,0.2598785904759503,0.68423573048402,-3.693312704947217,252.9,2026-08-28 13:12:25.231561728+09:00
,,0.009409814379539588,0.025056186304526405,0.0018307538551606412,0.036296754539226636,0.3062268580071626,0.2592467150023072,0.690314784960944,-3.6866345236759086,253.0,2026-08-28 13:12:25.331561728+09:00
,,0.009409814379539588,0.025056186304526405,0.0018307538551606412,0.036296754539226636,0.30774122501482015,0.2592467150023072,0.690314784960944,-3.6866345236759086,253.1,2026-08-28 13:12:25.431561728+09:00
,,0.009409814379539588,0.025056186304526405,0.0018307538551606412,0.036296754539226636,0.3092555920224777,0.2592467150023072,0.690314784960944,-3.6866345236759086,253.2,2026-08-28 13:12:25.531561728+09:00
,,0.009409814379539588,0.025056186304526405,0.0018307538551606412,0.036296754539226636,0.3116322012830207,0.2592467150023072,0.690314784960944,-3.6866345236759086,253.3,2026-08-28 13:12:25.631561728+09:00
,,0.009409814379539588,0.025056186304526405,0.0018307538551606412,0.036296754539226636,0.31400881054356383,0.2592467150023072,0.690314784960944,-3.6866345236759086,253.4,2026-08-28 13:12:25.731561728+09:00
,,0.009409814379539588,0.025056186304526405,0.0018307538551606412,0.036296754539226636,0.31638541980410684,0.2592467150023072,0.690314784960944,-3.6866345236759086,253.5,2026-08-28 13:12:25.831561728+09:00
,,0.009409814379539588,0.025056186304526405,0.0018307538551606412,0.036296754539226636,0.3177211626395738,0.2592467150023072,0.690314784960944,-3.6866345236759086,253.6,2026-08-28 13:12:25.931561728+09:00
,,0.009719646175701846,0.02468841359820069,0.0020736769631968504,0.03648173673709939,0.31925850625165775,0.2664249853493856,0.6767335057569858,-3.7014212304961256,253.7,2026-08-28 13:12:26.031561728+09:00
,,0.009366786942311895,0.024871649712173143,0.0018361732399881357,0.02670782295216128,0.32064057127832846,,0.9312496101506638,-3.6940266899460745,253.8,2026-08-28 13:12:26.131561728+09:00
,,0.009013927708921945,0.024871649712173143,0.0018361732399881357,0.02670782295216128,0.3218673577195859,,0.9312496101506638,-3.6940266899460745,253.9,2026-08-28 13:12:26.231561728+09:00
,,0.008661068475531995,0.024871649712173143,0.0018361732399881357,0.02670782295216128,0.32293886557543006,,0.9312496101506638,-3.6940266899460745,254.0,2026-08-28 13:12:26.331561728+09:00
,,0.008308209242142045,0.024871649712173143,0.0018361732399881357,0.02670782295216128,0.3237627478124365,,0.9312496101506638,-3.6940266899460745,254.1,2026-08-28 13:12:26.431561728+09:00
,,0.007955350008752094,0.024871649712173143,0.0018361732399881357,0.02670782295216128,0.32443135146402974,,0.9312496101506638,-3.6940266899460745,254.2,2026-08-28 13:12:26.531561728+09:00
,,0.007602490775362145,0.024871649712173143,0.0018361732399881357,0.02670782295216128,0.3249446765302097,,0.9312496101506638,-3.6940266899460745,254.3,2026-08-28 13:12:26.631561728+09:00
,,0.007249631541972195,0.024871649712173143,0.0018361732399881357,0.02670782295216128,0.32522867032448183,,0.9312496101506638,-3.6940266899460745,254.4,2026-08-28 13:12:26.731561728+09:00
,,0.006896772308582245,0.024871649712173143,0.0018361732399881357,0.02670782295216128,0.32535738553334065,,0.9312496101506638,-3.6940266899460745,254.5,2026-08-28 13:12:26.831561728+09:00
,,0.006543913075192294,0.02442515393560337,0.001092211520174687,0.03206127853097035,0.3253308221567862,0.20410642915787175,0.7618271963798735,-3.7121417786943023,254.6,2026-08-28 13:12:26.931561728+09:00
,,0.006543913075192294,0.02442515393560337,0.001092211520174687,0.03206127853097035,0.3253042587802318,0.20410642915787175,0.7618271963798735,-3.7121417786943023,254.7,2026-08-28 13:12:27.031561728+09:00
,,0.006543913075192294,0.02442515393560337,0.001092211520174687,0.03206127853097035,0.32527769540367735,0.20410642915787175,0.7618271963798735,-3.7121417786943023,254.8,2026-08-28 13:12:27.131561728+09:00
,,0.006543913075192294,0.02442515393560337,0.001092211520174687,0.03206127853097035,0.32609090853515116,0.20410642915787175,0.7618271963798735,-3.7121417786943023,254.9,2026-08-28 13:12:27.231561728+09:00
,,0.006543913075192294,0.02442515393560337,0.001092211520174687,0.03206127853097035,0.32690412166662497,0.20410642915787175,0.7618271963798735,-3.7121417786943023,255.0,2026-08-28 13:12:27.331561728+09:00
,,0.006543913075192294,0.02442515393560337,0.001092211520174687,0.03206127853097035,0.32771733479809884,0.20410642915787175,0.7618271963798735,-3.7121417786943023,255.1,2026-08-28 13:12:27.431561728+09:00
,,0.006543913075192294,0.02442515393560337,0.001092211520174687,0.03206127853097035,0.3275234225834369,0.20410642915787175,0.7618271963798735,-3.7121417786943023,255.2,2026-08-28 13:12:27.531561728+09:00
,,0.006543913075192294,0.02442515393560337,0.001092211520174687,0.03206127853097035,0.327329510368775,0.20410642915787175,0.7618271963798735,-3.7121417786943023,255.3,2026-08-28 13:12:27.631561728+09:00
,,0.010091812359120085,0.024362400720966824,0.0014647567298641737,0.03591896980995108,0.3287613784225917,0.28096051786886783,0.6782600071736301,-3.71471428923252,255.4,2026-08-28 13:12:27.731561728+09:00
,,0.0060641690609913,0.021876421682994474,0.0008838346664154443,0.028824425410401217,0.3286706237406323,0.21038299895487458,0.758954302523596,-3.8223458576276923,255.5,2026-08-28 13:12:27.831561728+09:00
,,0.0060641690609913,0.021876421682994474,0.0008838346664154443,0.028824425410401217,0.32857986905867287,0.21038299895487458,0.758954302523596,-3.8223458576276923,255.6,2026-08-28 13:12:27.931561728+09:00
,,0.0060641690609913,0.021876421682994474,0.0008838346664154443,0.028824425410401217,0.32846989451637104,0.21038299895487458,0.758954302523596,-3.8223458576276923,255.7,2026-08-28 13:12:28.031561728+09:00
,,0.0060641690609913,0.021876421682994474,0.0008838346664154443,0.028824425410401217,0.3283599199740692,0.21038299895487458,0.758954302523596,-3.8223458576276923,255.8,2026-08-28 13:12:28.131561728+09:00
,,0.0060641690609913,0.021876421682994474,0.0008838346664154443,0.028824425410401217,0.3282499454317674,0.21038299895487458,0.758954302523596,-3.8223458576276923,255.9,2026-08-28 13:12:28.231561728+09:00
,,0.0060641690609913,0.021876421682994474,0.0008838346664154443,0.028824425410401217,0.3279826509695507,0.21038299895487458,0.758954302523596,-3.8223458576276923,256.0,2026-08-28 13:12:28.331561728+09:00
,,0.0060641690609913,0.021876421682994474,0.0008838346664154443,0.028824425410401217,0.3277153565073341,0.21038299895487458,0.758954302523596,-3.8223458576276923,256.1,2026-08-28 13:12:28.431561728+09:00
,,0.01062202057878016,0.024235981860067365,0.0012933807012455805,0.036151383140093106,0.3292377695808726,0.2938205859957812,0.670402616855587,-3.7199168963702403,256.2,2026-08-28 13:12:28.531561728+09:00
,,0.01062202057878016,0.024235981860067365,0.0012933807012455805,0.036151383140093106,0.33076018265441104,0.2938205859957812,0.670402616855587,-3.7199168963702403,256.3,2026-08-28 13:12:28.631561728+09:00
,,0.01109497505694203,0.023655990205672904,0.0013295988170176657,0.036080564079632595,0.33262413488031567,0.3075055875638352,0.6556435801131686,-3.7441389104634593,256.4,2026-08-28 13:12:28.731561728+09:00
,,0.01109497505694203,0.023655990205672904,0.0013295988170176657,0.036080564079632595,0.33451399004962395,0.3075055875638352,0.6556435801131686,-3.7441389104634593,256.5,2026-08-28 13:12:28.831561728+09:00
,,0.01109497505694203,0.023655990205672904,0.0013295988170176657,0.036080564079632595,0.3364038452189323,0.3075055875638352,0.6556435801131686,-3.7441389104634593,256.6,2026-08-28 13:12:28.931561728+09:00
,,0.01109497505694203,0.023655990205672904,0.0013295988170176657,0.036080564079632595,0.3382937003882406,0.3075055875638352,0.6556435801131686,-3.7441389104634593,256.7,2026-08-28 13:12:29.031561728+09:00
,,0.01109497505694203,0.023655990205672904,0.0013295988170176657,0.036080564079632595,0.33997995174866436,0.3075055875638352,0.6556435801131686,-3.7441389104634593,256.8,2026-08-28 13:12:29.131561728+09:00
,,0.01109497505694203,0.023655990205672904,0.0013295988170176657,0.036080564079632595,0.341666203109088,0.3075055875638352,0.6556435801131686,-3.7441389104634593,256.9,2026-08-28 13:12:29.231561728+09:00
,,0.011187166940841462,0.023988952568727927,0.0011098345952377537,0.036285954104807144,0.34332282420670734,0.3083057126878577,0.6611084966772276,-3.7301618642455305,257.0,2026-08-28 13:12:29.331561728+09:00
,,0.011187166940841462,0.023988952568727927,0.0011098345952377537,0.036285954104807144,0.34497944530432667,0.3083057126878577,0.6611084966772276,-3.7301618642455305,257.1,2026-08-28 13:12:29.431561728+09:00
,,0.011187166940841462,0.023988952568727927,0.0011098345952377537,0.036285954104807144,0.346636066401946,0.3083057126878577,0.6611084966772276,-3.7301618642455305,257.2,2026-08-28 13:12:29.531561728+09:00
,,0.011644102774201736,0.022932529659516206,0.0011359570773692542,0.035712589511087196,0.34881930156970253,0.32605036301236995,0.6421413281273445,-3.775198867241446,257.3,2026-08-28 13:12:29.631561728+09:00
,,0.011644102774201736,0.022932529659516206,0.0011359570773692542,0.035712589511087196,0.35100253673745907,0.32605036301236995,0.6421413281273445,-3.775198867241446,257.4,2026-08-28 13:12:29.731561728+09:00
,,0.011644102774201736,0.022932529659516206,0.0011359570773692542,0.035712589511087196,0.35318577190521566,0.32605036301236995,0.6421413281273445,-3.775198867241446,257.5,2026-08-28 13:12:29.831561728+09:00
,,0.011644102774201736,0.022932529659516206,0.0011359570773692542,0.035712589511087196,0.3551335093546358,0.32605036301236995,0.6421413281273445,-3.775198867241446,257.6,2026-08-28 13:12:29.931561728+09:00
,,0.011644102774201736,0.022932529659516206,0.0011359570773692542,0.035712589511087196,0.3570812468040559,0.32605036301236995,0.6421413281273445,-3.775198867241446,257.7,2026-08-28 13:12:30.031561728+09:00
,,0.011541638270467848,0.02292127522740725,0.0009343130762366447,0.03539722657411175,0.35898208458858455,0.32606052472226693,0.6475443825921391,-3.7756897504893114,257.8,2026-08-28 13:12:30.131561728+09:00
,,0.011541638270467848,0.02292127522740725,0.0009343130762366447,0.03539722657411175,0.3608829223731132,0.32606052472226693,0.6475443825921391,-3.7756897504893114,257.9,2026-08-28 13:12:30.231561728+09:00
,,0.011541638270467848,0.02292127522740725,0.0009343130762366447,0.03539722657411175,0.3627837601576418,0.32606052472226693,0.6475443825921391,-3.7756897504893114,258.0,2026-08-28 13:12:30.331561728+09:00
,,0.011751036059178193,0.021127203220030946,0.0009504193836086324,0.03382865866281777,0.3653738592669654,0.34736925801004803,0.6245356468494145,-3.8571938167378517,258.1,2026-08-28 13:12:30.431561728+09:00
,,0.011751036059178193,0.021127203220030946,0.0009504193836086324,0.03382865866281777,0.36796395837628904,0.34736925801004803,0.6245356468494145,-3.8571938167378517,258.2,2026-08-28 13:12:30.531561728+09:00
,,0.011751036059178193,0.021127203220030946,0.0009504193836086324,0.03382865866281777,0.3703094561576728,0.34736925801004803,0.6245356468494145,-3.8571938167378517,258.3,2026-08-28 13:12:30.631561728+09:00
,,0.011751036059178193,0.021127203220030946,0.0009504193836086324,0.03382865866281777,0.37265495393905673,0.34736925801004803,0.6245356468494145,-3.8571938167378517,258.4,2026-08-28 13:12:30.731561728+09:00
,,0.011673852251831072,0.0211487265456601,0.0007889265146224603,0.03361150531211363,0.3749536114069624,0.34731715058366636,0.6292109308784236,-3.8561755859096687,258.5,2026-08-28 13:12:30.831561728+09:00
,,0.011673852251831072,0.0211487265456601,0.0007889265146224603,0.03361150531211363,0.3772522688748679,0.34731715058366636,0.6292109308784236,-3.8561755859096687,258.6,2026-08-28 13:12:30.931561728+09:00
,,0.011673852251831072,0.0211487265456601,0.0007889265146224603,0.03361150531211363,0.37955092634277354,0.34731715058366636,0.6292109308784236,-3.8561755859096687,258.7,2026-08-28 13:12:31.031561728+09:00
,,0.011673852251831072,0.0211487265456601,0.0007889265146224603,0.03361150531211363,0.38197763580943106,0.34731715058366636,0.6292109308784236,-3.8561755859096687,258.8,2026-08-28 13:12:31.131561728+09:00
,,0.011673852251831072,0.0211487265456601,0.0007889265146224603,0.03361150531211363,0.38440434527608863,0.34731715058366636,0.6292109308784236,-3.8561755859096687,258.9,2026-08-28 13:12:31.231561728+09:00
,,0.011952316045612046,0.01955135973213219,0.0008394822377737707,0.03234315801551801,0.38749039608828467,0.3695469700230699,0.6044975485310244,-3.934710443453644,259.0,2026-08-28 13:12:31.331561728+09:00
,,0.011952316045612046,0.01955135973213219,0.0008394822377737707,0.03234315801551801,0.39057644690048077,0.3695469700230699,0.6044975485310244,-3.934710443453644,259.1,2026-08-28 13:12:31.431561728+09:00
,,0.011952316045612046,0.01955135973213219,0.0008394822377737707,0.03234315801551801,0.3934169444421757,0.3695469700230699,0.6044975485310244,-3.934710443453644,259.2,2026-08-28 13:12:31.531561728+09:00
,,0.011732828960230072,0.019366379912341365,0.000709823570950742,0.03180903244352218,0.3961963948779364,0.36885211711679805,0.6088327253187255,-3.944216710493668,259.3,2026-08-28 13:12:31.631561728+09:00
,,0.011732828960230072,0.019366379912341365,0.000709823570950742,0.03180903244352218,0.39897584531369723,0.36885211711679805,0.6088327253187255,-3.944216710493668,259.4,2026-08-28 13:12:31.731561728+09:00
,,0.011732828960230072,0.019366379912341365,0.000709823570950742,0.03180903244352218,0.4017552957494579,0.36885211711679805,0.6088327253187255,-3.944216710493668,259.5,2026-08-28 13:12:31.831561728+09:00
,,0.011732828960230072,0.019366379912341365,0.000709823570950742,0.03180903244352218,0.4046762147493601,0.36885211711679805,0.6088327253187255,-3.944216710493668,259.6,2026-08-28 13:12:31.931561728+09:00
,,0.011732828960230072,0.019366379912341365,0.000709823570950742,0.03180903244352218,0.4075971337492622,0.36885211711679805,0.6088327253187255,-3.944216710493668,259.7,2026-08-28 13:12:32.031561728+09:00
,,0.012023741652484684,0.01793480667744859,0.0007985671848694213,0.0307571155148027,0.411235595860697,0.3909255289787474,0.5831108144330692,-4.021011947122136,259.8,2026-08-28 13:12:32.131561728+09:00
,,0.012023741652484684,0.01793480667744859,0.0007985671848694213,0.0307571155148027,0.4148740579721319,0.3909255289787474,0.5831108144330692,-4.021011947122136,259.9,2026-08-28 13:12:32.231561728+09:00
,,0.012023741652484684,0.01793480667744859,0.0007985671848694213,0.0307571155148027,0.4195610283841248,0.3909255289787474,0.5831108144330692,-4.021011947122136,260.0,2026-08-28 13:12:32.331561728+09:00
,,0.011846684026490173,0.01781726787597729,0.0007085996856760219,0.030372551588143483,0.42418672366201826,0.39004572902313406,0.586624005700351,-4.027587186540249,260.1,2026-08-28 13:12:32.431561728+09:00
,,0.011846684026490173,0.01781726787597729,0.0007085996856760219,0.030372551588143483,0.42881241893991173,0.39004572902313406,0.586624005700351,-4.027587186540249,260.2,2026-08-28 13:12:32.531561728+09:00
,,0.011846684026490173,0.01781726787597729,0.0007085996856760219,0.030372551588143483,0.4334381142178052,0.39004572902313406,0.586624005700351,-4.027587186540249,260.3,2026-08-28 13:12:32.631561728+09:00
,,0.011846684026490173,0.01781726787597729,0.0007085996856760219,0.030372551588143483,0.43690441143034536,0.39004572902313406,0.586624005700351,-4.027587186540249,260.4,2026-08-28 13:12:32.731561728+09:00
,,0.011846684026490173,0.01781726787597729,0.0007085996856760219,0.030372551588143483,0.44037070864288563,0.39004572902313406,0.586624005700351,-4.027587186540249,260.5,2026-08-28 13:12:32.831561728+09:00
,,0.011846684026490173,0.01781726787597729,0.0007085996856760219,0.030372551588143483,0.4438370058554258,0.39004572902313406,0.586624005700351,-4.027587186540249,260.6,2026-08-28 13:12:32.931561728+09:00
,,0.011769522395290227,0.016123020578596006,0.0008189651024187552,0.02871150807630499,0.4480264524711179,0.4099235179152212,0.5615525501393638,-4.127507178651041,260.7,2026-08-28 13:12:33.031561728+09:00
,,0.011769522395290227,0.016123020578596006,0.0008189651024187552,0.02871150807630499,0.4520141679680278,0.4099235179152212,0.5615525501393638,-4.127507178651041,260.8,2026-08-28 13:12:33.131561728+09:00
,,0.011544680873185309,0.01603614865501044,0.000754649981557536,0.02833547950975328,0.4558900344001402,0.40742846328792653,0.5659388488375741,-4.132909814164372,260.9,2026-08-28 13:12:33.231561728+09:00
,,0.011544680873185309,0.01603614865501044,0.000754649981557536,0.02833547950975328,0.4597659008322527,0.40742846328792653,0.5659388488375741,-4.132909814164372,261.0,2026-08-28 13:12:33.331561728+09:00
,,0.011544680873185309,0.01603614865501044,0.000754649981557536,0.02833547950975328,0.46364176726436523,0.40742846328792653,0.5659388488375741,-4.132909814164372,261.1,2026-08-28 13:12:33.431561728+09:00
,,0.011544680873185309,0.01603614865501044,0.000754649981557536,0.02833547950975328,0.4676095735005686,0.40742846328792653,0.5659388488375741,-4.132909814164372,261.2,2026-08-28 13:12:33.531561728+09:00
,,0.011544680873185309,0.01603614865501044,0.000754649981557536,0.02833547950975328,0.47157737973677205,0.40742846328792653,0.5659388488375741,-4.132909814164372,261.3,2026-08-28 13:12:33.631561728+09:00
,,0.011544680873185309,0.01603614865501044,0.000754649981557536,0.02833547950975328,0.4755451859729755,0.40742846328792653,0.5659388488375741,-4.132909814164372,261.4,2026-08-28 13:12:33.731561728+09:00
,,0.011104544578780372,0.014225280940099597,0.0008661175496195924,0.02619594306849956,0.4801874849975492,0.42390321851529406,0.543033740106322,-4.252734549421385,261.5,2026-08-28 13:12:33.831561728+09:00
,,0.011104544578780372,0.014225280940099597,0.0008661175496195924,0.02619594306849956,0.48482978402212307,0.42390321851529406,0.543033740106322,-4.252734549421385,261.6,2026-08-28 13:12:33.931561728+09:00
,,0.010874937620511723,0.014210607113347594,0.0008108607200081607,0.025896405453867476,0.48911267816237763,0.4199400430258407,0.5487482476540126,-4.253766613412276,261.7,2026-08-28 13:12:34.031561728+09:00
,,0.010874937620511723,0.014210607113347594,0.0008108607200081607,0.025896405453867476,0.49339557230263226,0.4199400430258407,0.5487482476540126,-4.253766613412276,261.8,2026-08-28 13:12:34.131561728+09:00
,,0.010874937620511723,0.014210607113347594,0.0008108607200081607,0.025896405453867476,0.4976784664428868,0.4199400430258407,0.5487482476540126,-4.253766613412276,261.9,2026-08-28 13:12:34.231561728+09:00
,,0.010874937620511723,0.014210607113347594,0.0008108607200081607,0.025896405453867476,0.5020086941006616,0.4199400430258407,0.5487482476540126,-4.253766613412276,262.0,2026-08-28 13:12:34.331561728+09:00
,,0.010874937620511723,0.014210607113347594,0.0008108607200081607,0.025896405453867476,0.5063389217584366,0.4199400430258407,0.5487482476540126,-4.253766613412276,262.1,2026-08-28 13:12:34.431561728+09:00
,,0.010874937620511723,0.014210607113347594,0.0008108607200081607,0.025896405453867476,0.5106691494162116,0.4199400430258407,0.5487482476540126,-4.253766613412276,262.2,2026-08-28 13:12:34.531561728+09:00
,,0.010708257308259438,0.012291568763054345,0.0007386267921437458,0.01303019555519809,0.5150903307071866,,0.9433142204954025,-4.398841718061631,262.3,2026-08-28 13:12:34.631561728+09:00
,,0.01054157699600715,0.012291568763054345,0.0007386267921437458,0.01303019555519809,0.5196024656313618,,0.9433142204954025,-4.398841718061631,262.4,2026-08-28 13:12:34.731561728+09:00
,,0.010374896683754865,0.01226921866318784,0.0007955534283456919,0.013064772091533531,0.524205554188737,,0.9391069799938385,-4.400661700918685,262.5,2026-08-28 13:12:34.831561728+09:00
,,0.01020821637150258,0.01226921866318784,0.0007955534283456919,0.013064772091533531,0.5288995963793125,,0.9391069799938385,-4.400661700918685,262.6,2026-08-28 13:12:34.931561728+09:00
,,0.010041536059250292,0.01226921866318784,0.0007955534283456919,0.013064772091533531,0.533482991426471,,0.9391069799938385,-4.400661700918685,262.7,2026-08-28 13:12:35.031561728+09:00
,,0.009874855746998007,0.01226921866318784,0.0007955534283456919,0.013064772091533531,0.538312618692243,,0.9391069799938385,-4.400661700918685,262.8,2026-08-28 13:12:35.131561728+09:00
,,0.009708175434745722,0.01226921866318784,0.0007955534283456919,0.013064772091533531,0.5433884781766284,,0.9391069799938385,-4.400661700918685,262.9,2026-08-28 13:12:35.231561728+09:00
,,0.009541495122493434,0.01226921866318784,0.0007955534283456919,0.013064772091533531,0.5487105698796271,,0.9391069799938385,-4.400661700918685,263.0,2026-08-28 13:12:35.331561728+09:00
,,0.009374814810241149,0.011174575384789326,0.0009494596193388234,0.021498849814369298,0.5542788938012393,0.43606122612081577,0.519775498748799,-4.494114136091266,263.1,2026-08-28 13:12:35.431561728+09:00
,,0.009374814810241149,0.011174575384789326,0.0009494596193388234,0.021498849814369298,0.5600024963082647,0.43606122612081577,0.519775498748799,-4.494114136091266,263.2,2026-08-28 13:12:35.531561728+09:00
,,0.009103814731920349,0.011182466765914752,0.0008711760168942298,0.021157457514729333,0.5656055284200409,0.43028869256064833,0.5285354706788269,-4.493408194634434,263.3,2026-08-28 13:12:35.631561728+09:00
,,0.009103814731920349,0.011182466765914752,0.0008711760168942298,0.021157457514729333,0.5713638391172301,0.43028869256064833,0.5285354706788269,-4.493408194634434,263.4,2026-08-28 13:12:35.731561728+09:00
,,0.009103814731920349,0.011182466765914752,0.0008711760168942298,0.021157457514729333,0.5772774283998326,0.43028869256064833,0.5285354706788269,-4.493408194634434,263.5,2026-08-28 13:12:35.831561728+09:00
,,0.009103814731920349,0.011182466765914752,0.0008711760168942298,0.021157457514729333,0.5833462962678486,0.43028869256064833,0.5285354706788269,-4.493408194634434,263.6,2026-08-28 13:12:35.931561728+09:00
,,0.009103814731920349,0.011182466765914752,0.0008711760168942298,0.021157457514729333,0.5894151641358645,0.43028869256064833,0.5285354706788269,-4.493408194634434,263.7,2026-08-28 13:12:36.031561728+09:00
,,0.009103814731920349,0.011182466765914752,0.0008711760168942298,0.021157457514729333,0.5954840320038803,0.43028869256064833,0.5285354706788269,-4.493408194634434,263.8,2026-08-28 13:12:36.131561728+09:00
,,0.009103814731920349,0.011182466765914752,0.0008711760168942298,0.021157457514729333,0.6015528998718962,0.43028869256064833,0.5285354706788269,-4.493408194634434,263.9,2026-08-28 13:12:36.231561728+09:00
,,0.00869411868368351,0.012281466166785427,0.0011023629556667213,0.013383829122452149,0.6076046208300236,,0.9176347108453855,-4.399663968700752,264.0,2026-08-28 13:12:36.331561728+09:00
,,0.008284422635446669,0.010214710493761008,0.0008672499694527279,0.019366383098660404,0.6136391948782625,0.42777335309553555,0.5274454420179043,-4.583926392400419,264.1,2026-08-28 13:12:36.431561728+09:00
,,0.008284422635446669,0.010214710493761008,0.0008672499694527279,0.019366383098660404,0.6196737689265014,0.42777335309553555,0.5274454420179043,-4.583926392400419,264.2,2026-08-28 13:12:36.531561728+09:00
,,0.008284422635446669,0.010214710493761008,0.0008672499694527279,0.019366383098660404,0.6257083429747402,0.42777335309553555,0.5274454420179043,-4.583926392400419,264.3,2026-08-28 13:12:36.631561728+09:00
,,0.008284422635446669,0.010214710493761008,0.0008672499694527279,0.019366383098660404,0.6301171367545005,0.42777335309553555,0.5274454420179043,-4.583926392400419,264.4,2026-08-28 13:12:36.731561728+09:00
,,0.008284422635446669,0.010214710493761008,0.0008672499694527279,0.019366383098660404,0.636048553270037,0.42777335309553555,0.5274454420179043,-4.583926392400419,264.5,2026-08-28 13:12:36.831561728+09:00
,,0.008284422635446669,0.010214710493761008,0.0008672499694527279,0.019366383098660404,0.6419799697855734,0.42777335309553555,0.5274454420179043,-4.583926392400419,264.6,2026-08-28 13:12:36.931561728+09:00
,,0.008284422635446669,0.010214710493761008,0.0008672499694527279,0.019366383098660404,0.6479113863011098,0.42777335309553555,0.5274454420179043,-4.583926392400419,264.7,2026-08-28 13:12:37.031561728+09:00
,,0.007741369720709557,0.009379019728752745,0.0009482110741057973,0.0180686005235681,0.6540023980546167,0.4284432383466536,0.5190783711510504,-4.66928002795475,264.8,2026-08-28 13:12:37.131561728+09:00
,,0.0062540556056179105,0.013552848936291101,0.0012566395817379746,0.021063544123646985,0.6560496842193604,0.29691373725643805,0.6434268068437732,-4.301158500155799,264.9,2026-08-28 13:12:37.231561728+09:00
,,0.0062540556056179105,0.013552848936291101,0.0012566395817379746,0.021063544123646985,0.6580969703841041,0.29691373725643805,0.6434268068437732,-4.301158500155799,265.0,2026-08-28 13:12:37.331561728+09:00
,,0.0062540556056179105,0.013552848936291101,0.0012566395817379746,0.021063544123646985,0.6601442565488478,0.29691373725643805,0.6434268068437732,-4.301158500155799,265.1,2026-08-28 13:12:37.431561728+09:00
,,0.0062540556056179105,0.013552848936291101,0.0012566395817379746,0.021063544123646985,0.6604018351778363,0.29691373725643805,0.6434268068437732,-4.301158500155799,265.2,2026-08-28 13:12:37.531561728+09:00
,,0.0062540556056179105,0.013552848936291101,0.0012566395817379746,0.021063544123646985,0.6606594138068249,0.29691373725643805,0.6434268068437732,-4.301158500155799,265.3,2026-08-28 13:12:37.631561728+09:00
,,0.0062540556056179105,0.013552848936291101,0.0012566395817379746,0.021063544123646985,0.6605754532834472,0.29691373725643805,0.6434268068437732,-4.301158500155799,265.4,2026-08-28 13:12:37.731561728+09:00
,,0.0062540556056179105,0.013552848936291101,0.0012566395817379746,0.021063544123646985,0.6604914927600697,0.29691373725643805,0.6434268068437732,-4.301158500155799,265.5,2026-08-28 13:12:37.831561728+09:00
,,0.007103439720941717,0.008912175549432267,0.0009183808503799868,0.01693399612075397,0.6641363322815668,0.41947805292313034,0.5262889802194818,-4.720336897895134,265.6,2026-08-28 13:12:37.931561728+09:00
,,0.006987843550782545,0.009159657177760221,0.0007988055642951866,0.016946306292837953,0.6674016681166622,0.4123520152433353,0.5405105407324889,-4.692946527005178,265.7,2026-08-28 13:12:38.031561728+09:00
,,0.006987843550782545,0.009159657177760221,0.0007988055642951866,0.016946306292837953,0.6706670039517577,0.4123520152433353,0.5405105407324889,-4.692946527005178,265.8,2026-08-28 13:12:38.131561728+09:00
,,0.006987843550782545,0.009159657177760221,0.0007988055642951866,0.016946306292837953,0.6739323397868533,0.4123520152433353,0.5405105407324889,-4.692946527005178,265.9,2026-08-28 13:12:38.231561728+09:00
,,0.006987843550782545,0.009159657177760221,0.0007988055642951866,0.016946306292837953,0.6772273058847532,0.4123520152433353,0.5405105407324889,-4.692946527005178,266.0,2026-08-28 13:12:38.331561728+09:00
,,0.006987843550782545,0.009159657177760221,0.0007988055642951866,0.016946306292837953,0.6805222719826532,0.4123520152433353,0.5405105407324889,-4.692946527005178,266.1,2026-08-28 13:12:38.431561728+09:00
,,0.006987843550782545,0.009159657177760221,0.0007988055642951866,0.016946306292837953,0.6838172380805532,0.4123520152433353,0.5405105407324889,-4.692946527005178,266.2,2026-08-28 13:12:38.531561728+09:00
,,0.006987843550782545,0.009159657177760221,0.0007988055642951866,0.016946306292837953,0.68665211291646,0.4123520152433353,0.5405105407324889,-4.692946527005178,266.3,2026-08-28 13:12:38.631561728+09:00
,,0.006987843550782545,0.009159657177760221,0.0007988055642951866,0.016946306292837953,0.6894869877523668,0.4123520152433353,0.5405105407324889,-4.692946527005178,266.4,2026-08-28 13:12:38.731561728+09:00
,,0.0066544888328444445,0.009077938264348436,0.0007550984542658191,0.016487525551458698,0.6919901525597313,0.4036074917412761,0.5505943409164443,-4.70190817554948,266.5,2026-08-28 13:12:38.831561728+09:00
,,0.0066544888328444445,0.009077938264348436,0.0007550984542658191,0.016487525551458698,0.6944933173670956,0.4036074917412761,0.5505943409164443,-4.70190817554948,266.6,2026-08-28 13:12:38.931561728+09:00
,,0.0066544888328444445,0.009077938264348436,0.0007550984542658191,0.016487525551458698,0.69699648217446,0.4036074917412761,0.5505943409164443,-4.70190817554948,266.7,2026-08-28 13:12:39.031561728+09:00
,,0.0066544888328444445,0.009077938264348436,0.0007550984542658191,0.016487525551458698,0.6995465466467159,0.4036074917412761,0.5505943409164443,-4.70190817554948,266.8,2026-08-28 13:12:39.131561728+09:00
,,0.0066544888328444445,0.009077938264348436,0.0007550984542658191,0.016487525551458698,0.7020966111189717,0.4036074917412761,0.5505943409164443,-4.70190817554948,266.9,2026-08-28 13:12:39.231561728+09:00
,,0.0066544888328444445,0.009077938264348436,0.0007550984542658191,0.016487525551458698,0.7046466755912276,0.4036074917412761,0.5505943409164443,-4.70190817554948,267.0,2026-08-28 13:12:39.331561728+09:00
,,0.0066544888328444445,0.009077938264348436,0.0007550984542658191,0.016487525551458698,0.7066115157353434,0.4036074917412761,0.5505943409164443,-4.70190817554948,267.1,2026-08-28 13:12:39.431561728+09:00
,,0.0066544888328444445,0.009077938264348436,0.0007550984542658191,0.016487525551458698,0.7085763558794593,0.4036074917412761,0.5505943409164443,-4.70190817554948,267.2,2026-08-28 13:12:39.531561728+09:00
,,0.00651559052161169,0.009226236738616394,0.0007015604204066336,0.01644338768063472,0.7102430041722201,0.39624380621306293,0.5610909940098341,-4.68570403423464,267.3,2026-08-28 13:12:39.631561728+09:00
,,0.00651559052161169,0.009226236738616394,0.0007015604204066336,0.01644338768063472,0.7119096524649808,0.39624380621306293,0.5610909940098341,-4.68570403423464,267.4,2026-08-28 13:12:39.731561728+09:00
,,0.00651559052161169,0.009226236738616394,0.0007015604204066336,0.01644338768063472,0.7136231410712197,0.39624380621306293,0.5610909940098341,-4.68570403423464,267.5,2026-08-28 13:12:39.831561728+09:00
,,0.00651559052161169,0.009226236738616394,0.0007015604204066336,0.01644338768063472,0.7153366296774588,0.39624380621306293,0.5610909940098341,-4.68570403423464,267.6,2026-08-28 13:12:39.931561728+09:00
,,0.00651559052161169,0.009226236738616394,0.0007015604204066336,0.01644338768063472,0.7170501182836978,0.39624380621306293,0.5610909940098341,-4.68570403423464,267.7,2026-08-28 13:12:40.031561728+09:00
,,0.00651559052161169,0.009226236738616394,0.0007015604204066336,0.01644338768063472,0.7187636068899367,0.39624380621306293,0.5610909940098341,-4.68570403423464,267.8,2026-08-28 13:12:40.131561728+09:00
,,0.00651559052161169,0.009226236738616394,0.0007015604204066336,0.01644338768063472,0.7204770954961758,0.39624380621306293,0.5610909940098341,-4.68570403423464,267.9,2026-08-28 13:12:40.231561728+09:00
,,0.00651559052161169,0.009226236738616394,0.0007015604204066336,0.01644338768063472,0.7215312427568762,0.39624380621306293,0.5610909940098341,-4.68570403423464,268.0,2026-08-28 13:12:40.331561728+09:00
,,0.006554300535696988,0.009713223921473044,0.0005828021069521518,0.016850326564122185,0.7222362651711483,0.3889717217500368,0.5764412864350354,-4.634267031036569,268.1,2026-08-28 13:12:40.431561728+09:00
,,0.006641415053494414,0.00967665623962351,0.0006495474678452457,0.01696761876096317,0.7230696488452071,0.3914170365952643,0.5703013708609642,-4.638038867159224,268.2,2026-08-28 13:12:40.531561728+09:00
,,0.006641415053494414,0.00967665623962351,0.0006495474678452457,0.01696761876096317,0.7239640796252002,0.3914170365952643,0.5703013708609642,-4.638038867159224,268.3,2026-08-28 13:12:40.631561728+09:00
,,0.006641415053494414,0.00967665623962351,0.0006495474678452457,0.01696761876096317,0.7248585104051931,0.3914170365952643,0.5703013708609642,-4.638038867159224,268.4,2026-08-28 13:12:40.731561728+09:00
,,0.006641415053494414,0.00967665623962351,0.0006495474678452457,0.01696761876096317,0.7257529411851861,0.3914170365952643,0.5703013708609642,-4.638038867159224,268.5,2026-08-28 13:12:40.831561728+09:00
,,0.006641415053494414,0.00967665623962351,0.0006495474678452457,0.01696761876096317,0.7266473719651791,0.3914170365952643,0.5703013708609642,-4.638038867159224,268.6,2026-08-28 13:12:40.931561728+09:00
,,0.006641415053494414,0.00967665623962351,0.0006495474678452457,0.01696761876096317,0.7275418027451721,0.3914170365952643,0.5703013708609642,-4.638038867159224,268.7,2026-08-28 13:12:41.031561728+09:00
,,0.006737203045044023,0.010265064520082169,0.0005291593671919009,0.01753142693231809,0.7273852439768501,0.3842929084468538,0.5855236176559687,-4.579008943087041,268.8,2026-08-28 13:12:41.131561728+09:00
,,0.006737203045044023,0.010265064520082169,0.0005291593671919009,0.01753142693231809,0.7272286852085282,0.3842929084468538,0.5855236176559687,-4.579008943087041,268.9,2026-08-28 13:12:41.231561728+09:00
,,0.0070704668172849264,0.010417344338794102,0.0006079544433044372,0.018095765599383466,0.7273209837960835,0.3907249338776703,0.5756785631191547,-4.564283137059686,269.0,2026-08-28 13:12:41.331561728+09:00
,,0.0070704668172849264,0.010417344338794102,0.0006079544433044372,0.018095765599383466,0.7274745575177378,0.3907249338776703,0.5756785631191547,-4.564283137059686,269.1,2026-08-28 13:12:41.431561728+09:00
,,0.0070704668172849264,0.010417344338794102,0.0006079544433044372,0.018095765599383466,0.7276281312393924,0.3907249338776703,0.5756785631191547,-4.564283137059686,269.2,2026-08-28 13:12:41.531561728+09:00
,,0.0070704668172849264,0.010417344338794102,0.0006079544433044372,0.018095765599383466,0.7277817049610469,0.3907249338776703,0.5756785631191547,-4.564283137059686,269.3,2026-08-28 13:12:41.631561728+09:00
,,0.0070704668172849264,0.010417344338794102,0.0006079544433044372,0.018095765599383466,0.7279352786827012,0.3907249338776703,0.5756785631191547,-4.564283137059686,269.4,2026-08-28 13:12:41.731561728+09:00
,,0.0070704668172849264,0.010417344338794102,0.0006079544433044372,0.018095765599383466,0.7280888524043558,0.3907249338776703,0.5756785631191547,-4.564283137059686,269.5,2026-08-28 13:12:41.831561728+09:00
,,0.007271225714072049,0.011131729130831963,0.0004903975549984097,0.018893352399902422,0.7279588435278298,0.38485630078596333,0.5891876092296597,-4.497955768094593,269.6,2026-08-28 13:12:41.931561728+09:00
,,0.007271225714072049,0.011131729130831963,0.0004903975549984097,0.018893352399902422,0.7271056852481519,0.38485630078596333,0.5891876092296597,-4.497955768094593,269.7,2026-08-28 13:12:42.031561728+09:00
,,0.007271225714072049,0.011131729130831963,0.0004903975549984097,0.018893352399902422,0.726252526968474,0.38485630078596333,0.5891876092296597,-4.497955768094593,269.8,2026-08-28 13:12:42.131561728+09:00
,,0.00743173667396736,0.021588504339082493,0.0011228700858652257,0.02271137442494772,0.7255390600621977,,0.950559131083155,-3.8355943124881366,269.9,2026-08-28 13:12:42.231561728+09:00
,,0.00759224763386267,0.021588504339082493,0.0011228700858652257,0.02271137442494772,0.724853435464526,,0.950559131083155,-3.8355943124881366,270.0,2026-08-28 13:12:42.331561728+09:00
,,0.0077527585937579805,0.021588504339082493,0.0011228700858652257,0.02271137442494772,0.7241956531754585,,0.950559131083155,-3.8355943124881366,270.1,2026-08-28 13:12:42.431561728+09:00
,,0.00791326955365329,0.021588504339082493,0.0011228700858652257,0.02271137442494772,0.7235657131949954,,0.950559131083155,-3.8355943124881366,270.2,2026-08-28 13:12:42.531561728+09:00
,,0.008073780513548602,0.021588504339082493,0.0011228700858652257,0.02271137442494772,0.7229636155231366,,0.950559131083155,-3.8355943124881366,270.3,2026-08-28 13:12:42.631561728+09:00
,,0.008234291473443912,0.012322484201551789,0.0004716701550631396,0.02102844583005884,0.7223893601598822,0.3915786996333086,0.5859911997841312,-4.396329701466976,270.4,2026-08-28 13:12:42.731561728+09:00
,,0.008234291473443912,0.012322484201551789,0.0004716701550631396,0.02102844583005884,0.7211406120082575,0.3915786996333086,0.5859911997841312,-4.396329701466976,270.5,2026-08-28 13:12:42.831561728+09:00
,,0.008234291473443912,0.012322484201551789,0.0004716701550631396,0.02102844583005884,0.7198918638566327,0.3915786996333086,0.5859911997841312,-4.396329701466976,270.6,2026-08-28 13:12:42.931561728+09:00
,,0.008234291473443912,0.012322484201551789,0.0004716701550631396,0.02102844583005884,0.7188136864686763,0.3915786996333086,0.5859911997841312,-4.396329701466976,270.7,2026-08-28 13:12:43.031561728+09:00
,,0.00915414751225265,0.012764266060441074,0.0005863344618795705,0.022504748034573294,0.7182792516987649,0.4067651634308208,0.5671810251255316,-4.361105726185997,270.8,2026-08-28 13:12:43.131561728+09:00
,,0.00915414751225265,0.012764266060441074,0.0005863344618795705,0.022504748034573294,0.7177448169288538,0.4067651634308208,0.5671810251255316,-4.361105726185997,270.9,2026-08-28 13:12:43.231561728+09:00
,,0.00915414751225265,0.012764266060441074,0.0005863344618795705,0.022504748034573294,0.7172103821589426,0.4067651634308208,0.5671810251255316,-4.361105726185997,271.0,2026-08-28 13:12:43.331561728+09:00
,,0.00915414751225265,0.012764266060441074,0.0005863344618795705,0.022504748034573294,0.7166759473890312,0.4067651634308208,0.5671810251255316,-4.361105726185997,271.1,2026-08-28 13:12:43.431561728+09:00
,,0.0097430751024732,0.013866700551975177,0.0004918502063982226,0.0241016258608466,0.715979890215749,0.40424970326590914,0.5753429512198099,-4.278264956733959,271.2,2026-08-28 13:12:43.531561728+09:00
,,0.0097430751024732,0.013866700551975177,0.0004918502063982226,0.0241016258608466,0.7151928794092665,0.40424970326590914,0.5753429512198099,-4.278264956733959,271.3,2026-08-28 13:12:43.631561728+09:00
,,0.0097430751024732,0.013866700551975177,0.0004918502063982226,0.0241016258608466,0.7143149149695838,0.40424970326590914,0.5753429512198099,-4.278264956733959,271.4,2026-08-28 13:12:43.731561728+09:00
,,0.0097430751024732,0.013866700551975177,0.0004918502063982226,0.0241016258608466,0.7133459968967011,0.40424970326590914,0.5753429512198099,-4.278264956733959,271.5,2026-08-28 13:12:43.831561728+09:00
,,0.016446241871331282,0.022661609194336116,0.001066207323982536,0.040174058389649936,0.7125428755337072,0.4093746693903431,0.5640856339317324,-3.787083011149243,271.6,2026-08-28 13:12:43.931561728+09:00
,,0.016446241871331282,0.022661609194336116,0.001066207323982536,0.040174058389649936,0.7116488005375132,0.4093746693903431,0.5640856339317324,-3.787083011149243,271.7,2026-08-28 13:12:44.031561728+09:00
,,0.016446241871331282,0.022661609194336116,0.001066207323982536,0.040174058389649936,0.7106637719081189,0.4093746693903431,0.5640856339317324,-3.787083011149243,271.8,2026-08-28 13:12:44.131561728+09:00
,,0.011820126232866083,0.015811715653496837,0.0005688124453961468,0.028200654331759063,0.709830273236544,0.4191436870156049,0.5606861269062814,-4.147004116665576,271.9,2026-08-28 13:12:44.231561728+09:00
,,0.011820126232866083,0.015811715653496837,0.0005688124453961468,0.028200654331759063,0.7089058209317689,0.4191436870156049,0.5606861269062814,-4.147004116665576,272.0,2026-08-28 13:12:44.331561728+09:00
,,0.011820126232866083,0.015811715653496837,0.0005688124453961468,0.028200654331759063,0.7078904149937938,0.4191436870156049,0.5606861269062814,-4.147004116665576,272.1,2026-08-28 13:12:44.431561728+09:00
,,0.011820126232866083,0.015811715653496837,0.0005688124453961468,0.028200654331759063,0.7068750090558185,0.4191436870156049,0.5606861269062814,-4.147004116665576,272.2,2026-08-28 13:12:44.531561728+09:00
,,0.011820126232866083,0.015811715653496837,0.0005688124453961468,0.028200654331759063,0.7061354520985059,0.4191436870156049,0.5606861269062814,-4.147004116665576,272.3,2026-08-28 13:12:44.631561728+09:00
,,0.013288130741417074,0.01641423678964024,0.0007557700432790509,0.030458137574336366,0.7060847191626328,0.4362752223108179,0.5389113746557723,-4.109606223800919,272.4,2026-08-28 13:12:44.731561728+09:00
,,0.013288130741417074,0.01641423678964024,0.0007557700432790509,0.030458137574336366,0.7060339862267598,0.4362752223108179,0.5389113746557723,-4.109606223800919,272.5,2026-08-28 13:12:44.831561728+09:00
,,0.013288130741417074,0.01641423678964024,0.0007557700432790509,0.030458137574336366,0.7059832532908867,0.4362752223108179,0.5389113746557723,-4.109606223800919,272.6,2026-08-28 13:12:44.931561728+09:00
,,0.01457061873612513,0.01822706788324356,0.0007380677703862374,0.033535754389754924,0.7058196919443961,0.43448012431103716,0.5435114913893775,-4.004847543422824,272.7,2026-08-28 13:12:45.031561728+09:00
,,0.01457061873612513,0.01822706788324356,0.0007380677703862374,0.033535754389754924,0.7056561305979056,0.43448012431103716,0.5435114913893775,-4.004847543422824,272.8,2026-08-28 13:12:45.131561728+09:00
,,0.01457061873612513,0.01822706788324356,0.0007380677703862374,0.033535754389754924,0.7054925692514149,0.43448012431103716,0.5435114913893775,-4.004847543422824,272.9,2026-08-28 13:12:45.231561728+09:00
,,0.01457061873612513,0.01822706788324356,0.0007380677703862374,0.033535754389754924,0.7053461548148128,0.43448012431103716,0.5435114913893775,-4.004847543422824,273.0,2026-08-28 13:12:45.331561728+09:00
,,0.01457061873612513,0.01822706788324356,0.0007380677703862374,0.033535754389754924,0.7052168872880992,0.43448012431103716,0.5435114913893775,-4.004847543422824,273.1,2026-08-28 13:12:45.431561728+09:00
,,0.015340386529280516,0.017656675216794503,0.0009415391008412052,0.033938600846916224,0.7058589595063753,0.45200409405428965,0.5202534805850385,-4.036641367850328,273.2,2026-08-28 13:12:45.531561728+09:00
,,0.015340386529280516,0.017656675216794503,0.0009415391008412052,0.033938600846916224,0.7065010317246516,0.45200409405428965,0.5202534805850385,-4.036641367850328,273.3,2026-08-28 13:12:45.631561728+09:00
,,0.014951290414202435,0.017530012350696966,0.0008523085128384622,0.03333361127773786,0.7069662329888048,0.44853497239249873,0.5258959854255136,-4.043840875502924,273.4,2026-08-28 13:12:45.731561728+09:00
,,0.014951290414202435,0.017530012350696966,0.0008523085128384622,0.03333361127773786,0.7074314342529581,0.44853497239249873,0.5258959854255136,-4.043840875502924,273.5,2026-08-28 13:12:45.831561728+09:00
,,0.014951290414202435,0.017530012350696966,0.0008523085128384622,0.03333361127773786,0.7078966355171112,0.44853497239249873,0.5258959854255136,-4.043840875502924,273.6,2026-08-28 13:12:45.931561728+09:00
,,0.014951290414202435,0.017530012350696966,0.0008523085128384622,0.03333361127773786,0.7083618367812644,0.44853497239249873,0.5258959854255136,-4.043840875502924,273.7,2026-08-28 13:12:46.031561728+09:00
,,0.014951290414202435,0.017530012350696966,0.0008523085128384622,0.03333361127773786,0.7086674428074471,0.44853497239249873,0.5258959854255136,-4.043840875502924,273.8,2026-08-28 13:12:46.131561728+09:00
,,0.014951290414202435,0.017530012350696966,0.0008523085128384622,0.03333361127773786,0.713016774422393,0.44853497239249873,0.5258959854255136,-4.043840875502924,273.9,2026-08-28 13:12:46.231561728+09:00
,,0.015576675339336373,0.016850879198323888,0.0010788084820747782,0.03350636301973504,0.7181604037800601,0.46488708219873964,0.5029157950804397,-4.083352445602917,274.0,2026-08-28 13:12:46.331561728+09:00
,,0.015576675339336373,0.016850879198323888,0.0010788084820747782,0.03350636301973504,0.7233040331377273,0.46488708219873964,0.5029157950804397,-4.083352445602917,274.1,2026-08-28 13:12:46.431561728+09:00
,,0.015299299771814273,0.016922758580053956,0.001001261515958469,0.033223319867826694,0.7282219180518191,0.46049882530342917,0.5093638639178223,-4.079095901446874,274.2,2026-08-28 13:12:46.531561728+09:00
,,0.015299299771814273,0.016922758580053956,0.001001261515958469,0.033223319867826694,0.7331398029659107,0.46049882530342917,0.5093638639178223,-4.079095901446874,274.3,2026-08-28 13:12:46.631561728+09:00
,,0.015299299771814273,0.016922758580053956,0.001001261515958469,0.033223319867826694,0.7380576878800026,0.46049882530342917,0.5093638639178223,-4.079095901446874,274.4,2026-08-28 13:12:46.731561728+09:00
,,0.015299299771814273,0.016922758580053956,0.001001261515958469,0.033223319867826694,0.7429755727940944,0.46049882530342917,0.5093638639178223,-4.079095901446874,274.5,2026-08-28 13:12:46.831561728+09:00
,,0.015299299771814273,0.016922758580053956,0.001001261515958469,0.033223319867826694,0.7441646576633115,0.46049882530342917,0.5093638639178223,-4.079095901446874,274.6,2026-08-28 13:12:46.931561728+09:00
,,0.015299299771814273,0.016922758580053956,0.001001261515958469,0.033223319867826694,0.7457332462189302,0.46049882530342917,0.5093638639178223,-4.079095901446874,274.7,2026-08-28 13:12:47.031561728+09:00
,,0.015299299771814273,0.016922758580053956,0.001001261515958469,0.033223319867826694,0.7473018347745488,0.46049882530342917,0.5093638639178223,-4.079095901446874,274.8,2026-08-28 13:12:47.131561728+09:00
,,0.01587584388339808,0.01634620029052541,0.0012606870244330705,0.03348273119835656,0.7496166322004222,0.4741502056492129,0.48819793683162066,-4.113759806780508,274.9,2026-08-28 13:12:47.231561728+09:00
,,0.014277503772177324,0.014986082836739963,0.0011700272537914316,0.03043361386270872,0.7517257872890885,0.4691359966839826,0.4924187743310659,-4.2006333194468635,275.0,2026-08-28 13:12:47.331561728+09:00
,,0.014277503772177324,0.014986082836739963,0.0011700272537914316,0.03043361386270872,0.753834942377755,0.4691359966839826,0.4924187743310659,-4.2006333194468635,275.1,2026-08-28 13:12:47.431561728+09:00
,,0.014277503772177324,0.014986082836739963,0.0011700272537914316,0.03043361386270872,0.7559440974664213,0.4691359966839826,0.4924187743310659,-4.2006333194468635,275.2,2026-08-28 13:12:47.531561728+09:00
,,0.014277503772177324,0.014986082836739963,0.0011700272537914316,0.03043361386270872,0.7580532525550877,0.4691359966839826,0.4924187743310659,-4.2006333194468635,275.3,2026-08-28 13:12:47.631561728+09:00
,,0.014277503772177324,0.014986082836739963,0.0011700272537914316,0.03043361386270872,0.7601624076437539,0.4691359966839826,0.4924187743310659,-4.2006333194468635,275.4,2026-08-28 13:12:47.731561728+09:00
,,0.014277503772177324,0.014986082836739963,0.0011700272537914316,0.03043361386270872,0.762603272760963,0.4691359966839826,0.4924187743310659,-4.2006333194468635,275.5,2026-08-28 13:12:47.831561728+09:00
,,0.014277503772177324,0.014986082836739963,0.0011700272537914316,0.03043361386270872,0.7650441378781717,0.4691359966839826,0.4924187743310659,-4.2006333194468635,275.6,2026-08-28 13:12:47.931561728+09:00
,,0.01620514157032624,0.016224895712643708,0.0014686697854107515,0.0338987070683807,0.7679968358070297,0.4780460074078082,0.47862874769573777,-4.121208443984677,275.7,2026-08-28 13:12:48.031561728+09:00
,,0.016171840006073943,0.01665947838207632,0.001374295805383491,0.034205614193533754,0.7706378292183758,0.47278320788436756,0.48703929968389914,-4.094775952332856,275.8,2026-08-28 13:12:48.131561728+09:00
,,0.016171840006073943,0.01665947838207632,0.001374295805383491,0.034205614193533754,0.7732788226297218,0.47278320788436756,0.48703929968389914,-4.094775952332856,275.9,2026-08-28 13:12:48.231561728+09:00
,,0.016171840006073943,0.01665947838207632,0.001374295805383491,0.034205614193533754,0.7759198160410677,0.47278320788436756,0.48703929968389914,-4.094775952332856,276.0,2026-08-28 13:12:48.331561728+09:00
,,0.016171840006073943,0.01665947838207632,0.001374295805383491,0.034205614193533754,0.7785608094524138,0.47278320788436756,0.48703929968389914,-4.094775952332856,276.1,2026-08-28 13:12:48.431561728+09:00
,,0.016171840006073943,0.01665947838207632,0.001374295805383491,0.034205614193533754,0.7812018028637597,0.47278320788436756,0.48703929968389914,-4.094775952332856,276.2,2026-08-28 13:12:48.531561728+09:00
,,0.016171840006073943,0.01665947838207632,0.001374295805383491,0.034205614193533754,0.7841409881264608,0.47278320788436756,0.48703929968389914,-4.094775952332856,276.3,2026-08-28 13:12:48.631561728+09:00
,,0.016171840006073943,0.01665947838207632,0.001374295805383491,0.034205614193533754,0.7870801733891619,0.47278320788436756,0.48703929968389914,-4.094775952332856,276.4,2026-08-28 13:12:48.731561728+09:00
,,0.01621642140341652,0.017202465484651402,0.0012818229025160213,0.03470070979058394,0.7897077030866201,0.4673224698077172,0.4957381445067531,-4.062702563304335,276.5,2026-08-28 13:12:48.831561728+09:00
,,0.016627438493469347,0.01718077771004807,0.0015665881609022764,0.03537480436441969,0.7926142666686393,0.4700361964458913,0.485678380947561,-4.063964095112537,276.6,2026-08-28 13:12:48.931561728+09:00
,,0.016627438493469347,0.01718077771004807,0.0015665881609022764,0.03537480436441969,0.7955208302506587,0.4700361964458913,0.485678380947561,-4.063964095112537,276.7,2026-08-28 13:12:49.031561728+09:00
,,0.016627438493469347,0.01718077771004807,0.0015665881609022764,0.03537480436441969,0.798427393832678,0.4700361964458913,0.485678380947561,-4.063964095112537,276.8,2026-08-28 13:12:49.131561728+09:00
,,0.016627438493469347,0.01718077771004807,0.0015665881609022764,0.03537480436441969,0.8013339574146973,0.4700361964458913,0.485678380947561,-4.063964095112537,276.9,2026-08-28 13:12:49.231561728+09:00
,,0.016627438493469347,0.01718077771004807,0.0015665881609022764,0.03537480436441969,0.8042405209967166,0.4700361964458913,0.485678380947561,-4.063964095112537,277.0,2026-08-28 13:12:49.331561728+09:00
,,0.016627438493469347,0.01718077771004807,0.0015665881609022764,0.03537480436441969,0.8074962094251644,0.4700361964458913,0.485678380947561,-4.063964095112537,277.1,2026-08-28 13:12:49.431561728+09:00
,,0.016627438493469347,0.01718077771004807,0.0015665881609022764,0.03537480436441969,0.8106235365938255,0.4700361964458913,0.485678380947561,-4.063964095112537,277.2,2026-08-28 13:12:49.531561728+09:00
,,0.016709208072005835,0.017878146381557346,0.0014307511385924182,0.0360181055921556,0.8133822330626925,0.46391135228513913,0.49636553859876065,-4.02417618454614,277.3,2026-08-28 13:12:49.631561728+09:00
,,0.016709208072005835,0.017878146381557346,0.0014307511385924182,0.0360181055921556,0.8161409295315598,0.46391135228513913,0.49636553859876065,-4.02417618454614,277.4,2026-08-28 13:12:49.731561728+09:00
,,0.017154089164340216,0.01832907544740555,0.001763392255910318,0.03724655686765608,0.8189138325791325,0.46055503130911873,0.4921012031402568,-3.999266657714928,277.5,2026-08-28 13:12:49.831561728+09:00
,,0.017154089164340216,0.01832907544740555,0.001763392255910318,0.03724655686765608,0.8216867356267052,0.46055503130911873,0.4921012031402568,-3.999266657714928,277.6,2026-08-28 13:12:49.931561728+09:00
,,0.017154089164340216,0.01832907544740555,0.001763392255910318,0.03724655686765608,0.8244596386742782,0.46055503130911873,0.4921012031402568,-3.999266657714928,277.7,2026-08-28 13:12:50.031561728+09:00
,,0.017154089164340216,0.01832907544740555,0.001763392255910318,0.03724655686765608,0.8275659881586332,0.46055503130911873,0.4921012031402568,-3.999266657714928,277.8,2026-08-28 13:12:50.131561728+09:00
,,0.017154089164340216,0.01832907544740555,0.001763392255910318,0.03724655686765608,0.830672337642988,0.46055503130911873,0.4921012031402568,-3.999266657714928,277.9,2026-08-28 13:12:50.231561728+09:00
,,0.017154089164340216,0.01832907544740555,0.001763392255910318,0.03724655686765608,0.8335298297714658,0.46055503130911873,0.4921012031402568,-3.999266657714928,278.0,2026-08-28 13:12:50.331561728+09:00
,,0.017267055812159298,0.01924870578400667,0.0015863623727682655,0.03810212396893424,0.8359557138108868,0.4531783011949052,0.5051872121276151,-3.9503114525081697,278.1,2026-08-28 13:12:50.431561728+09:00
,,0.017267055812159298,0.01924870578400667,0.0015863623727682655,0.03810212396893424,0.838381597850308,0.4531783011949052,0.5051872121276151,-3.9503114525081697,278.2,2026-08-28 13:12:50.531561728+09:00
,,0.017267055812159298,0.01924870578400667,0.0015863623727682655,0.03810212396893424,0.8408074818897291,0.4531783011949052,0.5051872121276151,-3.9503114525081697,278.3,2026-08-28 13:12:50.631561728+09:00
,,0.017876626447977634,0.02026455857904677,0.0020042267594428164,0.040145411786467224,0.8430679428339316,0.44529687584382277,0.5047789442747186,-3.898881801569564,278.4,2026-08-28 13:12:50.731561728+09:00
,,0.017876626447977634,0.02026455857904677,0.0020042267594428164,0.040145411786467224,0.8453284037781341,0.44529687584382277,0.5047789442747186,-3.898881801569564,278.5,2026-08-28 13:12:50.831561728+09:00
,,0.017876626447977634,0.02026455857904677,0.0020042267594428164,0.040145411786467224,0.847872447320517,0.44529687584382277,0.5047789442747186,-3.898881801569564,278.6,2026-08-28 13:12:50.931561728+09:00
,,0.017876626447977634,0.02026455857904677,0.0020042267594428164,0.040145411786467224,0.8504164908628999,0.44529687584382277,0.5047789442747186,-3.898881801569564,278.7,2026-08-28 13:12:51.031561728+09:00
,,0.017876626447977634,0.02026455857904677,0.0020042267594428164,0.040145411786467224,0.852960534405283,0.44529687584382277,0.5047789442747186,-3.898881801569564,278.8,2026-08-28 13:12:51.131561728+09:00
,,0.018028365719678977,0.021426705289762524,0.0017656231134758834,0.04122069412291738,0.8550237896796866,0.4373620120495687,0.5198045725738996,-3.843117224211191,278.9,2026-08-28 13:12:51.231561728+09:00
,,0.018028365719678977,0.021426705289762524,0.0017656231134758834,0.04122069412291738,0.8570592026454861,0.4373620120495687,0.5198045725738996,-3.843117224211191,279.0,2026-08-28 13:12:51.331561728+09:00
,,0.018028365719678977,0.021426705289762524,0.0017656231134758834,0.04122069412291738,0.8590667733026811,0.4373620120495687,0.5198045725738996,-3.843117224211191,279.1,2026-08-28 13:12:51.431561728+09:00
,,0.018028365719678977,0.021426705289762524,0.0017656231134758834,0.04122069412291738,0.8610465016512718,0.4373620120495687,0.5198045725738996,-3.843117224211191,279.2,2026-08-28 13:12:51.531561728+09:00
,,0.01674935516098705,0.0164298808768877,0.0017286952619431923,0.03490793129981794,0.8649766955027368,0.4798151748704286,0.47066326376588774,-4.108653597300833,279.3,2026-08-28 13:12:51.631561728+09:00
,,0.01674935516098705,0.0164298808768877,0.0017286952619431923,0.03490793129981794,0.8688790470455972,0.4798151748704286,0.47066326376588774,-4.108653597300833,279.4,2026-08-28 13:12:51.731561728+09:00
,,0.01674935516098705,0.0164298808768877,0.0017286952619431923,0.03490793129981794,0.8727813985884577,0.4798151748704286,0.47066326376588774,-4.108653597300833,279.5,2026-08-28 13:12:51.831561728+09:00
,,0.01674935516098705,0.0164298808768877,0.0017286952619431923,0.03490793129981794,0.8766837501313183,0.4798151748704286,0.47066326376588774,-4.108653597300833,279.6,2026-08-28 13:12:51.931561728+09:00
,,0.018960485302522437,0.024141958218436503,0.0019142720187130798,0.04501671553967202,0.8779853247458569,0.42118766496443016,0.5362887525004094,-3.7238039473634474,279.7,2026-08-28 13:12:52.031561728+09:00
,,0.018960485302522437,0.024141958218436503,0.0019142720187130798,0.04501671553967202,0.8787431567423506,0.42118766496443016,0.5362887525004094,-3.7238039473634474,279.8,2026-08-28 13:12:52.131561728+09:00
,,0.018960485302522437,0.024141958218436503,0.0019142720187130798,0.04501671553967202,0.879500988738844,0.42118766496443016,0.5362887525004094,-3.7238039473634474,279.9,2026-08-28 13:12:52.231561728+09:00
,,0.018960485302522437,0.024141958218436503,0.0019142720187130798,0.04501671553967202,0.8802588207353375,0.42118766496443016,0.5362887525004094,-3.7238039473634474,280.0,2026-08-28 13:12:52.331561728+09:00
,,0.018960485302522437,0.024141958218436503,0.0019142720187130798,0.04501671553967202,0.8810166527318309,0.42118766496443016,0.5362887525004094,-3.7238039473634474,280.1,2026-08-28 13:12:52.431561728+09:00
,,0.019142938770331352,0.01705064350645702,0.0016910644997306782,0.0187417080061877,0.8818238005531999,,0.9097699900578772,-4.0715673336506395,280.2,2026-08-28 13:12:52.531561728+09:00
,,0.019325392238140268,0.01705064350645702,0.0016910644997306782,0.0187417080061877,0.8825186417960732,,0.9097699900578772,-4.0715673336506395,280.3,2026-08-28 13:12:52.631561728+09:00
,,0.019507845705949184,0.01705064350645702,0.0016910644997306782,0.0187417080061877,0.8831011764604509,,0.9097699900578772,-4.0715673336506395,280.4,2026-08-28 13:12:52.731561728+09:00
,,0.0196902991737581,0.026431903734799783,0.001980936400739342,0.04810313930929722,0.8835714045463332,0.4093350134001009,0.5494839653779334,-3.633183523644762,280.5,2026-08-28 13:12:52.831561728+09:00
,,0.0196902991737581,0.026431903734799783,0.001980936400739342,0.04810313930929722,0.8837848822891262,0.4093350134001009,0.5494839653779334,-3.633183523644762,280.6,2026-08-28 13:12:52.931561728+09:00
,,0.0196902991737581,0.026431903734799783,0.001980936400739342,0.04810313930929722,0.8839983600319195,0.4093350134001009,0.5494839653779334,-3.633183523644762,280.7,2026-08-28 13:12:53.031561728+09:00
,,0.0196902991737581,0.026431903734799783,0.001980936400739342,0.04810313930929722,0.8842118377747126,0.4093350134001009,0.5494839653779334,-3.633183523644762,280.8,2026-08-28 13:12:53.131561728+09:00
,,0.0196902991737581,0.026431903734799783,0.001980936400739342,0.04810313930929722,0.8841828319264863,0.4093350134001009,0.5494839653779334,-3.633183523644762,280.9,2026-08-28 13:12:53.231561728+09:00
,,0.020566454665860125,0.027326966224650685,0.002360479783173061,0.05025390067368387,0.884238961229219,0.40925091167360916,0.5437780124192592,-3.599881290522013,281.0,2026-08-28 13:12:53.331561728+09:00
,,0.020566454665860125,0.027326966224650685,0.002360479783173061,0.05025390067368387,0.8842950905319517,0.40925091167360916,0.5437780124192592,-3.599881290522013,281.1,2026-08-28 13:12:53.431561728+09:00
,,0.020105266450468676,0.027723500024023958,0.0019351774244574253,0.04976394389895006,0.8840467760866391,0.40401272236971686,0.5571001382108881,-3.5854748491380706,281.2,2026-08-28 13:12:53.531561728+09:00
,,0.020105266450468676,0.027723500024023958,0.0019351774244574253,0.04976394389895006,0.8837984616413265,0.40401272236971686,0.5571001382108881,-3.5854748491380706,281.3,2026-08-28 13:12:53.631561728+09:00
,,0.020105266450468676,0.027723500024023958,0.0019351774244574253,0.04976394389895006,0.8828613231745742,0.40401272236971686,0.5571001382108881,-3.5854748491380706,281.4,2026-08-28 13:12:53.731561728+09:00
,,0.020105266450468676,0.027723500024023958,0.0019351774244574253,0.04976394389895006,0.8819241847078219,0.40401272236971686,0.5571001382108881,-3.5854748491380706,281.5,2026-08-28 13:12:53.831561728+09:00
,,0.020105266450468676,0.027723500024023958,0.0019351774244574253,0.04976394389895006,0.8809870462410698,0.40401272236971686,0.5571001382108881,-3.5854748491380706,281.6,2026-08-28 13:12:53.931561728+09:00
,,0.020105266450468676,0.027723500024023958,0.0019351774244574253,0.04976394389895006,0.8801627361849351,0.40401272236971686,0.5571001382108881,-3.5854748491380706,281.7,2026-08-28 13:12:54.031561728+09:00
,,0.0209018737514313,0.027974372730492428,0.0022441877804773042,0.05112043426240103,0.8795825673381736,0.4088751211334013,0.5472248648534568,-3.576466447538041,281.8,2026-08-28 13:12:54.131561728+09:00
,,0.0209018737514313,0.027974372730492428,0.0022441877804773042,0.05112043426240103,0.8790023984914117,0.4088751211334013,0.5472248648534568,-3.576466447538041,281.9,2026-08-28 13:12:54.231561728+09:00
,,0.020295303618663718,0.02754028611092025,0.0017846899793816716,0.02932497609030192,0.8788936032202923,,0.9391409570501956,-3.592105396813289,282.0,2026-08-28 13:12:54.331561728+09:00
,,0.01968873348589614,0.02754028611092025,0.0017846899793816716,0.02932497609030192,0.8792561815248152,,0.9391409570501956,-3.592105396813289,282.1,2026-08-28 13:12:54.431561728+09:00
,,0.019082163353128557,0.02754028611092025,0.0017846899793816716,0.02932497609030192,0.8793187936599902,,0.9391409570501956,-3.592105396813289,282.2,2026-08-28 13:12:54.531561728+09:00
,,0.018475593220360978,0.02754028611092025,0.0017846899793816716,0.02932497609030192,0.8798527793708075,,0.9391409570501956,-3.592105396813289,282.3,2026-08-28 13:12:54.631561728+09:00
,,0.017869023087593396,0.02754028611092025,0.0017846899793816716,0.02932497609030192,0.8810350096113903,,0.9391409570501956,-3.592105396813289,282.4,2026-08-28 13:12:54.731561728+09:00
,,0.017262452954825817,0.02754028611092025,0.0017846899793816716,0.02932497609030192,0.8826886134276151,,0.9391409570501956,-3.592105396813289,282.5,2026-08-28 13:12:54.831561728+09:00
,,0.016655882822058234,0.015951699714056695,0.0012208659469998607,0.03382844848311479,0.8848135908194822,0.49236319041861737,0.47154689113273596,-4.138189890284325,282.6,2026-08-28 13:12:54.931561728+09:00
,,0.019874050200321076,0.02622106868874844,0.0015784215244195635,0.047673540413489084,0.8837585385401855,0.41687800041588213,0.5500130357704516,-3.641192042943687,282.7,2026-08-28 13:12:55.031561728+09:00
,,0.019874050200321076,0.02622106868874844,0.0015784215244195635,0.047673540413489084,0.8827034862608885,0.41687800041588213,0.5500130357704516,-3.641192042943687,282.8,2026-08-28 13:12:55.131561728+09:00
,,0.019874050200321076,0.02622106868874844,0.0015784215244195635,0.047673540413489084,0.8816484339815917,0.41687800041588213,0.5500130357704516,-3.641192042943687,282.9,2026-08-28 13:12:55.231561728+09:00
,,0.019874050200321076,0.02622106868874844,0.0015784215244195635,0.047673540413489084,0.8797990839595735,0.41687800041588213,0.5500130357704516,-3.641192042943687,283.0,2026-08-28 13:12:55.331561728+09:00
,,0.019874050200321076,0.02622106868874844,0.0015784215244195635,0.047673540413489084,0.8779497339375554,0.41687800041588213,0.5500130357704516,-3.641192042943687,283.1,2026-08-28 13:12:55.431561728+09:00
,,0.019874050200321076,0.02622106868874844,0.0015784215244195635,0.047673540413489084,0.8763261283591125,0.41687800041588213,0.5500130357704516,-3.641192042943687,283.2,2026-08-28 13:12:55.531561728+09:00
,,0.019874050200321076,0.02622106868874844,0.0015784215244195635,0.047673540413489084,0.87470252278067,0.41687800041588213,0.5500130357704516,-3.641192042943687,283.3,2026-08-28 13:12:55.631561728+09:00
,,0.01985364488403268,0.024402570109227983,0.0013923476283055724,0.025794917737533556,0.8732100987126624,,0.9460224047824893,-3.7130668198846335,283.4,2026-08-28 13:12:55.731561728+09:00
,,0.019833239567744285,0.024402570109227983,0.0013923476283055724,0.025794917737533556,0.8718488561550903,,0.9460224047824893,-3.7130668198846335,283.5,2026-08-28 13:12:55.831561728+09:00
,,0.01981283425145589,0.024402570109227983,0.0013923476283055724,0.025794917737533556,0.8706187951079537,,0.9460224047824893,-3.7130668198846335,283.6,2026-08-28 13:12:55.931561728+09:00
,,0.019792428935167493,0.024402570109227983,0.0013923476283055724,0.025794917737533556,0.8695199155712525,,0.9460224047824893,-3.7130668198846335,283.7,2026-08-28 13:12:56.031561728+09:00
,,0.019772023618879093,0.024402570109227983,0.0013923476283055724,0.025794917737533556,0.8685522175449868,,0.9460224047824893,-3.7130668198846335,283.8,2026-08-28 13:12:56.131561728+09:00
,,0.019751618302590698,0.024402570109227983,0.0013923476283055724,0.025794917737533556,0.8669694921589016,,0.9460224047824893,-3.7130668198846335,283.9,2026-08-28 13:12:56.231561728+09:00
,,0.0197312129863023,0.024402570109227983,0.0013923476283055724,0.025794917737533556,0.8657235906204589,,0.9460224047824893,-3.7130668198846335,284.0,2026-08-28 13:12:56.331561728+09:00
,,0.019710807670013906,0.024402570109227983,0.0013923476283055724,0.025794917737533556,0.8646088705924514,,0.9460224047824893,-3.7130668198846335,284.1,2026-08-28 13:12:56.431561728+09:00
,,0.01969040235372551,0.022784568124304468,0.0012548219904155366,0.043729792468445515,0.8636253320748795,0.4502743151121443,0.5210307856078971,-3.7816718088323897,284.2,2026-08-28 13:12:56.531561728+09:00
,,0.01969040235372551,0.022784568124304468,0.0012548219904155366,0.043729792468445515,0.8626417935573073,0.4502743151121443,0.5210307856078971,-3.7816718088323897,284.3,2026-08-28 13:12:56.631561728+09:00
,,0.01969040235372551,0.022784568124304468,0.0012548219904155366,0.043729792468445515,0.8616582550397354,0.4502743151121443,0.5210307856078971,-3.7816718088323897,284.4,2026-08-28 13:12:56.731561728+09:00
,,0.01969040235372551,0.022784568124304468,0.0012548219904155366,0.043729792468445515,0.8606747165221632,0.4502743151121443,0.5210307856078971,-3.7816718088323897,284.5,2026-08-28 13:12:56.831561728+09:00
,,0.01969040235372551,0.022784568124304468,0.0012548219904155366,0.043729792468445515,0.8596911780045913,0.4502743151121443,0.5210307856078971,-3.7816718088323897,284.6,2026-08-28 13:12:56.931561728+09:00
,,0.01969040235372551,0.022784568124304468,0.0012548219904155366,0.043729792468445515,0.85819580667537,0.4502743151121443,0.5210307856078971,-3.7816718088323897,284.7,2026-08-28 13:12:57.031561728+09:00
,,0.01969040235372551,0.022784568124304468,0.0012548219904155366,0.043729792468445515,0.8570121398636608,0.4502743151121443,0.5210307856078971,-3.7816718088323897,284.8,2026-08-28 13:12:57.131561728+09:00
,,0.019884104032623882,0.01319744804617389,0.0008756544928868773,0.014073102539060767,0.8562446121735596,,0.9377781487446394,-4.327731797915745,284.9,2026-08-28 13:12:57.231561728+09:00
,,0.020077805711522255,0.02137974445305743,0.0011660324834400777,0.04262358264801976,0.855893223605067,0.4710492282481807,0.5015942613179352,-3.845311326073255,285.0,2026-08-28 13:12:57.331561728+09:00
,,0.020077805711522255,0.02137974445305743,0.0011660324834400777,0.04262358264801976,0.8555418350365744,0.4710492282481807,0.5015942613179352,-3.845311326073255,285.1,2026-08-28 13:12:57.431561728+09:00
,,0.020077805711522255,0.02137974445305743,0.0011660324834400777,0.04262358264801976,0.8551904464680818,0.4710492282481807,0.5015942613179352,-3.845311326073255,285.2,2026-08-28 13:12:57.531561728+09:00
,,0.020077805711522255,0.02137974445305743,0.0011660324834400777,0.04262358264801976,0.8548390578995892,0.4710492282481807,0.5015942613179352,-3.845311326073255,285.3,2026-08-28 13:12:57.631561728+09:00
,,0.020077805711522255,0.02137974445305743,0.0011660324834400777,0.04262358264801976,0.8544876693310967,0.4710492282481807,0.5015942613179352,-3.845311326073255,285.4,2026-08-28 13:12:57.731561728+09:00
,,0.020077805711522255,0.02137974445305743,0.0011660324834400777,0.04262358264801976,0.854447936327847,0.4710492282481807,0.5015942613179352,-3.845311326073255,285.5,2026-08-28 13:12:57.831561728+09:00
,,0.020077805711522255,0.02137974445305743,0.0011660324834400777,0.04262358264801976,0.8541291694400361,0.4710492282481807,0.5015942613179352,-3.845311326073255,285.6,2026-08-28 13:12:57.931561728+09:00
,,0.020395812067557837,0.012803589361988565,0.000897356295413172,0.013700945657401736,0.8542839938286982,,0.9345040614091927,-4.358029728461242,285.7,2026-08-28 13:12:58.031561728+09:00
,,0.02071381842359342,0.020221416190154617,0.0011153760759820082,0.042050610689730046,0.8549124094938337,0.49259257080545377,0.480882818548299,-3.901013028764559,285.8,2026-08-28 13:12:58.131561728+09:00
,,0.02071381842359342,0.020221416190154617,0.0011153760759820082,0.042050610689730046,0.8555408251589689,0.49259257080545377,0.480882818548299,-3.901013028764559,285.9,2026-08-28 13:12:58.231561728+09:00
,,0.02071381842359342,0.020221416190154617,0.0011153760759820082,0.042050610689730046,0.8561692408241044,0.49259257080545377,0.480882818548299,-3.901013028764559,286.0,2026-08-28 13:12:58.331561728+09:00
,,0.02071381842359342,0.020221416190154617,0.0011153760759820082,0.042050610689730046,0.8567976564892396,0.49259257080545377,0.480882818548299,-3.901013028764559,286.1,2026-08-28 13:12:58.431561728+09:00
,,0.02071381842359342,0.020221416190154617,0.0011153760759820082,0.042050610689730046,0.8574260721543747,0.49259257080545377,0.480882818548299,-3.901013028764559,286.2,2026-08-28 13:12:58.531561728+09:00
,,0.02071381842359342,0.020221416190154617,0.0011153760759820082,0.042050610689730046,0.858423118519304,0.49259257080545377,0.480882818548299,-3.901013028764559,286.3,2026-08-28 13:12:58.631561728+09:00
,,0.02167445559540861,0.019781121101286495,0.0012539542358331966,0.0427095309325283,0.8602130947091007,0.5074852175185324,0.463154726108707,-3.923027275865604,286.4,2026-08-28 13:12:58.731561728+09:00
,,0.02167445559540861,0.019781121101286495,0.0012539542358331966,0.0427095309325283,0.8619888643201916,0.5074852175185324,0.463154726108707,-3.923027275865604,286.5,2026-08-28 13:12:58.831561728+09:00
,,0.0213425911875495,0.019184038375881195,0.0010710178688311174,0.04159764743226182,0.8639513444872539,0.5130720727008438,0.4611808494006962,-3.953676680288158,286.6,2026-08-28 13:12:58.931561728+09:00
,,0.0213425911875495,0.019184038375881195,0.0010710178688311174,0.04159764743226182,0.8659138246543162,0.5130720727008438,0.4611808494006962,-3.953676680288158,286.7,2026-08-28 13:12:59.031561728+09:00
,,0.0213425911875495,0.019184038375881195,0.0010710178688311174,0.04159764743226182,0.8678763048213786,0.5130720727008438,0.4611808494006962,-3.953676680288158,286.8,2026-08-28 13:12:59.131561728+09:00
,,0.0213425911875495,0.019184038375881195,0.0010710178688311174,0.04159764743226182,0.869838784988441,0.5130720727008438,0.4611808494006962,-3.953676680288158,286.9,2026-08-28 13:12:59.231561728+09:00
,,0.0213425911875495,0.019184038375881195,0.0010710178688311174,0.04159764743226182,0.8718012651555033,0.5130720727008438,0.4611808494006962,-3.953676680288158,287.0,2026-08-28 13:12:59.331561728+09:00
,,0.0213425911875495,0.019184038375881195,0.0010710178688311174,0.04159764743226182,0.8741953534116224,0.5130720727008438,0.4611808494006962,-3.953676680288158,287.1,2026-08-28 13:12:59.431561728+09:00
,,0.021503820480053067,0.012805753328965032,0.0010601462269387667,0.013865899555903798,0.8769149359655686,,0.9235429174526669,-4.357860730216521,287.2,2026-08-28 13:12:59.531561728+09:00
,,0.02166504977255663,0.012805753328965032,0.0010601462269387667,0.013865899555903798,0.8799600128173419,,0.9235429174526669,-4.357860730216521,287.3,2026-08-28 13:12:59.631561728+09:00
,,0.021826279065060194,0.018182480419478248,0.0010199589630835307,0.04102871844762197,0.8834960070621611,0.5319756475680328,0.4431647174817401,-4.007296762824471,287.4,2026-08-28 13:12:59.731561728+09:00
,,0.021826279065060194,0.018182480419478248,0.0010199589630835307,0.04102871844762197,0.8870320013069802,0.5319756475680328,0.4431647174817401,-4.007296762824471,287.5,2026-08-28 13:12:59.831561728+09:00
,,0.021826279065060194,0.018182480419478248,0.0010199589630835307,0.04102871844762197,0.8905679955517994,0.5319756475680328,0.4431647174817401,-4.007296762824471,287.6,2026-08-28 13:12:59.931561728+09:00
,,0.021826279065060194,0.018182480419478248,0.0010199589630835307,0.04102871844762197,0.8941039897966185,0.5319756475680328,0.4431647174817401,-4.007296762824471,287.7,2026-08-28 13:13:00.031561728+09:00
,,0.021826279065060194,0.018182480419478248,0.0010199589630835307,0.04102871844762197,0.8976399840414379,0.5319756475680328,0.4431647174817401,-4.007296762824471,287.8,2026-08-28 13:13:00.131561728+09:00
,,0.021826279065060194,0.018182480419478248,0.0010199589630835307,0.04102871844762197,0.9016289242456319,0.5319756475680328,0.4431647174817401,-4.007296762824471,287.9,2026-08-28 13:13:00.231561728+09:00
,,0.02216320081105673,0.0174566586364064,0.0011265448348192033,0.04074640428228233,0.9063868797579281,0.5439302240638177,0.42842206432426333,-4.048034119370047,288.0,2026-08-28 13:13:00.331561728+09:00
,,0.02216320081105673,0.0174566586364064,0.0011265448348192033,0.04074640428228233,0.9111448352702243,0.5439302240638177,0.42842206432426333,-4.048034119370047,288.1,2026-08-28 13:13:00.431561728+09:00
,,0.02178415391644538,0.017143523575846545,0.0009504997219610895,0.03987817721425301,0.9159147897745725,0.5462675437597339,0.42989737178155707,-4.066134810753312,288.2,2026-08-28 13:13:00.531561728+09:00
,,0.02178415391644538,0.017143523575846545,0.0009504997219610895,0.03987817721425301,0.9187064364674422,0.5462675437597339,0.42989737178155707,-4.066134810753312,288.3,2026-08-28 13:13:00.631561728+09:00
,,0.02178415391644538,0.017143523575846545,0.0009504997219610895,0.03987817721425301,0.921498083160312,0.5462675437597339,0.42989737178155707,-4.066134810753312,288.4,2026-08-28 13:13:00.731561728+09:00
,,0.02178415391644538,0.017143523575846545,0.0009504997219610895,0.03987817721425301,0.9242897298531817,0.5462675437597339,0.42989737178155707,-4.066134810753312,288.5,2026-08-28 13:13:00.831561728+09:00
,,0.02178415391644538,0.017143523575846545,0.0009504997219610895,0.03987817721425301,0.9270813765460514,0.5462675437597339,0.42989737178155707,-4.066134810753312,288.6,2026-08-28 13:13:00.931561728+09:00
,,0.02178415391644538,0.017143523575846545,0.0009504997219610895,0.03987817721425301,0.9324738001672429,0.5462675437597339,0.42989737178155707,-4.066134810753312,288.7,2026-08-28 13:13:01.031561728+09:00
,,0.021699579369193468,0.01634887362234392,0.0010401101671984366,0.03908856315873583,0.9384950007227373,0.5551388338597416,0.4182520998777142,-4.11359627561177,288.8,2026-08-28 13:13:01.131561728+09:00
,,0.021699579369193468,0.01634887362234392,0.0010401101671984366,0.03908856315873583,0.9445162012782318,0.5551388338597416,0.4182520998777142,-4.11359627561177,288.9,2026-08-28 13:13:01.231561728+09:00
,,0.021699579369193468,0.01634887362234392,0.0010401101671984366,0.03908856315873583,0.9505374018337263,0.5551388338597416,0.4182520998777142,-4.11359627561177,289.0,2026-08-28 13:13:01.331561728+09:00
,,0.02118991279581159,0.01611413919344025,0.0008713718502623805,0.038175423839514215,0.9564220021359476,0.5550668640875326,0.4221076696144234,-4.128058181620488,289.1,2026-08-28 13:13:01.431561728+09:00
,,0.02118991279581159,0.01611413919344025,0.0008713718502623805,0.038175423839514215,0.9624189090166644,0.5550668640875326,0.4221076696144234,-4.128058181620488,289.2,2026-08-28 13:13:01.531561728+09:00
,,0.02118991279581159,0.01611413919344025,0.0008713718502623805,0.038175423839514215,0.9685281224758769,0.5550668640875326,0.4221076696144234,-4.128058181620488,289.3,2026-08-28 13:13:01.631561728+09:00
,,0.02118991279581159,0.01611413919344025,0.0008713718502623805,0.038175423839514215,0.9747496425135852,0.5550668640875326,0.4221076696144234,-4.128058181620488,289.4,2026-08-28 13:13:01.731561728+09:00
,,0.02118991279581159,0.01611413919344025,0.0008713718502623805,0.038175423839514215,0.9810834691297887,0.5550668640875326,0.4221076696144234,-4.128058181620488,289.5,2026-08-28 13:13:01.831561728+09:00
,,0.02118991279581159,0.01611413919344025,0.0008713718502623805,0.038175423839514215,0.9874172957459927,0.5550668640875326,0.4221076696144234,-4.128058181620488,289.6,2026-08-28 13:13:01.931561728+09:00
,,0.016297848098835006,0.015030014109730871,0.0013126627653647486,0.03264052497393063,0.9911885075295648,0.49931329572216715,0.46047096735530635,-4.197706136446512,289.7,2026-08-28 13:13:02.031561728+09:00
,,0.016297848098835006,0.015030014109730871,0.0013126627653647486,0.03264052497393063,0.9949597193131372,0.49931329572216715,0.46047096735530635,-4.197706136446512,289.8,2026-08-28 13:13:02.131561728+09:00
,,0.020204477776775025,0.01522186469422811,0.0007952621048782274,0.03622160457588137,1.0014306994915423,0.5578018426668057,0.4202426941727421,-4.18502241800655,289.9,2026-08-28 13:13:02.231561728+09:00
,,0.020204477776775025,0.01522186469422811,0.0007952621048782274,0.03622160457588137,1.0078165445189882,0.5578018426668057,0.4202426941727421,-4.18502241800655,290.0,2026-08-28 13:13:02.331561728+09:00
,,0.020204477776775025,0.01522186469422811,0.0007952621048782274,0.03622160457588137,1.0142023895464343,0.5578018426668057,0.4202426941727421,-4.18502241800655,290.1,2026-08-28 13:13:02.431561728+09:00
,,0.020204477776775025,0.01522186469422811,0.0007952621048782274,0.03622160457588137,1.0208926783219257,0.5578018426668057,0.4202426941727421,-4.18502241800655,290.2,2026-08-28 13:13:02.531561728+09:00
,,0.020204477776775025,0.01522186469422811,0.0007952621048782274,0.03622160457588137,1.027582967097417,0.5578018426668057,0.4202426941727421,-4.18502241800655,290.3,2026-08-28 13:13:02.631561728+09:00
,,0.020204477776775025,0.01522186469422811,0.0007952621048782274,0.03622160457588137,1.0342732558729084,0.5578018426668057,0.4202426941727421,-4.18502241800655,290.4,2026-08-28 13:13:02.731561728+09:00
,,0.0197626220345391,0.014585901105780223,0.0008631816187268653,0.03521170475904619,1.0412699893449846,0.5612514977554989,0.41423444861848047,-4.227699894521223,290.5,2026-08-28 13:13:02.831561728+09:00
,,0.0197626220345391,0.014585901105780223,0.0008631816187268653,0.03521170475904619,1.048266722817061,0.5612514977554989,0.41423444861848047,-4.227699894521223,290.6,2026-08-28 13:13:02.931561728+09:00
,,0.0197626220345391,0.014585901105780223,0.0008631816187268653,0.03521170475904619,1.0552634562891372,0.5612514977554989,0.41423444861848047,-4.227699894521223,290.7,2026-08-28 13:13:03.031561728+09:00
,,0.01534293292073485,0.017839494910643107,0.0012379197905601417,0.034420347621938095,1.0565176214895073,0.44575182939047087,0.518283403369028,-4.026340464414753,290.8,2026-08-28 13:13:03.131561728+09:00
,,0.01534293292073485,0.017839494910643107,0.0012379197905601417,0.034420347621938095,1.0577717866898777,0.44575182939047087,0.518283403369028,-4.026340464414753,290.9,2026-08-28 13:13:03.231561728+09:00
,,0.01534293292073485,0.017839494910643107,0.0012379197905601417,0.034420347621938095,1.0585545783146058,0.44575182939047087,0.518283403369028,-4.026340464414753,291.0,2026-08-28 13:13:03.331561728+09:00
,,0.01534293292073485,0.017839494910643107,0.0012379197905601417,0.034420347621938095,1.0588659963636915,0.44575182939047087,0.518283403369028,-4.026340464414753,291.1,2026-08-28 13:13:03.431561728+09:00
,,0.01534293292073485,0.017839494910643107,0.0012379197905601417,0.034420347621938095,1.0587060408371352,0.44575182939047087,0.518283403369028,-4.026340464414753,291.2,2026-08-28 13:13:03.531561728+09:00
,,0.01534293292073485,0.017839494910643107,0.0012379197905601417,0.034420347621938095,1.0580747117349365,0.44575182939047087,0.518283403369028,-4.026340464414753,291.3,2026-08-28 13:13:03.631561728+09:00
,,0.018751746758066516,0.013996346607369002,0.000800056871119751,0.033548150236555274,1.062302074387435,0.5589502439283206,0.4172017386555661,-4.268958940038481,291.4,2026-08-28 13:13:03.731561728+09:00
,,0.018751746758066516,0.013996346607369002,0.000800056871119751,0.033548150236555274,1.0660580634642913,0.5589502439283206,0.4172017386555661,-4.268958940038481,291.5,2026-08-28 13:13:03.831561728+09:00
,,0.018277964194976237,0.014041915753297168,0.0006971120579605851,0.033016992006233994,1.0689194743764872,0.5535926528838588,0.4252936109578332,-4.26570844002784,291.6,2026-08-28 13:13:03.931561728+09:00
,,0.018277964194976237,0.014041915753297168,0.0006971120579605851,0.033016992006233994,1.074960914959847,0.5535926528838588,0.4252936109578332,-4.26570844002784,291.7,2026-08-28 13:13:04.031561728+09:00
,,0.018277964194976237,0.014041915753297168,0.0006971120579605851,0.033016992006233994,1.081002355543207,0.5535926528838588,0.4252936109578332,-4.26570844002784,291.8,2026-08-28 13:13:04.131561728+09:00
,,0.018277964194976237,0.014041915753297168,0.0006971120579605851,0.033016992006233994,1.0870437961265667,0.5535926528838588,0.4252936109578332,-4.26570844002784,291.9,2026-08-28 13:13:04.231561728+09:00
,,0.018277964194976237,0.014041915753297168,0.0006971120579605851,0.033016992006233994,1.0930852367099266,0.5535926528838588,0.4252936109578332,-4.26570844002784,292.0,2026-08-28 13:13:04.331561728+09:00
,,0.018277964194976237,0.014041915753297168,0.0006971120579605851,0.033016992006233994,1.0991266772932864,0.5535926528838588,0.4252936109578332,-4.26570844002784,292.1,2026-08-28 13:13:04.431561728+09:00
,,0.018277964194976237,0.014041915753297168,0.0006971120579605851,0.033016992006233994,1.1051681178766464,0.5535926528838588,0.4252936109578332,-4.26570844002784,292.2,2026-08-28 13:13:04.531561728+09:00
,,0.018148514048480235,0.013677131644671672,0.0007636480244695338,0.03258929371762145,1.1114901395458174,0.556885773767693,0.4196817446607096,-4.292030063869729,292.3,2026-08-28 13:13:04.631561728+09:00
,,0.018148514048480235,0.013677131644671672,0.0007636480244695338,0.03258929371762145,1.1176809797045533,0.556885773767693,0.4196817446607096,-4.292030063869729,292.4,2026-08-28 13:13:04.731561728+09:00
,,0.01783197374420707,0.013769611181141426,0.0006774661506136829,0.03227905107596218,1.1233861914692096,0.5524317831476256,0.42658042049431527,-4.285291203303894,292.5,2026-08-28 13:13:04.831561728+09:00
,,0.01783197374420707,0.013769611181141426,0.0006774661506136829,0.03227905107596218,1.1289602217234305,0.5524317831476256,0.42658042049431527,-4.285291203303894,292.6,2026-08-28 13:13:04.931561728+09:00
,,0.01783197374420707,0.013769611181141426,0.0006774661506136829,0.03227905107596218,1.1344030704672161,0.5524317831476256,0.42658042049431527,-4.285291203303894,292.7,2026-08-28 13:13:05.031561728+09:00
,,0.01783197374420707,0.013769611181141426,0.0006774661506136829,0.03227905107596218,1.139714737700566,0.5524317831476256,0.42658042049431527,-4.285291203303894,292.8,2026-08-28 13:13:05.131561728+09:00
,,0.01783197374420707,0.013769611181141426,0.0006774661506136829,0.03227905107596218,1.144895223423481,0.5524317831476256,0.42658042049431527,-4.285291203303894,292.9,2026-08-28 13:13:05.231561728+09:00
,,0.01783197374420707,0.013769611181141426,0.0006774661506136829,0.03227905107596218,1.1499445276359603,0.5524317831476256,0.42658042049431527,-4.285291203303894,293.0,2026-08-28 13:13:05.331561728+09:00
,,0.01783197374420707,0.013769611181141426,0.0006774661506136829,0.03227905107596218,1.1548626503380044,0.5524317831476256,0.42658042049431527,-4.285291203303894,293.1,2026-08-28 13:13:05.431561728+09:00
,,0.017755744589367718,0.013400074551275594,0.0007323220671050202,0.031888141207748334,1.1599831962769724,0.5568134082727074,0.4202212497735547,-4.312495008512719,293.2,2026-08-28 13:13:05.531561728+09:00
,,0.017377719616774246,0.02829079417659255,0.0017968778598955824,0.04746539165326238,1.1572060234973705,0.36611347787287973,0.5960299323612149,-3.5652188213658893,293.3,2026-08-28 13:13:05.631561728+09:00
,,0.017377719616774246,0.02829079417659255,0.0017968778598955824,0.04746539165326238,1.1544288507177685,0.36611347787287973,0.5960299323612149,-3.5652188213658893,293.4,2026-08-28 13:13:05.731561728+09:00
,,0.017377719616774246,0.02829079417659255,0.0017968778598955824,0.04746539165326238,1.1516516779381665,0.36611347787287973,0.5960299323612149,-3.5652188213658893,293.5,2026-08-28 13:13:05.831561728+09:00
,,0.017377719616774246,0.02829079417659255,0.0017968778598955824,0.04746539165326238,1.1488745051585643,0.36611347787287973,0.5960299323612149,-3.5652188213658893,293.6,2026-08-28 13:13:05.931561728+09:00
,,0.017377719616774246,0.02829079417659255,0.0017968778598955824,0.04746539165326238,1.1460973323789625,0.36611347787287973,0.5960299323612149,-3.5652188213658893,293.7,2026-08-28 13:13:06.031561728+09:00
,,0.017377719616774246,0.02829079417659255,0.0017968778598955824,0.04746539165326238,1.1433201595993603,0.36611347787287973,0.5960299323612149,-3.5652188213658893,293.8,2026-08-28 13:13:06.131561728+09:00
,,0.017377719616774246,0.02829079417659255,0.0017968778598955824,0.04746539165326238,1.14012684769815,0.36611347787287973,0.5960299323612149,-3.5652188213658893,293.9,2026-08-28 13:13:06.231561728+09:00
,,0.017377719616774246,0.02829079417659255,0.0017968778598955824,0.04746539165326238,1.1365173966753315,0.36611347787287973,0.5960299323612149,-3.5652188213658893,294.0,2026-08-28 13:13:06.331561728+09:00
,,0.016855045150815866,0.012732236211809614,0.0006022775356353452,0.030189558898260825,1.1407918922833507,0.5583071023865427,0.4217430355546897,-4.36361821712603,294.1,2026-08-28 13:13:06.431561728+09:00
,,0.016855045150815866,0.012732236211809614,0.0006022775356353452,0.030189558898260825,1.1450663878913696,0.5583071023865427,0.4217430355546897,-4.36361821712603,294.2,2026-08-28 13:13:06.531561728+09:00
,,0.016855045150815866,0.012732236211809614,0.0006022775356353452,0.030189558898260825,1.149340883499389,0.5583071023865427,0.4217430355546897,-4.36361821712603,294.3,2026-08-28 13:13:06.631561728+09:00
,,0.016855045150815866,0.012732236211809614,0.0006022775356353452,0.030189558898260825,1.153615379107408,0.5583071023865427,0.4217430355546897,-4.36361821712603,294.4,2026-08-28 13:13:06.731561728+09:00
,,0.016855045150815866,0.012732236211809614,0.0006022775356353452,0.030189558898260825,1.1578898747154271,0.5583071023865427,0.4217430355546897,-4.36361821712603,294.5,2026-08-28 13:13:06.831561728+09:00
,,0.016855045150815866,0.012732236211809614,0.0006022775356353452,0.030189558898260825,1.1621643703234463,0.5583071023865427,0.4217430355546897,-4.36361821712603,294.6,2026-08-28 13:13:06.931561728+09:00
,,0.016855045150815866,0.012732236211809614,0.0006022775356353452,0.030189558898260825,1.1659652746549924,0.5583071023865427,0.4217430355546897,-4.36361821712603,294.7,2026-08-28 13:13:07.031561728+09:00
,,0.016855045150815866,0.012732236211809614,0.0006022775356353452,0.030189558898260825,1.1692925877100653,0.5583071023865427,0.4217430355546897,-4.36361821712603,294.8,2026-08-28 13:13:07.131561728+09:00
,,0.01652575991903322,0.012450836709447079,0.0005476708261127318,0.029524267454593026,1.1726584826251079,0.5597347993290294,0.4217153475050955,-4.385967452751536,294.9,2026-08-28 13:13:07.231561728+09:00
,,0.021296962125405678,0.03565149750832643,0.0020517912511986438,0.059000250884930744,1.167914200597823,0.36096392483044737,0.604260100145306,-3.333964127160394,295.0,2026-08-28 13:13:07.331561728+09:00
,,0.021296962125405678,0.03565149750832643,0.0020517912511986438,0.059000250884930744,1.1631699185705378,0.36096392483044737,0.604260100145306,-3.333964127160394,295.1,2026-08-28 13:13:07.431561728+09:00
,,0.021296962125405678,0.03565149750832643,0.0020517912511986438,0.059000250884930744,1.1584256365432528,0.36096392483044737,0.604260100145306,-3.333964127160394,295.2,2026-08-28 13:13:07.531561728+09:00
,,0.021296962125405678,0.03565149750832643,0.0020517912511986438,0.059000250884930744,1.1536813545159676,0.36096392483044737,0.604260100145306,-3.333964127160394,295.3,2026-08-28 13:13:07.631561728+09:00
,,0.021296962125405678,0.03565149750832643,0.0020517912511986438,0.059000250884930744,1.1481441426638153,0.36096392483044737,0.604260100145306,-3.333964127160394,295.4,2026-08-28 13:13:07.731561728+09:00
,,0.021296962125405678,0.03565149750832643,0.0020517912511986438,0.059000250884930744,1.1426069308116626,0.36096392483044737,0.604260100145306,-3.333964127160394,295.5,2026-08-28 13:13:07.831561728+09:00
,,0.021296962125405678,0.03565149750832643,0.0020517912511986438,0.059000250884930744,1.136883008403539,0.36096392483044737,0.604260100145306,-3.333964127160394,295.6,2026-08-28 13:13:07.931561728+09:00
,,0.02239297409214834,0.03723200094604326,0.00195546329830474,0.06158043833649634,1.1312044096987788,0.36363778331335606,0.6046075986435013,-3.2905866470127885,295.7,2026-08-28 13:13:08.031561728+09:00
,,0.02239297409214834,0.03723200094604326,0.00195546329830474,0.06158043833649634,1.1255258109940187,0.36363778331335606,0.6046075986435013,-3.2905866470127885,295.8,2026-08-28 13:13:08.131561728+09:00
,,0.02239297409214834,0.03723200094604326,0.00195546329830474,0.06158043833649634,1.1198472122892587,0.36363778331335606,0.6046075986435013,-3.2905866470127885,295.9,2026-08-28 13:13:08.231561728+09:00
,,0.014871012757965938,0.010605588486271396,0.00048779143688869764,0.02596439268112603,1.123065749081783,0.572746412388684,0.4084666495581382,-4.546374201107496,296.0,2026-08-28 13:13:08.331561728+09:00
,,0.014871012757965938,0.010605588486271396,0.00048779143688869764,0.02596439268112603,1.1262842858743076,0.572746412388684,0.4084666495581382,-4.546374201107496,296.1,2026-08-28 13:13:08.431561728+09:00
,,0.014871012757965938,0.010605588486271396,0.00048779143688869764,0.02596439268112603,1.1291773283690048,0.572746412388684,0.4084666495581382,-4.546374201107496,296.2,2026-08-28 13:13:08.531561728+09:00
,,0.014871012757965938,0.010605588486271396,0.00048779143688869764,0.02596439268112603,1.1317448765658749,0.572746412388684,0.4084666495581382,-4.546374201107496,296.3,2026-08-28 13:13:08.631561728+09:00
,,0.014871012757965938,0.010605588486271396,0.00048779143688869764,0.02596439268112603,1.1339869304649175,0.572746412388684,0.4084666495581382,-4.546374201107496,296.4,2026-08-28 13:13:08.731561728+09:00
,,0.01444437400974477,0.010119810417221575,0.00044053729586666294,0.02500472172283301,1.136508428214539,0.5776658572670665,0.40471597842181506,-4.59326034877442,296.5,2026-08-28 13:13:08.831561728+09:00
,,0.01444437400974477,0.010119810417221575,0.00044053729586666294,0.02500472172283301,1.1390299259641603,0.5776658572670665,0.40471597842181506,-4.59326034877442,296.6,2026-08-28 13:13:08.931561728+09:00
,,0.01444437400974477,0.010119810417221575,0.00044053729586666294,0.02500472172283301,1.1415514237137818,0.5776658572670665,0.40471597842181506,-4.59326034877442,296.7,2026-08-28 13:13:09.031561728+09:00
,,0.013988514437118668,0.009648687204700749,0.0004303049234111024,0.02406750656523052,1.1443223414035633,0.581219928171844,0.4009009898283301,-4.640933413849306,296.8,2026-08-28 13:13:09.131561728+09:00
,,0.013988514437118668,0.009648687204700749,0.0004303049234111024,0.02406750656523052,1.1470932590933445,0.581219928171844,0.4009009898283301,-4.640933413849306,296.9,2026-08-28 13:13:09.231561728+09:00
,,0.013988514437118668,0.009648687204700749,0.0004303049234111024,0.02406750656523052,1.1490951614750236,0.581219928171844,0.4009009898283301,-4.640933413849306,297.0,2026-08-28 13:13:09.331561728+09:00
,,0.013988514437118668,0.009648687204700749,0.0004303049234111024,0.02406750656523052,1.1510970638567029,0.581219928171844,0.4009009898283301,-4.640933413849306,297.1,2026-08-28 13:13:09.431561728+09:00
,,0.013988514437118668,0.009648687204700749,0.0004303049234111024,0.02406750656523052,1.1530869672463298,0.581219928171844,0.4009009898283301,-4.640933413849306,297.2,2026-08-28 13:13:09.531561728+09:00
,,0.013651541543767234,0.009204534037539269,0.00038751794717363616,0.023243593528480138,1.1554474046426821,0.5873249128642755,0.3960030546163633,-4.688059086160733,297.3,2026-08-28 13:13:09.631561728+09:00
,,0.013651541543767234,0.009204534037539269,0.00038751794717363616,0.023243593528480138,1.1578078420390343,0.5873249128642755,0.3960030546163633,-4.688059086160733,297.4,2026-08-28 13:13:09.731561728+09:00
,,0.013651541543767234,0.009204534037539269,0.00038751794717363616,0.023243593528480138,1.1601682794353865,0.5873249128642755,0.3960030546163633,-4.688059086160733,297.5,2026-08-28 13:13:09.831561728+09:00
,,0.013651541543767234,0.009204534037539269,0.00038751794717363616,0.023243593528480138,1.1625287168317389,0.5873249128642755,0.3960030546163633,-4.688059086160733,297.6,2026-08-28 13:13:09.931561728+09:00
,,0.013504471350034958,0.008962066443006383,0.0003862437459778285,0.022852781539019172,1.1651526615634813,0.5909333761834299,0.3921652350154584,-4.714754448786443,297.7,2026-08-28 13:13:10.031561728+09:00
,,0.013504471350034958,0.008962066443006383,0.0003862437459778285,0.022852781539019172,1.1671478293609205,0.5909333761834299,0.3921652350154584,-4.714754448786443,297.8,2026-08-28 13:13:10.131561728+09:00
,,0.013504471350034958,0.008962066443006383,0.0003862437459778285,0.022852781539019172,1.16914299715836,0.5909333761834299,0.3921652350154584,-4.714754448786443,297.9,2026-08-28 13:13:10.231561728+09:00
,,0.013504471350034958,0.008962066443006383,0.0003862437459778285,0.022852781539019172,1.1711381649557995,0.5909333761834299,0.3921652350154584,-4.714754448786443,298.0,2026-08-28 13:13:10.331561728+09:00
,,0.013394447013774841,0.00865669003034229,0.0003509725436179652,0.022402109587735097,1.1737193368530632,0.5979100745542353,0.38642298380156703,-4.749422843056364,298.1,2026-08-28 13:13:10.431561728+09:00
,,0.013394447013774841,0.00865669003034229,0.0003509725436179652,0.022402109587735097,1.1763005087503269,0.5979100745542353,0.38642298380156703,-4.749422843056364,298.2,2026-08-28 13:13:10.531561728+09:00
,,0.013394447013774841,0.00865669003034229,0.0003509725436179652,0.022402109587735097,1.1788816806475906,0.5979100745542353,0.38642298380156703,-4.749422843056364,298.3,2026-08-28 13:13:10.631561728+09:00
,,0.013394447013774841,0.00865669003034229,0.0003509725436179652,0.022402109587735097,1.1814628525448543,0.5979100745542353,0.38642298380156703,-4.749422843056364,298.4,2026-08-28 13:13:10.731561728+09:00
,,0.013394447013774841,0.00865669003034229,0.0003509725436179652,0.022402109587735097,1.184044024442118,0.5979100745542353,0.38642298380156703,-4.749422843056364,298.5,2026-08-28 13:13:10.831561728+09:00
,,0.013556501095318913,0.008606330309073394,0.0003608950661365404,0.022523726470528846,1.1869350140121564,0.6018764751497452,0.38210064042174996,-4.7552572640481,298.6,2026-08-28 13:13:10.931561728+09:00
,,0.013556501095318913,0.008606330309073394,0.0003608950661365404,0.022523726470528846,1.1923886184148262,0.6018764751497452,0.38210064042174996,-4.7552572640481,298.7,2026-08-28 13:13:11.031561728+09:00
,,0.013556501095318913,0.008606330309073394,0.0003608950661365404,0.022523726470528846,1.1978422228174963,0.6018764751497452,0.38210064042174996,-4.7552572640481,298.8,2026-08-28 13:13:11.131561728+09:00
,,0.013709254111673924,0.00846607483099725,0.0003309960423368422,0.022506324985008017,1.2010864872573075,0.6091289502309228,0.37616424878947136,-4.771688297919723,298.9,2026-08-28 13:13:11.231561728+09:00
,,0.013709254111673924,0.00846607483099725,0.0003309960423368422,0.022506324985008017,1.2043307516971191,0.6091289502309228,0.37616424878947136,-4.771688297919723,299.0,2026-08-28 13:13:11.331561728+09:00
,,0.013709254111673924,0.00846607483099725,0.0003309960423368422,0.022506324985008017,1.2075750161369305,0.6091289502309228,0.37616424878947136,-4.771688297919723,299.1,2026-08-28 13:13:11.431561728+09:00
,,0.013709254111673924,0.00846607483099725,0.0003309960423368422,0.022506324985008017,1.2108192805767417,0.6091289502309228,0.37616424878947136,-4.771688297919723,299.2,2026-08-28 13:13:11.531561728+09:00
,,0.013709254111673924,0.00846607483099725,0.0003309960423368422,0.022506324985008017,1.2140635450165533,0.6091289502309228,0.37616424878947136,-4.771688297919723,299.3,2026-08-28 13:13:11.631561728+09:00
,,0.013709254111673924,0.00846607483099725,0.0003309960423368422,0.022506324985008017,1.2173078094563647,0.6091289502309228,0.37616424878947136,-4.771688297919723,299.4,2026-08-28 13:13:11.731561728+09:00
,,0.014165907514984814,0.0085920997390623,0.0003535225903034945,0.02311152984435061,1.2205722589669405,0.6129368159696937,0.37176681063207745,-4.756912132919143,299.5,2026-08-28 13:13:11.831561728+09:00
,,0.014165907514984814,0.0085920997390623,0.0003535225903034945,0.02311152984435061,1.2238367084775161,0.6129368159696937,0.37176681063207745,-4.756912132919143,299.6,2026-08-28 13:13:11.931561728+09:00
,,0.01444421361080936,0.008552878206114192,0.00033076904950510105,0.023327860866428653,1.2275467144991086,0.619182945813783,0.36663791228379283,-4.761487420387349,299.7,2026-08-28 13:13:12.031561728+09:00
,,0.01444421361080936,0.008552878206114192,0.00033076904950510105,0.023327860866428653,1.2367551475830338,0.619182945813783,0.36663791228379283,-4.761487420387349,299.8,2026-08-28 13:13:12.131561728+09:00
,,0.01444421361080936,0.008552878206114192,0.00033076904950510105,0.023327860866428653,1.2459635806669593,0.619182945813783,0.36663791228379283,-4.761487420387349,299.9,2026-08-28 13:13:12.231561728+09:00
,,0.01444421361080936,0.008552878206114192,0.00033076904950510105,0.023327860866428653,1.2551720137508846,0.619182945813783,0.36663791228379283,-4.761487420387349,300.0,2026-08-28 13:13:12.331561728+09:00
,,0.01444421361080936,0.008552878206114192,0.00033076904950510105,0.023327860866428653,1.26438044683481,0.619182945813783,0.36663791228379283,-4.761487420387349,300.1,2026-08-28 13:13:12.431561728+09:00
,,0.01444421361080936,0.008552878206114192,0.00033076904950510105,0.023327860866428653,1.2735888799187356,0.619182945813783,0.36663791228379283,-4.761487420387349,300.2,2026-08-28 13:13:12.531561728+09:00
,,0.01510982448152974,0.008818510066965057,0.0003679491974164497,0.024296283745911248,1.2830707382262707,0.6218985849666219,0.3629571567071075,-4.730902349881103,300.3,2026-08-28 13:13:12.631561728+09:00
,,0.01510982448152974,0.008818510066965057,0.0003679491974164497,0.024296283745911248,1.2872225312034662,0.6218985849666219,0.3629571567071075,-4.730902349881103,300.4,2026-08-28 13:13:12.731561728+09:00
,,0.015392544893478959,0.008841136048524942,0.00035333995361918377,0.024587020895623084,1.2916809119414643,0.62604351128278,0.3595854937471834,-4.728339898313003,300.5,2026-08-28 13:13:12.831561728+09:00
,,0.015392544893478959,0.008841136048524942,0.00035333995361918377,0.024587020895623084,1.2965624972684808,0.62604351128278,0.3595854937471834,-4.728339898313003,300.6,2026-08-28 13:13:12.931561728+09:00
,,0.015392544893478959,0.008841136048524942,0.00035333995361918377,0.024587020895623084,1.3014440825954974,0.62604351128278,0.3595854937471834,-4.728339898313003,300.7,2026-08-28 13:13:13.031561728+09:00
,,0.015392544893478959,0.008841136048524942,0.00035333995361918377,0.024587020895623084,1.306325667922514,0.62604351128278,0.3595854937471834,-4.728339898313003,300.8,2026-08-28 13:13:13.131561728+09:00
,,0.015392544893478959,0.008841136048524942,0.00035333995361918377,0.024587020895623084,1.3112072532495307,0.62604351128278,0.3595854937471834,-4.728339898313003,300.9,2026-08-28 13:13:13.231561728+09:00
,,0.015392544893478959,0.008841136048524942,0.00035333995361918377,0.024587020895623084,1.316088838576547,0.62604351128278,0.3595854937471834,-4.728339898313003,301.0,2026-08-28 13:13:13.331561728+09:00
,,0.015392544893478959,0.008841136048524942,0.00035333995361918377,0.024587020895623084,1.3209704239035636,0.62604351128278,0.3595854937471834,-4.728339898313003,301.1,2026-08-28 13:13:13.431561728+09:00
,,0.016018512358682492,0.009147196130001872,0.00039579221549703824,0.025561500704181405,1.325965113064603,0.6266655680377228,0.357850512607249,-4.694307880534739,301.2,2026-08-28 13:13:13.531561728+09:00
,,0.016018512358682492,0.009147196130001872,0.00039579221549703824,0.025561500704181405,1.3306792211398317,0.6266655680377228,0.357850512607249,-4.694307880534739,301.3,2026-08-28 13:13:13.631561728+09:00
,,0.016108534868290558,0.009166876674271431,0.0003930149724495225,0.025668426515011514,1.3354606707803982,0.6275622254784452,0.35712655268956284,-4.69215865331963,301.4,2026-08-28 13:13:13.731561728+09:00
,,0.016108534868290558,0.009166876674271431,0.0003930149724495225,0.025668426515011514,1.340596567304609,0.6275622254784452,0.35712655268956284,-4.69215865331963,301.5,2026-08-28 13:13:13.831561728+09:00
,,0.016108534868290558,0.009166876674271431,0.0003930149724495225,0.025668426515011514,1.3457324638288197,0.6275622254784452,0.35712655268956284,-4.69215865331963,301.6,2026-08-28 13:13:13.931561728+09:00
,,0.016108534868290558,0.009166876674271431,0.0003930149724495225,0.025668426515011514,1.3508683603530303,0.6275622254784452,0.35712655268956284,-4.69215865331963,301.7,2026-08-28 13:13:14.031561728+09:00
,,0.016108534868290558,0.009166876674271431,0.0003930149724495225,0.025668426515011514,1.356004256877241,0.6275622254784452,0.35712655268956284,-4.69215865331963,301.8,2026-08-28 13:13:14.131561728+09:00
,,0.016108534868290558,0.009166876674271431,0.0003930149724495225,0.025668426515011514,1.3611401534014518,0.6275622254784452,0.35712655268956284,-4.69215865331963,301.9,2026-08-28 13:13:14.231561728+09:00
,,0.016536387837386063,0.00943727557958027,0.0004348947841842149,0.026408558201150546,1.3662203526933776,0.6261753372308534,0.3573567139749838,-4.6630879443368585,302.0,2026-08-28 13:13:14.331561728+09:00
,,0.016536387837386063,0.00943727557958027,0.0004348947841842149,0.026408558201150546,1.3713005519853032,0.6261753372308534,0.3573567139749838,-4.6630879443368585,302.1,2026-08-28 13:13:14.431561728+09:00
,,0.016536387837386063,0.00943727557958027,0.0004348947841842149,0.026408558201150546,1.3760471465298694,0.6261753372308534,0.3573567139749838,-4.6630879443368585,302.2,2026-08-28 13:13:14.531561728+09:00
,,0.016286710245029465,0.009369520702046408,0.0004467905351327097,0.026103021482208583,1.3885361634935651,0.6239396560329322,0.35894391415310023,-4.670293336436463,302.3,2026-08-28 13:13:14.631561728+09:00
,,0.016286710245029465,0.009369520702046408,0.0004467905351327097,0.026103021482208583,1.4010251804572609,0.6239396560329322,0.35894391415310023,-4.670293336436463,302.4,2026-08-28 13:13:14.731561728+09:00
,,0.016286710245029465,0.009369520702046408,0.0004467905351327097,0.026103021482208583,1.4135141974209569,0.6239396560329322,0.35894391415310023,-4.670293336436463,302.5,2026-08-28 13:13:14.831561728+09:00
,,0.016286710245029465,0.009369520702046408,0.0004467905351327097,0.026103021482208583,1.4260032143846526,0.6239396560329322,0.35894391415310023,-4.670293336436463,302.6,2026-08-28 13:13:14.931561728+09:00
,,0.016286710245029465,0.009369520702046408,0.0004467905351327097,0.026103021482208583,1.4384922313483484,0.6239396560329322,0.35894391415310023,-4.670293336436463,302.7,2026-08-28 13:13:15.031561728+09:00
,,0.016286710245029465,0.009369520702046408,0.0004467905351327097,0.026103021482208583,1.4509812483120441,0.6239396560329322,0.35894391415310023,-4.670293336436463,302.8,2026-08-28 13:13:15.131561728+09:00
,,0.016509852664604373,0.009601532832913944,0.00048803596499906845,0.026599421462517387,1.4632617844949585,0.6206846524037847,0.36096773181491776,-4.645832523159057,302.9,2026-08-28 13:13:15.231561728+09:00
,,0.016509852664604373,0.009601532832913944,0.00048803596499906845,0.026599421462517387,1.4755423206778728,0.6206846524037847,0.36096773181491776,-4.645832523159057,303.0,2026-08-28 13:13:15.331561728+09:00
,,0.016509852664604373,0.009601532832913944,0.00048803596499906845,0.026599421462517387,1.4799389102299494,0.6206846524037847,0.36096773181491776,-4.645832523159057,303.1,2026-08-28 13:13:15.431561728+09:00
,,0.023255866461386294,0.015897595048723977,0.0006943254358505902,0.03984778694596086,1.4814838620964916,0.5836175166496569,0.39895804176737154,-4.141587435993346,303.2,2026-08-28 13:13:15.531561728+09:00
,,0.023255866461386294,0.015897595048723977,0.0006943254358505902,0.03984778694596086,1.4830288139630337,0.5836175166496569,0.39895804176737154,-4.141587435993346,303.3,2026-08-28 13:13:15.631561728+09:00
,,0.023255866461386294,0.015897595048723977,0.0006943254358505902,0.03984778694596086,1.4845737658295757,0.5836175166496569,0.39895804176737154,-4.141587435993346,303.4,2026-08-28 13:13:15.731561728+09:00
,,0.023255866461386294,0.015897595048723977,0.0006943254358505902,0.03984778694596086,1.4861187176961177,0.5836175166496569,0.39895804176737154,-4.141587435993346,303.5,2026-08-28 13:13:15.831561728+09:00
,,0.023255866461386294,0.015897595048723977,0.0006943254358505902,0.03984778694596086,1.4876636695626597,0.5836175166496569,0.39895804176737154,-4.141587435993346,303.6,2026-08-28 13:13:15.931561728+09:00
,,0.01626443612744096,0.00971738280540233,0.000549519013871719,0.02653133794671501,1.4915518680313693,0.6130273625893318,0.3662605642021718,-4.633838955469886,303.7,2026-08-28 13:13:16.031561728+09:00
,,0.01626443612744096,0.00971738280540233,0.000549519013871719,0.02653133794671501,1.495440066500079,0.6130273625893318,0.3662605642021718,-4.633838955469886,303.8,2026-08-28 13:13:16.131561728+09:00
,,0.01626443612744096,0.00971738280540233,0.000549519013871719,0.02653133794671501,1.4992896831088192,0.6130273625893318,0.3662605642021718,-4.633838955469886,303.9,2026-08-28 13:13:16.231561728+09:00
,,0.01626443612744096,0.00971738280540233,0.000549519013871719,0.02653133794671501,1.5112494766598867,0.6130273625893318,0.3662605642021718,-4.633838955469886,304.0,2026-08-28 13:13:16.331561728+09:00
,,0.015851668769032632,0.00954246929421556,0.0005818476152916965,0.025975985678539888,1.5230695364405187,0.6102432055977194,0.3673573512207119,-4.652002991142515,304.1,2026-08-28 13:13:16.431561728+09:00
,,0.015851668769032632,0.00954246929421556,0.0005818476152916965,0.025975985678539888,1.5348895962211506,0.6102432055977194,0.3673573512207119,-4.652002991142515,304.2,2026-08-28 13:13:16.531561728+09:00
,,0.015851668769032632,0.00954246929421556,0.0005818476152916965,0.025975985678539888,1.5467096560017821,0.6102432055977194,0.3673573512207119,-4.652002991142515,304.3,2026-08-28 13:13:16.631561728+09:00
,,0.015851668769032632,0.00954246929421556,0.0005818476152916965,0.025975985678539888,1.5585297157824143,0.6102432055977194,0.3673573512207119,-4.652002991142515,304.4,2026-08-28 13:13:16.731561728+09:00
,,0.015851668769032632,0.00954246929421556,0.0005818476152916965,0.025975985678539888,1.5703497755630458,0.6102432055977194,0.3673573512207119,-4.652002991142515,304.5,2026-08-28 13:13:16.831561728+09:00
,,0.01600176449855625,0.00978995908532015,0.0006098053639624197,0.026401528947838822,1.5818735828085762,0.6060923414765388,0.3708103081704871,-4.626398001680305,304.6,2026-08-28 13:13:16.931561728+09:00
,,0.01600176449855625,0.00978995908532015,0.0006098053639624197,0.026401528947838822,1.5933520663507428,0.6060923414765388,0.3708103081704871,-4.626398001680305,304.7,2026-08-28 13:13:17.031561728+09:00
,,0.01600176449855625,0.00978995908532015,0.0006098053639624197,0.026401528947838822,1.6048305498929094,0.6060923414765388,0.3708103081704871,-4.626398001680305,304.8,2026-08-28 13:13:17.131561728+09:00
,,0.01600176449855625,0.00978995908532015,0.0006098053639624197,0.026401528947838822,1.6163090334350758,0.6060923414765388,0.3708103081704871,-4.626398001680305,304.9,2026-08-28 13:13:17.231561728+09:00
,,0.015553459404750329,0.009519016236881079,0.0006474875508844825,0.02571996319251589,1.6188840235699802,0.6047232372897074,0.37010224958840393,-4.654463771980515,305.0,2026-08-28 13:13:17.331561728+09:00
,,0.015553459404750329,0.009519016236881079,0.0006474875508844825,0.02571996319251589,1.621459013704884,0.6047232372897074,0.37010224958840393,-4.654463771980515,305.1,2026-08-28 13:13:17.431561728+09:00
,,0.015553459404750329,0.009519016236881079,0.0006474875508844825,0.02571996319251589,1.6240340038397885,0.6047232372897074,0.37010224958840393,-4.654463771980515,305.2,2026-08-28 13:13:17.531561728+09:00
,,0.015553459404750329,0.009519016236881079,0.0006474875508844825,0.02571996319251589,1.6266089939746928,0.6047232372897074,0.37010224958840393,-4.654463771980515,305.3,2026-08-28 13:13:17.631561728+09:00
,,0.015553459404750329,0.009519016236881079,0.0006474875508844825,0.02571996319251589,1.6291839841095968,0.6047232372897074,0.37010224958840393,-4.654463771980515,305.4,2026-08-28 13:13:17.731561728+09:00
,,0.015553459404750329,0.009519016236881079,0.0006474875508844825,0.02571996319251589,1.6314795303939225,0.6047232372897074,0.37010224958840393,-4.654463771980515,305.5,2026-08-28 13:13:17.831561728+09:00
,,0.015684047074558952,0.009757180427113429,0.0006662620246163681,0.02610748952628875,1.6334806413491476,0.6007489559180331,0.3737310865255162,-4.62975181095869,305.6,2026-08-28 13:13:17.931561728+09:00
,,0.015684047074558952,0.009757180427113429,0.0006662620246163681,0.02610748952628875,1.6354817523043728,0.6007489559180331,0.3737310865255162,-4.62975181095869,305.7,2026-08-28 13:13:18.031561728+09:00
,,0.015684047074558952,0.009757180427113429,0.0006662620246163681,0.02610748952628875,1.637233443319438,0.6007489559180331,0.3737310865255162,-4.62975181095869,305.8,2026-08-28 13:13:18.131561728+09:00
,,0.015206413249258978,0.00938683914062248,0.0007029364014369212,0.025296188791318376,1.6391244147329636,0.6011345572530595,0.3710772092214948,-4.668446662173124,305.9,2026-08-28 13:13:18.231561728+09:00
,,0.015206413249258978,0.00938683914062248,0.0007029364014369212,0.025296188791318376,1.641015386146489,0.6011345572530595,0.3710772092214948,-4.668446662173124,306.0,2026-08-28 13:13:18.331561728+09:00
,,0.015206413249258978,0.00938683914062248,0.0007029364014369212,0.025296188791318376,1.6429063575600142,0.6011345572530595,0.3710772092214948,-4.668446662173124,306.1,2026-08-28 13:13:18.431561728+09:00
,,0.015206413249258978,0.00938683914062248,0.0007029364014369212,0.025296188791318376,1.6447973289735396,0.6011345572530595,0.3710772092214948,-4.668446662173124,306.2,2026-08-28 13:13:18.531561728+09:00
,,0.015206413249258978,0.00938683914062248,0.0007029364014369212,0.025296188791318376,1.6463177663803397,0.6011345572530595,0.3710772092214948,-4.668446662173124,306.3,2026-08-28 13:13:18.631561728+09:00
,,0.015206413249258978,0.00938683914062248,0.0007029364014369212,0.025296188791318376,1.6478382037871402,0.6011345572530595,0.3710772092214948,-4.668446662173124,306.4,2026-08-28 13:13:18.731561728+09:00
,,0.017960627588143596,0.011880022824222451,0.000603671846520262,0.03044432225888631,1.6481571166264346,0.589949989210258,0.39022129391482263,-4.432897043818637,306.5,2026-08-28 13:13:18.831561728+09:00
,,0.017960627588143596,0.011880022824222451,0.000603671846520262,0.03044432225888631,1.6484760294657295,0.589949989210258,0.39022129391482263,-4.432897043818637,306.6,2026-08-28 13:13:18.931561728+09:00
,,0.017960627588143596,0.011880022824222451,0.000603671846520262,0.03044432225888631,1.6485314349696336,0.589949989210258,0.39022129391482263,-4.432897043818637,306.7,2026-08-28 13:13:19.031561728+09:00
,,0.014831084986527635,0.009209297992247798,0.0007409333458156854,0.02478131632459112,1.6496825340325738,0.5984784985699237,0.37162263180948063,-4.6875416539600785,306.8,2026-08-28 13:13:19.131561728+09:00
,,0.014831084986527635,0.009209297992247798,0.0007409333458156854,0.02478131632459112,1.6508336330955138,0.5984784985699237,0.37162263180948063,-4.6875416539600785,306.9,2026-08-28 13:13:19.231561728+09:00
,,0.014831084986527635,0.009209297992247798,0.0007409333458156854,0.02478131632459112,1.6519847321584538,0.5984784985699237,0.37162263180948063,-4.6875416539600785,307.0,2026-08-28 13:13:19.331561728+09:00
,,0.014831084986527635,0.009209297992247798,0.0007409333458156854,0.02478131632459112,1.652686427374843,0.5984784985699237,0.37162263180948063,-4.6875416539600785,307.1,2026-08-28 13:13:19.431561728+09:00
,,0.014831084986527635,0.009209297992247798,0.0007409333458156854,0.02478131632459112,1.6533881225912321,0.5984784985699237,0.37162263180948063,-4.6875416539600785,307.2,2026-08-28 13:13:19.531561728+09:00
,,0.014831084986527635,0.009209297992247798,0.0007409333458156854,0.02478131632459112,1.6540898178076209,0.5984784985699237,0.37162263180948063,-4.6875416539600785,307.3,2026-08-28 13:13:19.631561728+09:00
,,0.016208881846574905,0.01045116062663309,0.0005416524190405868,0.027201694892248583,1.6541300693009229,0.5958776433152995,0.3842099055971421,-4.561042241988972,307.4,2026-08-28 13:13:19.731561728+09:00
,,0.016208881846574905,0.01045116062663309,0.0005416524190405868,0.027201694892248583,1.6541703207942244,0.5958776433152995,0.3842099055971421,-4.561042241988972,307.5,2026-08-28 13:13:19.831561728+09:00
,,0.014945254691012034,0.009497804869636434,0.0007246246425778473,0.025167684203226317,1.65415221437768,0.5938271702048836,0.3773809617501035,-4.656694573429644,307.6,2026-08-28 13:13:19.931561728+09:00
,,0.01535231773362496,0.009523816552093597,0.000511792246666941,0.0253879265323855,1.6545612621171768,0.604709396572467,0.3751317201877345,-4.653959612187968,307.7,2026-08-28 13:13:20.031561728+09:00
,,0.01402177707432016,0.00879769513321332,0.0007316148700324174,0.023551087077565896,1.6547681879581877,0.5953770638331558,0.3735579213069004,-4.733265508484445,307.8,2026-08-28 13:13:20.131561728+09:00
,,0.01402177707432016,0.00879769513321332,0.0007316148700324174,0.023551087077565896,1.654484685367224,0.5953770638331558,0.3735579213069004,-4.733265508484445,307.9,2026-08-28 13:13:20.231561728+09:00
,,0.01402177707432016,0.00879769513321332,0.0007316148700324174,0.023551087077565896,1.6542011827762602,0.5953770638331558,0.3735579213069004,-4.733265508484445,308.0,2026-08-28 13:13:20.331561728+09:00
,,0.01402177707432016,0.00879769513321332,0.0007316148700324174,0.023551087077565896,1.6539176801852966,0.5953770638331558,0.3735579213069004,-4.733265508484445,308.1,2026-08-28 13:13:20.431561728+09:00
,,0.01402177707432016,0.00879769513321332,0.0007316148700324174,0.023551087077565896,1.653634177594333,0.5953770638331558,0.3735579213069004,-4.733265508484445,308.2,2026-08-28 13:13:20.531561728+09:00
,,0.014238178845883024,0.009181942091572196,0.0007010483187730758,0.024121169256228297,1.6528714596424918,0.5902773076477875,0.38065907975009705,-4.690516539908582,308.3,2026-08-28 13:13:20.631561728+09:00
,,0.014238178845883024,0.009181942091572196,0.0007010483187730758,0.024121169256228297,1.6521087416906504,0.5902773076477875,0.38065907975009705,-4.690516539908582,308.4,2026-08-28 13:13:20.731561728+09:00
,,0.013426712651699847,0.008545915368130992,0.0007036391758245436,0.022676267195655384,1.6512466663186873,0.5921041825734137,0.3768660553518407,-4.762301844906579,308.5,2026-08-28 13:13:20.831561728+09:00
,,0.013426712651699847,0.008545915368130992,0.0007036391758245436,0.022676267195655384,1.650384590946724,0.5921041825734137,0.3768660553518407,-4.762301844906579,308.6,2026-08-28 13:13:20.931561728+09:00
,,0.013426712651699847,0.008545915368130992,0.0007036391758245436,0.022676267195655384,1.6490769590637444,0.5921041825734137,0.3768660553518407,-4.762301844906579,308.7,2026-08-28 13:13:21.031561728+09:00
,,0.013426712651699847,0.008545915368130992,0.0007036391758245436,0.022676267195655384,1.6477693271807645,0.5921041825734137,0.3768660553518407,-4.762301844906579,308.8,2026-08-28 13:13:21.131561728+09:00
,,0.013426712651699847,0.008545915368130992,0.0007036391758245436,0.022676267195655384,1.6464616952977849,0.5921041825734137,0.3768660553518407,-4.762301844906579,308.9,2026-08-28 13:13:21.231561728+09:00
,,0.013426712651699847,0.008545915368130992,0.0007036391758245436,0.022676267195655384,1.645154063414805,0.5921041825734137,0.3768660553518407,-4.762301844906579,309.0,2026-08-28 13:13:21.331561728+09:00
,,0.013426712651699847,0.008545915368130992,0.0007036391758245436,0.022676267195655384,1.6438464315318249,0.5921041825734137,0.3768660553518407,-4.762301844906579,309.1,2026-08-28 13:13:21.431561728+09:00
,,0.013890359351116646,0.00911626164501532,0.0006680412117550667,0.023674662207887033,1.6420117325358297,0.5867183754997433,0.3850640640599428,-4.69769546627569,309.2,2026-08-28 13:13:21.531561728+09:00
,,0.013890359351116646,0.00911626164501532,0.0006680412117550667,0.023674662207887033,1.6399036083162255,0.5867183754997433,0.3850640640599428,-4.69769546627569,309.3,2026-08-28 13:13:21.631561728+09:00
,,0.013376631928162531,0.008647517195765862,0.0006753591568073553,0.02269950828073575,1.6380530968225204,0.5892917045923323,0.38095614622210544,-4.7504830286303985,309.4,2026-08-28 13:13:21.731561728+09:00
,,0.013376631928162531,0.008647517195765862,0.0006753591568073553,0.02269950828073575,1.6358959975680134,0.5892917045923323,0.38095614622210544,-4.7504830286303985,309.5,2026-08-28 13:13:21.831561728+09:00
,,0.013376631928162531,0.008647517195765862,0.0006753591568073553,0.02269950828073575,1.633738898313506,0.5892917045923323,0.38095614622210544,-4.7504830286303985,309.6,2026-08-28 13:13:21.931561728+09:00
,,0.013376631928162531,0.008647517195765862,0.0006753591568073553,0.02269950828073575,1.6315817990589987,0.5892917045923323,0.38095614622210544,-4.7504830286303985,309.7,2026-08-28 13:13:22.031561728+09:00
,,0.013376631928162531,0.008647517195765862,0.0006753591568073553,0.02269950828073575,1.6294246998044912,0.5892917045923323,0.38095614622210544,-4.7504830286303985,309.8,2026-08-28 13:13:22.131561728+09:00
,,0.013376631928162531,0.008647517195765862,0.0006753591568073553,0.02269950828073575,1.6272676005499838,0.5892917045923323,0.38095614622210544,-4.7504830286303985,309.9,2026-08-28 13:13:22.231561728+09:00
,,0.013376631928162531,0.008647517195765862,0.0006753591568073553,0.02269950828073575,1.6251105012954765,0.5892917045923323,0.38095614622210544,-4.7504830286303985,310.0,2026-08-28 13:13:22.331561728+09:00
,,0.014159662417773807,0.009401064336097789,0.0006357163546907277,0.02419644310856232,1.6225011919299315,0.5851960287817333,0.38853083876493666,-4.6669323688714535,310.1,2026-08-28 13:13:22.431561728+09:00
,,0.013978314333608254,0.009111804491236008,0.0006410557184990248,0.023731174543343288,1.6200889115966308,0.5890274966406684,0.3839592715730926,-4.698184509253132,310.2,2026-08-28 13:13:22.531561728+09:00
,,0.014002786140292814,0.00910274682805185,0.0006462880344875782,0.02375182100283224,1.6177234633584314,0.5895457926625112,0.38324416586696275,-4.699179061770181,310.3,2026-08-28 13:13:22.631561728+09:00
,,0.014002786140292814,0.00910274682805185,0.0006462880344875782,0.02375182100283224,1.615290673554894,0.5895457926625112,0.38324416586696275,-4.699179061770181,310.4,2026-08-28 13:13:22.731561728+09:00
,,0.013978314333608254,0.009111804491236008,0.0006410557184990248,0.023731174543343288,1.6128110516562553,0.5890274966406684,0.3839592715730926,-4.698184509253132,310.5,2026-08-28 13:13:22.831561728+09:00
,,0.014002786140292814,0.00910274682805185,0.0006462880344875782,0.02375182100283224,1.6103782618527178,0.5895457926625112,0.38324416586696275,-4.699179061770181,310.6,2026-08-28 13:13:22.931561728+09:00
,,0.014002786140292814,0.00910274682805185,0.0006462880344875782,0.02375182100283224,1.6079454720491808,0.5895457926625112,0.38324416586696275,-4.699179061770181,310.7,2026-08-28 13:13:23.031561728+09:00
,,0.014002786140292814,0.00910274682805185,0.0006462880344875782,0.02375182100283224,1.6055126822456434,0.5895457926625112,0.38324416586696275,-4.699179061770181,310.8,2026-08-28 13:13:23.131561728+09:00
,,0.014002786140292814,0.00910274682805185,0.0006462880344875782,0.02375182100283224,1.603079892442106,0.5895457926625112,0.38324416586696275,-4.699179061770181,310.9,2026-08-28 13:13:23.231561728+09:00
,,0.014894575030022195,0.009573808397771309,0.0006045092465321485,0.025072892674325654,1.6008967935967602,0.5940509227829968,0.3818390052606405,-4.64872420097881,311.0,2026-08-28 13:13:23.331561728+09:00
,,0.014894575030022195,0.009573808397771309,0.0006045092465321485,0.025072892674325654,1.5987136947514142,0.5940509227829968,0.3818390052606405,-4.64872420097881,311.1,2026-08-28 13:13:23.431561728+09:00
,,0.014894575030022195,0.009573808397771309,0.0006045092465321485,0.025072892674325654,1.5965305959060685,0.5940509227829968,0.3818390052606405,-4.64872420097881,311.2,2026-08-28 13:13:23.531561728+09:00
,,0.014894575030022195,0.009573808397771309,0.0006045092465321485,0.025072892674325654,1.5945027933601634,0.5940509227829968,0.3818390052606405,-4.64872420097881,311.3,2026-08-28 13:13:23.631561728+09:00
,,0.014894575030022195,0.009573808397771309,0.0006045092465321485,0.025072892674325654,1.5924749908142581,0.5940509227829968,0.3818390052606405,-4.64872420097881,311.4,2026-08-28 13:13:23.731561728+09:00
,,0.014894575030022195,0.009573808397771309,0.0006045092465321485,0.025072892674325654,1.590447188268353,0.5940509227829968,0.3818390052606405,-4.64872420097881,311.5,2026-08-28 13:13:23.831561728+09:00
,,0.014894575030022195,0.009573808397771309,0.0006045092465321485,0.025072892674325654,1.588419385722448,0.5940509227829968,0.3818390052606405,-4.64872420097881,311.6,2026-08-28 13:13:23.931561728+09:00
,,0.014894575030022195,0.009573808397771309,0.0006045092465321485,0.025072892674325654,1.5863915831765427,0.5940509227829968,0.3818390052606405,-4.64872420097881,311.7,2026-08-28 13:13:24.031561728+09:00
,,0.014894575030022195,0.009573808397771309,0.0006045092465321485,0.025072892674325654,1.5843637806306374,0.5940509227829968,0.3818390052606405,-4.64872420097881,311.8,2026-08-28 13:13:24.131561728+09:00
,,0.015891407738712924,0.00996467129920961,0.0005685432990752606,0.026424622336997793,1.582977926632883,0.6013863712429659,0.37709796462285927,-4.608709311389802,311.9,2026-08-28 13:13:24.231561728+09:00
,,0.015891407738712924,0.00996467129920961,0.0005685432990752606,0.026424622336997793,1.5815920726351282,0.6013863712429659,0.37709796462285927,-4.608709311389802,312.0,2026-08-28 13:13:24.331561728+09:00
,,0.015891407738712924,0.00996467129920961,0.0005685432990752606,0.026424622336997793,1.5802062186373733,0.6013863712429659,0.37709796462285927,-4.608709311389802,312.1,2026-08-28 13:13:24.431561728+09:00
,,0.015891407738712924,0.00996467129920961,0.0005685432990752606,0.026424622336997793,1.5816720023251531,0.6013863712429659,0.37709796462285927,-4.608709311389802,312.2,2026-08-28 13:13:24.531561728+09:00
,,0.015891407738712924,0.00996467129920961,0.0005685432990752606,0.026424622336997793,1.5831377860129328,0.6013863712429659,0.37709796462285927,-4.608709311389802,312.3,2026-08-28 13:13:24.631561728+09:00
,,0.015891407738712924,0.00996467129920961,0.0005685432990752606,0.026424622336997793,1.5846035697007128,0.6013863712429659,0.37709796462285927,-4.608709311389802,312.4,2026-08-28 13:13:24.731561728+09:00
,,0.015891407738712924,0.00996467129920961,0.0005685432990752606,0.026424622336997793,1.5860693533884926,0.6013863712429659,0.37709796462285927,-4.608709311389802,312.5,2026-08-28 13:13:24.831561728+09:00
,,0.015891407738712924,0.00996467129920961,0.0005685432990752606,0.026424622336997793,1.5875351370762723,0.6013863712429659,0.37709796462285927,-4.608709311389802,312.6,2026-08-28 13:13:24.931561728+09:00
,,0.016194336486787447,0.009817498898116091,0.0005805167353251871,0.026592352120228722,1.5872661518356515,0.6089847341660486,0.3691850519175379,-4.623588883748827,312.7,2026-08-28 13:13:25.031561728+09:00
,,0.01503908580007239,0.007373741950037887,0.00026240679600507644,0.022675234546115353,1.5913305898116117,0.6632383788351524,0.3251892250570406,-4.909829974352906,312.8,2026-08-28 13:13:25.131561728+09:00
,,0.01503908580007239,0.007373741950037887,0.00026240679600507644,0.022675234546115353,1.5953950277875724,0.6632383788351524,0.3251892250570406,-4.909829974352906,312.9,2026-08-28 13:13:25.231561728+09:00
,,0.01503908580007239,0.007373741950037887,0.00026240679600507644,0.022675234546115353,1.5994594657635328,0.6632383788351524,0.3251892250570406,-4.909829974352906,313.0,2026-08-28 13:13:25.331561728+09:00
,,0.01503908580007239,0.007373741950037887,0.00026240679600507644,0.022675234546115353,1.6036636375099294,0.6632383788351524,0.3251892250570406,-4.909829974352906,313.1,2026-08-28 13:13:25.431561728+09:00
,,0.01503908580007239,0.007373741950037887,0.00026240679600507644,0.022675234546115353,1.6078678092563254,0.6632383788351524,0.3251892250570406,-4.909829974352906,313.2,2026-08-28 13:13:25.531561728+09:00
,,0.01503908580007239,0.007373741950037887,0.00026240679600507644,0.022675234546115353,1.6120719810027222,0.6632383788351524,0.3251892250570406,-4.909829974352906,313.3,2026-08-28 13:13:25.631561728+09:00
,,0.01503908580007239,0.007373741950037887,0.00026240679600507644,0.022675234546115353,1.6162761527491183,0.6632383788351524,0.3251892250570406,-4.909829974352906,313.4,2026-08-28 13:13:25.731561728+09:00
,,0.017115787773650026,0.010030557778892054,0.0005551879355203729,0.027701533488062452,1.6167783080497702,0.6178642702587498,0.36209395350674606,-4.602119067498493,313.5,2026-08-28 13:13:25.831561728+09:00
,,0.017115787773650026,0.010030557778892054,0.0005551879355203729,0.027701533488062452,1.617576715885523,0.6178642702587498,0.36209395350674606,-4.602119067498493,313.6,2026-08-28 13:13:25.931561728+09:00
,,0.01766772706231952,0.010314144336505498,0.0005273981122833906,0.028509269511108406,1.6184484181647942,0.6197186867743291,0.3617821330878602,-4.574239089219613,313.7,2026-08-28 13:13:26.031561728+09:00
,,0.01766772706231952,0.010314144336505498,0.0005273981122833906,0.028509269511108406,1.6193201204440653,0.6197186867743291,0.3617821330878602,-4.574239089219613,313.8,2026-08-28 13:13:26.131561728+09:00
,,0.01766772706231952,0.010314144336505498,0.0005273981122833906,0.028509269511108406,1.6201918227233363,0.6197186867743291,0.3617821330878602,-4.574239089219613,313.9,2026-08-28 13:13:26.231561728+09:00
,,0.01766772706231952,0.010314144336505498,0.0005273981122833906,0.028509269511108406,1.6210698829125851,0.6197186867743291,0.3617821330878602,-4.574239089219613,314.0,2026-08-28 13:13:26.331561728+09:00
,,0.01766772706231952,0.010314144336505498,0.0005273981122833906,0.028509269511108406,1.6219479431018347,0.6197186867743291,0.3617821330878602,-4.574239089219613,314.1,2026-08-28 13:13:26.431561728+09:00
,,0.01766772706231952,0.010314144336505498,0.0005273981122833906,0.028509269511108406,1.6228260032910835,0.6197186867743291,0.3617821330878602,-4.574239089219613,314.2,2026-08-28 13:13:26.531561728+09:00
,,0.017567337837570484,0.00992681683421256,0.0005380568388908568,0.028032211510673904,1.624334328944043,0.6266839785680598,0.3541217870175066,-4.6125154128178165,314.3,2026-08-28 13:13:26.631561728+09:00
,,0.017567337837570484,0.00992681683421256,0.0005380568388908568,0.028032211510673904,1.6258426545970024,0.6266839785680598,0.3541217870175066,-4.6125154128178165,314.4,2026-08-28 13:13:26.731561728+09:00
,,0.016300096496313775,0.007274495672920966,0.0002852944869895107,0.023859886656224252,1.6325846861189468,0.6831590078849608,0.30488391574246193,-4.923380791637386,314.5,2026-08-28 13:13:26.831561728+09:00
,,0.016300096496313775,0.007274495672920966,0.0002852944869895107,0.023859886656224252,1.6396211529699918,0.6831590078849608,0.30488391574246193,-4.923380791637386,314.6,2026-08-28 13:13:26.931561728+09:00
,,0.016300096496313775,0.007274495672920966,0.0002852944869895107,0.023859886656224252,1.6466576198210368,0.6831590078849608,0.30488391574246193,-4.923380791637386,314.7,2026-08-28 13:13:27.031561728+09:00
,,0.016300096496313775,0.007274495672920966,0.0002852944869895107,0.023859886656224252,1.6536940866720817,0.6831590078849608,0.30488391574246193,-4.923380791637386,314.8,2026-08-28 13:13:27.131561728+09:00
,,0.016300096496313775,0.007274495672920966,0.0002852944869895107,0.023859886656224252,1.6605912731246664,0.6831590078849608,0.30488391574246193,-4.923380791637386,314.9,2026-08-28 13:13:27.231561728+09:00
,,0.016300096496313775,0.007274495672920966,0.0002852944869895107,0.023859886656224252,1.6674884595772514,0.6831590078849608,0.30488391574246193,-4.923380791637386,315.0,2026-08-28 13:13:27.331561728+09:00
,,0.016300096496313775,0.007274495672920966,0.0002852944869895107,0.023859886656224252,1.674385646029836,0.6831590078849608,0.30488391574246193,-4.923380791637386,315.1,2026-08-28 13:13:27.431561728+09:00
,,0.01599508418032316,0.006833995852042345,0.00029030269044613797,0.02311938272281164,1.6823917066790721,0.6918473720555257,0.29559594795320016,-4.985845732248199,315.2,2026-08-28 13:13:27.531561728+09:00
,,0.01599508418032316,0.006833995852042345,0.00029030269044613797,0.02311938272281164,1.690397767328308,0.6918473720555257,0.29559594795320016,-4.985845732248199,315.3,2026-08-28 13:13:27.631561728+09:00
,,0.017491792691955742,0.009435148235982604,0.000522106586235324,0.027449047514173673,1.6929969375595284,0.6372458892398225,0.343733174388315,-4.66331338899913,315.4,2026-08-28 13:13:27.731561728+09:00
,,0.017491792691955742,0.009435148235982604,0.000522106586235324,0.027449047514173673,1.6967976323582545,0.6372458892398225,0.343733174388315,-4.66331338899913,315.5,2026-08-28 13:13:27.831561728+09:00
,,0.017491792691955742,0.009435148235982604,0.000522106586235324,0.027449047514173673,1.7005983271569804,0.6372458892398225,0.343733174388315,-4.66331338899913,315.6,2026-08-28 13:13:27.931561728+09:00
,,0.017491792691955742,0.009435148235982604,0.000522106586235324,0.027449047514173673,1.7043990219557068,0.6372458892398225,0.343733174388315,-4.66331338899913,315.7,2026-08-28 13:13:28.031561728+09:00
,,0.017491792691955742,0.009435148235982604,0.000522106586235324,0.027449047514173673,1.7071040231953973,0.6372458892398225,0.343733174388315,-4.66331338899913,315.8,2026-08-28 13:13:28.131561728+09:00
,,0.017491792691955742,0.009435148235982604,0.000522106586235324,0.027449047514173673,1.7098090244350876,0.6372458892398225,0.343733174388315,-4.66331338899913,315.9,2026-08-28 13:13:28.231561728+09:00
,,0.016773500700242024,0.00875740145228801,0.0005319399669950077,0.026062842119525042,1.7131968521672891,0.6435791086527787,0.3360109926663517,-4.737856055906217,316.0,2026-08-28 13:13:28.331561728+09:00
,,0.016773500700242024,0.00875740145228801,0.0005319399669950077,0.026062842119525042,1.7165846798994908,0.6435791086527787,0.3360109926663517,-4.737856055906217,316.1,2026-08-28 13:13:28.431561728+09:00
,,0.015834136566578862,0.006539374925134324,0.00032488067334909934,0.022698392165062285,1.7255947506830984,0.6975884658011596,0.28809859648120056,-5.029913695277408,316.2,2026-08-28 13:13:28.531561728+09:00
,,0.015834136566578862,0.006539374925134324,0.00032488067334909934,0.022698392165062285,1.7346048214667065,0.6975884658011596,0.28809859648120056,-5.029913695277408,316.3,2026-08-28 13:13:28.631561728+09:00
,,0.015834136566578862,0.006539374925134324,0.00032488067334909934,0.022698392165062285,1.7442763359734017,0.6975884658011596,0.28809859648120056,-5.029913695277408,316.4,2026-08-28 13:13:28.731561728+09:00
,,0.015834136566578862,0.006539374925134324,0.00032488067334909934,0.022698392165062285,1.7539478504800967,0.6975884658011596,0.28809859648120056,-5.029913695277408,316.5,2026-08-28 13:13:28.831561728+09:00
,,0.015834136566578862,0.006539374925134324,0.00032488067334909934,0.022698392165062285,1.7633679052238636,0.6975884658011596,0.28809859648120056,-5.029913695277408,316.6,2026-08-28 13:13:28.931561728+09:00
,,0.015834136566578862,0.006539374925134324,0.00032488067334909934,0.022698392165062285,1.7723608058115887,0.6975884658011596,0.28809859648120056,-5.029913695277408,316.7,2026-08-28 13:13:29.031561728+09:00
,,0.015697215816800537,0.007846759270935559,0.0005356532895961451,0.024079628377332244,1.7768793611826077,0.6518877937326213,0.32586712502267,-4.847654664154252,316.8,2026-08-28 13:13:29.131561728+09:00
,,0.015697215816800537,0.007846759270935559,0.0005356532895961451,0.024079628377332244,1.7813979165536267,0.6518877937326213,0.32586712502267,-4.847654664154252,316.9,2026-08-28 13:13:29.231561728+09:00
,,0.015697215816800537,0.007846759270935559,0.0005356532895961451,0.024079628377332244,1.785916471924646,0.6518877937326213,0.32586712502267,-4.847654664154252,317.0,2026-08-28 13:13:29.331561728+09:00
,,0.015117864293172233,0.005986761058065173,0.00034935779829300734,0.021453983149530412,1.7962655242776646,0.7046646857044415,0.2790512613130402,-5.118204737963101,317.1,2026-08-28 13:13:29.431561728+09:00
,,0.015117864293172233,0.005986761058065173,0.00034935779829300734,0.021453983149530412,1.806614576630684,0.7046646857044415,0.2790512613130402,-5.118204737963101,317.2,2026-08-28 13:13:29.531561728+09:00
,,0.015117864293172233,0.005986761058065173,0.00034935779829300734,0.021453983149530412,1.817442844344581,0.7046646857044415,0.2790512613130402,-5.118204737963101,317.3,2026-08-28 13:13:29.631561728+09:00
,,0.015117864293172233,0.005986761058065173,0.00034935779829300734,0.021453983149530412,1.8282711120584774,0.7046646857044415,0.2790512613130402,-5.118204737963101,317.4,2026-08-28 13:13:29.731561728+09:00
,,0.015117864293172233,0.005986761058065173,0.00034935779829300734,0.021453983149530412,1.8388721074251466,0.7046646857044415,0.2790512613130402,-5.118204737963101,317.5,2026-08-28 13:13:29.831561728+09:00
,,0.015117864293172233,0.005986761058065173,0.00034935779829300734,0.021453983149530412,1.849473102791816,0.7046646857044415,0.2790512613130402,-5.118204737963101,317.6,2026-08-28 13:13:29.931561728+09:00
,,0.0144888741698601,0.006927091521837899,0.0005402789110154925,0.021956244602713493,1.855256415513856,0.6598976478914556,0.31549527923285225,-4.972315247694911,317.7,2026-08-28 13:13:30.031561728+09:00
,,0.0144888741698601,0.006927091521837899,0.0005402789110154925,0.021956244602713493,1.8610397282358961,0.6598976478914556,0.31549527923285225,-4.972315247694911,317.8,2026-08-28 13:13:30.131561728+09:00
,,0.0144888741698601,0.006927091521837899,0.0005402789110154925,0.021956244602713493,1.8668230409579363,0.6598976478914556,0.31549527923285225,-4.972315247694911,317.9,2026-08-28 13:13:30.231561728+09:00
,,0.014330444921484352,0.006745189088799248,0.0005318931693215415,0.02160752717960514,1.872972116151182,0.6632154064816143,0.3121684879871807,-4.998925755794049,318.0,2026-08-28 13:13:30.331561728+09:00
,,0.014330444921484352,0.006745189088799248,0.0005318931693215415,0.02160752717960514,1.8791211913444281,0.6632154064816143,0.3121684879871807,-4.998925755794049,318.1,2026-08-28 13:13:30.431561728+09:00
,,0.014330444921484352,0.006745189088799248,0.0005318931693215415,0.02160752717960514,1.885797333650689,0.6632154064816143,0.3121684879871807,-4.998925755794049,318.2,2026-08-28 13:13:30.531561728+09:00
,,0.014330444921484352,0.006745189088799248,0.0005318931693215415,0.02160752717960514,1.8924734759569497,0.6632154064816143,0.3121684879871807,-4.998925755794049,318.3,2026-08-28 13:13:30.631561728+09:00
,,0.014330444921484352,0.006745189088799248,0.0005318931693215415,0.02160752717960514,1.898892005537311,0.6632154064816143,0.3121684879871807,-4.998925755794049,318.4,2026-08-28 13:13:30.731561728+09:00
,,0.014330444921484352,0.006745189088799248,0.0005318931693215415,0.02160752717960514,1.905310535117672,0.6632154064816143,0.3121684879871807,-4.998925755794049,318.5,2026-08-28 13:13:30.831561728+09:00
,,0.012731724283973905,0.005840484998975894,0.0005238945440078226,0.01909610382695762,1.9123442384798668,0.6667184258812399,0.3058469440625364,-5.142941437820432,318.6,2026-08-28 13:13:30.931561728+09:00
,,0.012731724283973905,0.005840484998975894,0.0005238945440078226,0.01909610382695762,1.9193779418420616,0.6667184258812399,0.3058469440625364,-5.142941437820432,318.7,2026-08-28 13:13:31.031561728+09:00
,,0.012731724283973905,0.005840484998975894,0.0005238945440078226,0.01909610382695762,1.9264116452042568,0.6667184258812399,0.3058469440625364,-5.142941437820432,318.8,2026-08-28 13:13:31.131561728+09:00
,,0.0125584711626755,0.005670965855669654,0.0005072661978056634,0.018736703216150816,1.9338299256981957,0.670260451788031,0.3026661515768339,-5.172395830834241,318.9,2026-08-28 13:13:31.231561728+09:00
,,0.0125584711626755,0.005670965855669654,0.0005072661978056634,0.018736703216150816,1.9412482061921341,0.670260451788031,0.3026661515768339,-5.172395830834241,319.0,2026-08-28 13:13:31.331561728+09:00
,,0.0125584711626755,0.005670965855669654,0.0005072661978056634,0.018736703216150816,1.9491186967971101,0.670260451788031,0.3026661515768339,-5.172395830834241,319.1,2026-08-28 13:13:31.431561728+09:00
,,0.0125584711626755,0.005670965855669654,0.0005072661978056634,0.018736703216150816,1.956679054535819,0.670260451788031,0.3026661515768339,-5.172395830834241,319.2,2026-08-28 13:13:31.531561728+09:00
,,0.0125584711626755,0.005670965855669654,0.0005072661978056634,0.018736703216150816,1.9641925801794264,0.670260451788031,0.3026661515768339,-5.172395830834241,319.3,2026-08-28 13:13:31.631561728+09:00
,,0.010922529116465183,0.004878557158501427,0.0004913616790818212,0.016292447954048432,1.9719768220222427,0.6704044197208006,0.2994367189179314,-5.3229057670758815,319.4,2026-08-28 13:13:31.731561728+09:00
,,0.010922529116465183,0.004878557158501427,0.0004913616790818212,0.016292447954048432,1.9798078959601604,0.6704044197208006,0.2994367189179314,-5.3229057670758815,319.5,2026-08-28 13:13:31.831561728+09:00
,,0.010922529116465183,0.004878557158501427,0.0004913616790818212,0.016292447954048432,1.9875921378029766,0.6704044197208006,0.2994367189179314,-5.3229057670758815,319.6,2026-08-28 13:13:31.931561728+09:00
,,0.010956913788369913,0.004841301528397101,0.00047348339401350804,0.016271698710780522,1.9956467287743773,0.6733724599454761,0.29752895591592926,-5.3305716835777845,319.7,2026-08-28 13:13:32.031561728+09:00
,,0.010956913788369913,0.004841301528397101,0.00047348339401350804,0.016271698710780522,2.0037013197457787,0.6733724599454761,0.29752895591592926,-5.3305716835777845,319.8,2026-08-28 13:13:32.131561728+09:00
,,0.010956913788369913,0.004841301528397101,0.00047348339401350804,0.016271698710780522,2.0117559107171794,0.6733724599454761,0.29752895591592926,-5.3305716835777845,319.9,2026-08-28 13:13:32.231561728+09:00
,,0.010956913788369913,0.004841301528397101,0.00047348339401350804,0.016271698710780522,2.019616507962674,0.6733724599454761,0.29752895591592926,-5.3305716835777845,320.0,2026-08-28 13:13:32.331561728+09:00
,,0.010956913788369913,0.004841301528397101,0.00047348339401350804,0.016271698710780522,2.027477105208168,0.6733724599454761,0.29752895591592926,-5.3305716835777845,320.1,2026-08-28 13:13:32.431561728+09:00
,,0.010956913788369913,0.004841301528397101,0.00047348339401350804,0.016271698710780522,2.0353377024536625,0.6733724599454761,0.29752895591592926,-5.3305716835777845,320.2,2026-08-28 13:13:32.531561728+09:00
,,0.009624002547044614,0.004304017335128026,0.00046575022995262966,0.01439377011212527,2.042896460874628,0.6686227772206381,0.29901945783490974,-5.44820642845232,320.3,2026-08-28 13:13:32.631561728+09:00
,,0.009624002547044614,0.004304017335128026,0.00046575022995262966,0.01439377011212527,2.0504552192955936,0.6686227772206381,0.29901945783490974,-5.44820642845232,320.4,2026-08-28 13:13:32.731561728+09:00
,,0.009624002547044614,0.004304017335128026,0.00046575022995262966,0.01439377011212527,2.0580139777165596,0.6686227772206381,0.29901945783490974,-5.44820642845232,320.5,2026-08-28 13:13:32.831561728+09:00
,,0.009834867085949788,0.004384065887118465,0.00044463910592549226,0.014663572078993745,2.0656535132308957,0.6707006337179394,0.2989766656788113,-5.429778700453356,320.6,2026-08-28 13:13:32.931561728+09:00
,,0.009834867085949788,0.004384065887118465,0.00044463910592549226,0.014663572078993745,2.0732930487452323,0.6707006337179394,0.2989766656788113,-5.429778700453356,320.7,2026-08-28 13:13:33.031561728+09:00
,,0.009834867085949788,0.004384065887118465,0.00044463910592549226,0.014663572078993745,2.0809325842595685,0.6707006337179394,0.2989766656788113,-5.429778700453356,320.8,2026-08-28 13:13:33.131561728+09:00
,,0.009834867085949788,0.004384065887118465,0.00044463910592549226,0.014663572078993745,2.0881386520065357,0.6707006337179394,0.2989766656788113,-5.429778700453356,320.9,2026-08-28 13:13:33.231561728+09:00
,,0.009834867085949788,0.004384065887118465,0.00044463910592549226,0.014663572078993745,2.0953447197535033,0.6707006337179394,0.2989766656788113,-5.429778700453356,321.0,2026-08-28 13:13:33.331561728+09:00
,,0.008987359463706435,0.0034282282090976283,0.00038022069189665565,0.012795808364700718,2.106753616476862,0.7023674634343151,0.26791806436824606,-5.6757117083802715,321.1,2026-08-28 13:13:33.431561728+09:00
,,0.008987359463706435,0.0034282282090976283,0.00038022069189665565,0.012795808364700718,2.1181625132002204,0.7023674634343151,0.26791806436824606,-5.6757117083802715,321.2,2026-08-28 13:13:33.531561728+09:00
,,0.008987359463706435,0.0034282282090976283,0.00038022069189665565,0.012795808364700718,2.129571409923579,0.7023674634343151,0.26791806436824606,-5.6757117083802715,321.3,2026-08-28 13:13:33.631561728+09:00
,,0.008987359463706435,0.0034282282090976283,0.00038022069189665565,0.012795808364700718,2.140980306646938,0.7023674634343151,0.26791806436824606,-5.6757117083802715,321.4,2026-08-28 13:13:33.731561728+09:00
,,0.008788226904728332,0.004201194985004002,0.0004166050613309139,0.004617800046334916,2.150929898197524,,0.9097827846267256,-5.472386273921973,321.5,2026-08-28 13:13:33.831561728+09:00
,,0.00858909434575023,0.004201194985004002,0.0004166050613309139,0.004617800046334916,2.1594201845753376,,0.9097827846267256,-5.472386273921973,321.6,2026-08-28 13:13:33.931561728+09:00
,,0.008389961786772128,0.004201194985004002,0.0004166050613309139,0.004617800046334916,2.165842688106612,,0.9097827846267256,-5.472386273921973,321.7,2026-08-28 13:13:34.031561728+09:00
,,0.008190829227794027,0.004201194985004002,0.0004166050613309139,0.004617800046334916,2.1664724632485326,,0.9097827846267256,-5.472386273921973,321.8,2026-08-28 13:13:34.131561728+09:00
,,0.007991696668815924,0.004067252441171553,0.0004274194293255063,0.012486368539312983,2.1656429332176805,0.6400337010440057,0.32573541525431693,-5.504787583373182,321.9,2026-08-28 13:13:34.231561728+09:00
,,0.007991696668815924,0.004067252441171553,0.0004274194293255063,0.012486368539312983,2.1648134031868285,0.6400337010440057,0.32573541525431693,-5.504787583373182,322.0,2026-08-28 13:13:34.331561728+09:00
,,0.007991696668815924,0.004067252441171553,0.0004274194293255063,0.012486368539312983,2.1639838731559764,0.6400337010440057,0.32573541525431693,-5.504787583373182,322.1,2026-08-28 13:13:34.431561728+09:00
,,0.007991696668815924,0.004067252441171553,0.0004274194293255063,0.012486368539312983,2.1631543431251243,0.6400337010440057,0.32573541525431693,-5.504787583373182,322.2,2026-08-28 13:13:34.531561728+09:00
,,0.007991696668815924,0.004067252441171553,0.0004274194293255063,0.012486368539312983,2.1623248130942723,0.6400337010440057,0.32573541525431693,-5.504787583373182,322.3,2026-08-28 13:13:34.631561728+09:00
,,0.008606445009446234,0.004425893480889691,0.0004025743594636989,0.013434912849799625,2.1612694875092915,0.6406029652492011,0.329432243466745,-5.420283104319413,322.4,2026-08-28 13:13:34.731561728+09:00
,,0.008606445009446234,0.004425893480889691,0.0004025743594636989,0.013434912849799625,2.163916178370055,0.6406029652492011,0.329432243466745,-5.420283104319413,322.5,2026-08-28 13:13:34.831561728+09:00
,,0.008606445009446234,0.004425893480889691,0.0004025743594636989,0.013434912849799625,2.166562869230819,0.6406029652492011,0.329432243466745,-5.420283104319413,322.6,2026-08-28 13:13:34.931561728+09:00
,,0.008068618730447572,0.004609766427919418,0.0004322233139122483,0.013110608472279238,2.1669780953568787,0.6154267170366402,0.3516058341354789,-5.379578089652085,322.7,2026-08-28 13:13:35.031561728+09:00
,,0.008068618730447572,0.004609766427919418,0.0004322233139122483,0.013110608472279238,2.167393321482938,0.6154267170366402,0.3516058341354789,-5.379578089652085,322.8,2026-08-28 13:13:35.131561728+09:00
,,0.008068618730447572,0.004609766427919418,0.0004322233139122483,0.013110608472279238,2.167808547608997,0.6154267170366402,0.3516058341354789,-5.379578089652085,322.9,2026-08-28 13:13:35.231561728+09:00
,,0.008068618730447572,0.004609766427919418,0.0004322233139122483,0.013110608472279238,2.168223773735057,0.6154267170366402,0.3516058341354789,-5.379578089652085,323.0,2026-08-28 13:13:35.331561728+09:00
,,0.008068618730447572,0.004609766427919418,0.0004322233139122483,0.013110608472279238,2.1686389998611166,0.6154267170366402,0.3516058341354789,-5.379578089652085,323.1,2026-08-28 13:13:35.431561728+09:00
,,0.008068618730447572,0.004609766427919418,0.0004322233139122483,0.013110608472279238,2.169054225987176,0.6154267170366402,0.3516058341354789,-5.379578089652085,323.2,2026-08-28 13:13:35.531561728+09:00
,,0.00886407198934119,0.005111073741732033,0.00040893442607538603,0.01438408015714861,2.1686609230585265,0.616241837677463,0.35532850803754235,-5.276345771256244,323.3,2026-08-28 13:13:35.631561728+09:00
,,0.00886407198934119,0.005111073741732033,0.00040893442607538603,0.01438408015714861,2.168267620129876,0.616241837677463,0.35532850803754235,-5.276345771256244,323.4,2026-08-28 13:13:35.731561728+09:00
,,0.00886407198934119,0.005111073741732033,0.00040893442607538603,0.01438408015714861,2.1626406113322414,0.616241837677463,0.35532850803754235,-5.276345771256244,323.5,2026-08-28 13:13:35.831561728+09:00
,,0.008454323788415095,0.004463058143908603,0.00038133017923545215,0.01329871211155915,2.1587914000654607,0.6357250023531719,0.33560077896786283,-5.4119210654322805,323.6,2026-08-28 13:13:35.931561728+09:00
,,0.008454323788415095,0.004463058143908603,0.00038133017923545215,0.01329871211155915,2.15494218879868,0.6357250023531719,0.33560077896786283,-5.4119210654322805,323.7,2026-08-28 13:13:36.031561728+09:00
,,0.008454323788415095,0.004463058143908603,0.00038133017923545215,0.01329871211155915,2.1510929775318988,0.6357250023531719,0.33560077896786283,-5.4119210654322805,323.8,2026-08-28 13:13:36.131561728+09:00
,,0.008454323788415095,0.004463058143908603,0.00038133017923545215,0.01329871211155915,2.1472437662651185,0.6357250023531719,0.33560077896786283,-5.4119210654322805,323.9,2026-08-28 13:13:36.231561728+09:00
,,0.008454323788415095,0.004463058143908603,0.00038133017923545215,0.01329871211155915,2.1433945549983378,0.6357250023531719,0.33560077896786283,-5.4119210654322805,324.0,2026-08-28 13:13:36.331561728+09:00
,,0.009212504251887726,0.004824265606194006,0.0003459511433380761,0.014382721001419808,2.1397156609433448,0.6405258261617048,0.33542092666038453,-5.334096761745847,324.1,2026-08-28 13:13:36.431561728+09:00
,,0.009212504251887726,0.004824265606194006,0.0003459511433380761,0.014382721001419808,2.1349278926917004,0.6405258261617048,0.33542092666038453,-5.334096761745847,324.2,2026-08-28 13:13:36.531561728+09:00
,,0.009212504251887726,0.004824265606194006,0.0003459511433380761,0.014382721001419808,2.130140124440057,0.6405258261617048,0.33542092666038453,-5.334096761745847,324.3,2026-08-28 13:13:36.631561728+09:00
,,0.009318896400353055,0.0054143461464861015,0.0004276179077255145,0.01516086045456467,2.1286651469223896,0.6146680413213155,0.35712657356831856,-5.218703154391235,324.4,2026-08-28 13:13:36.731561728+09:00
,,0.009318896400353055,0.0054143461464861015,0.0004276179077255145,0.01516086045456467,2.127190169404723,0.6146680413213155,0.35712657356831856,-5.218703154391235,324.5,2026-08-28 13:13:36.831561728+09:00
,,0.009318896400353055,0.0054143461464861015,0.0004276179077255145,0.01516086045456467,2.125715191887056,0.6146680413213155,0.35712657356831856,-5.218703154391235,324.6,2026-08-28 13:13:36.931561728+09:00
,,0.009318896400353055,0.0054143461464861015,0.0004276179077255145,0.01516086045456467,2.124240214369389,0.6146680413213155,0.35712657356831856,-5.218703154391235,324.7,2026-08-28 13:13:37.031561728+09:00
,,0.009318896400353055,0.0054143461464861015,0.0004276179077255145,0.01516086045456467,2.122765236851722,0.6146680413213155,0.35712657356831856,-5.218703154391235,324.8,2026-08-28 13:13:37.131561728+09:00
,,0.009318896400353055,0.0054143461464861015,0.0004276179077255145,0.01516086045456467,2.1212902593340552,0.6146680413213155,0.35712657356831856,-5.218703154391235,324.9,2026-08-28 13:13:37.231561728+09:00
,,0.01046515596072035,0.007414311499511434,0.0004965157497118542,0.01837598320994364,2.115691694113852,0.5695018242646973,0.40347835622201644,-4.9043431600955465,325.0,2026-08-28 13:13:37.331561728+09:00
,,0.01046515596072035,0.007414311499511434,0.0004965157497118542,0.01837598320994364,2.1100931288936486,0.5695018242646973,0.40347835622201644,-4.9043431600955465,325.1,2026-08-28 13:13:37.431561728+09:00
,,0.01046515596072035,0.007414311499511434,0.0004965157497118542,0.01837598320994364,2.0988723206220397,0.5695018242646973,0.40347835622201644,-4.9043431600955465,325.2,2026-08-28 13:13:37.531561728+09:00
,,0.011070399110664679,0.00847547412210425,0.0006129373157109046,0.020158810548479834,2.0864813815759344,0.5491593407280417,0.4204352286421672,-4.770578683669288,325.3,2026-08-28 13:13:37.631561728+09:00
,,0.011070399110664679,0.00847547412210425,0.0006129373157109046,0.020158810548479834,2.074090442529829,0.5491593407280417,0.4204352286421672,-4.770578683669288,325.4,2026-08-28 13:13:37.731561728+09:00
,,0.011070399110664679,0.00847547412210425,0.0006129373157109046,0.020158810548479834,2.0616995034837244,0.5491593407280417,0.4204352286421672,-4.770578683669288,325.5,2026-08-28 13:13:37.831561728+09:00
,,0.011070399110664679,0.00847547412210425,0.0006129373157109046,0.020158810548479834,2.049308564437619,0.5491593407280417,0.4204352286421672,-4.770578683669288,325.6,2026-08-28 13:13:37.931561728+09:00
,,0.011070399110664679,0.00847547412210425,0.0006129373157109046,0.020158810548479834,2.036917625391514,0.5491593407280417,0.4204352286421672,-4.770578683669288,325.7,2026-08-28 13:13:38.031561728+09:00
,,0.011070399110664679,0.00847547412210425,0.0006129373157109046,0.020158810548479834,2.0292031534606014,0.5491593407280417,0.4204352286421672,-4.770578683669288,325.8,2026-08-28 13:13:38.131561728+09:00
,,0.011998311304448945,0.009143824612522269,0.0006159265993241599,0.021758062516295373,2.021555434165035,0.5514420824677285,0.4202499466886879,-4.6946765332813785,325.9,2026-08-28 13:13:38.231561728+09:00
,,0.011998311304448945,0.009143824612522269,0.0006159265993241599,0.021758062516295373,2.0139077148694673,0.5514420824677285,0.4202499466886879,-4.6946765332813785,326.0,2026-08-28 13:13:38.331561728+09:00
,,0.012660020159819499,0.010224668946293944,0.0007588391800206872,0.02364352828613413,1.9996073588263354,0.5354539308434788,0.4324510632488914,-4.582951954467982,326.1,2026-08-28 13:13:38.431561728+09:00
,,0.012660020159819499,0.010224668946293944,0.0007588391800206872,0.02364352828613413,1.9853070027832032,0.5354539308434788,0.4324510632488914,-4.582951954467982,326.2,2026-08-28 13:13:38.531561728+09:00
,,0.012660020159819499,0.010224668946293944,0.0007588391800206872,0.02364352828613413,1.971006646740071,0.5354539308434788,0.4324510632488914,-4.582951954467982,326.3,2026-08-28 13:13:38.631561728+09:00
,,0.012660020159819499,0.010224668946293944,0.0007588391800206872,0.02364352828613413,1.9567062906969395,0.5354539308434788,0.4324510632488914,-4.582951954467982,326.4,2026-08-28 13:13:38.731561728+09:00
,,0.012660020159819499,0.010224668946293944,0.0007588391800206872,0.02364352828613413,1.9424059346538072,0.5354539308434788,0.4324510632488914,-4.582951954467982,326.5,2026-08-28 13:13:38.831561728+09:00
,,0.012660020159819499,0.010224668946293944,0.0007588391800206872,0.02364352828613413,1.9281055786106753,0.5354539308434788,0.4324510632488914,-4.582951954467982,326.6,2026-08-28 13:13:38.931561728+09:00
,,0.012660020159819499,0.010224668946293944,0.0007588391800206872,0.02364352828613413,1.9186229052121724,0.5354539308434788,0.4324510632488914,-4.582951954467982,326.7,2026-08-28 13:13:39.031561728+09:00
,,0.012270071402851098,0.00773742811183601,0.0005821582406703987,0.02058965775535751,1.9130027164142527,0.5959337230682418,0.37579197302697764,-4.861685931891997,326.8,2026-08-28 13:13:39.131561728+09:00
,,0.012270071402851098,0.00773742811183601,0.0005821582406703987,0.02058965775535751,1.9073825276163325,0.5959337230682418,0.37579197302697764,-4.861685931891997,326.9,2026-08-28 13:13:39.231561728+09:00
,,0.013601868651066483,0.011425263616502026,0.0009170944527971305,0.02594422672036564,1.8970043607521836,0.5242734269042337,0.4403778821256387,-4.471928268813617,327.0,2026-08-28 13:13:39.331561728+09:00
,,0.013601868651066483,0.011425263616502026,0.0009170944527971305,0.02594422672036564,1.8866261938880344,0.5242734269042337,0.4403778821256387,-4.471928268813617,327.1,2026-08-28 13:13:39.431561728+09:00
,,0.013601868651066483,0.011425263616502026,0.0009170944527971305,0.02594422672036564,1.8762480270238857,0.5242734269042337,0.4403778821256387,-4.471928268813617,327.2,2026-08-28 13:13:39.531561728+09:00
,,0.013601868651066483,0.011425263616502026,0.0009170944527971305,0.02594422672036564,1.8658698601597365,0.5242734269042337,0.4403778821256387,-4.471928268813617,327.3,2026-08-28 13:13:39.631561728+09:00
,,0.013601868651066483,0.011425263616502026,0.0009170944527971305,0.02594422672036564,1.8554916932955874,0.5242734269042337,0.4403778821256387,-4.471928268813617,327.4,2026-08-28 13:13:39.731561728+09:00
,,0.013601868651066483,0.011425263616502026,0.0009170944527971305,0.02594422672036564,1.8451135264314384,0.5242734269042337,0.4403778821256387,-4.471928268813617,327.5,2026-08-28 13:13:39.831561728+09:00
,,0.013780774395834533,0.011535141997426598,0.0009495229563729559,0.026265439349634087,1.834166512474682,0.5246732869148263,0.4391756727871867,-4.4623570772955095,327.6,2026-08-28 13:13:39.931561728+09:00
,,0.013780774395834533,0.011535141997426598,0.0009495229563729559,0.026265439349634087,1.8232194985179255,0.5246732869148263,0.4391756727871867,-4.4623570772955095,327.7,2026-08-28 13:13:40.031561728+09:00
,,0.013780774395834533,0.011535141997426598,0.0009495229563729559,0.026265439349634087,1.8122724845611695,0.5246732869148263,0.4391756727871867,-4.4623570772955095,327.8,2026-08-28 13:13:40.131561728+09:00
,,0.013780774395834533,0.011535141997426598,0.0009495229563729559,0.026265439349634087,1.8009408934726692,0.5246732869148263,0.4391756727871867,-4.4623570772955095,327.9,2026-08-28 13:13:40.231561728+09:00
,,0.014182331774709622,0.012387949482298611,0.001111085395669497,0.027681366652677734,1.7890556527617836,0.5123421813907337,0.447519432032821,-4.39103109483408,328.0,2026-08-28 13:13:40.331561728+09:00
,,0.014182331774709622,0.012387949482298611,0.001111085395669497,0.027681366652677734,1.777170412050898,0.5123421813907337,0.447519432032821,-4.39103109483408,328.1,2026-08-28 13:13:40.431561728+09:00
,,0.014182331774709622,0.012387949482298611,0.001111085395669497,0.027681366652677734,1.7652851713400126,0.5123421813907337,0.447519432032821,-4.39103109483408,328.2,2026-08-28 13:13:40.531561728+09:00
,,0.014182331774709622,0.012387949482298611,0.001111085395669497,0.027681366652677734,1.7533999306291268,0.5123421813907337,0.447519432032821,-4.39103109483408,328.3,2026-08-28 13:13:40.631561728+09:00
,,0.014182331774709622,0.012387949482298611,0.001111085395669497,0.027681366652677734,1.7412439737190324,0.5123421813907337,0.447519432032821,-4.39103109483408,328.4,2026-08-28 13:13:40.731561728+09:00
,,0.01417295962139086,0.012331144966974615,0.0011678772767957234,0.027671981865161198,1.7291381702485968,0.5121772517216955,0.445618424696188,-4.39562710585966,328.5,2026-08-28 13:13:40.831561728+09:00
,,0.01417295962139086,0.012331144966974615,0.0011678772767957234,0.027671981865161198,1.7170323667781617,0.5121772517216955,0.445618424696188,-4.39562710585966,328.6,2026-08-28 13:13:40.931561728+09:00
,,0.01417295962139086,0.012331144966974615,0.0011678772767957234,0.027671981865161198,1.7046562141791413,0.5121772517216955,0.445618424696188,-4.39562710585966,328.7,2026-08-28 13:13:41.031561728+09:00
,,0.01417295962139086,0.012331144966974615,0.0011678772767957234,0.027671981865161198,1.692280061580121,0.5121772517216955,0.445618424696188,-4.39562710585966,328.8,2026-08-28 13:13:41.131561728+09:00
,,0.014423074516022271,0.013144429564685114,0.0013373728744517286,0.028904876955159114,1.67932517274814,0.4989841173998824,0.4547478124565764,-4.33175721735354,328.9,2026-08-28 13:13:41.231561728+09:00
,,0.014423074516022271,0.013144429564685114,0.0013373728744517286,0.028904876955159114,1.666370283916159,0.4989841173998824,0.4547478124565764,-4.33175721735354,329.0,2026-08-28 13:13:41.331561728+09:00
,,0.014423074516022271,0.013144429564685114,0.0013373728744517286,0.028904876955159114,1.6534153950841777,0.4989841173998824,0.4547478124565764,-4.33175721735354,329.1,2026-08-28 13:13:41.431561728+09:00
,,0.014423074516022271,0.013144429564685114,0.0013373728744517286,0.028904876955159114,1.6404605062521966,0.4989841173998824,0.4547478124565764,-4.33175721735354,329.2,2026-08-28 13:13:41.531561728+09:00
,,0.014423074516022271,0.013144429564685114,0.0013373728744517286,0.028904876955159114,1.6278074562447444,0.4989841173998824,0.4547478124565764,-4.33175721735354,329.3,2026-08-28 13:13:41.631561728+09:00
,,0.014347230265294034,0.012955097191747814,0.0014187200622127183,0.02872104751925457,1.6152675369336578,0.4995371514801353,0.4510663193277587,-4.346265962738559,329.4,2026-08-28 13:13:41.731561728+09:00
,,0.014347230265294034,0.012955097191747814,0.0014187200622127183,0.02872104751925457,1.6027276176225715,0.4995371514801353,0.4510663193277587,-4.346265962738559,329.5,2026-08-28 13:13:41.831561728+09:00
,,0.014347230265294034,0.012955097191747814,0.0014187200622127183,0.02872104751925457,1.5901069212181143,0.4995371514801353,0.4510663193277587,-4.346265962738559,329.6,2026-08-28 13:13:41.931561728+09:00
,,0.014538007921961424,0.013861662899201458,0.0016084774279431797,0.03000814824910606,1.5768343821570334,0.4844686783495383,0.4619299659589757,-4.278628314119836,329.7,2026-08-28 13:13:42.031561728+09:00
,,0.014538007921961424,0.013861662899201458,0.0016084774279431797,0.03000814824910606,1.5635618430959533,0.4844686783495383,0.4619299659589757,-4.278628314119836,329.8,2026-08-28 13:13:42.131561728+09:00
,,0.014538007921961424,0.013861662899201458,0.0016084774279431797,0.03000814824910606,1.5502893040348729,0.4844686783495383,0.4619299659589757,-4.278628314119836,329.9,2026-08-28 13:13:42.231561728+09:00
,,0.014538007921961424,0.013861662899201458,0.0016084774279431797,0.03000814824910606,1.5370167649737927,0.4844686783495383,0.4619299659589757,-4.278628314119836,330.0,2026-08-28 13:13:42.331561728+09:00
,,0.014538007921961424,0.013861662899201458,0.0016084774279431797,0.03000814824910606,1.519541396936321,0.4844686783495383,0.4619299659589757,-4.278628314119836,330.1,2026-08-28 13:13:42.431561728+09:00
,,0.014538007921961424,0.013861662899201458,0.0016084774279431797,0.03000814824910606,1.5020660288988492,0.4844686783495383,0.4619299659589757,-4.278628314119836,330.2,2026-08-28 13:13:42.531561728+09:00
,,0.014535352089398225,0.013610823417543716,0.0017155951981959179,0.02986177070513786,1.4848032553398405,0.4867545274834405,0.4557942511828982,-4.296889963227215,330.3,2026-08-28 13:13:42.631561728+09:00
,,0.014535352089398225,0.013610823417543716,0.0017155951981959179,0.02986177070513786,1.4675404817808315,0.4867545274834405,0.4557942511828982,-4.296889963227215,330.4,2026-08-28 13:13:42.731561728+09:00
,,0.014535352089398225,0.013610823417543716,0.0017155951981959179,0.02986177070513786,1.4517370133945953,0.4867545274834405,0.4557942511828982,-4.296889963227215,330.5,2026-08-28 13:13:42.831561728+09:00
,,0.01469730875812215,0.014725133776971811,0.0019363030789112021,0.031358745614005167,1.4366171210834782,0.4686829294459459,0.4695702423248525,-4.218199464462202,330.6,2026-08-28 13:13:42.931561728+09:00
,,0.01469730875812215,0.014725133776971811,0.0019363030789112021,0.031358745614005167,1.4229565339451338,0.4686829294459459,0.4695702423248525,-4.218199464462202,330.7,2026-08-28 13:13:43.031561728+09:00
,,0.01469730875812215,0.014725133776971811,0.0019363030789112021,0.031358745614005167,1.4107552519795616,0.4686829294459459,0.4695702423248525,-4.218199464462202,330.8,2026-08-28 13:13:43.131561728+09:00
,,0.01469730875812215,0.014725133776971811,0.0019363030789112021,0.031358745614005167,1.4000132751867622,0.4686829294459459,0.4695702423248525,-4.218199464462202,330.9,2026-08-28 13:13:43.231561728+09:00
,,0.01469730875812215,0.014725133776971811,0.0019363030789112021,0.031358745614005167,1.3892712983939626,0.4686829294459459,0.4695702423248525,-4.218199464462202,331.0,2026-08-28 13:13:43.331561728+09:00
,,0.01469730875812215,0.014725133776971811,0.0019363030789112021,0.031358745614005167,1.3785293216011631,0.4686829294459459,0.4695702423248525,-4.218199464462202,331.1,2026-08-28 13:13:43.431561728+09:00
,,0.014823315913331579,0.009713788675064141,0.001259294913623561,0.010973083588687703,1.3676064789579658,,0.8852378273212295,-4.634208889972578,331.2,2026-08-28 13:13:43.531561728+09:00
,,0.01494932306854101,0.009713788675064141,0.001259294913623561,0.010973083588687703,1.356502770464371,,0.8852378273212295,-4.634208889972578,331.3,2026-08-28 13:13:43.631561728+09:00
,,0.01507533022375044,0.015880861634884245,0.0023229679373871948,0.03327915979602188,1.3454439916745073,0.4529961187767881,0.4772013996814489,-4.142640565511427,331.4,2026-08-28 13:13:43.731561728+09:00
,,0.01507533022375044,0.015880861634884245,0.0023229679373871948,0.03327915979602188,1.3343852128846438,0.4529961187767881,0.4772013996814489,-4.142640565511427,331.5,2026-08-28 13:13:43.831561728+09:00
,,0.01507533022375044,0.015880861634884245,0.0023229679373871948,0.03327915979602188,1.3233264340947803,0.4529961187767881,0.4772013996814489,-4.142640565511427,331.6,2026-08-28 13:13:43.931561728+09:00
,,0.01507533022375044,0.015880861634884245,0.0023229679373871948,0.03327915979602188,1.3144258255961028,0.4529961187767881,0.4772013996814489,-4.142640565511427,331.7,2026-08-28 13:13:44.031561728+09:00
,,0.01507533022375044,0.015880861634884245,0.0023229679373871948,0.03327915979602188,1.3055252170974254,0.4529961187767881,0.4772013996814489,-4.142640565511427,331.8,2026-08-28 13:13:44.131561728+09:00
,,0.01507533022375044,0.015880861634884245,0.0023229679373871948,0.03327915979602188,1.296624608598748,0.4529961187767881,0.4772013996814489,-4.142640565511427,331.9,2026-08-28 13:13:44.231561728+09:00
,,0.01507533022375044,0.015880861634884245,0.0023229679373871948,0.03327915979602188,1.287724000100071,0.4529961187767881,0.4772013996814489,-4.142640565511427,332.0,2026-08-28 13:13:44.331561728+09:00
,,0.01568352192033772,0.01585189551078751,0.0024844242494535436,0.03401984168057877,1.2792689664677799,0.4610110202038689,0.465960296336036,-4.144466195223269,332.1,2026-08-28 13:13:44.431561728+09:00
,,0.015333983926732324,0.01182051819192795,0.0016714050361637707,0.028825907154824044,1.2742345568628797,0.5319514783827425,0.41006578313181635,-4.4379184277005095,332.2,2026-08-28 13:13:44.531561728+09:00
,,0.015333983926732324,0.01182051819192795,0.0016714050361637707,0.028825907154824044,1.2693784108489787,0.5319514783827425,0.41006578313181635,-4.4379184277005095,332.3,2026-08-28 13:13:44.631561728+09:00
,,0.015333983926732324,0.01182051819192795,0.0016714050361637707,0.028825907154824044,1.2645222648350776,0.5319514783827425,0.41006578313181635,-4.4379184277005095,332.4,2026-08-28 13:13:44.731561728+09:00
,,0.015333983926732324,0.01182051819192795,0.0016714050361637707,0.028825907154824044,1.2596661188211766,0.5319514783827425,0.41006578313181635,-4.4379184277005095,332.5,2026-08-28 13:13:44.831561728+09:00
,,0.015333983926732324,0.01182051819192795,0.0016714050361637707,0.028825907154824044,1.2530321752764213,0.5319514783827425,0.41006578313181635,-4.4379184277005095,332.6,2026-08-28 13:13:44.931561728+09:00
,,0.015333983926732324,0.01182051819192795,0.0016714050361637707,0.028825907154824044,1.246398231731666,0.5319514783827425,0.41006578313181635,-4.4379184277005095,332.7,2026-08-28 13:13:45.031561728+09:00
,,0.015333983926732324,0.01182051819192795,0.0016714050361637707,0.028825907154824044,1.2397642881869109,0.5319514783827425,0.41006578313181635,-4.4379184277005095,332.8,2026-08-28 13:13:45.131561728+09:00
,,0.01617539836464803,0.01988279544410839,0.0030787141303316424,0.03913690793908807,1.2277559328605154,0.41330292085984693,0.5080318423482405,-3.9179004717383736,332.9,2026-08-28 13:13:45.231561728+09:00
,,0.01668758146045737,0.01396876392689548,0.0019064148895895738,0.032562760276942423,1.2199820006467825,0.5124744130574762,0.4289797243259722,-4.270931590165088,333.0,2026-08-28 13:13:45.331561728+09:00
,,0.01668758146045737,0.01396876392689548,0.0019064148895895738,0.032562760276942423,1.212037751221262,0.5124744130574762,0.4289797243259722,-4.270931590165088,333.1,2026-08-28 13:13:45.431561728+09:00
,,0.01668758146045737,0.01396876392689548,0.0019064148895895738,0.032562760276942423,1.2040935017957415,0.5124744130574762,0.4289797243259722,-4.270931590165088,333.2,2026-08-28 13:13:45.531561728+09:00
,,0.01668758146045737,0.01396876392689548,0.0019064148895895738,0.032562760276942423,1.1961492523702209,0.5124744130574762,0.4289797243259722,-4.270931590165088,333.3,2026-08-28 13:13:45.631561728+09:00
,,0.01668758146045737,0.01396876392689548,0.0019064148895895738,0.032562760276942423,1.1902991026287386,0.5124744130574762,0.4289797243259722,-4.270931590165088,333.4,2026-08-28 13:13:45.731561728+09:00
,,0.01668758146045737,0.01396876392689548,0.0019064148895895738,0.032562760276942423,1.1844489528872562,0.5124744130574762,0.4289797243259722,-4.270931590165088,333.5,2026-08-28 13:13:45.831561728+09:00
,,0.01668758146045737,0.01396876392689548,0.0019064148895895738,0.032562760276942423,1.178598803145774,0.5124744130574762,0.4289797243259722,-4.270931590165088,333.6,2026-08-28 13:13:45.931561728+09:00
,,0.01759332661743281,0.022804049833727733,0.003591179357411731,0.04398855580857227,1.1680471487614186,0.39995235792679307,0.5184086955017467,-3.7808171345087636,333.7,2026-08-28 13:13:46.031561728+09:00
,,0.01759332661743281,0.022804049833727733,0.003591179357411731,0.04398855580857227,1.1574954943770634,0.39995235792679307,0.5184086955017467,-3.7808171345087636,333.8,2026-08-28 13:13:46.131561728+09:00
,,0.01903056419313461,0.02334400933188653,0.0037243780328739366,0.046098951557895076,1.1474296457022224,0.41281989177637524,0.5063891594707766,-3.7574148874465383,333.9,2026-08-28 13:13:46.231561728+09:00
,,0.01903056419313461,0.02334400933188653,0.0037243780328739366,0.046098951557895076,1.1408045582374062,0.41281989177637524,0.5063891594707766,-3.7574148874465383,334.0,2026-08-28 13:13:46.331561728+09:00
,,0.01903056419313461,0.02334400933188653,0.0037243780328739366,0.046098951557895076,1.1341794707725903,0.41281989177637524,0.5063891594707766,-3.7574148874465383,334.1,2026-08-28 13:13:46.431561728+09:00
,,0.01903056419313461,0.02334400933188653,0.0037243780328739366,0.046098951557895076,1.1275543833077741,0.41281989177637524,0.5063891594707766,-3.7574148874465383,334.2,2026-08-28 13:13:46.531561728+09:00
,,0.01903056419313461,0.02334400933188653,0.0037243780328739366,0.046098951557895076,1.1220994266174538,0.41281989177637524,0.5063891594707766,-3.7574148874465383,334.3,2026-08-28 13:13:46.631561728+09:00
,,0.01903056419313461,0.02334400933188653,0.0037243780328739366,0.046098951557895076,1.116644469927133,0.41281989177637524,0.5063891594707766,-3.7574148874465383,334.4,2026-08-28 13:13:46.731561728+09:00
,,0.018994996620532674,0.025830562120996093,0.003922181283563591,0.04874774002509236,1.1103022517675807,0.38965902031058686,0.5298822490581121,-3.656196909780712,334.5,2026-08-28 13:13:46.831561728+09:00
,,0.018994996620532674,0.025830562120996093,0.003922181283563591,0.04874774002509236,1.103960033608028,0.38965902031058686,0.5298822490581121,-3.656196909780712,334.6,2026-08-28 13:13:46.931561728+09:00
,,0.020040512429906124,0.02586689990153367,0.0038373228930898597,0.04974473522452966,1.098055437846695,0.4028670037030157,0.5199927145009393,-3.654791123689856,334.7,2026-08-28 13:13:47.031561728+09:00
,,0.020040512429906124,0.02586689990153367,0.0038373228930898597,0.04974473522452966,1.0921508420853614,0.4028670037030157,0.5199927145009393,-3.654791123689856,334.8,2026-08-28 13:13:47.131561728+09:00
,,0.020040512429906124,0.02586689990153367,0.0038373228930898597,0.04974473522452966,1.0861794936886826,0.4028670037030157,0.5199927145009393,-3.654791123689856,334.9,2026-08-28 13:13:47.231561728+09:00
,,0.020040512429906124,0.02586689990153367,0.0038373228930898597,0.04974473522452966,1.0802081452920038,0.4028670037030157,0.5199927145009393,-3.654791123689856,335.0,2026-08-28 13:13:47.331561728+09:00
,,0.020040512429906124,0.02586689990153367,0.0038373228930898597,0.04974473522452966,1.0750589366608898,0.4028670037030157,0.5199927145009393,-3.654791123689856,335.1,2026-08-28 13:13:47.431561728+09:00
,,0.02004422823977582,0.028426882800086845,0.00396182415949236,0.052432935199355026,1.0691359518703039,0.38228316159615616,0.5421569990694803,-3.560420004069068,335.2,2026-08-28 13:13:47.531561728+09:00
,,0.02004422823977582,0.028426882800086845,0.00396182415949236,0.052432935199355026,1.0632129670797177,0.38228316159615616,0.5421569990694803,-3.560420004069068,335.3,2026-08-28 13:13:47.631561728+09:00
,,0.02004422823977582,0.028426882800086845,0.00396182415949236,0.052432935199355026,1.0572899822891317,0.38228316159615616,0.5421569990694803,-3.560420004069068,335.4,2026-08-28 13:13:47.731561728+09:00
,,0.02004422823977582,0.028426882800086845,0.00396182415949236,0.052432935199355026,1.0513669974985456,0.38228316159615616,0.5421569990694803,-3.560420004069068,335.5,2026-08-28 13:13:47.831561728+09:00
,,0.020445614506646313,0.027717894152881794,0.0036387256721945775,0.05180223433172269,1.0458053135905137,0.39468595844187004,0.5350714020439055,-3.5856770760569456,335.6,2026-08-28 13:13:47.931561728+09:00
,,0.020445614506646313,0.027717894152881794,0.0036387256721945775,0.05180223433172269,1.0402436296824815,0.39468595844187004,0.5350714020439055,-3.5856770760569456,335.7,2026-08-28 13:13:48.031561728+09:00
,,0.020445614506646313,0.027717894152881794,0.0036387256721945775,0.05180223433172269,1.0308194611738668,0.39468595844187004,0.5350714020439055,-3.5856770760569456,335.8,2026-08-28 13:13:48.131561728+09:00
,,0.020445614506646313,0.027717894152881794,0.0036387256721945775,0.05180223433172269,1.0213952926652523,0.39468595844187004,0.5350714020439055,-3.5856770760569456,335.9,2026-08-28 13:13:48.231561728+09:00
,,0.02059382515650086,0.030206275106643192,0.0037495047747425746,0.054549605037886625,1.0157426815331976,0.37752473445403906,0.5537395749366814,-3.4997055911974386,336.0,2026-08-28 13:13:48.331561728+09:00
,,0.02059382515650086,0.030206275106643192,0.0037495047747425746,0.054549605037886625,1.010090070401143,0.37752473445403906,0.5537395749366814,-3.4997055911974386,336.1,2026-08-28 13:13:48.431561728+09:00
,,0.02059382515650086,0.030206275106643192,0.0037495047747425746,0.054549605037886625,1.0044374592690883,0.37752473445403906,0.5537395749366814,-3.4997055911974386,336.2,2026-08-28 13:13:48.531561728+09:00
,,0.02059382515650086,0.030206275106643192,0.0037495047747425746,0.054549605037886625,0.9987848481370337,0.37752473445403906,0.5537395749366814,-3.4997055911974386,336.3,2026-08-28 13:13:48.631561728+09:00
,,0.02059382515650086,0.030206275106643192,0.0037495047747425746,0.054549605037886625,0.9931322370049789,0.37752473445403906,0.5537395749366814,-3.4997055911974386,336.4,2026-08-28 13:13:48.731561728+09:00
,,0.020830714994313583,0.029469063457068755,0.0033458476539796034,0.05364562610536194,0.9877584496843617,0.3883022066589606,0.5493283534279282,-3.5244142622736945,336.5,2026-08-28 13:13:48.831561728+09:00
,,0.020830714994313583,0.029469063457068755,0.0033458476539796034,0.05364562610536194,0.9823383356745174,0.3883022066589606,0.5493283534279282,-3.5244142622736945,336.6,2026-08-28 13:13:48.931561728+09:00
,,0.020830714994313583,0.029469063457068755,0.0033458476539796034,0.05364562610536194,0.9769182216646735,0.3883022066589606,0.5493283534279282,-3.5244142622736945,336.7,2026-08-28 13:13:49.031561728+09:00
,,0.020879179910456912,0.026726590304947853,0.0021617432459647397,0.028888333550912592,0.9714606683116241,,0.9251689876068864,-3.6220963175758674,336.8,2026-08-28 13:13:49.131561728+09:00
,,0.020927644826600242,0.026726590304947853,0.0021617432459647397,0.028888333550912592,0.9659656756153694,,0.9251689876068864,-3.6220963175758674,336.9,2026-08-28 13:13:49.231561728+09:00
,,0.02097610974274357,0.026726590304947853,0.0021617432459647397,0.028888333550912592,0.9609868931982948,,0.9251689876068864,-3.6220963175758674,337.0,2026-08-28 13:13:49.331561728+09:00
,,0.021024574658886904,0.026726590304947853,0.0021617432459647397,0.028888333550912592,0.955970671438015,,0.9251689876068864,-3.6220963175758674,337.1,2026-08-28 13:13:49.431561728+09:00
,,0.021073039575030234,0.026726590304947853,0.0021617432459647397,0.028888333550912592,0.9509170103345299,,0.9251689876068864,-3.6220963175758674,337.2,2026-08-28 13:13:49.531561728+09:00
,,0.021121504491173563,0.026726590304947853,0.0021617432459647397,0.028888333550912592,0.9458259098878392,,0.9251689876068864,-3.6220963175758674,337.3,2026-08-28 13:13:49.631561728+09:00
,,0.021169969407316892,0.03098284149028676,0.003051894992462485,0.05520470589006614,0.9406973700979435,0.3834812461364157,0.5612355140879756,-3.474321728048167,337.4,2026-08-28 13:13:49.731561728+09:00
,,0.021169969407316892,0.03098284149028676,0.003051894992462485,0.05520470589006614,0.9355186768683885,0.3834812461364157,0.5612355140879756,-3.474321728048167,337.5,2026-08-28 13:13:49.831561728+09:00
,,0.02056745844568466,0.031366882817123694,0.003031117677122952,0.05496545893993131,0.93003360286439,0.37418878769231584,0.5706653491495962,-3.4620026299947595,337.6,2026-08-28 13:13:49.931561728+09:00
,,0.02056745844568466,0.031366882817123694,0.003031117677122952,0.05496545893993131,0.9245485288603913,0.37418878769231584,0.5706653491495962,-3.4620026299947595,337.7,2026-08-28 13:13:50.031561728+09:00
,,0.02056745844568466,0.031366882817123694,0.003031117677122952,0.05496545893993131,0.9190634548563927,0.37418878769231584,0.5706653491495962,-3.4620026299947595,337.8,2026-08-28 13:13:50.131561728+09:00
,,0.02056745844568466,0.031366882817123694,0.003031117677122952,0.05496545893993131,0.914157117085355,0.37418878769231584,0.5706653491495962,-3.4620026299947595,337.9,2026-08-28 13:13:50.231561728+09:00
,,0.02056745844568466,0.031366882817123694,0.003031117677122952,0.05496545893993131,0.9092507793143172,0.37418878769231584,0.5706653491495962,-3.4620026299947595,338.0,2026-08-28 13:13:50.331561728+09:00
,,0.02056745844568466,0.031366882817123694,0.003031117677122952,0.05496545893993131,0.9043444415432792,0.37418878769231584,0.5706653491495962,-3.4620026299947595,338.1,2026-08-28 13:13:50.431561728+09:00
,,0.02056745844568466,0.031366882817123694,0.003031117677122952,0.05496545893993131,0.8994381037722415,0.37418878769231584,0.5706653491495962,-3.4620026299947595,338.2,2026-08-28 13:13:50.531561728+09:00
,,0.020586487574389595,0.029905743740519793,0.00202285163624414,0.03192859537676393,0.8945265039024407,,0.9366445152887537,-3.5097047186888775,338.3,2026-08-28 13:13:50.631561728+09:00
,,0.020605516703094535,0.030050580484850327,0.0021821537724980972,0.032232734257348426,0.8894965112375112,,0.9323000724953822,-3.5048733008879855,338.4,2026-08-28 13:13:50.731561728+09:00
,,0.02062454583179947,0.030050580484850327,0.0021821537724980972,0.032232734257348426,0.8844612564738185,,0.9323000724953822,-3.5048733008879855,338.5,2026-08-28 13:13:50.831561728+09:00
,,0.020643574960504407,0.030050580484850327,0.0021821537724980972,0.032232734257348426,0.8794207396113628,,0.9323000724953822,-3.5048733008879855,338.6,2026-08-28 13:13:50.931561728+09:00
,,0.020662604089209342,0.030050580484850327,0.0021821537724980972,0.032232734257348426,0.8750268033067673,,0.9323000724953822,-3.5048733008879855,338.7,2026-08-28 13:13:51.031561728+09:00
,,0.02068163321791428,0.030050580484850327,0.0021821537724980972,0.032232734257348426,0.8706276049034087,,0.9323000724953822,-3.5048733008879855,338.8,2026-08-28 13:13:51.131561728+09:00
,,0.020700662346619218,0.030050580484850327,0.0021821537724980972,0.032232734257348426,0.8662231444012873,,0.9323000724953822,-3.5048733008879855,338.9,2026-08-28 13:13:51.231561728+09:00
,,0.020719691475324153,0.030050580484850327,0.0021821537724980972,0.032232734257348426,0.8618134218004028,,0.9323000724953822,-3.5048733008879855,339.0,2026-08-28 13:13:51.331561728+09:00
,,0.020738720604029093,0.030050580484850327,0.0021821537724980972,0.032232734257348426,0.8573984371007551,,0.9323000724953822,-3.5048733008879855,339.1,2026-08-28 13:13:51.431561728+09:00
,,0.02075774973273403,0.03188740022188552,0.0028241703858669044,0.055469320340486454,0.8529781903023447,0.374220372727069,0.5748655297406132,-3.4455443245858053,339.2,2026-08-28 13:13:51.531561728+09:00
,,0.02075774973273403,0.03188740022188552,0.0028241703858669044,0.055469320340486454,0.8483453490254713,0.374220372727069,0.5748655297406132,-3.4455443245858053,339.3,2026-08-28 13:13:51.631561728+09:00
,,0.02075774973273403,0.03188740022188552,0.0028241703858669044,0.055469320340486454,0.843712507748598,0.374220372727069,0.5748655297406132,-3.4455443245858053,339.4,2026-08-28 13:13:51.731561728+09:00
,,0.02075774973273403,0.03188740022188552,0.0028241703858669044,0.055469320340486454,0.8390796664717246,0.374220372727069,0.5748655297406132,-3.4455443245858053,339.5,2026-08-28 13:13:51.831561728+09:00
,,0.02075774973273403,0.03188740022188552,0.0028241703858669044,0.055469320340486454,0.8352225542925044,0.374220372727069,0.5748655297406132,-3.4455443245858053,339.6,2026-08-28 13:13:51.931561728+09:00
,,0.02075774973273403,0.03188740022188552,0.0028241703858669044,0.055469320340486454,0.831365442113284,0.374220372727069,0.5748655297406132,-3.4455443245858053,339.7,2026-08-28 13:13:52.031561728+09:00
,,0.02075774973273403,0.03188740022188552,0.0028241703858669044,0.055469320340486454,0.8275083299340636,0.374220372727069,0.5748655297406132,-3.4455443245858053,339.8,2026-08-28 13:13:52.131561728+09:00
,,0.02075774973273403,0.03188740022188552,0.0028241703858669044,0.055469320340486454,0.8236512177548434,0.374220372727069,0.5748655297406132,-3.4455443245858053,339.9,2026-08-28 13:13:52.231561728+09:00
,,0.02055918994004866,0.03202857862724863,0.002888631716788292,0.05547640028408558,0.819693340449712,0.3705934385570875,0.5773370020988297,-3.44112669264143,340.0,2026-08-28 13:13:52.331561728+09:00
,,0.02055918994004866,0.03202857862724863,0.002888631716788292,0.05547640028408558,0.8157354631445807,0.3705934385570875,0.5773370020988297,-3.44112669264143,340.1,2026-08-28 13:13:52.431561728+09:00
,,0.02096267329490614,0.032477820029838,0.0030933018384074543,0.056533795163151594,0.8119978340070271,0.3707989749212784,0.5744850480338326,-3.4271978832490704,340.2,2026-08-28 13:13:52.531561728+09:00
,,0.02096267329490614,0.032477820029838,0.0030933018384074543,0.056533795163151594,0.808441070719871,0.3707989749212784,0.5744850480338326,-3.4271978832490704,340.3,2026-08-28 13:13:52.631561728+09:00
,,0.02096267329490614,0.032477820029838,0.0030933018384074543,0.056533795163151594,0.8050651732831129,0.3707989749212784,0.5744850480338326,-3.4271978832490704,340.4,2026-08-28 13:13:52.731561728+09:00
,,0.02096267329490614,0.032477820029838,0.0030933018384074543,0.056533795163151594,0.8016892758463546,0.3707989749212784,0.5744850480338326,-3.4271978832490704,340.5,2026-08-28 13:13:52.831561728+09:00
,,0.02096267329490614,0.032477820029838,0.0030933018384074543,0.056533795163151594,0.7983133784095963,0.3707989749212784,0.5744850480338326,-3.4271978832490704,340.6,2026-08-28 13:13:52.931561728+09:00
,,0.02096267329490614,0.032477820029838,0.0030933018384074543,0.056533795163151594,0.7949374809728381,0.3707989749212784,0.5744850480338326,-3.4271978832490704,340.7,2026-08-28 13:13:53.031561728+09:00
,,0.02096267329490614,0.032477820029838,0.0030933018384074543,0.056533795163151594,0.7915615835360797,0.3707989749212784,0.5744850480338326,-3.4271978832490704,340.8,2026-08-28 13:13:53.131561728+09:00
,,0.02049545068580906,0.032586297550137075,0.003117471359286479,0.056199219595232615,0.7880025010689701,0.3646927988222045,0.579835410257216,-3.4238633995168595,340.9,2026-08-28 13:13:53.231561728+09:00
,,0.02049545068580906,0.032586297550137075,0.003117471359286479,0.056199219595232615,0.7844434186018604,0.3646927988222045,0.579835410257216,-3.4238633995168595,341.0,2026-08-28 13:13:53.331561728+09:00
,,0.02116304973755077,0.03353270799253838,0.003621353095824308,0.05831711082591346,0.7804627330622093,0.3628960597984027,0.5750063320633158,-3.395233958492336,341.1,2026-08-28 13:13:53.431561728+09:00
,,0.02116304973755077,0.03353270799253838,0.003621353095824308,0.05831711082591346,0.773061423495167,0.3628960597984027,0.5750063320633158,-3.395233958492336,341.2,2026-08-28 13:13:53.531561728+09:00
,,0.02116304973755077,0.03353270799253838,0.003621353095824308,0.05831711082591346,0.7656601139281248,0.3628960597984027,0.5750063320633158,-3.395233958492336,341.3,2026-08-28 13:13:53.631561728+09:00
,,0.02116304973755077,0.03353270799253838,0.003621353095824308,0.05831711082591346,0.7582588043610826,0.3628960597984027,0.5750063320633158,-3.395233958492336,341.4,2026-08-28 13:13:53.731561728+09:00
,,0.02116304973755077,0.03353270799253838,0.003621353095824308,0.05831711082591346,0.7508574947940404,0.3628960597984027,0.5750063320633158,-3.395233958492336,341.5,2026-08-28 13:13:53.831561728+09:00
,,0.02116304973755077,0.03353270799253838,0.003621353095824308,0.05831711082591346,0.7434561852269983,0.3628960597984027,0.5750063320633158,-3.395233958492336,341.6,2026-08-28 13:13:53.931561728+09:00
,,0.02116304973755077,0.03353270799253838,0.003621353095824308,0.05831711082591346,0.7360548756599561,0.3628960597984027,0.5750063320633158,-3.395233958492336,341.7,2026-08-28 13:13:54.031561728+09:00
,,0.020307299506246074,0.03356077823852588,0.0035570608102371655,0.057425138555009116,0.7283643840058788,0.35363083167475784,0.5844265957909198,-3.394397208184605,341.8,2026-08-28 13:13:54.131561728+09:00
,,0.020307299506246074,0.03356077823852588,0.0035570608102371655,0.057425138555009116,0.7260483041334418,0.35363083167475784,0.5844265957909198,-3.394397208184605,341.9,2026-08-28 13:13:54.231561728+09:00
,,0.020307299506246074,0.03356077823852588,0.0035570608102371655,0.057425138555009116,0.7194978011483424,0.35363083167475784,0.5844265957909198,-3.394397208184605,342.0,2026-08-28 13:13:54.331561728+09:00
,,0.02162274146925577,0.035518853362157043,0.004460155394079448,0.06160175022549227,0.712988162160045,0.35100855722615115,0.5765883799103243,-3.3376916428500296,342.1,2026-08-28 13:13:54.431561728+09:00
,,0.02162274146925577,0.035518853362157043,0.004460155394079448,0.06160175022549227,0.7064785231717478,0.35100855722615115,0.5765883799103243,-3.3376916428500296,342.2,2026-08-28 13:13:54.531561728+09:00
,,0.02162274146925577,0.035518853362157043,0.004460155394079448,0.06160175022549227,0.6999688841834504,0.35100855722615115,0.5765883799103243,-3.3376916428500296,342.3,2026-08-28 13:13:54.631561728+09:00
,,0.02162274146925577,0.035518853362157043,0.004460155394079448,0.06160175022549227,0.6934592451951532,0.35100855722615115,0.5765883799103243,-3.3376916428500296,342.4,2026-08-28 13:13:54.731561728+09:00
,,0.02162274146925577,0.035518853362157043,0.004460155394079448,0.06160175022549227,0.6869496062068559,0.35100855722615115,0.5765883799103243,-3.3376916428500296,342.5,2026-08-28 13:13:54.831561728+09:00
,,0.02162274146925577,0.035518853362157043,0.004460155394079448,0.06160175022549227,0.6804399672185586,0.35100855722615115,0.5765883799103243,-3.3376916428500296,342.6,2026-08-28 13:13:54.931561728+09:00
,,0.02162274146925577,0.035518853362157043,0.004460155394079448,0.06160175022549227,0.678631832873134,0.35100855722615115,0.5765883799103243,-3.3376916428500296,342.7,2026-08-28 13:13:55.031561728+09:00
,,0.0199113182329879,0.03274362144774824,0.003811957493672212,0.05646689717440836,0.6768162498020429,0.35261930846825434,0.5798728650985296,-3.419047100824285,342.8,2026-08-28 13:13:55.131561728+09:00
,,0.0199113182329879,0.03274362144774824,0.003811957493672212,0.05646689717440836,0.6745148610214381,0.35261930846825434,0.5798728650985296,-3.419047100824285,342.9,2026-08-28 13:13:55.231561728+09:00
,,0.0199113182329879,0.03274362144774824,0.003811957493672212,0.05646689717440836,0.6722134722408333,0.35261930846825434,0.5798728650985296,-3.419047100824285,343.0,2026-08-28 13:13:55.331561728+09:00
,,0.021994918099176745,0.037711552575841134,0.005538660944127015,0.0652451316191449,0.6696358971756852,0.33711201975294613,0.577997953869947,-3.277788797097151,343.1,2026-08-28 13:13:55.431561728+09:00
,,0.021994918099176745,0.037711552575841134,0.005538660944127015,0.0652451316191449,0.6670583221105372,0.33711201975294613,0.577997953869947,-3.277788797097151,343.2,2026-08-28 13:13:55.531561728+09:00
,,0.021994918099176745,0.037711552575841134,0.005538660944127015,0.0652451316191449,0.6644807470453892,0.33711201975294613,0.577997953869947,-3.277788797097151,343.3,2026-08-28 13:13:55.631561728+09:00
,,0.021994918099176745,0.037711552575841134,0.005538660944127015,0.0652451316191449,0.6619031719802412,0.33711201975294613,0.577997953869947,-3.277788797097151,343.4,2026-08-28 13:13:55.731561728+09:00
,,0.021994918099176745,0.037711552575841134,0.005538660944127015,0.0652451316191449,0.6602128583843249,0.33711201975294613,0.577997953869947,-3.277788797097151,343.5,2026-08-28 13:13:55.831561728+09:00
,,0.021994918099176745,0.037711552575841134,0.005538660944127015,0.0652451316191449,0.6585225447884088,0.33711201975294613,0.577997953869947,-3.277788797097151,343.6,2026-08-28 13:13:55.931561728+09:00
,,0.02176480207718268,0.04034063018919326,0.005499963775999482,0.06760539604237542,0.6559088835853827,0.3219388296097014,0.596707253425563,-3.210396124634779,343.7,2026-08-28 13:13:56.031561728+09:00
,,0.02176480207718268,0.04034063018919326,0.005499963775999482,0.06760539604237542,0.6532952223823568,0.3219388296097014,0.596707253425563,-3.210396124634779,343.8,2026-08-28 13:13:56.131561728+09:00
,,0.02176480207718268,0.04034063018919326,0.005499963775999482,0.06760539604237542,0.6506815611793307,0.3219388296097014,0.596707253425563,-3.210396124634779,343.9,2026-08-28 13:13:56.231561728+09:00
,,0.02176480207718268,0.04034063018919326,0.005499963775999482,0.06760539604237542,0.6480678999763048,0.3219388296097014,0.596707253425563,-3.210396124634779,344.0,2026-08-28 13:13:56.331561728+09:00
,,0.02239559133322083,0.039572660263906066,0.00648842185599623,0.06845667345312312,0.6457476873511035,0.32714986287723424,0.5780687005044749,-3.2296167965318294,344.1,2026-08-28 13:13:56.431561728+09:00
,,0.02239559133322083,0.039572660263906066,0.00648842185599623,0.06845667345312312,0.6442012508853746,0.32714986287723424,0.5780687005044749,-3.2296167965318294,344.2,2026-08-28 13:13:56.531561728+09:00
,,0.02239559133322083,0.039572660263906066,0.00648842185599623,0.06845667345312312,0.6426548144196456,0.32714986287723424,0.5780687005044749,-3.2296167965318294,344.3,2026-08-28 13:13:56.631561728+09:00
,,0.02239559133322083,0.039572660263906066,0.00648842185599623,0.06845667345312312,0.6411083779539166,0.32714986287723424,0.5780687005044749,-3.2296167965318294,344.4,2026-08-28 13:13:56.731561728+09:00
,,0.02239559133322083,0.039572660263906066,0.00648842185599623,0.06845667345312312,0.6395619414881877,0.32714986287723424,0.5780687005044749,-3.2296167965318294,344.5,2026-08-28 13:13:56.831561728+09:00
,,0.02021987325376705,0.03486722273747886,0.005178617049808723,0.06026571304105463,0.637809478338876,0.33551205542018103,0.578558204625014,-3.3562080676529424,344.6,2026-08-28 13:13:56.931561728+09:00
,,0.02021987325376705,0.03486722273747886,0.005178617049808723,0.06026571304105463,0.6360570151895643,0.33551205542018103,0.578558204625014,-3.3562080676529424,344.7,2026-08-28 13:13:57.031561728+09:00
,,0.02021987325376705,0.03486722273747886,0.005178617049808723,0.06026571304105463,0.6343045520402526,0.33551205542018103,0.578558204625014,-3.3562080676529424,344.8,2026-08-28 13:13:57.131561728+09:00
,,0.02021987325376705,0.03486722273747886,0.005178617049808723,0.06026571304105463,0.6325520888909408,0.33551205542018103,0.578558204625014,-3.3562080676529424,344.9,2026-08-28 13:13:57.231561728+09:00
,,0.02021987325376705,0.03486722273747886,0.005178617049808723,0.06026571304105463,0.6314202839600924,0.33551205542018103,0.578558204625014,-3.3562080676529424,345.0,2026-08-28 13:13:57.331561728+09:00
,,0.023061159786665387,0.040760291349314144,0.007000719745148649,0.07082217088112819,0.6301314180475176,0.3256206283957675,0.5755301036694914,-3.20004692273083,345.1,2026-08-28 13:13:57.431561728+09:00
,,0.023061159786665387,0.040760291349314144,0.007000719745148649,0.07082217088112819,0.6288425521349428,0.3256206283957675,0.5755301036694914,-3.20004692273083,345.2,2026-08-28 13:13:57.531561728+09:00
,,0.023061159786665387,0.040760291349314144,0.007000719745148649,0.07082217088112819,0.627553686222368,0.3256206283957675,0.5755301036694914,-3.20004692273083,345.3,2026-08-28 13:13:57.631561728+09:00
,,0.023061159786665387,0.040760291349314144,0.007000719745148649,0.07082217088112819,0.6262648203097931,0.3256206283957675,0.5755301036694914,-3.20004692273083,345.4,2026-08-28 13:13:57.731561728+09:00
,,0.022725438480133583,0.03585958207277092,0.005609239786642338,0.04146882185941326,0.6246736991112507,,0.8647359742782502,-3.328144465285475,345.5,2026-08-28 13:13:57.831561728+09:00
,,0.022389717173601775,0.03585958207277092,0.005609239786642338,0.04146882185941326,0.6230591464381777,,0.8647359742782502,-3.328144465285475,345.6,2026-08-28 13:13:57.931561728+09:00
,,0.02205399586706997,0.03585958207277092,0.005609239786642338,0.04146882185941326,0.621421162290574,,0.8647359742782502,-3.328144465285475,345.7,2026-08-28 13:13:58.031561728+09:00
,,0.021718274560538167,0.03585958207277092,0.005609239786642338,0.04146882185941326,0.6197971860116452,,0.8647359742782502,-3.328144465285475,345.8,2026-08-28 13:13:58.131561728+09:00
,,0.021382553254006363,0.03585958207277092,0.005609239786642338,0.04146882185941326,0.6181872176013912,,0.8647359742782502,-3.328144465285475,345.9,2026-08-28 13:13:58.231561728+09:00
,,0.021046831947474556,0.031148864729998508,0.005543921126722385,0.036692785856720894,0.616591257059812,,0.8489097789311921,-3.468977479677715,346.0,2026-08-28 13:13:58.331561728+09:00
,,0.02071111064094275,0.031148864729998508,0.005543921126722385,0.036692785856720894,0.6150093043869076,,0.8489097789311921,-3.468977479677715,346.1,2026-08-28 13:13:58.431561728+09:00
,,0.020375389334410948,0.031148864729998508,0.005543921126722385,0.036692785856720894,0.6134413595826779,,0.8489097789311921,-3.468977479677715,346.2,2026-08-28 13:13:58.531561728+09:00
,,0.02003966802787914,0.031148864729998508,0.005543921126722385,0.036692785856720894,0.611887422647123,,0.8489097789311921,-3.468977479677715,346.3,2026-08-28 13:13:58.631561728+09:00
,,0.019703946721347336,0.036174818334212065,0.00514777610665266,0.06102654116221206,0.6103474935802429,0.3228750367643008,0.5927718931023358,-3.3193920283372664,346.4,2026-08-28 13:13:58.731561728+09:00
,,0.019703946721347336,0.036174818334212065,0.00514777610665266,0.06102654116221206,0.6088075645133628,0.3228750367643008,0.5927718931023358,-3.3193920283372664,346.5,2026-08-28 13:13:58.831561728+09:00
,,0.019703946721347336,0.036174818334212065,0.00514777610665266,0.06102654116221206,0.6075740162209264,0.3228750367643008,0.5927718931023358,-3.3193920283372664,346.6,2026-08-28 13:13:58.931561728+09:00
,,0.019703946721347336,0.036174818334212065,0.00514777610665266,0.06102654116221206,0.60634046792849,0.3228750367643008,0.5927718931023358,-3.3193920283372664,346.7,2026-08-28 13:13:59.031561728+09:00
,,0.019703946721347336,0.036174818334212065,0.00514777610665266,0.06102654116221206,0.6051069196360536,0.3228750367643008,0.5927718931023358,-3.3193920283372664,346.8,2026-08-28 13:13:59.131561728+09:00
,,0.019127453006939934,0.030380968352432463,0.0047191877784077615,0.05422760913778016,0.6048167031365147,0.35272536095665546,0.5602490841010758,-3.4939389076538836,346.9,2026-08-28 13:13:59.231561728+09:00
,,0.019127453006939934,0.030380968352432463,0.0047191877784077615,0.05422760913778016,0.6045264866369758,0.35272536095665546,0.5602490841010758,-3.4939389076538836,347.0,2026-08-28 13:13:59.331561728+09:00
,,0.019127453006939934,0.030380968352432463,0.0047191877784077615,0.05422760913778016,0.604236270137437,0.35272536095665546,0.5602490841010758,-3.4939389076538836,347.1,2026-08-28 13:13:59.431561728+09:00
,,0.019127453006939934,0.030380968352432463,0.0047191877784077615,0.05422760913778016,0.6039460536378981,0.35272536095665546,0.5602490841010758,-3.4939389076538836,347.2,2026-08-28 13:13:59.531561728+09:00
,,0.013272352885578506,0.025900117038018602,0.00383475058747897,0.04300722051107608,0.6023595110313851,0.30860754840365334,0.602227177907214,-3.653507791444438,347.3,2026-08-28 13:13:59.631561728+09:00
,,0.013272352885578506,0.025900117038018602,0.00383475058747897,0.04300722051107608,0.600778230523635,0.30860754840365334,0.602227177907214,-3.653507791444438,347.4,2026-08-28 13:13:59.731561728+09:00
,,0.013272352885578506,0.025900117038018602,0.00383475058747897,0.04300722051107608,0.5992022121146479,0.30860754840365334,0.602227177907214,-3.653507791444438,347.5,2026-08-28 13:13:59.831561728+09:00
,,0.013272352885578506,0.025900117038018602,0.00383475058747897,0.04300722051107608,0.5976314558044238,0.30860754840365334,0.602227177907214,-3.653507791444438,347.6,2026-08-28 13:13:59.931561728+09:00
,,0.017668406934453085,0.025344742855816907,0.0034530097290959008,0.04646615951936589,0.5981179550004215,0.38024246284200336,0.5454451824290294,-3.6751839528651855,347.7,2026-08-28 13:14:00.031561728+09:00
,,0.017668406934453085,0.025344742855816907,0.0034530097290959008,0.04646615951936589,0.5986097162951823,0.38024246284200336,0.5454451824290294,-3.6751839528651855,347.8,2026-08-28 13:14:00.131561728+09:00
,,0.017668406934453085,0.025344742855816907,0.0034530097290959008,0.04646615951936589,0.5991067396887061,0.38024246284200336,0.5454451824290294,-3.6751839528651855,347.9,2026-08-28 13:14:00.231561728+09:00
,,0.017668406934453085,0.025344742855816907,0.0034530097290959008,0.04646615951936589,0.5996090251809929,0.38024246284200336,0.5454451824290294,-3.6751839528651855,348.0,2026-08-28 13:14:00.331561728+09:00
,,0.01620518833769016,0.024183247766661253,0.0027447716825361413,0.043133207786887555,0.5998163128153744,0.3757009777189935,0.5606642540046125,-3.7220951265760163,348.1,2026-08-28 13:14:00.431561728+09:00
,,0.01620518833769016,0.024183247766661253,0.0027447716825361413,0.043133207786887555,0.6000288625485191,0.3757009777189935,0.5606642540046125,-3.7220951265760163,348.2,2026-08-28 13:14:00.531561728+09:00
,,0.01620518833769016,0.024183247766661253,0.0027447716825361413,0.043133207786887555,0.6002414122816636,0.3757009777189935,0.5606642540046125,-3.7220951265760163,348.3,2026-08-28 13:14:00.631561728+09:00
,,0.01620518833769016,0.024183247766661253,0.0027447716825361413,0.043133207786887555,0.6004539620148082,0.3757009777189935,0.5606642540046125,-3.7220951265760163,348.4,2026-08-28 13:14:00.731561728+09:00
,,0.01641848889342747,0.021036719089080634,0.002445713508355364,0.039900921490863474,0.6018928271006909,0.4114814465422053,0.5272238911549356,-3.861485840102808,348.5,2026-08-28 13:14:00.831561728+09:00
,,0.01641848889342747,0.021036719089080634,0.002445713508355364,0.039900921490863474,0.6033316921865737,0.4114814465422053,0.5272238911549356,-3.861485840102808,348.6,2026-08-28 13:14:00.931561728+09:00
,,0.01641848889342747,0.021036719089080634,0.002445713508355364,0.039900921490863474,0.6047705572724564,0.4114814465422053,0.5272238911549356,-3.861485840102808,348.7,2026-08-28 13:14:01.031561728+09:00
,,0.01641848889342747,0.021036719089080634,0.002445713508355364,0.039900921490863474,0.6062094223583392,0.4114814465422053,0.5272238911549356,-3.861485840102808,348.8,2026-08-28 13:14:01.131561728+09:00
,,0.01641848889342747,0.021036719089080634,0.002445713508355364,0.039900921490863474,0.6076482874442218,0.4114814465422053,0.5272238911549356,-3.861485840102808,348.9,2026-08-28 13:14:01.231561728+09:00
,,0.015247957946137458,0.019915174666817678,0.001948052394514818,0.03711118500746995,0.6090232184199581,0.4108723001722597,0.5366353745591534,-3.916273291770989,349.0,2026-08-28 13:14:01.331561728+09:00
,,0.015247957946137458,0.019915174666817678,0.001948052394514818,0.03711118500746995,0.6103981493956941,0.4108723001722597,0.5366353745591534,-3.916273291770989,349.1,2026-08-28 13:14:01.431561728+09:00
,,0.01303553199498292,0.027477794832653325,0.0032264122148247957,0.04373973904246104,0.6084976669849215,0.29802491465091896,0.6282112201441994,-3.5943770611123274,349.2,2026-08-28 13:14:01.531561728+09:00
,,0.01303553199498292,0.027477794832653325,0.0032264122148247957,0.04373973904246104,0.6065971845741486,0.29802491465091896,0.6282112201441994,-3.5943770611123274,349.3,2026-08-28 13:14:01.631561728+09:00
,,0.01303553199498292,0.027477794832653325,0.0032264122148247957,0.04373973904246104,0.6046967021633759,0.29802491465091896,0.6282112201441994,-3.5943770611123274,349.4,2026-08-28 13:14:01.731561728+09:00
,,0.01303553199498292,0.027477794832653325,0.0032264122148247957,0.04373973904246104,0.6027962197526031,0.29802491465091896,0.6282112201441994,-3.5943770611123274,349.5,2026-08-28 13:14:01.831561728+09:00
,,0.01303553199498292,0.027477794832653325,0.0032264122148247957,0.04373973904246104,0.6008957373418304,0.29802491465091896,0.6282112201441994,-3.5943770611123274,349.6,2026-08-28 13:14:01.931561728+09:00
,,0.01303553199498292,0.027477794832653325,0.0032264122148247957,0.04373973904246104,0.5989952549310577,0.29802491465091896,0.6282112201441994,-3.5943770611123274,349.7,2026-08-28 13:14:02.031561728+09:00
,,0.01303553199498292,0.027477794832653325,0.0032264122148247957,0.04373973904246104,0.597094772520285,0.29802491465091896,0.6282112201441994,-3.5943770611123274,349.8,2026-08-28 13:14:02.131561728+09:00
,,0.014583053039902679,0.01644569326042343,0.00140035839144263,0.03242910469176874,0.5999590032792311,0.44969027601937456,0.5071275761923125,-4.107691643925416,349.9,2026-08-28 13:14:02.231561728+09:00
,,0.014835398663529823,0.014291953598144627,0.0012293602980569453,0.030356712559731394,0.6045041741293241,0.48870241250066015,0.4708004389481589,-4.248058585527572,350.0,2026-08-28 13:14:02.331561728+09:00
,,0.014835398663529823,0.014291953598144627,0.0012293602980569453,0.030356712559731394,0.6090253731855724,0.48870241250066015,0.4708004389481589,-4.248058585527572,350.1,2026-08-28 13:14:02.431561728+09:00
,,0.014835398663529823,0.014291953598144627,0.0012293602980569453,0.030356712559731394,0.6135465722418206,0.48870241250066015,0.4708004389481589,-4.248058585527572,350.2,2026-08-28 13:14:02.531561728+09:00
,,0.014835398663529823,0.014291953598144627,0.0012293602980569453,0.030356712559731394,0.6180677712980688,0.48870241250066015,0.4708004389481589,-4.248058585527572,350.3,2026-08-28 13:14:02.631561728+09:00
,,0.014835398663529823,0.014291953598144627,0.0012293602980569453,0.030356712559731394,0.622588970354317,0.48870241250066015,0.4708004389481589,-4.248058585527572,350.4,2026-08-28 13:14:02.731561728+09:00
,,0.014835398663529823,0.014291953598144627,0.0012293602980569453,0.030356712559731394,0.6271101694105654,0.48870241250066015,0.4708004389481589,-4.248058585527572,350.5,2026-08-28 13:14:02.831561728+09:00
,,0.014835398663529823,0.014291953598144627,0.0012293602980569453,0.030356712559731394,0.6316313684668136,0.48870241250066015,0.4708004389481589,-4.248058585527572,350.6,2026-08-28 13:14:02.931561728+09:00
,,0.01424455722663443,0.013660951109812712,0.0010401178836351229,0.028945626220082267,0.6362047475855181,0.49211432215453876,0.4719521701117954,-4.293213799897867,350.7,2026-08-28 13:14:03.031561728+09:00
,,0.01468497959237455,0.011898156156382173,0.0009242937785522772,0.027507429527309002,0.6431951130370511,0.5338550291584134,0.4325433659502734,-4.43137183571168,350.8,2026-08-28 13:14:03.131561728+09:00
,,0.01468497959237455,0.011898156156382173,0.0009242937785522772,0.027507429527309002,0.6501854784885842,0.5338550291584134,0.4325433659502734,-4.43137183571168,350.9,2026-08-28 13:14:03.231561728+09:00
,,0.01468497959237455,0.011898156156382173,0.0009242937785522772,0.027507429527309002,0.6571758439401173,0.5338550291584134,0.4325433659502734,-4.43137183571168,351.0,2026-08-28 13:14:03.331561728+09:00
,,0.01468497959237455,0.011898156156382173,0.0009242937785522772,0.027507429527309002,0.664125345394848,0.5338550291584134,0.4325433659502734,-4.43137183571168,351.1,2026-08-28 13:14:03.431561728+09:00
,,0.01468497959237455,0.011898156156382173,0.0009242937785522772,0.027507429527309002,0.6710748468495789,0.5338550291584134,0.4325433659502734,-4.43137183571168,351.2,2026-08-28 13:14:03.531561728+09:00
,,0.01468497959237455,0.011898156156382173,0.0009242937785522772,0.027507429527309002,0.6780243483043097,0.5338550291584134,0.4325433659502734,-4.43137183571168,351.3,2026-08-28 13:14:03.631561728+09:00
,,0.01468497959237455,0.011898156156382173,0.0009242937785522772,0.027507429527309002,0.6849738497590404,0.5338550291584134,0.4325433659502734,-4.43137183571168,351.4,2026-08-28 13:14:03.731561728+09:00
,,0.012778002927059986,0.03425760637048917,0.003298805148880691,0.050334414446429845,0.6823541779436619,0.2538621550998556,0.6806000774469925,-3.3738466551209587,351.5,2026-08-28 13:14:03.831561728+09:00
,,0.015007754582696485,0.010137295633962547,0.0007713885744686141,0.025916438791127646,0.6920395282598386,0.579082438897211,0.3911531100265595,-4.591534019155642,351.6,2026-08-28 13:14:03.931561728+09:00
,,0.015007754582696485,0.010137295633962547,0.0007713885744686141,0.025916438791127646,0.7017248785760153,0.579082438897211,0.3911531100265595,-4.591534019155642,351.7,2026-08-28 13:14:04.031561728+09:00
,,0.015007754582696485,0.010137295633962547,0.0007713885744686141,0.025916438791127646,0.7114176776178585,0.579082438897211,0.3911531100265595,-4.591534019155642,351.8,2026-08-28 13:14:04.131561728+09:00
,,0.015007754582696485,0.010137295633962547,0.0007713885744686141,0.025916438791127646,0.7211104766597016,0.579082438897211,0.3911531100265595,-4.591534019155642,351.9,2026-08-28 13:14:04.231561728+09:00
,,0.015007754582696485,0.010137295633962547,0.0007713885744686141,0.025916438791127646,0.7308032757015448,0.579082438897211,0.3911531100265595,-4.591534019155642,352.0,2026-08-28 13:14:04.331561728+09:00
,,0.015007754582696485,0.010137295633962547,0.0007713885744686141,0.025916438791127646,0.7407722610279313,0.579082438897211,0.3911531100265595,-4.591534019155642,352.1,2026-08-28 13:14:04.431561728+09:00
,,0.015007754582696485,0.010137295633962547,0.0007713885744686141,0.025916438791127646,0.7507412463543176,0.579082438897211,0.3911531100265595,-4.591534019155642,352.2,2026-08-28 13:14:04.531561728+09:00
,,0.015007754582696485,0.010137295633962547,0.0007713885744686141,0.025916438791127646,0.7607102316807041,0.579082438897211,0.3911531100265595,-4.591534019155642,352.3,2026-08-28 13:14:04.631561728+09:00
,,0.014417110767597158,0.009648917461468572,0.0006979814402220869,0.024764009669287816,0.7708316525553259,0.5821799845877615,0.38963469932072853,-4.640909550082604,352.4,2026-08-28 13:14:04.731561728+09:00
,,0.017311959810580934,0.0504937328044176,0.005556292799035244,0.07336198541403378,0.768160683458657,0.23597997945226332,0.6882819830930912,-2.9859060532850425,352.5,2026-08-28 13:14:04.831561728+09:00
,,0.017311959810580934,0.0504937328044176,0.005556292799035244,0.07336198541403378,0.7654897143619879,0.23597997945226332,0.6882819830930912,-2.9859060532850425,352.6,2026-08-28 13:14:04.931561728+09:00
,,0.017311959810580934,0.0504937328044176,0.005556292799035244,0.07336198541403378,0.7633044704742097,0.23597997945226332,0.6882819830930912,-2.9859060532850425,352.7,2026-08-28 13:14:05.031561728+09:00
,,0.017311959810580934,0.0504937328044176,0.005556292799035244,0.07336198541403378,0.7611192265864316,0.23597997945226332,0.6882819830930912,-2.9859060532850425,352.8,2026-08-28 13:14:05.131561728+09:00
,,0.017311959810580934,0.0504937328044176,0.005556292799035244,0.07336198541403378,0.7589339826986534,0.23597997945226332,0.6882819830930912,-2.9859060532850425,352.9,2026-08-28 13:14:05.231561728+09:00
,,0.017311959810580934,0.0504937328044176,0.005556292799035244,0.07336198541403378,0.7567487388108753,0.23597997945226332,0.6882819830930912,-2.9859060532850425,353.0,2026-08-28 13:14:05.331561728+09:00
,,0.017311959810580934,0.0504937328044176,0.005556292799035244,0.07336198541403378,0.7542700463452723,0.23597997945226332,0.6882819830930912,-2.9859060532850425,353.1,2026-08-28 13:14:05.431561728+09:00
,,0.017311959810580934,0.0504937328044176,0.005556292799035244,0.07336198541403378,0.7517913538796694,0.23597997945226332,0.6882819830930912,-2.9859060532850425,353.2,2026-08-28 13:14:05.531561728+09:00
,,0.01495423231969837,0.008228234362531235,0.0006651002518949476,0.023847566934124553,0.7656968329123373,0.6270758086561732,0.3450345431574022,-4.800183824061436,353.3,2026-08-28 13:14:05.631561728+09:00
,,0.01604499575132057,0.0074208181400628286,0.0006998671002204029,0.0241656809916038,0.7834326550226349,0.6639579392318923,0.30708086160042997,-4.903465966417203,353.4,2026-08-28 13:14:05.731561728+09:00
,,0.01604499575132057,0.0074208181400628286,0.0006998671002204029,0.0241656809916038,0.8011684771329325,0.6639579392318923,0.30708086160042997,-4.903465966417203,353.5,2026-08-28 13:14:05.831561728+09:00
,,0.01604499575132057,0.0074208181400628286,0.0006998671002204029,0.0241656809916038,0.8187490250442587,0.6639579392318923,0.30708086160042997,-4.903465966417203,353.6,2026-08-28 13:14:05.931561728+09:00
,,0.01604499575132057,0.0074208181400628286,0.0006998671002204029,0.0241656809916038,0.8363295729555849,0.6639579392318923,0.30708086160042997,-4.903465966417203,353.7,2026-08-28 13:14:06.031561728+09:00
,,0.01604499575132057,0.0074208181400628286,0.0006998671002204029,0.0241656809916038,0.8539101208669109,0.6639579392318923,0.30708086160042997,-4.903465966417203,353.8,2026-08-28 13:14:06.131561728+09:00
,,0.01604499575132057,0.0074208181400628286,0.0006998671002204029,0.0241656809916038,0.8714906687782371,0.6639579392318923,0.30708086160042997,-4.903465966417203,353.9,2026-08-28 13:14:06.231561728+09:00
,,0.01604499575132057,0.0074208181400628286,0.0006998671002204029,0.0241656809916038,0.8890712166895631,0.6639579392318923,0.30708086160042997,-4.903465966417203,354.0,2026-08-28 13:14:06.331561728+09:00
,,0.01604499575132057,0.0074208181400628286,0.0006998671002204029,0.0241656809916038,0.9068088255826158,0.6639579392318923,0.30708086160042997,-4.903465966417203,354.1,2026-08-28 13:14:06.431561728+09:00
,,0.014601261734341979,0.05524863887610046,0.0068363373420104075,0.07668623795245284,0.9034589099753316,0.19040263447784572,0.720450505217844,-2.895911574614428,354.2,2026-08-28 13:14:06.531561728+09:00
,,0.016032279224170335,0.006565387747660587,0.0006852795765650585,0.023282946548395984,0.9243051798150209,0.6885846338583308,0.2819826835067356,-5.025943710113852,354.3,2026-08-28 13:14:06.631561728+09:00
,,0.016032279224170335,0.006565387747660587,0.0006852795765650585,0.023282946548395984,0.9451514496547101,0.6885846338583308,0.2819826835067356,-5.025943710113852,354.4,2026-08-28 13:14:06.731561728+09:00
,,0.016032279224170335,0.006565387747660587,0.0006852795765650585,0.023282946548395984,0.9660211509689299,0.6885846338583308,0.2819826835067356,-5.025943710113852,354.5,2026-08-28 13:14:06.831561728+09:00
,,0.016032279224170335,0.006565387747660587,0.0006852795765650585,0.023282946548395984,0.9869142837576801,0.6885846338583308,0.2819826835067356,-5.025943710113852,354.6,2026-08-28 13:14:06.931561728+09:00
,,0.016032279224170335,0.006565387747660587,0.0006852795765650585,0.023282946548395984,1.007830848020961,0.6885846338583308,0.2819826835067356,-5.025943710113852,354.7,2026-08-28 13:14:07.031561728+09:00
,,0.016032279224170335,0.006565387747660587,0.0006852795765650585,0.023282946548395984,1.0287708437587724,0.6885846338583308,0.2819826835067356,-5.025943710113852,354.8,2026-08-28 13:14:07.131561728+09:00
,,0.016032279224170335,0.006565387747660587,0.0006852795765650585,0.023282946548395984,1.0497342709711144,0.6885846338583308,0.2819826835067356,-5.025943710113852,354.9,2026-08-28 13:14:07.231561728+09:00
,,0.016032279224170335,0.006565387747660587,0.0006852795765650585,0.023282946548395984,1.0707211296579868,0.6885846338583308,0.2819826835067356,-5.025943710113852,355.0,2026-08-28 13:14:07.331561728+09:00
,,0.015609188859629723,0.006399613890663141,0.0006448041065666014,0.022653606856859465,1.0916996806712036,0.6890376865043587,0.28249867365934933,-5.051517620020298,355.1,2026-08-28 13:14:07.431561728+09:00
,,0.015609188859629723,0.006399613890663141,0.0006448041065666014,0.022653606856859465,1.112701663158951,0.6890376865043587,0.28249867365934933,-5.051517620020298,355.2,2026-08-28 13:14:07.531561728+09:00
,,0.016345496714003878,0.00630586969384654,0.0006801968568307499,0.02333156326468117,1.1354273584453836,0.7005744333791533,0.27027206116926733,-5.066274381909346,355.3,2026-08-28 13:14:07.631561728+09:00
,,0.016345496714003878,0.00630586969384654,0.0006801968568307499,0.02333156326468117,1.1581764852063465,0.7005744333791533,0.27027206116926733,-5.066274381909346,355.4,2026-08-28 13:14:07.731561728+09:00
,,0.016345496714003878,0.00630586969384654,0.0006801968568307499,0.02333156326468117,1.1809256119673095,0.7005744333791533,0.27027206116926733,-5.066274381909346,355.5,2026-08-28 13:14:07.831561728+09:00
,,0.01635818727084866,0.006309757156912437,0.000680241010271659,0.023348185438032756,1.2036793415323694,0.7006192114699492,0.27024614712174727,-5.065658088603444,355.6,2026-08-28 13:14:07.931561728+09:00
,,0.01635818727084866,0.006309757156912437,0.000680241010271659,0.023348185438032756,1.226433071097429,0.7006192114699492,0.27024614712174727,-5.065658088603444,355.7,2026-08-28 13:14:08.031561728+09:00
,,0.016345496714003878,0.00630586969384654,0.0006801968568307499,0.02333156326468117,1.2491821978583921,0.7005744333791533,0.27027206116926733,-5.066274381909346,355.8,2026-08-28 13:14:08.131561728+09:00
,,0.016345496714003878,0.00630586969384654,0.0006801968568307499,0.02333156326468117,1.2709879928264578,0.7005744333791533,0.27027206116926733,-5.066274381909346,355.9,2026-08-28 13:14:08.231561728+09:00
,,0.014492842319934175,0.0649711611947377,0.009889997511270034,0.0893540010259419,1.2664710938616541,0.1621957847833418,0.7271208949655741,-2.733811781466011,356.0,2026-08-28 13:14:08.331561728+09:00
,,0.013023318703978978,0.05406814002550342,0.009793290564748971,0.07688474929423136,1.2621520043920111,0.16938754204868187,0.7032362142274701,-2.9175101755602655,356.1,2026-08-28 13:14:08.431561728+09:00
,,0.013023318703978978,0.05406814002550342,0.009793290564748971,0.07688474929423136,1.2578329149223682,0.16938754204868187,0.7032362142274701,-2.9175101755602655,356.2,2026-08-28 13:14:08.531561728+09:00
,,0.013023318703978978,0.05406814002550342,0.009793290564748971,0.07688474929423136,1.2548154136584622,0.16938754204868187,0.7032362142274701,-2.9175101755602655,356.3,2026-08-28 13:14:08.631561728+09:00
,,0.012922798992852466,0.05363440981809604,0.009714164856019909,0.07627137366696841,1.2517987311659484,0.1694318375499387,0.7032049803152296,-2.9255644426644696,356.4,2026-08-28 13:14:08.731561728+09:00
,,0.013023318703978978,0.05406814002550342,0.009793290564748971,0.07688474929423136,1.2487812299020424,0.16938754204868187,0.7032362142274701,-2.9175101755602655,356.5,2026-08-28 13:14:08.831561728+09:00
,,0.013023318703978978,0.05406814002550342,0.009793290564748971,0.07688474929423136,1.245763728638137,0.16938754204868187,0.7032362142274701,-2.9175101755602655,356.6,2026-08-28 13:14:08.931561728+09:00
,,0.012922798992852466,0.05363440981809604,0.009714164856019909,0.07627137366696841,1.2406950527381642,0.1694318375499387,0.7032049803152296,-2.9255644426644696,356.7,2026-08-28 13:14:09.031561728+09:00
,,0.012922798992852466,0.05363440981809604,0.009714164856019909,0.07627137366696841,1.2356263768381912,0.1694318375499387,0.7032049803152296,-2.9255644426644696,356.8,2026-08-28 13:14:09.131561728+09:00
,,0.016855771356627237,0.006639083588266511,0.0005928799395219299,0.02408773488441568,1.2560902327649452,0.6997657288038573,0.27562091745545886,-5.0147813388338625,356.9,2026-08-28 13:14:09.231561728+09:00
,,0.017159873251384,0.007759156753582703,0.0006506015318118282,0.00840975828539453,1.2759897699400018,,0.9226373089769124,-4.858881616466988,357.0,2026-08-28 13:14:09.331561728+09:00
,,0.017463975146140762,0.007759156753582703,0.0006506015318118282,0.00840975828539453,1.2956252483200283,,0.9226373089769124,-4.858881616466988,357.1,2026-08-28 13:14:09.431561728+09:00
,,0.017768077040897525,0.007759156753582703,0.0006506015318118282,0.00840975828539453,1.3146964079483572,,0.9226373089769124,-4.858881616466988,357.2,2026-08-28 13:14:09.531561728+09:00
,,0.01807217893565429,0.007759156753582703,0.0006506015318118282,0.00840975828539453,1.3332032488249883,,0.9226373089769124,-4.858881616466988,357.3,2026-08-28 13:14:09.631561728+09:00
,,0.018376280830411054,0.007759156753582703,0.0006506015318118282,0.00840975828539453,1.3511457709499217,,0.9226373089769124,-4.858881616466988,357.4,2026-08-28 13:14:09.731561728+09:00
,,0.018680382725167817,0.007759156753582703,0.0006506015318118282,0.00840975828539453,1.3672976589704189,,0.9226373089769124,-4.858881616466988,357.5,2026-08-28 13:14:09.831561728+09:00
,,0.01898448461992458,0.008695119936505147,0.0006988197611494954,0.02837842431757922,1.3828852282392186,0.6689759941380714,0.306398968427535,-4.744993337538402,357.6,2026-08-28 13:14:09.931561728+09:00
,,0.01898448461992458,0.008695119936505147,0.0006988197611494954,0.02837842431757922,1.398472797508018,0.6689759941380714,0.306398968427535,-4.744993337538402,357.7,2026-08-28 13:14:10.031561728+09:00
,,0.017948467840924784,0.0076420761438956986,0.0005573949016592017,0.026147938886479684,1.4158969033649746,0.6864199858676203,0.29226304134614556,-4.874085966136916,357.8,2026-08-28 13:14:10.131561728+09:00
,,0.017948467840924784,0.0076420761438956986,0.0005573949016592017,0.026147938886479684,1.433321009221931,0.6864199858676203,0.29226304134614556,-4.874085966136916,357.9,2026-08-28 13:14:10.231561728+09:00
,,0.01940317981360999,0.009297467220528887,0.0006305968746930377,0.029331243908831916,1.4480019711881706,0.6615191593619223,0.31698168851711506,-4.678013257793325,358.0,2026-08-28 13:14:10.331561728+09:00
,,0.01940317981360999,0.009297467220528887,0.0006305968746930377,0.029331243908831916,1.4626829331544107,0.6615191593619223,0.31698168851711506,-4.678013257793325,358.1,2026-08-28 13:14:10.431561728+09:00
,,0.01940317981360999,0.009297467220528887,0.0006305968746930377,0.029331243908831916,1.4805999261899792,0.6615191593619223,0.31698168851711506,-4.678013257793325,358.2,2026-08-28 13:14:10.531561728+09:00
,,0.01940317981360999,0.009297467220528887,0.0006305968746930377,0.029331243908831916,1.498516919225548,0.6615191593619223,0.31698168851711506,-4.678013257793325,358.3,2026-08-28 13:14:10.631561728+09:00
,,0.01940317981360999,0.009297467220528887,0.0006305968746930377,0.029331243908831916,1.5164339122611163,0.6615191593619223,0.31698168851711506,-4.678013257793325,358.4,2026-08-28 13:14:10.731561728+09:00
,,0.01940317981360999,0.009297467220528887,0.0006305968746930377,0.029331243908831916,1.5343509052966848,0.6615191593619223,0.31698168851711506,-4.678013257793325,358.5,2026-08-28 13:14:10.831561728+09:00
,,0.01940317981360999,0.009297467220528887,0.0006305968746930377,0.029331243908831916,1.5522678983322538,0.6615191593619223,0.31698168851711506,-4.678013257793325,358.6,2026-08-28 13:14:10.931561728+09:00
,,0.01940317981360999,0.009297467220528887,0.0006305968746930377,0.029331243908831916,1.5701848913678222,0.6615191593619223,0.31698168851711506,-4.678013257793325,358.7,2026-08-28 13:14:11.031561728+09:00
,,0.019624359919712845,0.02704031694948967,0.004616121540327623,0.03165643848981729,1.5876244030167912,,0.8541806418996736,-3.6104263063712745,358.8,2026-08-28 13:14:11.131561728+09:00
,,0.0198455400258157,0.02704031694948967,0.004616121540327623,0.03165643848981729,1.6000049051397922,,0.8541806418996736,-3.6104263063712745,358.9,2026-08-28 13:14:11.231561728+09:00
,,0.020066720131918552,0.02704031694948967,0.004616121540327623,0.03165643848981729,1.6102269857850464,,0.8541806418996736,-3.6104263063712745,359.0,2026-08-28 13:14:11.331561728+09:00
,,0.020287900238021406,0.02704031694948967,0.004616121540327623,0.03165643848981729,1.619971585043701,,0.8541806418996736,-3.6104263063712745,359.1,2026-08-28 13:14:11.431561728+09:00
,,0.020509080344124256,0.02704031694948967,0.004616121540327623,0.03165643848981729,1.6292387029157553,,0.8541806418996736,-3.6104263063712745,359.2,2026-08-28 13:14:11.531561728+09:00
,,0.02073026045022711,0.02704031694948967,0.004616121540327623,0.03165643848981729,1.63802833940121,,0.8541806418996736,-3.6104263063712745,359.3,2026-08-28 13:14:11.631561728+09:00
,,0.020951440556329963,0.02704031694948967,0.004616121540327623,0.03165643848981729,1.6463404945000646,,0.8541806418996736,-3.6104263063712745,359.4,2026-08-28 13:14:11.731561728+09:00
,,0.021172620662432817,0.02704031694948967,0.004616121540327623,0.03165643848981729,1.6541751682123191,,0.8541806418996736,-3.6104263063712745,359.5,2026-08-28 13:14:11.831561728+09:00
,,0.02139380076853567,0.021100768444952782,0.0040064054632532875,0.02510717390820607,1.6615323605379737,,0.8404278602641204,-3.858445819971204,359.6,2026-08-28 13:14:11.931561728+09:00
,,0.021614980874638524,0.013043084735999775,0.0006063190808530468,0.035264384691491346,1.6683598914145723,0.6129408201429309,0.3698656548272862,-4.339497190950234,359.7,2026-08-28 13:14:12.031561728+09:00
,,0.021614980874638524,0.013043084735999775,0.0006063190808530468,0.035264384691491346,1.673059618045377,0.6129408201429309,0.3698656548272862,-4.339497190950234,359.8,2026-08-28 13:14:12.131561728+09:00
,,0.021614980874638524,0.013043084735999775,0.0006063190808530468,0.035264384691491346,1.6777593446761818,0.6129408201429309,0.3698656548272862,-4.339497190950234,359.9,2026-08-28 13:14:12.231561728+09:00
,,0.021614980874638524,0.013043084735999775,0.0006063190808530468,0.035264384691491346,1.682459071306987,0.6129408201429309,0.3698656548272862,-4.339497190950234,360.0,2026-08-28 13:14:12.331561728+09:00
,,0.021614980874638524,0.013043084735999775,0.0006063190808530468,0.035264384691491346,1.6871587979377916,0.6129408201429309,0.3698656548272862,-4.339497190950234,360.1,2026-08-28 13:14:12.431561728+09:00
,,0.021614980874638524,0.013043084735999775,0.0006063190808530468,0.035264384691491346,1.6918585245685964,0.6129408201429309,0.3698656548272862,-4.339497190950234,360.2,2026-08-28 13:14:12.531561728+09:00
,,0.021614980874638524,0.013043084735999775,0.0006063190808530468,0.035264384691491346,1.6965582511994013,0.6129408201429309,0.3698656548272862,-4.339497190950234,360.3,2026-08-28 13:14:12.631561728+09:00
,,0.021614980874638524,0.013043084735999775,0.0006063190808530468,0.035264384691491346,1.701257977830206,0.6129408201429309,0.3698656548272862,-4.339497190950234,360.4,2026-08-28 13:14:12.731561728+09:00
,,0.02218686060161988,0.014783344396970306,0.0024565079813127634,0.017239852378283068,1.714648057260353,,0.8575099178687162,-4.214254110509123,360.5,2026-08-28 13:14:12.831561728+09:00
,,0.02275874032860124,0.015182505432307172,0.000617448697353647,0.03855869445826206,1.7148542940881777,0.5902362787006828,0.3937505054467419,-4.187611472392036,360.6,2026-08-28 13:14:12.931561728+09:00
,,0.02275874032860124,0.015182505432307172,0.000617448697353647,0.03855869445826206,1.715060530916002,0.5902362787006828,0.3937505054467419,-4.187611472392036,360.7,2026-08-28 13:14:13.031561728+09:00
,,0.02275874032860124,0.015182505432307172,0.000617448697353647,0.03855869445826206,1.7152667677438274,0.5902362787006828,0.3937505054467419,-4.187611472392036,360.8,2026-08-28 13:14:13.131561728+09:00
,,0.02275874032860124,0.015182505432307172,0.000617448697353647,0.03855869445826206,1.715473004571652,0.5902362787006828,0.3937505054467419,-4.187611472392036,360.9,2026-08-28 13:14:13.231561728+09:00
,,0.02275874032860124,0.015182505432307172,0.000617448697353647,0.03855869445826206,1.7156792413994768,0.5902362787006828,0.3937505054467419,-4.187611472392036,361.0,2026-08-28 13:14:13.331561728+09:00
,,0.02275874032860124,0.015182505432307172,0.000617448697353647,0.03855869445826206,1.7158854782273014,0.5902362787006828,0.3937505054467419,-4.187611472392036,361.1,2026-08-28 13:14:13.431561728+09:00
,,0.02275874032860124,0.015182505432307172,0.000617448697353647,0.03855869445826206,1.7160917150551263,0.5902362787006828,0.3937505054467419,-4.187611472392036,361.2,2026-08-28 13:14:13.531561728+09:00
,,0.017031387599816587,0.010465351653546076,0.0014708314313976883,0.011936183084943765,1.7147587763585146,,0.876775396210788,-4.559685320825413,361.3,2026-08-28 13:14:13.631561728+09:00
,,0.011304034871031932,0.009250746165550425,0.0009946737390300266,0.021549454775612382,1.7117342265892306,0.524562453609024,0.4292798245651921,-4.683051064165182,361.4,2026-08-28 13:14:13.731561728+09:00
,,0.011304034871031932,0.009250746165550425,0.0009946737390300266,0.021549454775612382,1.7215020667912375,0.524562453609024,0.4292798245651921,-4.683051064165182,361.5,2026-08-28 13:14:13.831561728+09:00
,,0.011304034871031932,0.009250746165550425,0.0009946737390300266,0.021549454775612382,1.7312699069932442,0.524562453609024,0.4292798245651921,-4.683051064165182,361.6,2026-08-28 13:14:13.931561728+09:00
,,0.011304034871031932,0.009250746165550425,0.0009946737390300266,0.021549454775612382,1.7410377471952514,0.524562453609024,0.4292798245651921,-4.683051064165182,361.7,2026-08-28 13:14:14.031561728+09:00
,,0.011304034871031932,0.009250746165550425,0.0009946737390300266,0.021549454775612382,1.7508055873972586,0.524562453609024,0.4292798245651921,-4.683051064165182,361.8,2026-08-28 13:14:14.131561728+09:00
,,0.011304034871031932,0.009250746165550425,0.0009946737390300266,0.021549454775612382,1.7605734275992653,0.524562453609024,0.4292798245651921,-4.683051064165182,361.9,2026-08-28 13:14:14.231561728+09:00
,,0.011304034871031932,0.009250746165550425,0.0009946737390300266,0.021549454775612382,1.7703412678012724,0.524562453609024,0.4292798245651921,-4.683051064165182,362.0,2026-08-28 13:14:14.331561728+09:00
,,0.02326004517671073,0.017910543697500596,0.0007346140664289214,0.04190520294064024,1.780961548522569,0.5550634180118197,0.42740620354163,-4.022365706167574,362.1,2026-08-28 13:14:14.431561728+09:00
,,0.02326004517671073,0.017910543697500596,0.0007346140664289214,0.04190520294064024,1.7915818292438657,0.5550634180118197,0.42740620354163,-4.022365706167574,362.2,2026-08-28 13:14:14.531561728+09:00
,,0.02341538565668079,0.017780759974362025,0.0006928535126696407,0.04188899914371246,1.7860203344294452,0.5589865152028928,0.4244732587990448,-4.029638306594881,362.3,2026-08-28 13:14:14.631561728+09:00
,,0.02341538565668079,0.017780759974362025,0.0006928535126696407,0.04188899914371246,1.7766284965373953,0.5589865152028928,0.4244732587990448,-4.029638306594881,362.4,2026-08-28 13:14:14.731561728+09:00
,,0.02341538565668079,0.017780759974362025,0.0006928535126696407,0.04188899914371246,1.7672366586453452,0.5589865152028928,0.4244732587990448,-4.029638306594881,362.5,2026-08-28 13:14:14.831561728+09:00
,,0.02341538565668079,0.017780759974362025,0.0006928535126696407,0.04188899914371246,1.7578448207532955,0.5589865152028928,0.4244732587990448,-4.029638306594881,362.6,2026-08-28 13:14:14.931561728+09:00
,,0.02341538565668079,0.017780759974362025,0.0006928535126696407,0.04188899914371246,1.7484529828612456,0.5589865152028928,0.4244732587990448,-4.029638306594881,362.7,2026-08-28 13:14:15.031561728+09:00
,,0.02341538565668079,0.017780759974362025,0.0006928535126696407,0.04188899914371246,1.7390611449691957,0.5589865152028928,0.4244732587990448,-4.029638306594881,362.8,2026-08-28 13:14:15.131561728+09:00
,,0.011233901178295452,0.006001622798329115,0.0005739518162063057,0.017809475792830876,1.735835041134563,0.6307822481118511,0.33699042398232976,-5.115725379935336,362.9,2026-08-28 13:14:15.231561728+09:00
,,0.011233901178295452,0.006001622798329115,0.0005739518162063057,0.017809475792830876,1.73260893729993,0.6307822481118511,0.33699042398232976,-5.115725379935336,363.0,2026-08-28 13:14:15.331561728+09:00
,,0.011233901178295452,0.006001622798329115,0.0005739518162063057,0.017809475792830876,1.7293828334652974,0.6307822481118511,0.33699042398232976,-5.115725379935336,363.1,2026-08-28 13:14:15.431561728+09:00
,,0.023481210644085728,0.018205491359943378,0.0007580085209292958,0.0424447105249584,1.7407773280115058,0.553218772225535,0.4289225002309336,-4.006032007334828,363.2,2026-08-28 13:14:15.531561728+09:00
,,0.023481210644085728,0.018205491359943378,0.0007580085209292958,0.0424447105249584,1.7279756371107402,0.553218772225535,0.4289225002309336,-4.006032007334828,363.3,2026-08-28 13:14:15.631561728+09:00
,,0.023481210644085728,0.018205491359943378,0.0007580085209292958,0.0424447105249584,1.7151739462099749,0.553218772225535,0.4289225002309336,-4.006032007334828,363.4,2026-08-28 13:14:15.731561728+09:00
,,0.023481210644085728,0.018205491359943378,0.0007580085209292958,0.0424447105249584,1.7023722553092095,0.553218772225535,0.4289225002309336,-4.006032007334828,363.5,2026-08-28 13:14:15.831561728+09:00
,,0.023481210644085728,0.018205491359943378,0.0007580085209292958,0.0424447105249584,1.6895705644084444,0.553218772225535,0.4289225002309336,-4.006032007334828,363.6,2026-08-28 13:14:15.931561728+09:00
,,0.023481210644085728,0.018205491359943378,0.0007580085209292958,0.0424447105249584,1.6767688735076791,0.553218772225535,0.4289225002309336,-4.006032007334828,363.7,2026-08-28 13:14:16.031561728+09:00
,,0.02332920158116462,0.018355949711018123,0.0008094042835297789,0.042494555575712516,1.6637577026463992,0.5489927183636266,0.4319600349346716,-3.9978015221014767,363.8,2026-08-28 13:14:16.131561728+09:00
,,0.02332920158116462,0.018355949711018123,0.0008094042835297789,0.042494555575712516,1.65074653178512,0.5489927183636266,0.4319600349346716,-3.9978015221014767,363.9,2026-08-28 13:14:16.231561728+09:00
,,0.02332920158116462,0.018355949711018123,0.0008094042835297789,0.042494555575712516,1.6377353609238405,0.5489927183636266,0.4319600349346716,-3.9978015221014767,364.0,2026-08-28 13:14:16.331561728+09:00
,,0.012463594828521019,0.004654088459196022,0.00031675692793955225,0.017434440215656592,1.6403898662028824,0.7148835680613581,0.2669479720385015,-5.370009207149876,364.1,2026-08-28 13:14:16.431561728+09:00
,,0.012463594828521019,0.004654088459196022,0.00031675692793955225,0.017434440215656592,1.643044371481925,0.7148835680613581,0.2669479720385015,-5.370009207149876,364.2,2026-08-28 13:14:16.531561728+09:00
,,0.012463594828521019,0.004654088459196022,0.00031675692793955225,0.017434440215656592,1.6439985954368124,0.7148835680613581,0.2669479720385015,-5.370009207149876,364.3,2026-08-28 13:14:16.631561728+09:00
,,0.012463594828521019,0.004654088459196022,0.00031675692793955225,0.017434440215656592,1.6449528193917,0.7148835680613581,0.2669479720385015,-5.370009207149876,364.4,2026-08-28 13:14:16.731561728+09:00
,,0.012463594828521019,0.004654088459196022,0.00031675692793955225,0.017434440215656592,1.6459070433465872,0.7148835680613581,0.2669479720385015,-5.370009207149876,364.5,2026-08-28 13:14:16.831561728+09:00
,,0.013368925386298545,0.004355360247822501,0.00034491299864437125,0.018069198632765418,1.6512071688581926,0.73987372976554,0.24103782001293605,-5.43634795158849,364.6,2026-08-28 13:14:16.931561728+09:00
,,0.013368925386298545,0.004355360247822501,0.00034491299864437125,0.018069198632765418,1.656507294369798,0.73987372976554,0.24103782001293605,-5.43634795158849,364.7,2026-08-28 13:14:17.031561728+09:00
,,0.013368925386298545,0.004355360247822501,0.00034491299864437125,0.018069198632765418,1.6618120226854995,0.73987372976554,0.24103782001293605,-5.43634795158849,364.8,2026-08-28 13:14:17.131561728+09:00
,,0.013595954693509977,0.004066532808455786,0.0002831366510395895,0.017945624153005355,1.664056784261864,0.7576194941780869,0.22660303000800133,-5.504964532406273,364.9,2026-08-28 13:14:17.231561728+09:00
,,0.013595954693509977,0.004066532808455786,0.0002831366510395895,0.017945624153005355,1.689564273031761,0.7576194941780869,0.22660303000800133,-5.504964532406273,365.0,2026-08-28 13:14:17.331561728+09:00
,,0.013595954693509977,0.004066532808455786,0.0002831366510395895,0.017945624153005355,1.71181398556716,0.7576194941780869,0.22660303000800133,-5.504964532406273,365.1,2026-08-28 13:14:17.431561728+09:00
,,0.013595954693509977,0.004066532808455786,0.0002831366510395895,0.017945624153005355,1.7310037313632223,0.7576194941780869,0.22660303000800133,-5.504964532406273,365.2,2026-08-28 13:14:17.531561728+09:00
,,0.013595954693509977,0.004066532808455786,0.0002831366510395895,0.017945624153005355,1.7471335104199472,0.7576194941780869,0.22660303000800133,-5.504964532406273,365.3,2026-08-28 13:14:17.631561728+09:00
,,0.022420625786071294,0.01582090697016105,0.0009111358258158204,0.03915266858204817,1.7602025039659432,0.5726461719738649,0.40408246852974594,-4.146422987681601,365.4,2026-08-28 13:14:17.731561728+09:00
,,0.022420625786071294,0.01582090697016105,0.0009111358258158204,0.03915266858204817,1.7732723162833315,0.5726461719738649,0.40408246852974594,-4.146422987681601,365.5,2026-08-28 13:14:17.831561728+09:00
,,0.022420625786071294,0.01582090697016105,0.0009111358258158204,0.03915266858204817,1.7863421286007193,0.5726461719738649,0.40408246852974594,-4.146422987681601,365.6,2026-08-28 13:14:17.931561728+09:00
,,0.022420625786071294,0.01582090697016105,0.0009111358258158204,0.03915266858204817,1.7994111221467155,0.5726461719738649,0.40408246852974594,-4.146422987681601,365.7,2026-08-28 13:14:18.031561728+09:00
,,0.021561143030058145,0.014676360848094957,0.000981901232365175,0.03721940511051828,1.8130573953181592,0.5792984322569122,0.39432013500794477,-4.221517185158846,365.8,2026-08-28 13:14:18.131561728+09:00
,,0.021561143030058145,0.014676360848094957,0.000981901232365175,0.03721940511051828,1.8011711366628762,0.5792984322569122,0.39432013500794477,-4.221517185158846,365.9,2026-08-28 13:14:18.231561728+09:00
,,0.021561143030058145,0.014676360848094957,0.000981901232365175,0.03721940511051828,1.789849196759291,0.5792984322569122,0.39432013500794477,-4.221517185158846,366.0,2026-08-28 13:14:18.331561728+09:00
,,0.021561143030058145,0.014676360848094957,0.000981901232365175,0.03721940511051828,1.779091575607404,0.5792984322569122,0.39432013500794477,-4.221517185158846,366.1,2026-08-28 13:14:18.431561728+09:00
,,0.021090088272930973,0.013478078933192488,0.0009077066307283269,0.03547587383685179,1.7699611921406242,0.594491015779375,0.37992239444688936,-4.306690696028274,366.2,2026-08-28 13:14:18.531561728+09:00
,,0.021090088272930973,0.013478078933192488,0.0009077066307283269,0.03547587383685179,1.7613951274255422,0.594491015779375,0.37992239444688936,-4.306690696028274,366.3,2026-08-28 13:14:18.631561728+09:00
,,0.021090088272930973,0.013478078933192488,0.0009077066307283269,0.03547587383685179,1.7533933814621585,0.594491015779375,0.37992239444688936,-4.306690696028274,366.4,2026-08-28 13:14:18.731561728+09:00
,,0.021090088272930973,0.013478078933192488,0.0009077066307283269,0.03547587383685179,1.7459559542504723,0.594491015779375,0.37992239444688936,-4.306690696028274,366.5,2026-08-28 13:14:18.831561728+09:00
,,0.019964493271432553,0.012286595609888623,0.0009729312838149565,0.033224020165136134,1.7397509649463274,0.600905404349063,0.36981062342303933,-4.3992463986682155,366.6,2026-08-28 13:14:18.931561728+09:00
,,0.019964493271432553,0.012286595609888623,0.0009729312838149565,0.033224020165136134,1.7335459756421818,0.600905404349063,0.36981062342303933,-4.3992463986682155,366.7,2026-08-28 13:14:19.031561728+09:00
,,0.019964493271432553,0.012286595609888623,0.0009729312838149565,0.033224020165136134,1.7255044497498802,0.600905404349063,0.36981062342303933,-4.3992463986682155,366.8,2026-08-28 13:14:19.131561728+09:00
,,0.019964493271432553,0.012286595609888623,0.0009729312838149565,0.033224020165136134,1.717462923857578,0.600905404349063,0.36981062342303933,-4.3992463986682155,366.9,2026-08-28 13:14:19.231561728+09:00
,,0.019639527004594565,0.011296986469333213,0.0008720387437826777,0.03180855221771046,1.7135911803382555,0.6174291388735264,0.3551556321083751,-4.4832192729601825,367.0,2026-08-28 13:14:19.331561728+09:00
,,0.019639527004594565,0.011296986469333213,0.0008720387437826777,0.03180855221771046,1.7097194368189328,0.6174291388735264,0.3551556321083751,-4.4832192729601825,367.1,2026-08-28 13:14:19.431561728+09:00
,,0.019639527004594565,0.011296986469333213,0.0008720387437826777,0.03180855221771046,1.7058476932996103,0.6174291388735264,0.3551556321083751,-4.4832192729601825,367.2,2026-08-28 13:14:19.531561728+09:00
,,0.019639527004594565,0.011296986469333213,0.0008720387437826777,0.03180855221771046,1.7019759497802873,0.6174291388735264,0.3551556321083751,-4.4832192729601825,367.3,2026-08-28 13:14:19.631561728+09:00
,,0.019639527004594565,0.011296986469333213,0.0008720387437826777,0.03180855221771046,1.6981042062609648,0.6174291388735264,0.3551556321083751,-4.4832192729601825,367.4,2026-08-28 13:14:19.731561728+09:00
,,0.014861826039541363,0.003698965100655838,0.0002567965113986757,0.018817587651595878,1.694679723050434,0.7897838083555287,0.1965695693380834,-5.599702200981454,367.5,2026-08-28 13:14:19.831561728+09:00
,,0.014861826039541363,0.003698965100655838,0.0002567965113986757,0.018817587651595878,1.6917025001486936,0.7897838083555287,0.1965695693380834,-5.599702200981454,367.6,2026-08-28 13:14:19.931561728+09:00
,,0.014861826039541363,0.003698965100655838,0.0002567965113986757,0.018817587651595878,1.6891725375557454,0.7897838083555287,0.1965695693380834,-5.599702200981454,367.7,2026-08-28 13:14:20.031561728+09:00
,,0.01877661623738223,0.009885090383147362,0.0008341276848430052,0.0294958343053726,1.6875673166581877,0.6365853578843204,0.33513513402625855,-4.616727678936779,367.8,2026-08-28 13:14:20.131561728+09:00
,,0.01877661623738223,0.009885090383147362,0.0008341276848430052,0.0294958343053726,1.6864395771472305,0.6365853578843204,0.33513513402625855,-4.616727678936779,367.9,2026-08-28 13:14:20.231561728+09:00
,,0.01877661623738223,0.009885090383147362,0.0008341276848430052,0.0294958343053726,1.685789319022873,0.6365853578843204,0.33513513402625855,-4.616727678936779,368.0,2026-08-28 13:14:20.331561728+09:00
,,0.01877661623738223,0.009885090383147362,0.0008341276848430052,0.0294958343053726,1.6856165422851155,0.6365853578843204,0.33513513402625855,-4.616727678936779,368.1,2026-08-28 13:14:20.431561728+09:00
,,0.01877661623738223,0.009885090383147362,0.0008341276848430052,0.0294958343053726,1.6859212469339582,0.6365853578843204,0.33513513402625855,-4.616727678936779,368.2,2026-08-28 13:14:20.531561728+09:00
,,0.01877661623738223,0.009885090383147362,0.0008341276848430052,0.0294958343053726,1.6867034329694004,0.6365853578843204,0.33513513402625855,-4.616727678936779,368.3,2026-08-28 13:14:20.631561728+09:00
,,0.01832934560909861,0.009429942579906198,0.0009028364562916984,0.028662124645296504,1.6884547699618255,0.6394971006486946,0.32900361353545593,-4.66386527144267,368.4,2026-08-28 13:14:20.731561728+09:00
,,0.01832934560909861,0.009429942579906198,0.0009028364562916984,0.028662124645296504,1.6906835883408506,0.6394971006486946,0.32900361353545593,-4.66386527144267,368.5,2026-08-28 13:14:20.831561728+09:00
,,0.01832934560909861,0.009429942579906198,0.0009028364562916984,0.028662124645296504,1.6933898881064755,0.6394971006486946,0.32900361353545593,-4.66386527144267,368.6,2026-08-28 13:14:20.931561728+09:00
,,0.01848357956597587,0.009323016006705846,0.0007912711116400028,0.02859786668432172,1.6970051835162865,0.6463272162922967,0.3260038977598642,-4.675269096763998,368.7,2026-08-28 13:14:21.031561728+09:00
,,0.01848357956597587,0.009323016006705846,0.0007912711116400028,0.02859786668432172,1.7006204789260975,0.6463272162922967,0.3260038977598642,-4.675269096763998,368.8,2026-08-28 13:14:21.131561728+09:00
,,0.01848357956597587,0.009323016006705846,0.0007912711116400028,0.02859786668432172,1.7042357743359082,0.6463272162922967,0.3260038977598642,-4.675269096763998,368.9,2026-08-28 13:14:21.231561728+09:00
,,0.01848357956597587,0.009323016006705846,0.0007912711116400028,0.02859786668432172,1.7078510697457192,0.6463272162922967,0.3260038977598642,-4.675269096763998,369.0,2026-08-28 13:14:21.331561728+09:00
,,0.01848357956597587,0.009323016006705846,0.0007912711116400028,0.02859786668432172,1.7114663651555302,0.6463272162922967,0.3260038977598642,-4.675269096763998,369.1,2026-08-28 13:14:21.431561728+09:00
,,0.01848357956597587,0.009323016006705846,0.0007912711116400028,0.02859786668432172,1.715081660565341,0.6463272162922967,0.3260038977598642,-4.675269096763998,369.2,2026-08-28 13:14:21.531561728+09:00
,,0.016918862702761578,0.005609238207227493,0.00023832164166271374,0.022766422551651785,1.7301822283936992,0.7431498147931044,0.24638206527623827,-5.1833403606061506,369.3,2026-08-28 13:14:21.631561728+09:00
,,0.017165628493925705,0.009548029118125027,0.0007468640260709846,0.010294893144196012,1.7438168134619445,,0.9274529598695206,-4.651420520853205,369.4,2026-08-28 13:14:21.731561728+09:00
,,0.017412394285089835,0.009548029118125027,0.0007468640260709846,0.010294893144196012,1.756864236240844,,0.9274529598695206,-4.651420520853205,369.5,2026-08-28 13:14:21.831561728+09:00
,,0.01765916007625396,0.009548029118125027,0.0007468640260709846,0.010294893144196012,1.7693244967303972,,0.9274529598695206,-4.651420520853205,369.6,2026-08-28 13:14:21.931561728+09:00
,,0.017905925867418092,0.009548029118125027,0.0007468640260709846,0.010294893144196012,1.7803187744598379,,0.9274529598695206,-4.651420520853205,369.7,2026-08-28 13:14:22.031561728+09:00
,,0.01815269165858222,0.009548029118125027,0.0007468640260709846,0.010294893144196012,1.7898470694291648,,0.9274529598695206,-4.651420520853205,369.8,2026-08-28 13:14:22.131561728+09:00
,,0.01839945744974635,0.009548029118125027,0.0007468640260709846,0.010294893144196012,1.797909381638379,,0.9274529598695206,-4.651420520853205,369.9,2026-08-28 13:14:22.231561728+09:00
,,0.018646223240910476,0.009548029118125027,0.0007468640260709846,0.010294893144196012,1.8045057110874807,,0.9274529598695206,-4.651420520853205,370.0,2026-08-28 13:14:22.331561728+09:00
,,0.018892989032074606,0.009548029118125027,0.0007468640260709846,0.010294893144196012,1.8096360577764692,,0.9274529598695206,-4.651420520853205,370.1,2026-08-28 13:14:22.431561728+09:00
,,0.019139754823238733,0.010465724595208862,0.0007117269332829889,0.03031720635173058,1.8133004217053446,0.6313165732088039,0.34520742029423346,-4.559649685614075,370.2,2026-08-28 13:14:22.531561728+09:00
,,0.019139754823238733,0.010465724595208862,0.0007117269332829889,0.03031720635173058,1.8185039611586566,0.6313165732088039,0.34520742029423346,-4.559649685614075,370.3,2026-08-28 13:14:22.631561728+09:00
,,0.019139754823238733,0.010465724595208862,0.0007117269332829889,0.03031720635173058,1.825246676136405,0.6313165732088039,0.34520742029423346,-4.559649685614075,370.4,2026-08-28 13:14:22.731561728+09:00
,,0.019139754823238733,0.010465724595208862,0.0007117269332829889,0.03031720635173058,1.8319893911141538,0.6313165732088039,0.34520742029423346,-4.559649685614075,370.5,2026-08-28 13:14:22.831561728+09:00
,,0.019139754823238733,0.010465724595208862,0.0007117269332829889,0.03031720635173058,1.8387321060919024,0.6313165732088039,0.34520742029423346,-4.559649685614075,370.6,2026-08-28 13:14:22.931561728+09:00
,,0.019139754823238733,0.010465724595208862,0.0007117269332829889,0.03031720635173058,1.8454748210696512,0.6313165732088039,0.34520742029423346,-4.559649685614075,370.7,2026-08-28 13:14:23.031561728+09:00
,,0.019139754823238733,0.010465724595208862,0.0007117269332829889,0.03031720635173058,1.8522175360473994,0.6313165732088039,0.34520742029423346,-4.559649685614075,370.8,2026-08-28 13:14:23.131561728+09:00
,,0.019139754823238733,0.010465724595208862,0.0007117269332829889,0.03031720635173058,1.8589602510251484,0.6313165732088039,0.34520742029423346,-4.559649685614075,370.9,2026-08-28 13:14:23.231561728+09:00
,,0.019576001666628286,0.010343370144412094,0.0003784171258137065,0.0107217872702258,1.8648288093252536,,0.964705779337316,-4.571409530277944,371.0,2026-08-28 13:14:23.331561728+09:00
,,0.02001224851001784,0.011972947962455883,0.000688136307744034,0.03267333278021775,1.8689707704284262,0.6124948637665261,0.36644403688456817,-4.425105510497928,371.1,2026-08-28 13:14:23.431561728+09:00
,,0.02001224851001784,0.011972947962455883,0.000688136307744034,0.03267333278021775,1.873112731531599,0.6124948637665261,0.36644403688456817,-4.425105510497928,371.2,2026-08-28 13:14:23.531561728+09:00
,,0.02001224851001784,0.011972947962455883,0.000688136307744034,0.03267333278021775,1.8770522966722174,0.6124948637665261,0.36644403688456817,-4.425105510497928,371.3,2026-08-28 13:14:23.631561728+09:00
,,0.02001224851001784,0.011972947962455883,0.000688136307744034,0.03267333278021775,1.8809918618128365,0.6124948637665261,0.36644403688456817,-4.425105510497928,371.4,2026-08-28 13:14:23.731561728+09:00
,,0.02001224851001784,0.011972947962455883,0.000688136307744034,0.03267333278021775,1.884931426953455,0.6124948637665261,0.36644403688456817,-4.425105510497928,371.5,2026-08-28 13:14:23.831561728+09:00
,,0.02001224851001784,0.011972947962455883,0.000688136307744034,0.03267333278021775,1.8888709920940736,0.6124948637665261,0.36644403688456817,-4.425105510497928,371.6,2026-08-28 13:14:23.931561728+09:00
,,0.02001224851001784,0.011972947962455883,0.000688136307744034,0.03267333278021775,1.8928105572346925,0.6124948637665261,0.36644403688456817,-4.425105510497928,371.7,2026-08-28 13:14:24.031561728+09:00
,,0.020751828087584856,0.01332997319655975,0.0006581960159353809,0.03473999730007998,1.8954759449560916,0.597346853781623,0.38370680001546975,-4.31774015555425,371.8,2026-08-28 13:14:24.131561728+09:00
,,0.021120579079420977,0.013909227207431804,0.0006821499100263563,0.03571195619687914,1.8915498063427287,0.5914147901331347,0.3894837664660702,-4.275202831208961,371.9,2026-08-28 13:14:24.231561728+09:00
,,0.021120579079420977,0.013909227207431804,0.0006821499100263563,0.03571195619687914,1.8876236677293665,0.5914147901331347,0.3894837664660702,-4.275202831208961,372.0,2026-08-28 13:14:24.331561728+09:00
,,0.021120579079420977,0.013909227207431804,0.0006821499100263563,0.03571195619687914,1.8836975291160043,0.5914147901331347,0.3894837664660702,-4.275202831208961,372.1,2026-08-28 13:14:24.431561728+09:00
,,0.021120579079420977,0.013909227207431804,0.0006821499100263563,0.03571195619687914,1.8862383166221377,0.5914147901331347,0.3894837664660702,-4.275202831208961,372.2,2026-08-28 13:14:24.531561728+09:00
,,0.021120579079420977,0.013909227207431804,0.0006821499100263563,0.03571195619687914,1.8887791041282713,0.5914147901331347,0.3894837664660702,-4.275202831208961,372.3,2026-08-28 13:14:24.631561728+09:00
,,0.021120579079420977,0.013909227207431804,0.0006821499100263563,0.03571195619687914,1.8913198916344047,0.5914147901331347,0.3894837664660702,-4.275202831208961,372.4,2026-08-28 13:14:24.731561728+09:00
,,0.021120579079420977,0.013909227207431804,0.0006821499100263563,0.03571195619687914,1.8938606791405386,0.5914147901331347,0.3894837664660702,-4.275202831208961,372.5,2026-08-28 13:14:24.831561728+09:00
,,0.022025435604718157,0.015535132217625822,0.0006737698206741985,0.03823433764301818,1.8952828464425389,0.5760642648072689,0.40631362213391525,-4.164651225222213,372.6,2026-08-28 13:14:24.931561728+09:00
,,0.022025435604718157,0.015535132217625822,0.0006737698206741985,0.03823433764301818,1.8967050137445394,0.5760642648072689,0.40631362213391525,-4.164651225222213,372.7,2026-08-28 13:14:25.031561728+09:00
,,0.022308650004903417,0.016022875255813255,0.0006959639566540804,0.03902748921737076,1.8980535248009156,0.5716137638435129,0.4105535758800909,-4.1337378743069735,372.8,2026-08-28 13:14:25.131561728+09:00
,,0.022308650004903417,0.016022875255813255,0.0006959639566540804,0.03902748921737076,1.8994020358572918,0.5716137638435129,0.4105535758800909,-4.1337378743069735,372.9,2026-08-28 13:14:25.231561728+09:00
,,0.022308650004903417,0.016022875255813255,0.0006959639566540804,0.03902748921737076,1.9007505469136678,0.5716137638435129,0.4105535758800909,-4.1337378743069735,373.0,2026-08-28 13:14:25.331561728+09:00
,,0.022308650004903417,0.016022875255813255,0.0006959639566540804,0.03902748921737076,1.8864651209779086,0.5716137638435129,0.4105535758800909,-4.1337378743069735,373.1,2026-08-28 13:14:25.431561728+09:00
,,0.022308650004903417,0.016022875255813255,0.0006959639566540804,0.03902748921737076,1.8721796950421492,0.5716137638435129,0.4105535758800909,-4.1337378743069735,373.2,2026-08-28 13:14:25.531561728+09:00
,,0.022308650004903417,0.016022875255813255,0.0006959639566540804,0.03902748921737076,1.8578942691063898,0.5716137638435129,0.4105535758800909,-4.1337378743069735,373.3,2026-08-28 13:14:25.631561728+09:00
,,0.022927315171324264,0.0173776010767037,0.000694467942913285,0.04099938419094125,1.8427984003643445,0.5592112082598065,0.4238502948184098,-4.0525731964792175,373.4,2026-08-28 13:14:25.731561728+09:00
,,0.022927315171324264,0.0173776010767037,0.000694467942913285,0.04099938419094125,1.8277025316222995,0.5592112082598065,0.4238502948184098,-4.0525731964792175,373.5,2026-08-28 13:14:25.831561728+09:00
,,0.022927315171324264,0.0173776010767037,0.000694467942913285,0.04099938419094125,1.8082561585194399,0.5592112082598065,0.4238502948184098,-4.0525731964792175,373.6,2026-08-28 13:14:25.931561728+09:00
,,0.023261966036886808,0.01777610538323094,0.0007278758116467025,0.04176594723176445,1.7886903242694805,0.5569600973683957,0.42561240822790664,-4.029900117702855,373.7,2026-08-28 13:14:26.031561728+09:00
,,0.023261966036886808,0.01777610538323094,0.0007278758116467025,0.04176594723176445,1.7691244900195209,0.5569600973683957,0.42561240822790664,-4.029900117702855,373.8,2026-08-28 13:14:26.131561728+09:00
,,0.023261966036886808,0.01777610538323094,0.0007278758116467025,0.04176594723176445,1.7526186225088987,0.5569600973683957,0.42561240822790664,-4.029900117702855,373.9,2026-08-28 13:14:26.231561728+09:00
,,0.023261966036886808,0.01777610538323094,0.0007278758116467025,0.04176594723176445,1.7391727217376132,0.5569600973683957,0.42561240822790664,-4.029900117702855,374.0,2026-08-28 13:14:26.331561728+09:00
,,0.023261966036886808,0.01777610538323094,0.0007278758116467025,0.04176594723176445,1.7287867877056646,0.5569600973683957,0.42561240822790664,-4.029900117702855,374.1,2026-08-28 13:14:26.431561728+09:00
,,0.022634931696034324,0.01801931966538646,0.000701324423234154,0.04135557578465494,1.720877923412401,0.5473247867203691,0.4357168126304401,-4.016310781932726,374.2,2026-08-28 13:14:26.531561728+09:00
,,0.022634931696034324,0.01801931966538646,0.000701324423234154,0.04135557578465494,1.7160290258584745,0.5473247867203691,0.4357168126304401,-4.016310781932726,374.3,2026-08-28 13:14:26.631561728+09:00
,,0.022634931696034324,0.01801931966538646,0.000701324423234154,0.04135557578465494,1.7142400950438852,0.5473247867203691,0.4357168126304401,-4.016310781932726,374.4,2026-08-28 13:14:26.731561728+09:00
,,0.022634931696034324,0.01801931966538646,0.000701324423234154,0.04135557578465494,1.7124511642292954,0.5473247867203691,0.4357168126304401,-4.016310781932726,374.5,2026-08-28 13:14:26.831561728+09:00
,,0.020396210766816143,0.01619614527423231,0.0006709376321791179,0.03726329367322757,1.7106975339054011,0.5473539442239412,0.4346407329491837,-4.122982011092491,374.6,2026-08-28 13:14:26.931561728+09:00
,,0.020396210766816143,0.01619614527423231,0.0006709376321791179,0.03726329367322757,1.7089439035815073,0.5473539442239412,0.4346407329491837,-4.122982011092491,374.7,2026-08-28 13:14:27.031561728+09:00
,,0.020396210766816143,0.01619614527423231,0.0006709376321791179,0.03726329367322757,1.7066129936321652,0.5473539442239412,0.4346407329491837,-4.122982011092491,374.8,2026-08-28 13:14:27.131561728+09:00
,,0.020396210766816143,0.01619614527423231,0.0006709376321791179,0.03726329367322757,1.7042820836828232,0.5473539442239412,0.4346407329491837,-4.122982011092491,374.9,2026-08-28 13:14:27.231561728+09:00
,,0.018467060680189,0.015048338163817709,0.0006109619032130581,0.03412636074721977,1.7015940372963831,0.5411377092617029,0.4409593591090336,-4.196487714892891,375.0,2026-08-28 13:14:27.331561728+09:00
,,0.018467060680189,0.015048338163817709,0.0006109619032130581,0.03412636074721977,1.6989059909099433,0.5411377092617029,0.4409593591090336,-4.196487714892891,375.1,2026-08-28 13:14:27.431561728+09:00
,,0.018467060680189,0.015048338163817709,0.0006109619032130581,0.03412636074721977,1.6951550255900931,0.5411377092617029,0.4409593591090336,-4.196487714892891,375.2,2026-08-28 13:14:27.531561728+09:00
,,0.018467060680189,0.015048338163817709,0.0006109619032130581,0.03412636074721977,1.691404060270243,0.5411377092617029,0.4409593591090336,-4.196487714892891,375.3,2026-08-28 13:14:27.631561728+09:00
,,0.016840135454650344,0.01350114442463625,0.0006114523057978399,0.030952732185084434,1.6878767502359937,0.5440597409609386,0.4361858702458004,-4.304980824935435,375.4,2026-08-28 13:14:27.731561728+09:00
,,0.016840135454650344,0.01350114442463625,0.0006114523057978399,0.030952732185084434,1.6843494402017443,0.5440597409609386,0.4361858702458004,-4.304980824935435,375.5,2026-08-28 13:14:27.831561728+09:00
,,0.016840135454650344,0.01350114442463625,0.0006114523057978399,0.030952732185084434,1.6801540110116517,0.5440597409609386,0.4361858702458004,-4.304980824935435,375.6,2026-08-28 13:14:27.931561728+09:00
,,0.016840135454650344,0.01350114442463625,0.0006114523057978399,0.030952732185084434,1.6759585818215597,0.5440597409609386,0.4361858702458004,-4.304980824935435,375.7,2026-08-28 13:14:28.031561728+09:00
,,0.015522536083795446,0.012551133319589475,0.0005632911364138458,0.028636960539798768,1.6716457312733266,0.5420455170939913,0.43828440878515357,-4.377944313131778,375.8,2026-08-28 13:14:28.131561728+09:00
,,0.015522536083795446,0.012551133319589475,0.0005632911364138458,0.028636960539798768,1.6673328807250936,0.5420455170939913,0.43828440878515357,-4.377944313131778,375.9,2026-08-28 13:14:28.231561728+09:00
,,0.015522536083795446,0.012551133319589475,0.0005632911364138458,0.028636960539798768,1.6617580909306553,0.5420455170939913,0.43828440878515357,-4.377944313131778,376.0,2026-08-28 13:14:28.331561728+09:00
,,0.015522536083795446,0.012551133319589475,0.0005632911364138458,0.028636960539798768,1.6561833011362173,0.5420455170939913,0.43828440878515357,-4.377944313131778,376.1,2026-08-28 13:14:28.431561728+09:00
,,0.015522536083795446,0.012551133319589475,0.0005632911364138458,0.028636960539798768,1.6506085113417792,0.5420455170939913,0.43828440878515357,-4.377944313131778,376.2,2026-08-28 13:14:28.531561728+09:00
,,0.019824948575849044,0.014629089908470611,0.0006765320592033344,0.03513057054352299,1.6463496024496054,0.5643218504318929,0.41642050448189405,-4.224743273098272,376.3,2026-08-28 13:14:28.631561728+09:00
,,0.019824948575849044,0.014629089908470611,0.0006765320592033344,0.03513057054352299,1.6420906935574313,0.5643218504318929,0.41642050448189405,-4.224743273098272,376.4,2026-08-28 13:14:28.731561728+09:00
,,0.019824948575849044,0.014629089908470611,0.0006765320592033344,0.03513057054352299,1.6373845243564655,0.5643218504318929,0.41642050448189405,-4.224743273098272,376.5,2026-08-28 13:14:28.831561728+09:00
,,0.018928119505838222,0.013916983681675859,0.0006431534415752465,0.03348825662908933,1.6322855431922907,0.5652166284881026,0.41557802891378265,-4.274645337091213,376.6,2026-08-28 13:14:28.931561728+09:00
,,0.018928119505838222,0.013916983681675859,0.0006431534415752465,0.03348825662908933,1.6267393017193241,0.5652166284881026,0.41557802891378265,-4.274645337091213,376.7,2026-08-28 13:14:29.031561728+09:00
,,0.018928119505838222,0.013916983681675859,0.0006431534415752465,0.03348825662908933,1.6207457999375663,0.5652166284881026,0.41557802891378265,-4.274645337091213,376.8,2026-08-28 13:14:29.131561728+09:00
,,0.018928119505838222,0.013916983681675859,0.0006431534415752465,0.03348825662908933,1.6147522981558085,0.5652166284881026,0.41557802891378265,-4.274645337091213,376.9,2026-08-28 13:14:29.231561728+09:00
,,0.018928119505838222,0.013916983681675859,0.0006431534415752465,0.03348825662908933,1.6087587963740513,0.5652166284881026,0.41557802891378265,-4.274645337091213,377.0,2026-08-28 13:14:29.331561728+09:00
,,0.018928119505838222,0.013916983681675859,0.0006431534415752465,0.03348825662908933,1.6027652945922934,0.5652166284881026,0.41557802891378265,-4.274645337091213,377.1,2026-08-28 13:14:29.431561728+09:00
,,0.01276060184632463,0.009451401236886169,0.0005955828792897726,0.022807585962500574,1.596661288679591,0.5594893675860813,0.41439726468315535,-4.661592269433162,377.2,2026-08-28 13:14:29.531561728+09:00
,,0.01276060184632463,0.009451401236886169,0.0005955828792897726,0.022807585962500574,1.5905572827668886,0.5594893675860813,0.41439726468315535,-4.661592269433162,377.3,2026-08-28 13:14:29.631561728+09:00
,,0.012279044678585708,0.008837357442325059,0.0005497654550091038,0.02166616757591987,1.5843984907458508,0.5667381938018811,0.4078874314692849,-4.728767378885302,377.4,2026-08-28 13:14:29.731561728+09:00
,,0.012279044678585708,0.008837357442325059,0.0005497654550091038,0.02166616757591987,1.5782396987248135,0.5667381938018811,0.4078874314692849,-4.728767378885302,377.5,2026-08-28 13:14:29.831561728+09:00
,,0.012279044678585708,0.008837357442325059,0.0005497654550091038,0.02166616757591987,1.5720809067037758,0.5667381938018811,0.4078874314692849,-4.728767378885302,377.6,2026-08-28 13:14:29.931561728+09:00
,,0.012279044678585708,0.008837357442325059,0.0005497654550091038,0.02166616757591987,1.5654906004251523,0.5667381938018811,0.4078874314692849,-4.728767378885302,377.7,2026-08-28 13:14:30.031561728+09:00
,,0.012279044678585708,0.008837357442325059,0.0005497654550091038,0.02166616757591987,1.5589002941465284,0.5667381938018811,0.4078874314692849,-4.728767378885302,377.8,2026-08-28 13:14:30.131561728+09:00
,,0.012279044678585708,0.008837357442325059,0.0005497654550091038,0.02166616757591987,1.5523099878679052,0.5667381938018811,0.4078874314692849,-4.728767378885302,377.9,2026-08-28 13:14:30.231561728+09:00
,,0.017000775455116312,0.010837925197101817,0.0007488301552150214,0.028587530807433148,1.5477106805515295,0.5946919854545772,0.379113721646915,-4.524703703771812,378.0,2026-08-28 13:14:30.331561728+09:00
,,0.011752116658840923,0.007589699152713147,0.0005703909626270526,0.01991220677418112,1.5428868441424473,0.5901965960939667,0.38115811264847965,-4.880963325683874,378.1,2026-08-28 13:14:30.431561728+09:00
,,0.011752116658840923,0.007589699152713147,0.0005703909626270526,0.01991220677418112,1.5380630077333646,0.5901965960939667,0.38115811264847965,-4.880963325683874,378.2,2026-08-28 13:14:30.531561728+09:00
,,0.011752116658840923,0.007589699152713147,0.0005703909626270526,0.01991220677418112,1.521753898905735,0.5901965960939667,0.38115811264847965,-4.880963325683874,378.3,2026-08-28 13:14:30.631561728+09:00
,,0.011752116658840923,0.007589699152713147,0.0005703909626270526,0.01991220677418112,1.5069107728382183,0.5901965960939667,0.38115811264847965,-4.880963325683874,378.4,2026-08-28 13:14:30.731561728+09:00
,,0.011752116658840923,0.007589699152713147,0.0005703909626270526,0.01991220677418112,1.4935336295308146,0.5901965960939667,0.38115811264847965,-4.880963325683874,378.5,2026-08-28 13:14:30.831561728+09:00
,,0.011752116658840923,0.007589699152713147,0.0005703909626270526,0.01991220677418112,1.481622468983524,0.5901965960939667,0.38115811264847965,-4.880963325683874,378.6,2026-08-28 13:14:30.931561728+09:00
,,0.011752116658840923,0.007589699152713147,0.0005703909626270526,0.01991220677418112,1.471177291196346,0.5901965960939667,0.38115811264847965,-4.880963325683874,378.7,2026-08-28 13:14:31.031561728+09:00
,,0.011752116658840923,0.007589699152713147,0.0005703909626270526,0.01991220677418112,1.4621980961692815,0.5901965960939667,0.38115811264847965,-4.880963325683874,378.8,2026-08-28 13:14:31.131561728+09:00
,,0.011852023704589359,0.006749960419129035,0.0006032806951216054,0.019205264818839995,1.4569897263232197,0.6171236802193298,0.3514640637762752,-4.998218637947627,378.9,2026-08-28 13:14:31.231561728+09:00
,,0.011852023704589359,0.006749960419129035,0.0006032806951216054,0.019205264818839995,1.453247339237271,0.6171236802193298,0.3514640637762752,-4.998218637947627,379.0,2026-08-28 13:14:31.331561728+09:00
,,0.011852023704589359,0.006749960419129035,0.0006032806951216054,0.019205264818839995,1.450970934911435,0.6171236802193298,0.3514640637762752,-4.998218637947627,379.1,2026-08-28 13:14:31.431561728+09:00
,,0.011852023704589359,0.006749960419129035,0.0006032806951216054,0.019205264818839995,1.450160513345712,0.6171236802193298,0.3514640637762752,-4.998218637947627,379.2,2026-08-28 13:14:31.531561728+09:00
,,0.011852023704589359,0.006749960419129035,0.0006032806951216054,0.019205264818839995,1.449350091779989,0.6171236802193298,0.3514640637762752,-4.998218637947627,379.3,2026-08-28 13:14:31.631561728+09:00
,,0.011852023704589359,0.006749960419129035,0.0006032806951216054,0.019205264818839995,1.4485396702142663,0.6171236802193298,0.3514640637762752,-4.998218637947627,379.4,2026-08-28 13:14:31.731561728+09:00
,,0.011852023704589359,0.006749960419129035,0.0006032806951216054,0.019205264818839995,1.4477292486485434,0.6171236802193298,0.3514640637762752,-4.998218637947627,379.5,2026-08-28 13:14:31.831561728+09:00
,,0.011852175740207938,0.006490635044891231,0.0005569951323197103,0.01889980591741888,1.447698570259452,0.6271056852115322,0.34342337023202874,-5.0373949033009975,379.6,2026-08-28 13:14:31.931561728+09:00
,,0.011852175740207938,0.006490635044891231,0.0005569951323197103,0.01889980591741888,1.4476678918703607,0.6271056852115322,0.34342337023202874,-5.0373949033009975,379.7,2026-08-28 13:14:32.031561728+09:00
,,0.012451685156442864,0.006374743110139625,0.0006506952981531931,0.019477123564735684,1.4490510099202853,0.639297949466587,0.3272938680576746,-5.055411485198257,379.8,2026-08-28 13:14:32.131561728+09:00
,,0.012451685156442864,0.006374743110139625,0.0006506952981531931,0.019477123564735684,1.4504341279702098,0.639297949466587,0.3272938680576746,-5.055411485198257,379.9,2026-08-28 13:14:32.231561728+09:00
,,0.012451685156442864,0.006374743110139625,0.0006506952981531931,0.019477123564735684,1.4526914026977777,0.639297949466587,0.3272938680576746,-5.055411485198257,380.0,2026-08-28 13:14:32.331561728+09:00
,,0.012451685156442864,0.006374743110139625,0.0006506952981531931,0.019477123564735684,1.4558228341029888,0.639297949466587,0.3272938680576746,-5.055411485198257,380.1,2026-08-28 13:14:32.431561728+09:00
,,0.012451685156442864,0.006374743110139625,0.0006506952981531931,0.019477123564735684,1.4589542655081995,0.639297949466587,0.3272938680576746,-5.055411485198257,380.2,2026-08-28 13:14:32.531561728+09:00
,,0.012451685156442864,0.006374743110139625,0.0006506952981531931,0.019477123564735684,1.462085696913411,0.639297949466587,0.3272938680576746,-5.055411485198257,380.3,2026-08-28 13:14:32.631561728+09:00
,,0.013244776896929687,0.006297752147302863,0.0006005449715481526,0.006898297118851015,1.4658327321839657,,0.9129430117025491,-5.067562511269053,380.4,2026-08-28 13:14:32.731561728+09:00
,,0.014037868637416507,0.006297752147302863,0.0006005449715481526,0.006898297118851015,1.4701953713198652,,0.9129430117025491,-5.067562511269053,380.5,2026-08-28 13:14:32.831561728+09:00
,,0.014830960377903329,0.006297752147302863,0.0006005449715481526,0.006898297118851015,1.4751736143211085,,0.9129430117025491,-5.067562511269053,380.6,2026-08-28 13:14:32.931561728+09:00
,,0.015624052118390151,0.0071837971881494374,0.0006048873303385145,0.023412736636878106,1.4807674611876964,0.6673313060627111,0.3068328704827279,-4.935927179428983,380.7,2026-08-28 13:14:33.031561728+09:00
,,0.015624052118390151,0.0071837971881494374,0.0006048873303385145,0.023412736636878106,1.4876354854735039,0.6673313060627111,0.3068328704827279,-4.935927179428983,380.8,2026-08-28 13:14:33.131561728+09:00
,,0.015624052118390151,0.0071837971881494374,0.0006048873303385145,0.023412736636878106,1.4949293020366554,0.6673313060627111,0.3068328704827279,-4.935927179428983,380.9,2026-08-28 13:14:33.231561728+09:00
,,0.015624052118390151,0.0071837971881494374,0.0006048873303385145,0.023412736636878106,1.502223118599807,0.6673313060627111,0.3068328704827279,-4.935927179428983,381.0,2026-08-28 13:14:33.331561728+09:00
,,0.015624052118390151,0.0071837971881494374,0.0006048873303385145,0.023412736636878106,1.5095169351629585,0.6673313060627111,0.3068328704827279,-4.935927179428983,381.1,2026-08-28 13:14:33.431561728+09:00
,,0.013679014116171248,0.006685614577640482,0.0006557762685311557,0.021020404962342885,1.51537892152608,0.6507493143294142,0.31805355746558933,-5.007797138825841,381.2,2026-08-28 13:14:33.531561728+09:00
,,0.013679014116171248,0.006685614577640482,0.0006557762685311557,0.021020404962342885,1.521240907889202,0.6507493143294142,0.31805355746558933,-5.007797138825841,381.3,2026-08-28 13:14:33.631561728+09:00
,,0.013679014116171248,0.006685614577640482,0.0006557762685311557,0.021020404962342885,1.5271028942523233,0.6507493143294142,0.31805355746558933,-5.007797138825841,381.4,2026-08-28 13:14:33.731561728+09:00
,,0.013679014116171248,0.006685614577640482,0.0006557762685311557,0.021020404962342885,1.532964880615445,0.6507493143294142,0.31805355746558933,-5.007797138825841,381.5,2026-08-28 13:14:33.831561728+09:00
,,0.015050407839705463,0.007439022195245445,0.0007722873330590554,0.023261717368009964,1.5396914124798637,0.6470032973749016,0.319796774999758,-4.901015864144443,381.6,2026-08-28 13:14:33.931561728+09:00
,,0.015050407839705463,0.007439022195245445,0.0007722873330590554,0.023261717368009964,1.5464179443442825,0.6470032973749016,0.319796774999758,-4.901015864144443,381.7,2026-08-28 13:14:34.031561728+09:00
,,0.015050407839705463,0.007439022195245445,0.0007722873330590554,0.023261717368009964,1.5534276124148394,0.6470032973749016,0.319796774999758,-4.901015864144443,381.8,2026-08-28 13:14:34.131561728+09:00
,,0.0151996355207496,0.0077079244318672205,0.0007132938324633075,0.023620853785080127,1.5598681586857295,0.6434837478376965,0.3263186209101321,-4.8655063323354675,381.9,2026-08-28 13:14:34.231561728+09:00
,,0.0151996355207496,0.0077079244318672205,0.0007132938324633075,0.023620853785080127,1.5663087049566198,0.6434837478376965,0.3263186209101321,-4.8655063323354675,382.0,2026-08-28 13:14:34.331561728+09:00
,,0.0151996355207496,0.0077079244318672205,0.0007132938324633075,0.023620853785080127,1.5727492512275094,0.6434837478376965,0.3263186209101321,-4.8655063323354675,382.1,2026-08-28 13:14:34.431561728+09:00
,,0.0151996355207496,0.0077079244318672205,0.0007132938324633075,0.023620853785080127,1.5791897974983995,0.6434837478376965,0.3263186209101321,-4.8655063323354675,382.2,2026-08-28 13:14:34.531561728+09:00
,,0.0151996355207496,0.0077079244318672205,0.0007132938324633075,0.023620853785080127,1.5856303437692898,0.6434837478376965,0.3263186209101321,-4.8655063323354675,382.3,2026-08-28 13:14:34.631561728+09:00
,,0.0151996355207496,0.0077079244318672205,0.0007132938324633075,0.023620853785080127,1.5928813328464653,0.6434837478376965,0.3263186209101321,-4.8655063323354675,382.4,2026-08-28 13:14:34.731561728+09:00
,,0.01705620426629997,0.009053393755041803,0.0008450444831134012,0.026954642504455173,1.59915463032894,0.6327742712032204,0.3358751188610801,-4.7046155910083325,382.5,2026-08-28 13:14:34.831561728+09:00
,,0.01705620426629997,0.009053393755041803,0.0008450444831134012,0.026954642504455173,1.6054279278114143,0.6327742712032204,0.3358751188610801,-4.7046155910083325,382.6,2026-08-28 13:14:34.931561728+09:00
,,0.01715433462419625,0.009454850128398045,0.0007835017139753786,0.02739268646656967,1.611047190221387,0.6262377604011781,0.3451596520091903,-4.661227428039329,382.7,2026-08-28 13:14:35.031561728+09:00
,,0.01715433462419625,0.009454850128398045,0.0007835017139753786,0.02739268646656967,1.6166664526313599,0.6262377604011781,0.3451596520091903,-4.661227428039329,382.8,2026-08-28 13:14:35.131561728+09:00
,,0.01715433462419625,0.009454850128398045,0.0007835017139753786,0.02739268646656967,1.6222857150413326,0.6262377604011781,0.3451596520091903,-4.661227428039329,382.9,2026-08-28 13:14:35.231561728+09:00
,,0.01715433462419625,0.009454850128398045,0.0007835017139753786,0.02739268646656967,1.6279049774513055,0.6262377604011781,0.3451596520091903,-4.661227428039329,383.0,2026-08-28 13:14:35.331561728+09:00
,,0.01715433462419625,0.009454850128398045,0.0007835017139753786,0.02739268646656967,1.6335242398612781,0.6262377604011781,0.3451596520091903,-4.661227428039329,383.1,2026-08-28 13:14:35.431561728+09:00
,,0.01715433462419625,0.009454850128398045,0.0007835017139753786,0.02739268646656967,1.6397263992719031,0.6262377604011781,0.3451596520091903,-4.661227428039329,383.2,2026-08-28 13:14:35.531561728+09:00
,,0.01715433462419625,0.009454850128398045,0.0007835017139753786,0.02739268646656967,1.645928558682528,0.6262377604011781,0.3451596520091903,-4.661227428039329,383.3,2026-08-28 13:14:35.631561728+09:00
,,0.019386356272236706,0.011907572397261099,0.0008717854794220933,0.032165714148919895,1.6500610209799436,0.6027024981470118,0.37019456002536627,-4.4305807453362025,383.4,2026-08-28 13:14:35.731561728+09:00
,,0.019386356272236706,0.011907572397261099,0.0008717854794220933,0.032165714148919895,1.6541934832773588,0.6027024981470118,0.37019456002536627,-4.4305807453362025,383.5,2026-08-28 13:14:35.831561728+09:00
,,0.019386356272236706,0.011907572397261099,0.0008717854794220933,0.032165714148919895,1.6582906450840793,0.6027024981470118,0.37019456002536627,-4.4305807453362025,383.6,2026-08-28 13:14:35.931561728+09:00
,,0.019386356272236706,0.011907572397261099,0.0008717854794220933,0.032165714148919895,1.6623878068907993,0.6027024981470118,0.37019456002536627,-4.4305807453362025,383.7,2026-08-28 13:14:36.031561728+09:00
,,0.019386356272236706,0.011907572397261099,0.0008717854794220933,0.032165714148919895,1.6664849686975196,0.6027024981470118,0.37019456002536627,-4.4305807453362025,383.8,2026-08-28 13:14:36.131561728+09:00
,,0.019386356272236706,0.011907572397261099,0.0008717854794220933,0.032165714148919895,1.6705821305042399,0.6027024981470118,0.37019456002536627,-4.4305807453362025,383.9,2026-08-28 13:14:36.231561728+09:00
,,0.019386356272236706,0.011907572397261099,0.0008717854794220933,0.032165714148919895,1.6750364287480581,0.6027024981470118,0.37019456002536627,-4.4305807453362025,384.0,2026-08-28 13:14:36.331561728+09:00
,,0.019386356272236706,0.011907572397261099,0.0008717854794220933,0.032165714148919895,1.6794907269918762,0.6027024981470118,0.37019456002536627,-4.4305807453362025,384.1,2026-08-28 13:14:36.431561728+09:00
,,0.020499359260943276,0.013594606414114963,0.0005277386537921461,0.014122345067907108,1.6829876094810363,,0.962630947533535,-4.29808215209906,384.2,2026-08-28 13:14:36.531561728+09:00
,,0.021612362249649845,0.014846360221316223,0.00097337854838291,0.03743210101934898,1.685527076215538,0.5773750781041712,0.3966210770173443,-4.210000546717732,384.3,2026-08-28 13:14:36.631561728+09:00
,,0.021612362249649845,0.014846360221316223,0.00097337854838291,0.03743210101934898,1.6878428876644391,0.5773750781041712,0.3966210770173443,-4.210000546717732,384.4,2026-08-28 13:14:36.731561728+09:00
,,0.021612362249649845,0.014846360221316223,0.00097337854838291,0.03743210101934898,1.6901586991133402,0.5773750781041712,0.3966210770173443,-4.210000546717732,384.5,2026-08-28 13:14:36.831561728+09:00
,,0.021612362249649845,0.014846360221316223,0.00097337854838291,0.03743210101934898,1.692474510562241,0.5773750781041712,0.3966210770173443,-4.210000546717732,384.6,2026-08-28 13:14:36.931561728+09:00
,,0.021612362249649845,0.014846360221316223,0.00097337854838291,0.03743210101934898,1.6947903220111418,0.5773750781041712,0.3966210770173443,-4.210000546717732,384.7,2026-08-28 13:14:37.031561728+09:00
,,0.021612362249649845,0.014846360221316223,0.00097337854838291,0.03743210101934898,1.697223554818183,0.5773750781041712,0.3966210770173443,-4.210000546717732,384.8,2026-08-28 13:14:37.131561728+09:00
,,0.021113568269929005,0.01509936872393168,0.0008949092302083355,0.03710784622406903,1.6990187129400702,0.5689785427706727,0.4069050149867731,-4.193102342397309,384.9,2026-08-28 13:14:37.231561728+09:00
,,0.021113568269929005,0.01509936872393168,0.0008949092302083355,0.03710784622406903,1.7008138710619574,0.5689785427706727,0.4069050149867731,-4.193102342397309,385.0,2026-08-28 13:14:37.331561728+09:00
,,0.021113568269929005,0.01509936872393168,0.0008949092302083355,0.03710784622406903,1.7026090291838447,0.5689785427706727,0.4069050149867731,-4.193102342397309,385.1,2026-08-28 13:14:37.431561728+09:00
,,0.023052370968153633,0.01762900272237812,0.0010603777962192669,0.041741751486751015,1.7033967535043646,0.5522617079321777,0.4223350025926351,-4.03820985125242,385.2,2026-08-28 13:14:37.531561728+09:00
,,0.023052370968153633,0.01762900272237812,0.0010603777962192669,0.041741751486751015,1.7028685969226205,0.5522617079321777,0.4223350025926351,-4.03820985125242,385.3,2026-08-28 13:14:37.631561728+09:00
,,0.023052370968153633,0.01762900272237812,0.0010603777962192669,0.041741751486751015,1.7023404403408768,0.5522617079321777,0.4223350025926351,-4.03820985125242,385.4,2026-08-28 13:14:37.731561728+09:00
,,0.023052370968153633,0.01762900272237812,0.0010603777962192669,0.041741751486751015,1.701812283759133,0.5522617079321777,0.4223350025926351,-4.03820985125242,385.5,2026-08-28 13:14:37.831561728+09:00
,,0.023052370968153633,0.01762900272237812,0.0010603777962192669,0.041741751486751015,1.7012296788318073,0.5522617079321777,0.4223350025926351,-4.03820985125242,385.6,2026-08-28 13:14:37.931561728+09:00
,,0.02205504200236015,0.017472497521111078,0.0009572032136790898,0.04048474273715032,1.7001429949372064,0.5447741670375398,0.4315822786513019,-4.04712720448674,385.7,2026-08-28 13:14:38.031561728+09:00
,,0.02205504200236015,0.017472497521111078,0.0009572032136790898,0.04048474273715032,1.6990563110426056,0.5447741670375398,0.4315822786513019,-4.04712720448674,385.8,2026-08-28 13:14:38.131561728+09:00
,,0.02205504200236015,0.017472497521111078,0.0009572032136790898,0.04048474273715032,1.6979696271480047,0.5447741670375398,0.4315822786513019,-4.04712720448674,385.9,2026-08-28 13:14:38.231561728+09:00
,,0.02205504200236015,0.017472497521111078,0.0009572032136790898,0.04048474273715032,1.696882943253404,0.5447741670375398,0.4315822786513019,-4.04712720448674,386.0,2026-08-28 13:14:38.331561728+09:00
,,0.02292787360280795,0.019398917236547755,0.001118095263441642,0.04344488610279735,1.6949034066608728,0.5277462012112781,0.446517852311706,-3.9425380270195176,386.1,2026-08-28 13:14:38.431561728+09:00
,,0.02292787360280795,0.019398917236547755,0.001118095263441642,0.04344488610279735,1.693034374199287,0.5277462012112781,0.446517852311706,-3.9425380270195176,386.2,2026-08-28 13:14:38.531561728+09:00
,,0.02292787360280795,0.019398917236547755,0.001118095263441642,0.04344488610279735,1.6911653417377008,0.5277462012112781,0.446517852311706,-3.9425380270195176,386.3,2026-08-28 13:14:38.631561728+09:00
,,0.02292787360280795,0.019398917236547755,0.001118095263441642,0.04344488610279735,1.6888594258140674,0.5277462012112781,0.446517852311706,-3.9425380270195176,386.4,2026-08-28 13:14:38.731561728+09:00
,,0.02135992187302482,0.018639532971510313,0.0009879784207141148,0.04098743326524925,1.6861538670776697,0.5211334346016392,0.45476214260319736,-3.9824705252150636,386.5,2026-08-28 13:14:38.831561728+09:00
,,0.02135992187302482,0.018639532971510313,0.0009879784207141148,0.04098743326524925,1.6834483083412717,0.5211334346016392,0.45476214260319736,-3.9824705252150636,386.6,2026-08-28 13:14:38.931561728+09:00
,,0.02135992187302482,0.018639532971510313,0.0009879784207141148,0.04098743326524925,1.6807427496048744,0.5211334346016392,0.45476214260319736,-3.9824705252150636,386.7,2026-08-28 13:14:39.031561728+09:00
,,0.02135992187302482,0.018639532971510313,0.0009879784207141148,0.04098743326524925,1.6780371908684764,0.5211334346016392,0.45476214260319736,-3.9824705252150636,386.8,2026-08-28 13:14:39.131561728+09:00
,,0.020837964875687634,0.019432904337967835,0.0011458062413946938,0.041416675455050164,1.6745133643563868,0.5031298298750038,0.4692048341508848,-3.9407875497706777,386.9,2026-08-28 13:14:39.231561728+09:00
,,0.020837964875687634,0.019432904337967835,0.0011458062413946938,0.041416675455050164,1.668998538882049,0.5031298298750038,0.4692048341508848,-3.9407875497706777,387.0,2026-08-28 13:14:39.331561728+09:00
,,0.020837964875687634,0.019432904337967835,0.0011458062413946938,0.041416675455050164,1.663708242500418,0.5031298298750038,0.4692048341508848,-3.9407875497706777,387.1,2026-08-28 13:14:39.431561728+09:00
,,0.020837964875687634,0.019432904337967835,0.0011458062413946938,0.041416675455050164,1.6584179461187873,0.5031298298750038,0.4692048341508848,-3.9407875497706777,387.2,2026-08-28 13:14:39.531561728+09:00
,,0.024367378680833173,0.02300583226388033,0.000954878660929296,0.0483280896056428,1.6529818663531557,0.5042073642817454,0.4760343819010418,-3.772007518507673,387.3,2026-08-28 13:14:39.631561728+09:00
,,0.024367378680833173,0.02300583226388033,0.000954878660929296,0.0483280896056428,1.6475457865875247,0.5042073642817454,0.4760343819010418,-3.772007518507673,387.4,2026-08-28 13:14:39.731561728+09:00
,,0.024367378680833173,0.02300583226388033,0.000954878660929296,0.0483280896056428,1.642109706821893,0.5042073642817454,0.4760343819010418,-3.772007518507673,387.5,2026-08-28 13:14:39.831561728+09:00
,,0.024367378680833173,0.02300583226388033,0.000954878660929296,0.0483280896056428,1.636673627056262,0.5042073642817454,0.4760343819010418,-3.772007518507673,387.6,2026-08-28 13:14:39.931561728+09:00
,,0.024367378680833173,0.02300583226388033,0.000954878660929296,0.0483280896056428,1.6312375472906302,0.5042073642817454,0.4760343819010418,-3.772007518507673,387.7,2026-08-28 13:14:40.031561728+09:00
,,0.017184990248361027,0.017569086387926335,0.001127094555940144,0.03588117119222751,1.6249009707810713,0.47894173120200706,0.48964640239313334,-4.041614376545662,387.8,2026-08-28 13:14:40.131561728+09:00
,,0.017184990248361027,0.017569086387926335,0.001127094555940144,0.03588117119222751,1.6162595518506218,0.47894173120200706,0.48964640239313334,-4.041614376545662,387.9,2026-08-28 13:14:40.231561728+09:00
,,0.017184990248361027,0.017569086387926335,0.001127094555940144,0.03588117119222751,1.6076181329201726,0.47894173120200706,0.48964640239313334,-4.041614376545662,388.0,2026-08-28 13:14:40.331561728+09:00
,,0.017184990248361027,0.017569086387926335,0.001127094555940144,0.03588117119222751,1.598976713989723,0.47894173120200706,0.48964640239313334,-4.041614376545662,388.1,2026-08-28 13:14:40.431561728+09:00
,,0.024467345722974147,0.02515419994160041,0.001244639907234096,0.05086618557180866,1.590274809470757,0.4810139672933246,0.4945171268266184,-3.68273040068874,388.2,2026-08-28 13:14:40.531561728+09:00
,,0.024467345722974147,0.02515419994160041,0.001244639907234096,0.05086618557180866,1.5815729049517904,0.4810139672933246,0.4945171268266184,-3.68273040068874,388.3,2026-08-28 13:14:40.631561728+09:00
,,0.024467345722974147,0.02515419994160041,0.001244639907234096,0.05086618557180866,1.572871000432824,0.4810139672933246,0.4945171268266184,-3.68273040068874,388.4,2026-08-28 13:14:40.731561728+09:00
,,0.024467345722974147,0.02515419994160041,0.001244639907234096,0.05086618557180866,1.5641690959138579,0.4810139672933246,0.4945171268266184,-3.68273040068874,388.5,2026-08-28 13:14:40.831561728+09:00
,,0.024467345722974147,0.02515419994160041,0.001244639907234096,0.05086618557180866,1.5546874482182595,0.4810139672933246,0.4945171268266184,-3.68273040068874,388.6,2026-08-28 13:14:40.931561728+09:00
,,0.01312289786422611,0.014423682292845057,0.001064464303161252,0.02861104446023242,1.54450715398716,0.4586654598529643,0.5041298758908673,-4.238883819610097,388.7,2026-08-28 13:14:41.031561728+09:00
,,0.01312289786422611,0.014423682292845057,0.001064464303161252,0.02861104446023242,1.5329130633170445,0.4586654598529643,0.5041298758908673,-4.238883819610097,388.8,2026-08-28 13:14:41.131561728+09:00
,,0.01312289786422611,0.014423682292845057,0.001064464303161252,0.02861104446023242,1.5213189726469292,0.4586654598529643,0.5041298758908673,-4.238883819610097,388.9,2026-08-28 13:14:41.231561728+09:00
,,0.011713098218219751,0.012931297427043478,0.0008804892774886145,0.025524884922751845,1.5096801980355081,0.45888936438570077,0.5066153076175888,-4.348104748846912,389.0,2026-08-28 13:14:41.331561728+09:00
,,0.011713098218219751,0.012931297427043478,0.0008804892774886145,0.025524884922751845,1.498041423424087,0.45888936438570077,0.5066153076175888,-4.348104748846912,389.1,2026-08-28 13:14:41.431561728+09:00
,,0.011713098218219751,0.012931297427043478,0.0008804892774886145,0.025524884922751845,1.486402648812666,0.45888936438570077,0.5066153076175888,-4.348104748846912,389.2,2026-08-28 13:14:41.531561728+09:00
,,0.011713098218219751,0.012931297427043478,0.0008804892774886145,0.025524884922751845,1.4747638742012448,0.45888936438570077,0.5066153076175888,-4.348104748846912,389.3,2026-08-28 13:14:41.631561728+09:00
,,0.011713098218219751,0.012931297427043478,0.0008804892774886145,0.025524884922751845,1.4625094957244795,0.45888936438570077,0.5066153076175888,-4.348104748846912,389.4,2026-08-28 13:14:41.731561728+09:00
,,0.011713098218219751,0.012931297427043478,0.0008804892774886145,0.025524884922751845,1.4496395133823705,0.45888936438570077,0.5066153076175888,-4.348104748846912,389.5,2026-08-28 13:14:41.831561728+09:00
,,0.011713098218219751,0.012931297427043478,0.0008804892774886145,0.025524884922751845,1.4361539271749169,0.45888936438570077,0.5066153076175888,-4.348104748846912,389.6,2026-08-28 13:14:41.931561728+09:00
,,0.009875389846309769,0.011312402733562984,0.0010114746456430842,0.022199267225515837,1.4216880219258952,0.44485206407889877,0.5095845109950525,-4.481855568131135,389.7,2026-08-28 13:14:42.031561728+09:00
,,0.009875389846309769,0.011312402733562984,0.0010114746456430842,0.022199267225515837,1.407222116676874,0.44485206407889877,0.5095845109950525,-4.481855568131135,389.8,2026-08-28 13:14:42.131561728+09:00
,,0.009621139641364485,0.026177867954726722,0.002049575658850046,0.028227443613576767,1.3927554483828264,,0.9273906738807816,-3.642840959756788,389.9,2026-08-28 13:14:42.231561728+09:00
,,0.009366889436419201,0.026177867954726722,0.002049575658850046,0.028227443613576767,1.3782880170437521,,0.9273906738807816,-3.642840959756788,390.0,2026-08-28 13:14:42.331561728+09:00
,,0.009112639231473919,0.026177867954726722,0.002049575658850046,0.028227443613576767,1.363819822659652,,0.9273906738807816,-3.642840959756788,390.1,2026-08-28 13:14:42.431561728+09:00
,,0.008858389026528635,0.026177867954726722,0.002049575658850046,0.028227443613576767,1.3507826954305555,,0.9273906738807816,-3.642840959756788,390.2,2026-08-28 13:14:42.531561728+09:00
,,0.00860413882158335,0.026177867954726722,0.002049575658850046,0.028227443613576767,1.3377448051564327,,0.9273906738807816,-3.642840959756788,390.3,2026-08-28 13:14:42.631561728+09:00
,,0.008349888616638067,0.026177867954726722,0.002049575658850046,0.028227443613576767,1.3247061518372836,,0.9273906738807816,-3.642840959756788,390.4,2026-08-28 13:14:42.731561728+09:00
,,0.008095638411692783,0.026177867954726722,0.002049575658850046,0.028227443613576767,1.3116667354731082,,0.9273906738807816,-3.642840959756788,390.5,2026-08-28 13:14:42.831561728+09:00
,,0.007841388206747499,0.026177867954726722,0.002049575658850046,0.028227443613576767,1.2988806307667426,,0.9273906738807816,-3.642840959756788,390.6,2026-08-28 13:14:42.931561728+09:00
,,0.007587138001802216,0.008697334705713176,0.0005417260544931286,0.01682619876200852,1.286093763015351,0.4509121821937012,0.5168924264314936,-4.744738655923235,390.7,2026-08-28 13:14:43.031561728+09:00
,,0.016309942644995835,0.018332833694948338,0.0018767919938172477,0.03651956833376142,1.273499177522015,0.44660830861786793,0.5020002845433443,-3.9990616357919637,390.8,2026-08-28 13:14:43.131561728+09:00
,,0.016309942644995835,0.018332833694948338,0.0018767919938172477,0.03651956833376142,1.2614737138283465,0.44660830861786793,0.5020002845433443,-3.9990616357919637,390.9,2026-08-28 13:14:43.231561728+09:00
,,0.016309942644995835,0.018332833694948338,0.0018767919938172477,0.03651956833376142,1.2494482501346775,0.44660830861786793,0.5020002845433443,-3.9990616357919637,391.0,2026-08-28 13:14:43.331561728+09:00
,,0.016309942644995835,0.018332833694948338,0.0018767919938172477,0.03651956833376142,1.237422786441009,0.44660830861786793,0.5020002845433443,-3.9990616357919637,391.1,2026-08-28 13:14:43.431561728+09:00
,,0.016309942644995835,0.018332833694948338,0.0018767919938172477,0.03651956833376142,1.2253973227473405,0.44660830861786793,0.5020002845433443,-3.9990616357919637,391.2,2026-08-28 13:14:43.531561728+09:00
,,0.016309942644995835,0.018332833694948338,0.0018767919938172477,0.03651956833376142,1.2133718590536717,0.44660830861786793,0.5020002845433443,-3.9990616357919637,391.3,2026-08-28 13:14:43.631561728+09:00
,,0.016309942644995835,0.018332833694948338,0.0018767919938172477,0.03651956833376142,1.201346395360003,0.44660830861786793,0.5020002845433443,-3.9990616357919637,391.4,2026-08-28 13:14:43.731561728+09:00
,,0.016309942644995835,0.018332833694948338,0.0018767919938172477,0.03651956833376142,1.1902986232610357,0.44660830861786793,0.5020002845433443,-3.9990616357919637,391.5,2026-08-28 13:14:43.831561728+09:00
,,0.007124845842847991,0.0078095880048085235,0.0007473694837970544,0.01568180333145357,1.1795026605057473,0.45433842602511315,0.49800318494905144,-4.852403068787226,391.6,2026-08-28 13:14:43.931561728+09:00
,,0.011477518815855427,0.01259920930298293,0.0016883955309469445,0.025765123649785303,1.1694652054882393,0.44546725146227145,0.48900247769965266,-4.374121220725316,391.7,2026-08-28 13:14:44.031561728+09:00
,,0.011477518815855427,0.01259920930298293,0.0016883955309469445,0.025765123649785303,1.1594277504707315,0.44546725146227145,0.48900247769965266,-4.374121220725316,391.8,2026-08-28 13:14:44.131561728+09:00
,,0.011477518815855427,0.01259920930298293,0.0016883955309469445,0.025765123649785303,1.1493902954532234,0.44546725146227145,0.48900247769965266,-4.374121220725316,391.9,2026-08-28 13:14:44.231561728+09:00
,,0.011477518815855427,0.01259920930298293,0.0016883955309469445,0.025765123649785303,1.1393528404357156,0.44546725146227145,0.48900247769965266,-4.374121220725316,392.0,2026-08-28 13:14:44.331561728+09:00
,,0.011477518815855427,0.01259920930298293,0.0016883955309469445,0.025765123649785303,1.1293153854182076,0.44546725146227145,0.48900247769965266,-4.374121220725316,392.1,2026-08-28 13:14:44.431561728+09:00
,,0.011477518815855427,0.01259920930298293,0.0016883955309469445,0.025765123649785303,1.1192779304007,0.44546725146227145,0.48900247769965266,-4.374121220725316,392.2,2026-08-28 13:14:44.531561728+09:00
,,0.011477518815855427,0.01259920930298293,0.0016883955309469445,0.025765123649785303,1.1092404753831917,0.44546725146227145,0.48900247769965266,-4.374121220725316,392.3,2026-08-28 13:14:44.631561728+09:00
,,0.006263132166144527,0.006573511646192716,0.0007900120087472465,0.01362665582108449,1.1017372946856536,0.45962356783486075,0.4824009450669135,-5.024707092140934,392.4,2026-08-28 13:14:44.731561728+09:00
,,0.006263132166144527,0.006573511646192716,0.0007900120087472465,0.01362665582108449,1.0942341139881155,0.45962356783486075,0.4824009450669135,-5.024707092140934,392.5,2026-08-28 13:14:44.831561728+09:00
,,0.006263132166144527,0.006573511646192716,0.0007900120087472465,0.01362665582108449,1.0867309332905775,0.45962356783486075,0.4824009450669135,-5.024707092140934,392.6,2026-08-28 13:14:44.931561728+09:00
,,0.005445702092065588,0.005691698254256586,0.0008849496895308071,0.012022350035852981,1.079272158409688,0.45296485926839986,0.4734264297148924,-5.168746612412614,392.7,2026-08-28 13:14:45.031561728+09:00
,,0.005445702092065588,0.005691698254256586,0.0008849496895308071,0.012022350035852981,1.0718133835287984,0.45296485926839986,0.4734264297148924,-5.168746612412614,392.8,2026-08-28 13:14:45.131561728+09:00
,,0.005445702092065588,0.005691698254256586,0.0008849496895308071,0.012022350035852981,1.0643546086479092,0.45296485926839986,0.4734264297148924,-5.168746612412614,392.9,2026-08-28 13:14:45.231561728+09:00
,,0.005445702092065588,0.005691698254256586,0.0008849496895308071,0.012022350035852981,1.0568958337670198,0.45296485926839986,0.4734264297148924,-5.168746612412614,393.0,2026-08-28 13:14:45.331561728+09:00
,,0.005445702092065588,0.005691698254256586,0.0008849496895308071,0.012022350035852981,1.0494370588861304,0.45296485926839986,0.4734264297148924,-5.168746612412614,393.1,2026-08-28 13:14:45.431561728+09:00
,,0.005782989426703739,0.005857716257674643,0.0008353776916674488,0.01247608337604583,1.0432741795238096,0.4635260323610148,0.4695156389321267,-5.139995468473036,393.2,2026-08-28 13:14:45.531561728+09:00
,,0.005782989426703739,0.005857716257674643,0.0008353776916674488,0.01247608337604583,1.038068715916147,0.4635260323610148,0.4695156389321267,-5.139995468473036,393.3,2026-08-28 13:14:45.631561728+09:00
,,0.005782989426703739,0.005857716257674643,0.0008353776916674488,0.01247608337604583,1.0328632523084849,0.4635260323610148,0.4695156389321267,-5.139995468473036,393.4,2026-08-28 13:14:45.731561728+09:00
,,0.005782989426703739,0.005857716257674643,0.0008353776916674488,0.01247608337604583,1.0276577887008225,0.4635260323610148,0.4695156389321267,-5.139995468473036,393.5,2026-08-28 13:14:45.831561728+09:00
,,0.0067361310060907184,0.007610821517467611,0.0014990556089744802,0.01584600813253281,1.0213171003909518,0.4250995550267979,0.4802989783806898,-4.878184160573927,393.6,2026-08-28 13:14:45.931561728+09:00
,,0.0067361310060907184,0.007610821517467611,0.0014990556089744802,0.01584600813253281,1.014976412081081,0.4250995550267979,0.4802989783806898,-4.878184160573927,393.7,2026-08-28 13:14:46.031561728+09:00
,,0.0067361310060907184,0.007610821517467611,0.0014990556089744802,0.01584600813253281,1.0086357237712102,0.4250995550267979,0.4802989783806898,-4.878184160573927,393.8,2026-08-28 13:14:46.131561728+09:00
,,0.0067361310060907184,0.007610821517467611,0.0014990556089744802,0.01584600813253281,1.002933110146494,0.4250995550267979,0.4802989783806898,-4.878184160573927,393.9,2026-08-28 13:14:46.231561728+09:00
,,0.005667960088896841,0.005638641461997921,0.0008787347747106387,0.0121853363256054,0.9985652387918907,0.4651459703239042,0.4627399122459411,-5.178112118019624,394.0,2026-08-28 13:14:46.331561728+09:00
,,0.005667960088896841,0.005638641461997921,0.0008787347747106387,0.0121853363256054,0.9941973674372874,0.4651459703239042,0.4627399122459411,-5.178112118019624,394.1,2026-08-28 13:14:46.431561728+09:00
,,0.005667960088896841,0.005638641461997921,0.0008787347747106387,0.0121853363256054,0.990836929884051,0.4651459703239042,0.4627399122459411,-5.178112118019624,394.2,2026-08-28 13:14:46.531561728+09:00
,,0.005667960088896841,0.005638641461997921,0.0008787347747106387,0.0121853363256054,0.9874764923308146,0.4651459703239042,0.4627399122459411,-5.178112118019624,394.3,2026-08-28 13:14:46.631561728+09:00
,,0.005667960088896841,0.005638641461997921,0.0008787347747106387,0.0121853363256054,0.9841160547775785,0.4651459703239042,0.4627399122459411,-5.178112118019624,394.4,2026-08-28 13:14:46.731561728+09:00
,,0.005667960088896841,0.005638641461997921,0.0008787347747106387,0.0121853363256054,0.980755617224342,0.4651459703239042,0.4627399122459411,-5.178112118019624,394.5,2026-08-28 13:14:46.831561728+09:00
,,0.005231013836341003,0.005373989285135669,0.0009501560704347207,0.011555159191911392,0.9770417943725141,0.45269941759025795,0.4650727173795632,-5.226184762624903,394.6,2026-08-28 13:14:46.931561728+09:00
,,0.005231013836341003,0.005373989285135669,0.0009501560704347207,0.011555159191911392,0.9738320504879618,0.45269941759025795,0.4650727173795632,-5.226184762624903,394.7,2026-08-28 13:14:47.031561728+09:00
,,0.005914419596960387,0.005837375978896124,0.0009261709122705432,0.012677966488127053,0.9710645667914806,0.4665116919577959,0.4604347222689728,-5.143473901798059,394.8,2026-08-28 13:14:47.131561728+09:00
,,0.005914419596960387,0.005837375978896124,0.0009261709122705432,0.012677966488127053,0.9682970830949996,0.4665116919577959,0.4604347222689728,-5.143473901798059,394.9,2026-08-28 13:14:47.231561728+09:00
,,0.005914419596960387,0.005837375978896124,0.0009261709122705432,0.012677966488127053,0.9655295993985186,0.4665116919577959,0.4604347222689728,-5.143473901798059,395.0,2026-08-28 13:14:47.331561728+09:00
,,0.005914419596960387,0.005837375978896124,0.0009261709122705432,0.012677966488127053,0.9636549683999673,0.4665116919577959,0.4604347222689728,-5.143473901798059,395.1,2026-08-28 13:14:47.431561728+09:00
,,0.005914419596960387,0.005837375978896124,0.0009261709122705432,0.012677966488127053,0.9617803374014162,0.4665116919577959,0.4604347222689728,-5.143473901798059,395.2,2026-08-28 13:14:47.531561728+09:00
,,0.005914419596960387,0.005837375978896124,0.0009261709122705432,0.012677966488127053,0.959905706402865,0.4665116919577959,0.4604347222689728,-5.143473901798059,395.3,2026-08-28 13:14:47.631561728+09:00
,,0.005914419596960387,0.005837375978896124,0.0009261709122705432,0.012677966488127053,0.958031075404314,0.4665116919577959,0.4604347222689728,-5.143473901798059,395.4,2026-08-28 13:14:47.731561728+09:00
,,0.005914419596960387,0.0063798858185866855,0.0009838917034660517,0.007363777522052737,0.956556087218527,,0.8663876386108171,-5.054605078558835,395.5,2026-08-28 13:14:47.831561728+09:00
,,0.005914419596960387,0.0063798858185866855,0.0009838917034660517,0.007363777522052737,0.95508109903274,,0.8663876386108171,-5.054605078558835,395.6,2026-08-28 13:14:47.931561728+09:00
,,0.005914419596960387,0.0063798858185866855,0.0009838917034660517,0.007363777522052737,0.9536061108469531,,0.8663876386108171,-5.054605078558835,395.7,2026-08-28 13:14:48.031561728+09:00
,,0.005914419596960387,0.0063798858185866855,0.0009838917034660517,0.007363777522052737,0.9521311226611662,,0.8663876386108171,-5.054605078558835,395.8,2026-08-28 13:14:48.131561728+09:00
,,0.005914419596960387,0.0063798858185866855,0.0009838917034660517,0.007363777522052737,0.951474402251071,,0.8663876386108171,-5.054605078558835,395.9,2026-08-28 13:14:48.231561728+09:00
,,0.005914419596960387,0.0063798858185866855,0.0009838917034660517,0.007363777522052737,0.950817681840976,,0.8663876386108171,-5.054605078558835,396.0,2026-08-28 13:14:48.331561728+09:00
