HRV_ULF,HRV_VLF,HRV_LF,HRV_HF,HRV_VHF,HRV_TP,HRV_LFHF,HRV_LFn,HRV_HFn,HRV_LnHF,time
,,0.02632268129999614,0.07842949191931678,0.008003955301531767,0.11275612852084468,0.3356222341345169,0.23344789897721605,0.6955674423037493,-2.5455552499206235,0.0
,,0.02632268129999614,0.07842949191931678,0.008003955301531767,0.11275612852084468,0.3356222341345169,0.23344789897721605,0.6955674423037493,-2.5455552499206235,0.1
,,0.02632268129999614,0.07842949191931678,0.008003955301531767,0.11275612852084468,0.3356222341345169,0.23344789897721605,0.6955674423037493,-2.5455552499206235,0.2
,,0.02632268129999614,0.07842949191931678,0.008003955301531767,0.11275612852084468,0.3356222341345169,0.23344789897721605,0.6955674423037493,-2.5455552499206235,0.3
,,0.02632268129999614,0.07842949191931678,0.008003955301531767,0.11275612852084468,0.3356222341345169,0.23344789897721605,0.6955674423037493,-2.5455552499206235,0.4
,,0.02632268129999614,0.07842949191931678,0.008003955301531767,0.11275612852084468,0.3356222341345169,0.23344789897721605,0.6955674423037493,-2.5455552499206235,0.5
,,0.02632268129999614,0.07842949191931678,0.008003955301531767,0.11275612852084468,0.3356222341345169,0.23344789897721605,0.6955674423037493,-2.5455552499206235,0.6
,,0.0265051472648498,0.05649974441153499,0.005179405710995767,0.06167915012253076,0.3214499332965287,,0.9160266362181313,-2.87351916452962,0.7
,,0.026687613229703464,0.08685179268069337,0.008179034348837062,0.1217184402592339,0.30727763245854056,0.2192569439179851,0.7135467107179313,-2.4435521453947104,0.8
,,0.026687613229703464,0.08685179268069337,0.008179034348837062,0.1217184402592339,0.30727763245854056,0.2192569439179851,0.7135467107179313,-2.4435521453947104,0.9
,,0.026687613229703464,0.08685179268069337,0.008179034348837062,0.1217184402592339,0.30727763245854056,0.2192569439179851,0.7135467107179313,-2.4435521453947104,1.0
,,0.026687613229703464,0.08685179268069337,0.008179034348837062,0.1217184402592339,0.30727763245854056,0.2192569439179851,0.7135467107179313,-2.4435521453947104,1.1
,,0.026687613229703464,0.08685179268069337,0.008179034348837062,0.1217184402592339,0.30727763245854056,0.2192569439179851,0.7135467107179313,-2.4435521453947104,1.2
,,0.026687613229703464,0.08685179268069337,0.008179034348837062,0.1217184402592339,0.30727763245854056,0.2192569439179851,0.7135467107179313,-2.4435521453947104,1.3
,,0.026687613229703464,0.08685179268069337,0.008179034348837062,0.1217184402592339,0.30727763245854056,0.2192569439179851,0.7135467107179313,-2.4435521453947104,1.4
,,0.026687613229703464,0.08685179268069337,0.008179034348837062,0.1217184402592339,0.30727763245854056,0.2192569439179851,0.7135467107179313,-2.4435521453947104,1.5
,,0.026687613229703464,0.08685179268069337,0.008179034348837062,0.1217184402592339,0.30727763245854056,0.2192569439179851,0.7135467107179313,-2.4435521453947104,1.6
,,0.02644291114439333,0.09520900725971426,0.008002207805364807,0.1296541262094724,0.27773539400806363,0.20394963058616056,0.7343307154443527,-2.3516807275878175,1.7
,,0.02644291114439333,0.09520900725971426,0.008002207805364807,0.1296541262094724,0.27773539400806363,0.20394963058616056,0.7343307154443527,-2.3516807275878175,1.8
,,0.02644291114439333,0.09520900725971426,0.008002207805364807,0.1296541262094724,0.27773539400806363,0.20394963058616056,0.7343307154443527,-2.3516807275878175,1.9
,,0.02741392026205502,0.09767985318935501,0.00848486968557358,0.13357864313698362,0.2806507111442152,0.20522682083199714,0.7312535214868537,-2.326059952156298,2.0
,,0.02741392026205502,0.09767985318935501,0.00848486968557358,0.13357864313698362,0.2806507111442152,0.20522682083199714,0.7312535214868537,-2.326059952156298,2.1
,,0.02741392026205502,0.09767985318935501,0.00848486968557358,0.13357864313698362,0.2806507111442152,0.20522682083199714,0.7312535214868537,-2.326059952156298,2.2
,,0.02741392026205502,0.09767985318935501,0.00848486968557358,0.13357864313698362,0.2806507111442152,0.20522682083199714,0.7312535214868537,-2.326059952156298,2.3
,,0.02741392026205502,0.09767985318935501,0.00848486968557358,0.13357864313698362,0.2806507111442152,0.20522682083199714,0.7312535214868537,-2.326059952156298,2.4
,,0.02741392026205502,0.09767985318935501,0.00848486968557358,0.13357864313698362,0.2806507111442152,0.20522682083199714,0.7312535214868537,-2.326059952156298,2.5
,,0.02741392026205502,0.09767985318935501,0.00848486968557358,0.13357864313698362,0.2806507111442152,0.20522682083199714,0.7312535214868537,-2.326059952156298,2.6
,,0.02741392026205502,0.09767985318935501,0.00848486968557358,0.13357864313698362,0.2806507111442152,0.20522682083199714,0.7312535214868537,-2.326059952156298,2.7
,,0.027056519322456948,0.10604317657131836,0.008456784704886299,0.1415564805986616,0.2551462545471781,0.19113585763104063,0.7491227255922678,-2.243908941660331,2.8
,,0.027056519322456948,0.10604317657131836,0.008456784704886299,0.1415564805986616,0.2551462545471781,0.19113585763104063,0.7491227255922678,-2.243908941660331,2.9
,,0.027056519322456948,0.10604317657131836,0.008456784704886299,0.1415564805986616,0.2551462545471781,0.19113585763104063,0.7491227255922678,-2.243908941660331,3.0
,,0.02765456016054428,0.10796385952829876,0.00880643822575976,0.1444248579146028,0.2561464575402258,0.19148061185489404,0.7475434706131883,-2.225958741857601,3.1
,,0.02765456016054428,0.10796385952829876,0.00880643822575976,0.1444248579146028,0.2561464575402258,0.19148061185489404,0.7475434706131883,-2.225958741857601,3.2
,,0.02765456016054428,0.10796385952829876,0.00880643822575976,0.1444248579146028,0.2561464575402258,0.19148061185489404,0.7475434706131883,-2.225958741857601,3.3
,,0.02765456016054428,0.10796385952829876,0.00880643822575976,0.1444248579146028,0.2561464575402258,0.19148061185489404,0.7475434706131883,-2.225958741857601,3.4
,,0.02765456016054428,0.10796385952829876,0.00880643822575976,0.1444248579146028,0.2561464575402258,0.19148061185489404,0.7475434706131883,-2.225958741857601,3.5
,,0.02765456016054428,0.10796385952829876,0.00880643822575976,0.1444248579146028,0.2561464575402258,0.19148061185489404,0.7475434706131883,-2.225958741857601,3.6
,,0.02765456016054428,0.10796385952829876,0.00880643822575976,0.1444248579146028,0.2561464575402258,0.19148061185489404,0.7475434706131883,-2.225958741857601,3.7
,,0.02765456016054428,0.10796385952829876,0.00880643822575976,0.1444248579146028,0.2561464575402258,0.19148061185489404,0.7475434706131883,-2.225958741857601,3.8
,,0.026785643685681836,0.1130997504220565,0.008958868743391357,0.1488442628511297,0.23683203177483006,0.17995751514099112,0.759852937934034,-2.179485102564031,3.9
,,0.026785643685681836,0.1130997504220565,0.008958868743391357,0.1488442628511297,0.23683203177483006,0.17995751514099112,0.759852937934034,-2.179485102564031,4.0
,,0.026785643685681836,0.1130997504220565,0.008958868743391357,0.1488442628511297,0.23683203177483006,0.17995751514099112,0.759852937934034,-2.179485102564031,4.1
,,0.026785643685681836,0.1130997504220565,0.008958868743391357,0.1488442628511297,0.23683203177483006,0.17995751514099112,0.759852937934034,-2.179485102564031,4.2
,,0.02759964662399771,0.1157428450865642,0.009289212804885582,0.1526317045154475,0.2384566113210359,0.18082512222226027,0.7583145680906036,-2.156384401433332,4.3
,,0.02759964662399771,0.1157428450865642,0.009289212804885582,0.1526317045154475,0.2384566113210359,0.18082512222226027,0.7583145680906036,-2.156384401433332,4.4
,,0.02759964662399771,0.1157428450865642,0.009289212804885582,0.1526317045154475,0.2384566113210359,0.18082512222226027,0.7583145680906036,-2.156384401433332,4.5
,,0.02759964662399771,0.1157428450865642,0.009289212804885582,0.1526317045154475,0.2384566113210359,0.18082512222226027,0.7583145680906036,-2.156384401433332,4.6
,,0.02759964662399771,0.1157428450865642,0.009289212804885582,0.1526317045154475,0.2384566113210359,0.18082512222226027,0.7583145680906036,-2.156384401433332,4.7
,,0.02759964662399771,0.1157428450865642,0.009289212804885582,0.1526317045154475,0.2384566113210359,0.18082512222226027,0.7583145680906036,-2.156384401433332,4.8
,,0.02759964662399771,0.1169838580905506,0.009740679125512183,0.12672453721606278,0.2384566113210359,,0.923135019156515,-2.1457193187404613,4.9
,,0.02759964662399771,0.1157428450865642,0.009289212804885582,0.1526317045154475,0.2384566113210359,0.18082512222226027,0.7583145680906036,-2.156384401433332,5.0
,,0.026880793701322507,0.11668736030997723,0.009801401438833278,0.15336955545013303,0.2303659422058594,0.17526812034127984,0.7608247932094793,-2.1482570548101916,5.1
,,0.026880793701322507,0.11668736030997723,0.009801401438833278,0.15336955545013303,0.2303659422058594,0.17526812034127984,0.7608247932094793,-2.1482570548101916,5.2
,,0.026880793701322507,0.11668736030997723,0.009801401438833278,0.15336955545013303,0.2303659422058594,0.17526812034127984,0.7608247932094793,-2.1482570548101916,5.3
,,0.026880793701322507,0.11668736030997723,0.009801401438833278,0.15336955545013303,0.2303659422058594,0.17526812034127984,0.7608247932094793,-2.1482570548101916,5.4
,,0.02716807584808973,0.1156856528312304,0.009698421035345729,0.15255214971466588,0.23484395154621507,0.1780904162865289,0.7583351204660785,-2.1568786556588284,5.5
,,0.02716807584808973,0.1156856528312304,0.009698421035345729,0.15255214971466588,0.23484395154621507,0.1780904162865289,0.7583351204660785,-2.1568786556588284,5.6
,,0.02716807584808973,0.1156856528312304,0.009698421035345729,0.15255214971466588,0.23484395154621507,0.1780904162865289,0.7583351204660785,-2.1568786556588284,5.7
,,0.02716807584808973,0.1156856528312304,0.009698421035345729,0.15255214971466588,0.23484395154621507,0.1780904162865289,0.7583351204660785,-2.1568786556588284,5.8
,,0.02716807584808973,0.1156856528312304,0.009698421035345729,0.15255214971466588,0.23484395154621507,0.1780904162865289,0.7583351204660785,-2.1568786556588284,5.9
,,0.02716807584808973,0.1156856528312304,0.009698421035345729,0.15255214971466588,0.23484395154621507,0.1780904162865289,0.7583351204660785,-2.1568786556588284,6.0
,,0.026845925296387217,0.11331874599909897,0.010535049387589191,0.15069972068307538,0.23690630406906088,0.17814183845001777,0.7519506040585876,-2.177550670096767,6.1
,,0.026845925296387217,0.11331874599909897,0.010535049387589191,0.15069972068307538,0.23690630406906088,0.17814183845001777,0.7519506040585876,-2.177550670096767,6.2
,,0.026845925296387217,0.11331874599909897,0.010535049387589191,0.15069972068307538,0.23690630406906088,0.17814183845001777,0.7519506040585876,-2.177550670096767,6.3
,,0.026845925296387217,0.11331874599909897,0.010535049387589191,0.15069972068307538,0.23690630406906088,0.17814183845001777,0.7519506040585876,-2.177550670096767,6.4
,,0.023584101836108658,0.060228373085513,0.011049790955465119,0.09486226587708678,0.3915779329224725,0.24861415250892935,0.6349033783733462,-2.809611723987943,6.5
,,0.023584101836108658,0.060228373085513,0.011049790955465119,0.09486226587708678,0.3915779329224725,0.24861415250892935,0.6349033783733462,-2.809611723987943,6.6
,,0.023584101836108658,0.060228373085513,0.011049790955465119,0.09486226587708678,0.3915779329224725,0.24861415250892935,0.6349033783733462,-2.809611723987943,6.7
,,0.023584101836108658,0.060228373085513,0.011049790955465119,0.09486226587708678,0.3915779329224725,0.24861415250892935,0.6349033783733462,-2.809611723987943,6.8
,,0.023584101836108658,0.060228373085513,0.011049790955465119,0.09486226587708678,0.3915779329224725,0.24861415250892935,0.6349033783733462,-2.809611723987943,6.9
,,0.023584101836108658,0.060228373085513,0.011049790955465119,0.09486226587708678,0.3915779329224725,0.24861415250892935,0.6349033783733462,-2.809611723987943,7.0
,,0.023584101836108658,0.060228373085513,0.011049790955465119,0.09486226587708678,0.3915779329224725,0.24861415250892935,0.6349033783733462,-2.809611723987943,7.1
,,0.023584101836108658,0.060228373085513,0.011049790955465119,0.09486226587708678,0.3915779329224725,0.24861415250892935,0.6349033783733462,-2.809611723987943,7.2
,,0.026480757869087254,0.10379115764415262,0.011081120707590524,0.14135303622083037,0.255135008320038,0.18733773661371797,0.7342690360184674,-2.2653744983514406,7.3
,,0.026480757869087254,0.10379115764415262,0.011081120707590524,0.14135303622083037,0.255135008320038,0.18733773661371797,0.7342690360184674,-2.2653744983514406,7.4
,,0.026368944596937775,0.09812715077895436,0.01019460875338327,0.1346907041292754,0.2687222077438858,0.1957740496450966,0.728536920296834,-2.321491184353363,7.5
,,0.026368944596937775,0.09812715077895436,0.01019460875338327,0.1346907041292754,0.2687222077438858,0.1957740496450966,0.728536920296834,-2.321491184353363,7.6
,,0.026368944596937775,0.09812715077895436,0.01019460875338327,0.1346907041292754,0.2687222077438858,0.1957740496450966,0.728536920296834,-2.321491184353363,7.7
,,0.026368944596937775,0.09812715077895436,0.01019460875338327,0.1346907041292754,0.2687222077438858,0.1957740496450966,0.728536920296834,-2.321491184353363,7.8
,,0.026368944596937775,0.09812715077895436,0.01019460875338327,0.1346907041292754,0.2687222077438858,0.1957740496450966,0.728536920296834,-2.321491184353363,7.9
,,0.026368944596937775,0.09812715077895436,0.01019460875338327,0.1346907041292754,0.2687222077438858,0.1957740496450966,0.728536920296834,-2.321491184353363,8.0
,,0.026368944596937775,0.09812715077895436,0.01019460875338327,0.1346907041292754,0.2687222077438858,0.1957740496450966,0.728536920296834,-2.321491184353363,8.1
,,0.026266014128063276,0.09362062099085222,0.011165796730484475,0.13105243184939996,0.28055799940303494,0.20042370643108015,0.7143753051331178,-2.3685046100318887,8.2
,,0.026368944596937775,0.09812715077895436,0.01019460875338327,0.1346907041292754,0.2687222077438858,0.1957740496450966,0.728536920296834,-2.321491184353363,8.3
,,0.026196314122262684,0.08600229601282558,0.010108328155355482,0.12230693829044374,0.3046001715856052,0.21418502080441246,0.7031677614935867,-2.4533812852614565,8.4
,,0.026196314122262684,0.08600229601282558,0.010108328155355482,0.12230693829044374,0.3046001715856052,0.21418502080441246,0.7031677614935867,-2.4533812852614565,8.5
,,0.026196314122262684,0.08600229601282558,0.010108328155355482,0.12230693829044374,0.3046001715856052,0.21418502080441246,0.7031677614935867,-2.4533812852614565,8.6
,,0.026196314122262684,0.08600229601282558,0.010108328155355482,0.12230693829044374,0.3046001715856052,0.21418502080441246,0.7031677614935867,-2.4533812852614565,8.7
,,0.026196314122262684,0.08600229601282558,0.010108328155355482,0.12230693829044374,0.3046001715856052,0.21418502080441246,0.7031677614935867,-2.4533812852614565,8.8
,,0.026196314122262684,0.08600229601282558,0.010108328155355482,0.12230693829044374,0.3046001715856052,0.21418502080441246,0.7031677614935867,-2.4533812852614565,8.9
,,0.026196314122262684,0.08600229601282558,0.010108328155355482,0.12230693829044374,0.3046001715856052,0.21418502080441246,0.7031677614935867,-2.4533812852614565,9.0
,,0.026196314122262684,0.08600229601282558,0.010108328155355482,0.12230693829044374,0.3046001715856052,0.21418502080441246,0.7031677614935867,-2.4533812852614565,9.1
,,0.026196314122262684,0.08600229601282558,0.010108328155355482,0.12230693829044374,0.3046001715856052,0.21418502080441246,0.7031677614935867,-2.4533812852614565,9.2
,,0.026122864259175486,0.08392751894304024,0.010781323519762612,0.12083170672197834,0.3112550518371036,0.2161921317496705,0.6945819207548649,-2.4778017223509035,9.3
,,0.02626922083411998,0.07881004188072363,0.00680476708829031,0.11188402980313392,0.3333232695635103,0.23478972718753618,0.7043904480326122,-2.540714855202894,9.4
,,0.026255120637327673,0.046912053741462637,0.010116895876468381,0.05702894961793102,0.33455727958658504,,0.8226006976413356,-3.0594806271383153,9.5
,,0.026241020440535362,0.046912053741462637,0.010116895876468381,0.05702894961793102,0.33579128960965976,,0.8226006976413356,-3.0594806271383153,9.6
,,0.026226920243743054,0.046912053741462637,0.010116895876468381,0.05702894961793102,0.3370252996327345,,0.8226006976413356,-3.0594806271383153,9.7
,,0.026212820046950747,0.046912053741462637,0.010116895876468381,0.05702894961793102,0.3382593096558092,,0.8226006976413356,-3.0594806271383153,9.8
,,0.026198719850158435,0.046912053741462637,0.010116895876468381,0.05702894961793102,0.3394933196788839,,0.8226006976413356,-3.0594806271383153,9.9
,,0.026184619653366128,0.046912053741462637,0.010116895876468381,0.05702894961793102,0.34072732970195857,,0.8226006976413356,-3.0594806271383153,10.0
,,0.026170519456573817,0.046912053741462637,0.010116895876468381,0.05702894961793102,0.3419613397250333,,0.8226006976413356,-3.0594806271383153,10.1
,,0.02615641925978151,0.046912053741462637,0.010116895876468381,0.05702894961793102,0.343195349748108,,0.8226006976413356,-3.0594806271383153,10.2
,,0.0261423190629892,0.046912053741462637,0.010116895876468381,0.05702894961793102,0.3444293597711827,,0.8226006976413356,-3.0594806271383153,10.3
,,0.02612821886619689,0.046912053741462637,0.010116895876468381,0.05702894961793102,0.34566336979425744,,0.8226006976413356,-3.0594806271383153,10.4
,,0.026114118669404583,0.07527908882781315,0.009302865416196876,0.1106960729134146,0.34689737981733215,0.2359082665003915,0.6800520275610474,-2.586552887553329,10.5
,,0.026114118669404583,0.07527908882781315,0.009302865416196876,0.1106960729134146,0.34689737981733215,0.2359082665003915,0.6800520275610474,-2.586552887553329,10.6
,,0.026114118669404583,0.07527908882781315,0.009302865416196876,0.1106960729134146,0.34689737981733215,0.2359082665003915,0.6800520275610474,-2.586552887553329,10.7
,,0.026114118669404583,0.07527908882781315,0.009302865416196876,0.1106960729134146,0.34689737981733215,0.2359082665003915,0.6800520275610474,-2.586552887553329,10.8
,,0.026114118669404583,0.07527908882781315,0.009302865416196876,0.1106960729134146,0.34689737981733215,0.2359082665003915,0.6800520275610474,-2.586552887553329,10.9
,,0.026114118669404583,0.07527908882781315,0.009302865416196876,0.1106960729134146,0.34689737981733215,0.2359082665003915,0.6800520275610474,-2.586552887553329,11.0
,,0.026114118669404583,0.07527908882781315,0.009302865416196876,0.1106960729134146,0.34689737981733215,0.2359082665003915,0.6800520275610474,-2.586552887553329,11.1
,,0.026114118669404583,0.07527908882781315,0.009302865416196876,0.1106960729134146,0.34689737981733215,0.2359082665003915,0.6800520275610474,-2.586552887553329,11.2
,,0.026114118669404583,0.07527908882781315,0.009302865416196876,0.1106960729134146,0.34689737981733215,0.2359082665003915,0.6800520275610474,-2.586552887553329,11.3
,,0.026114118669404583,0.07527908882781315,0.009302865416196876,0.1106960729134146,0.34689737981733215,0.2359082665003915,0.6800520275610474,-2.586552887553329,11.4
,,0.026114118669404583,0.07527908882781315,0.009302865416196876,0.1106960729134146,0.34689737981733215,0.2359082665003915,0.6800520275610474,-2.586552887553329,11.5
,,0.02586735363908655,0.054692844825676074,0.008998302970969296,0.08955850143573191,0.47295681403178497,0.2888319168409626,0.6106940597361851,-2.9060223856847363,11.6
,,0.02588122926367734,0.05500106907371537,0.008475759966163659,0.06347682903987903,0.46823372904794225,,0.866474742132459,-2.90040265623466,11.7
,,0.025895104888268128,0.05500106907371537,0.008475759966163659,0.06347682903987903,0.46351064406409953,,0.866474742132459,-2.90040265623466,11.8
,,0.025908980512858917,0.05500106907371537,0.008475759966163659,0.06347682903987903,0.45878755908025687,,0.866474742132459,-2.90040265623466,11.9
,,0.025922856137449705,0.05500106907371537,0.008475759966163659,0.06347682903987903,0.45406447409641415,,0.866474742132459,-2.90040265623466,12.0
,,0.025936731762040498,0.05500106907371537,0.008475759966163659,0.06347682903987903,0.44934138911257143,,0.866474742132459,-2.90040265623466,12.1
,,0.025950607386631287,0.05500106907371537,0.008475759966163659,0.06347682903987903,0.4446183041287287,,0.866474742132459,-2.90040265623466,12.2
,,0.025964483011222075,0.05500106907371537,0.008475759966163659,0.06347682903987903,0.439895219144886,,0.866474742132459,-2.90040265623466,12.3
,,0.025978358635812864,0.05500106907371537,0.008475759966163659,0.06347682903987903,0.43517213416104333,,0.866474742132459,-2.90040265623466,12.4
,,0.025992234260403653,0.05500106907371537,0.008475759966163659,0.06347682903987903,0.4304490491772006,,0.866474742132459,-2.90040265623466,12.5
,,0.026006109884994442,0.061086501816419364,0.00807349130124591,0.09516610300265971,0.4257259641933579,0.2732707241807266,0.6418934882172501,-2.7954643567457738,12.6
,,0.026765005333735277,0.08011499044120177,0.006373315638322761,0.1132533114132598,0.3340823631924256,0.23632867772024904,0.7073964499710146,-2.5242922958357656,12.7
,,0.0264331182532405,0.08771933277811014,0.008743778598170507,0.12289622962952115,0.30133742945929853,0.21508485925829368,0.7137674853211192,-2.4336129617300717,12.8
,,0.0264331182532405,0.08771933277811014,0.008743778598170507,0.12289622962952115,0.30133742945929853,0.21508485925829368,0.7137674853211192,-2.4336129617300717,12.9
,,0.0264331182532405,0.08771933277811014,0.008743778598170507,0.12289622962952115,0.30133742945929853,0.21508485925829368,0.7137674853211192,-2.4336129617300717,13.0
,,0.0264331182532405,0.08771933277811014,0.008743778598170507,0.12289622962952115,0.30133742945929853,0.21508485925829368,0.7137674853211192,-2.4336129617300717,13.1
,,0.0264331182532405,0.08771933277811014,0.008743778598170507,0.12289622962952115,0.30133742945929853,0.21508485925829368,0.7137674853211192,-2.4336129617300717,13.2
,,0.0264331182532405,0.08771933277811014,0.008743778598170507,0.12289622962952115,0.30133742945929853,0.21508485925829368,0.7137674853211192,-2.4336129617300717,13.3
,,0.0264331182532405,0.08771933277811014,0.008743778598170507,0.12289622962952115,0.30133742945929853,0.21508485925829368,0.7137674853211192,-2.4336129617300717,13.4
,,0.0264331182532405,0.08771933277811014,0.008743778598170507,0.12289622962952115,0.30133742945929853,0.21508485925829368,0.7137674853211192,-2.4336129617300717,13.5
,,0.0264331182532405,0.08771933277811014,0.008743778598170507,0.12289622962952115,0.30133742945929853,0.21508485925829368,0.7137674853211192,-2.4336129617300717,13.6
,,0.026155919422247518,0.09361667721065967,0.008523624085079146,0.12829622071798633,0.2793938024887437,0.20387131651946333,0.7296916205851666,-2.3685467360423687,13.7
,,0.027313594478884685,0.06777486270137817,0.005915049705400514,0.10100350688566337,0.4030047924881931,0.27042223900011564,0.6710149458285618,-2.691563909399856,13.8
,,0.026842303209490628,0.10018809069293658,0.008710676904348506,0.13574107080677572,0.267919101200948,0.19774636408828708,0.7380823659152653,-2.3007059527551452,13.9
,,0.026842303209490628,0.10018809069293658,0.008710676904348506,0.13574107080677572,0.267919101200948,0.19774636408828708,0.7380823659152653,-2.3007059527551452,14.0
,,0.026842303209490628,0.10018809069293658,0.008710676904348506,0.13574107080677572,0.267919101200948,0.19774636408828708,0.7380823659152653,-2.3007059527551452,14.1
,,0.026842303209490628,0.10018809069293658,0.008710676904348506,0.13574107080677572,0.267919101200948,0.19774636408828708,0.7380823659152653,-2.3007059527551452,14.2
,,0.026842303209490628,0.10018809069293658,0.008710676904348506,0.13574107080677572,0.267919101200948,0.19774636408828708,0.7380823659152653,-2.3007059527551452,14.3
,,0.026842303209490628,0.10018809069293658,0.008710676904348506,0.13574107080677572,0.267919101200948,0.19774636408828708,0.7380823659152653,-2.3007059527551452,14.4
,,0.026842303209490628,0.10018809069293658,0.008710676904348506,0.13574107080677572,0.267919101200948,0.19774636408828708,0.7380823659152653,-2.3007059527551452,14.5
,,0.026842303209490628,0.10018809069293658,0.008710676904348506,0.13574107080677572,0.267919101200948,0.19774636408828708,0.7380823659152653,-2.3007059527551452,14.6
,,0.026842303209490628,0.10018809069293658,0.008710676904348506,0.13574107080677572,0.267919101200948,0.19774636408828708,0.7380823659152653,-2.3007059527551452,14.7
,,0.026842303209490628,0.10018809069293658,0.008710676904348506,0.13574107080677572,0.267919101200948,0.19774636408828708,0.7380823659152653,-2.3007059527551452,14.8
,,0.026842303209490628,0.10018809069293658,0.008710676904348506,0.13574107080677572,0.267919101200948,0.19774636408828708,0.7380823659152653,-2.3007059527551452,14.9
,,0.027182105673052622,0.11394642110528269,0.008832306485294247,0.14996083326362958,0.2385516404059524,0.18126136726158865,0.7598412107044382,-2.1720269313722405,15.0
,,0.027182105673052622,0.11394642110528269,0.008832306485294247,0.14996083326362958,0.2385516404059524,0.18126136726158865,0.7598412107044382,-2.1720269313722405,15.1
,,0.027182105673052622,0.11394642110528269,0.008832306485294247,0.14996083326362958,0.2385516404059524,0.18126136726158865,0.7598412107044382,-2.1720269313722405,15.2
,,0.027182105673052622,0.11394642110528269,0.008832306485294247,0.14996083326362958,0.2385516404059524,0.18126136726158865,0.7598412107044382,-2.1720269313722405,15.3
,,0.027182105673052622,0.11394642110528269,0.008832306485294247,0.14996083326362958,0.2385516404059524,0.18126136726158865,0.7598412107044382,-2.1720269313722405,15.4
,,0.027182105673052622,0.11394642110528269,0.008832306485294247,0.14996083326362958,0.2385516404059524,0.18126136726158865,0.7598412107044382,-2.1720269313722405,15.5
,,0.027182105673052622,0.11394642110528269,0.008832306485294247,0.14996083326362958,0.2385516404059524,0.18126136726158865,0.7598412107044382,-2.1720269313722405,15.6
,,0.027182105673052622,0.11394642110528269,0.008832306485294247,0.14996083326362958,0.2385516404059524,0.18126136726158865,0.7598412107044382,-2.1720269313722405,15.7
,,0.027182105673052622,0.11394642110528269,0.008832306485294247,0.14996083326362958,0.2385516404059524,0.18126136726158865,0.7598412107044382,-2.1720269313722405,15.8
,,0.027182105673052622,0.11394642110528269,0.008832306485294247,0.14996083326362958,0.2385516404059524,0.18126136726158865,0.7598412107044382,-2.1720269313722405,15.9
,,0.027182105673052622,0.11394642110528269,0.008832306485294247,0.14996083326362958,0.2385516404059524,0.18126136726158865,0.7598412107044382,-2.1720269313722405,16.0
,,0.02781361051670136,0.12364816912632723,0.0064430335244118645,0.15790481316744046,0.22494154756375825,0.17614162582370513,0.7830550991198231,-2.09031509202828,16.1
,,0.027219076851733793,0.09696696848251718,0.008337620087243463,0.13252366542149444,0.280704628366734,0.20539031096946284,0.7316954913230901,-2.3333848895807083,16.2
,,0.027219076851733793,0.09696696848251718,0.008337620087243463,0.13252366542149444,0.280704628366734,0.20539031096946284,0.7316954913230901,-2.3333848895807083,16.3
,,0.027219076851733793,0.09696696848251718,0.008337620087243463,0.13252366542149444,0.280704628366734,0.20539031096946284,0.7316954913230901,-2.3333848895807083,16.4
,,0.027219076851733793,0.09696696848251718,0.008337620087243463,0.13252366542149444,0.280704628366734,0.20539031096946284,0.7316954913230901,-2.3333848895807083,16.5
,,0.027219076851733793,0.09696696848251718,0.008337620087243463,0.13252366542149444,0.280704628366734,0.20539031096946284,0.7316954913230901,-2.3333848895807083,16.6
,,0.027219076851733793,0.09696696848251718,0.008337620087243463,0.13252366542149444,0.280704628366734,0.20539031096946284,0.7316954913230901,-2.3333848895807083,16.7
,,0.027219076851733793,0.09696696848251718,0.008337620087243463,0.13252366542149444,0.280704628366734,0.20539031096946284,0.7316954913230901,-2.3333848895807083,16.8
,,0.027219076851733793,0.09696696848251718,0.008337620087243463,0.13252366542149444,0.280704628366734,0.20539031096946284,0.7316954913230901,-2.3333848895807083,16.9
,,0.027219076851733793,0.09696696848251718,0.008337620087243463,0.13252366542149444,0.280704628366734,0.20539031096946284,0.7316954913230901,-2.3333848895807083,17.0
,,0.027912420777710327,0.13868466428326445,0.006626889093893747,0.17322397415486854,0.20126537365875583,0.16113485973226552,0.8006089512718102,-1.9755525253067312,17.1
,,0.027912420777710327,0.13868466428326445,0.006626889093893747,0.17322397415486854,0.20126537365875583,0.16113485973226552,0.8006089512718102,-1.9755525253067312,17.2
,,0.027115238916175444,0.13686216305742893,0.009489305798290262,0.17346670777189466,0.1981207830596509,0.15631379222249064,0.7889823056848465,-1.9887809686913402,17.3
,,0.027115238916175444,0.13686216305742893,0.009489305798290262,0.17346670777189466,0.1981207830596509,0.15631379222249064,0.7889823056848465,-1.9887809686913402,17.4
,,0.027115238916175444,0.13686216305742893,0.009489305798290262,0.17346670777189466,0.1981207830596509,0.15631379222249064,0.7889823056848465,-1.9887809686913402,17.5
,,0.027115238916175444,0.13686216305742893,0.009489305798290262,0.17346670777189466,0.1981207830596509,0.15631379222249064,0.7889823056848465,-1.9887809686913402,17.6
,,0.027115238916175444,0.13686216305742893,0.009489305798290262,0.17346670777189466,0.1981207830596509,0.15631379222249064,0.7889823056848465,-1.9887809686913402,17.7
,,0.027115238916175444,0.13686216305742893,0.009489305798290262,0.17346670777189466,0.1981207830596509,0.15631379222249064,0.7889823056848465,-1.9887809686913402,17.8
,,0.027115238916175444,0.13686216305742893,0.009489305798290262,0.17346670777189466,0.1981207830596509,0.15631379222249064,0.7889823056848465,-1.9887809686913402,17.9
,,0.027115238916175444,0.13686216305742893,0.009489305798290262,0.17346670777189466,0.1981207830596509,0.15631379222249064,0.7889823056848465,-1.9887809686913402,18.0
,,0.027115238916175444,0.13686216305742893,0.009489305798290262,0.17346670777189466,0.1981207830596509,0.15631379222249064,0.7889823056848465,-1.9887809686913402,18.1
,,0.027115238916175444,0.13686216305742893,0.009489305798290262,0.17346670777189466,0.1981207830596509,0.15631379222249064,0.7889823056848465,-1.9887809686913402,18.2
,,0.027899738541680316,0.1488789943905082,0.00690131426958724,0.18368004720177575,0.18739875733241163,0.15189313682520977,0.8105343866063036,-1.9046214211678087,18.3
,,0.026705028642962945,0.141534994355408,0.009944563498634157,0.1781845864970051,0.1886814548203114,0.14987283225764197,0.7943167090818313,-1.9552082825426929,18.4
,,0.026705028642962945,0.141534994355408,0.009944563498634157,0.1781845864970051,0.1886814548203114,0.14987283225764197,0.7943167090818313,-1.9552082825426929,18.5
,,0.026705028642962945,0.141534994355408,0.009944563498634157,0.1781845864970051,0.1886814548203114,0.14987283225764197,0.7943167090818313,-1.9552082825426929,18.6
,,0.026705028642962945,0.141534994355408,0.009944563498634157,0.1781845864970051,0.1886814548203114,0.14987283225764197,0.7943167090818313,-1.9552082825426929,18.7
,,0.026705028642962945,0.141534994355408,0.009944563498634157,0.1781845864970051,0.1886814548203114,0.14987283225764197,0.7943167090818313,-1.9552082825426929,18.8
,,0.026705028642962945,0.141534994355408,0.009944563498634157,0.1781845864970051,0.1886814548203114,0.14987283225764197,0.7943167090818313,-1.9552082825426929,18.9
,,0.026705028642962945,0.141534994355408,0.009944563498634157,0.1781845864970051,0.1886814548203114,0.14987283225764197,0.7943167090818313,-1.9552082825426929,19.0
,,0.026705028642962945,0.141534994355408,0.009944563498634157,0.1781845864970051,0.1886814548203114,0.14987283225764197,0.7943167090818313,-1.9552082825426929,19.1
,,0.026705028642962945,0.141534994355408,0.009944563498634157,0.1781845864970051,0.1886814548203114,0.14987283225764197,0.7943167090818313,-1.9552082825426929,19.2
,,0.025575331614625853,0.1335326374788323,0.010535846641443074,0.16964381573490123,0.1915286936400105,0.15075899763179035,0.7871353099455207,-2.0134093555242263,19.3
,,0.025269940908619344,0.1117903548679182,0.010191113368345937,0.12198146823626414,0.19023217917548726,,0.9164535931916566,-2.1911299932893566,19.4
,,0.024964550202612838,0.1117903548679182,0.010191113368345937,0.12198146823626414,0.188935664710964,,0.9164535931916566,-2.1911299932893566,19.5
,,0.024659159496606332,0.1117903548679182,0.010191113368345937,0.12198146823626414,0.1876391502464408,,0.9164535931916566,-2.1911299932893566,19.6
,,0.024353768790599823,0.1117903548679182,0.010191113368345937,0.12198146823626414,0.18634263578191756,,0.9164535931916566,-2.1911299932893566,19.7
,,0.024048378084593314,0.1117903548679182,0.010191113368345937,0.12198146823626414,0.1850461213173943,,0.9164535931916566,-2.1911299932893566,19.8
,,0.023742987378586808,0.1117903548679182,0.010191113368345937,0.12198146823626414,0.1837496068528711,,0.9164535931916566,-2.1911299932893566,19.9
,,0.023437596672580302,0.1117903548679182,0.010191113368345937,0.12198146823626414,0.18245309238834787,,0.9164535931916566,-2.1911299932893566,20.0
,,0.023132205966573793,0.1117903548679182,0.010191113368345937,0.12198146823626414,0.1811565779238246,,0.9164535931916566,-2.1911299932893566,20.1
,,0.022826815260567283,0.10757327861683781,0.010732377546869688,0.1183056561637075,0.1798600634593014,,0.9092826336889711,-2.2295830020881486,20.2
,,0.022521424554560777,0.10757327861683781,0.010732377546869688,0.1183056561637075,0.17856354899477817,,0.9092826336889711,-2.2295830020881486,20.3
,,0.02221603384855427,0.10757327861683781,0.010732377546869688,0.1183056561637075,0.1772670345302549,,0.9092826336889711,-2.2295830020881486,20.4
,,0.021910643142547762,0.12451314648819191,0.009273939860548214,0.1556977294912879,0.1759705200657317,0.1407255148430008,0.7997107401309861,-2.0833439743693924,20.5
,,0.021910643142547762,0.12451314648819191,0.009273939860548214,0.1556977294912879,0.1759705200657317,0.1407255148430008,0.7997107401309861,-2.0833439743693924,20.6
,,0.021910643142547762,0.12451314648819191,0.009273939860548214,0.1556977294912879,0.1759705200657317,0.1407255148430008,0.7997107401309861,-2.0833439743693924,20.7
,,0.021910643142547762,0.12451314648819191,0.009273939860548214,0.1556977294912879,0.1759705200657317,0.1407255148430008,0.7997107401309861,-2.0833439743693924,20.8
,,0.021910643142547762,0.12451314648819191,0.009273939860548214,0.1556977294912879,0.1759705200657317,0.1407255148430008,0.7997107401309861,-2.0833439743693924,20.9
,,0.021910643142547762,0.12451314648819191,0.009273939860548214,0.1556977294912879,0.1759705200657317,0.1407255148430008,0.7997107401309861,-2.0833439743693924,21.0
,,0.021309066256754435,0.11910084120384697,0.01018450516910887,0.15059441262971027,0.17891616920054257,0.14149971359927097,0.7908715809842068,-2.127784739641233,21.1
,,0.021309066256754435,0.11910084120384697,0.01018450516910887,0.15059441262971027,0.17891616920054257,0.14149971359927097,0.7908715809842068,-2.127784739641233,21.2
,,0.021309066256754435,0.11910084120384697,0.01018450516910887,0.15059441262971027,0.17891616920054257,0.14149971359927097,0.7908715809842068,-2.127784739641233,21.3
,,0.021309066256754435,0.11910084120384697,0.01018450516910887,0.15059441262971027,0.17891616920054257,0.14149971359927097,0.7908715809842068,-2.127784739641233,21.4
,,0.021309066256754435,0.11910084120384697,0.01018450516910887,0.15059441262971027,0.17891616920054257,0.14149971359927097,0.7908715809842068,-2.127784739641233,21.5
,,0.020022715128994326,0.11752252898595995,0.008894085455111061,0.14643932957006534,0.1703734194776082,0.13673044794577716,0.8025339185244641,-2.141125227726208,21.6
,,0.020022715128994326,0.11752252898595995,0.008894085455111061,0.14643932957006534,0.1703734194776082,0.13673044794577716,0.8025339185244641,-2.141125227726208,21.7
,,0.020022715128994326,0.11752252898595995,0.008894085455111061,0.14643932957006534,0.1703734194776082,0.13673044794577716,0.8025339185244641,-2.141125227726208,21.8
,,0.020022715128994326,0.11752252898595995,0.008894085455111061,0.14643932957006534,0.1703734194776082,0.13673044794577716,0.8025339185244641,-2.141125227726208,21.9
,,0.020022715128994326,0.11752252898595995,0.008894085455111061,0.14643932957006534,0.1703734194776082,0.13673044794577716,0.8025339185244641,-2.141125227726208,22.0
,,0.020003883392020028,0.1153128277774739,0.009869011245814876,0.1451857224153088,0.17347491842471097,0.1377813400604105,0.7942435789079697,-2.160106602236652,22.1
,,0.020003883392020028,0.1153128277774739,0.009869011245814876,0.1451857224153088,0.17347491842471097,0.1377813400604105,0.7942435789079697,-2.160106602236652,22.2
,,0.020003883392020028,0.1153128277774739,0.009869011245814876,0.1451857224153088,0.17347491842471097,0.1377813400604105,0.7942435789079697,-2.160106602236652,22.3
,,0.020003883392020028,0.1153128277774739,0.009869011245814876,0.1451857224153088,0.17347491842471097,0.1377813400604105,0.7942435789079697,-2.160106602236652,22.4
,,0.020003883392020028,0.1153128277774739,0.009869011245814876,0.1451857224153088,0.17347491842471097,0.1377813400604105,0.7942435789079697,-2.160106602236652,22.5
,,0.020003883392020028,0.1153128277774739,0.009869011245814876,0.1451857224153088,0.17347491842471097,0.1377813400604105,0.7942435789079697,-2.160106602236652,22.6
,,0.020697169687424858,0.11671302583924409,0.010162745888141839,0.14757294141481078,0.17733384546067996,0.1402504381155314,0.7908836452014399,-2.1480371277587094,22.7
,,0.020697169687424858,0.11671302583924409,0.010162745888141839,0.14757294141481078,0.17733384546067996,0.1402504381155314,0.7908836452014399,-2.1480371277587094,22.8
,,0.020697169687424858,0.11671302583924409,0.010162745888141839,0.14757294141481078,0.17733384546067996,0.1402504381155314,0.7908836452014399,-2.1480371277587094,22.9
,,0.020103304828647896,0.11853565123720847,0.009536800707812175,0.14817575677366854,0.16959711798788724,0.1356720239961706,0.7999665655041402,-2.1325415093321034,23.0
,,0.020103304828647896,0.11853565123720847,0.009536800707812175,0.14817575677366854,0.16959711798788724,0.1356720239961706,0.7999665655041402,-2.1325415093321034,23.1
,,0.020103304828647896,0.11853565123720847,0.009536800707812175,0.14817575677366854,0.16959711798788724,0.1356720239961706,0.7999665655041402,-2.1325415093321034,23.2
,,0.020103304828647896,0.11853565123720847,0.009536800707812175,0.14817575677366854,0.16959711798788724,0.1356720239961706,0.7999665655041402,-2.1325415093321034,23.3
,,0.020103304828647896,0.11853565123720847,0.009536800707812175,0.14817575677366854,0.16959711798788724,0.1356720239961706,0.7999665655041402,-2.1325415093321034,23.4
,,0.020103304828647896,0.11853565123720847,0.009536800707812175,0.14817575677366854,0.16959711798788724,0.1356720239961706,0.7999665655041402,-2.1325415093321034,23.5
,,0.020103304828647896,0.11853565123720847,0.009536800707812175,0.14817575677366854,0.16959711798788724,0.1356720239961706,0.7999665655041402,-2.1325415093321034,23.6
,,0.020382207685856715,0.1253081481633774,0.008539458478364114,0.15422981432759825,0.1626566826227636,0.1321547832675402,0.8124768139654984,-2.076979389957573,23.7
,,0.020382207685856715,0.1253081481633774,0.008539458478364114,0.15422981432759825,0.1626566826227636,0.1321547832675402,0.8124768139654984,-2.076979389957573,23.8
,,0.02025611204712538,0.1175093368690776,0.008486932649475087,0.14625238156567805,0.1723787452710555,0.13850107485619917,0.8034695613917732,-2.1412374858393637,23.9
,,0.02025611204712538,0.1175093368690776,0.008486932649475087,0.14625238156567805,0.1723787452710555,0.13850107485619917,0.8034695613917732,-2.1412374858393637,24.0
,,0.02025611204712538,0.1175093368690776,0.008486932649475087,0.14625238156567805,0.1723787452710555,0.13850107485619917,0.8034695613917732,-2.1412374858393637,24.1
,,0.02025611204712538,0.1175093368690776,0.008486932649475087,0.14625238156567805,0.1723787452710555,0.13850107485619917,0.8034695613917732,-2.1412374858393637,24.2
,,0.02025611204712538,0.1175093368690776,0.008486932649475087,0.14625238156567805,0.1723787452710555,0.13850107485619917,0.8034695613917732,-2.1412374858393637,24.3
,,0.02025611204712538,0.1175093368690776,0.008486932649475087,0.14625238156567805,0.1723787452710555,0.13850107485619917,0.8034695613917732,-2.1412374858393637,24.4
,,0.02025611204712538,0.1175093368690776,0.008486932649475087,0.14625238156567805,0.1723787452710555,0.13850107485619917,0.8034695613917732,-2.1412374858393637,24.5
,,0.02025611204712538,0.1175093368690776,0.008486932649475087,0.14625238156567805,0.1723787452710555,0.13850107485619917,0.8034695613917732,-2.1412374858393637,24.6
,,0.0234794675103272,0.13944758934310864,0.008507121601525086,0.17143417845496092,0.16837485410060646,0.13695908086668793,0.8134176661846005,-1.970066451948639,24.7
,,0.022319671816524934,0.12154443670136614,0.007594502463405429,0.1514586109812965,0.18363384143499892,0.1473648257561346,0.802492746459794,-2.1074753488983493,24.8
,,0.022319671816524934,0.12154443670136614,0.007594502463405429,0.1514586109812965,0.18363384143499892,0.1473648257561346,0.802492746459794,-2.1074753488983493,24.9
,,0.022319671816524934,0.12154443670136614,0.007594502463405429,0.1514586109812965,0.18363384143499892,0.1473648257561346,0.802492746459794,-2.1074753488983493,25.0
,,0.022319671816524934,0.12154443670136614,0.007594502463405429,0.1514586109812965,0.18363384143499892,0.1473648257561346,0.802492746459794,-2.1074753488983493,25.1
,,0.022319671816524934,0.12154443670136614,0.007594502463405429,0.1514586109812965,0.18363384143499892,0.1473648257561346,0.802492746459794,-2.1074753488983493,25.2
,,0.022319671816524934,0.12154443670136614,0.007594502463405429,0.1514586109812965,0.18363384143499892,0.1473648257561346,0.802492746459794,-2.1074753488983493,25.3
,,0.022319671816524934,0.12154443670136614,0.007594502463405429,0.1514586109812965,0.18363384143499892,0.1473648257561346,0.802492746459794,-2.1074753488983493,25.4
,,0.022319671816524934,0.12154443670136614,0.007594502463405429,0.1514586109812965,0.18363384143499892,0.1473648257561346,0.802492746459794,-2.1074753488983493,25.5
,,0.022319671816524934,0.12154443670136614,0.007594502463405429,0.1514586109812965,0.18363384143499892,0.1473648257561346,0.802492746459794,-2.1074753488983493,25.6
,,0.023043911602985807,0.1455915932283508,0.007789067620706195,0.153380660849057,0.19421190936393934,,0.949217407347257,-1.926949883702773,25.7
,,0.02376815138944668,0.11606110662073432,0.005954020705995045,0.14578327871617605,0.2047899772928798,0.16303756918323017,0.7961208421350743,-2.153638445363061,25.8
,,0.02376815138944668,0.11606110662073432,0.005954020705995045,0.14578327871617605,0.2047899772928798,0.16303756918323017,0.7961208421350743,-2.153638445363061,25.9
,,0.02376815138944668,0.11606110662073432,0.005954020705995045,0.14578327871617605,0.2047899772928798,0.16303756918323017,0.7961208421350743,-2.153638445363061,26.0
,,0.02376815138944668,0.11606110662073432,0.005954020705995045,0.14578327871617605,0.2047899772928798,0.16303756918323017,0.7961208421350743,-2.153638445363061,26.1
,,0.02376815138944668,0.11606110662073432,0.005954020705995045,0.14578327871617605,0.2047899772928798,0.16303756918323017,0.7961208421350743,-2.153638445363061,26.2
,,0.02376815138944668,0.11606110662073432,0.005954020705995045,0.14578327871617605,0.2047899772928798,0.16303756918323017,0.7961208421350743,-2.153638445363061,26.3
,,0.02376815138944668,0.11606110662073432,0.005954020705995045,0.14578327871617605,0.2047899772928798,0.16303756918323017,0.7961208421350743,-2.153638445363061,26.4
,,0.02376815138944668,0.11606110662073432,0.005954020705995045,0.14578327871617605,0.2047899772928798,0.16303756918323017,0.7961208421350743,-2.153638445363061,26.5
,,0.025497993029292957,0.12245133853569233,0.005071620764284106,0.1530209523292694,0.20822959825678636,0.16663073024422534,0.8002259603783043,-2.1000415643599797,26.6
,,0.025497993029292957,0.12245133853569233,0.005071620764284106,0.1530209523292694,0.20822959825678636,0.16663073024422534,0.8002259603783043,-2.1000415643599797,26.7
,,0.025497993029292957,0.12245133853569233,0.005071620764284106,0.1530209523292694,0.20822959825678636,0.16663073024422534,0.8002259603783043,-2.1000415643599797,26.8
,,0.023583178055964934,0.10034578663395416,0.004042495826805463,0.12797146051672456,0.23501911586973456,0.18428466754025094,0.7841262905711699,-2.2991331913282402,26.9
,,0.023583178055964934,0.10034578663395416,0.004042495826805463,0.12797146051672456,0.23501911586973456,0.18428466754025094,0.7841262905711699,-2.2991331913282402,27.0
,,0.023583178055964934,0.10034578663395416,0.004042495826805463,0.12797146051672456,0.23501911586973456,0.18428466754025094,0.7841262905711699,-2.2991331913282402,27.1
,,0.023583178055964934,0.10034578663395416,0.004042495826805463,0.12797146051672456,0.23501911586973456,0.18428466754025094,0.7841262905711699,-2.2991331913282402,27.2
,,0.023583178055964934,0.10034578663395416,0.004042495826805463,0.12797146051672456,0.23501911586973456,0.18428466754025094,0.7841262905711699,-2.2991331913282402,27.3
,,0.023583178055964934,0.10034578663395416,0.004042495826805463,0.12797146051672456,0.23501911586973456,0.18428466754025094,0.7841262905711699,-2.2991331913282402,27.4
,,0.02456405400618235,0.10097382713203454,0.0032141566517617914,0.12875203778997868,0.24327149622705804,0.1907857493195675,0.7842503222880544,-2.29289393302934,27.5
,,0.02456405400618235,0.10097382713203454,0.0032141566517617914,0.12875203778997868,0.24327149622705804,0.1907857493195675,0.7842503222880544,-2.29289393302934,27.6
,,0.02456405400618235,0.10097382713203454,0.0032141566517617914,0.12875203778997868,0.24327149622705804,0.1907857493195675,0.7842503222880544,-2.29289393302934,27.7
,,0.02456405400618235,0.10097382713203454,0.0032141566517617914,0.12875203778997868,0.24327149622705804,0.1907857493195675,0.7842503222880544,-2.29289393302934,27.8
,,0.02456405400618235,0.10097382713203454,0.0032141566517617914,0.12875203778997868,0.24327149622705804,0.1907857493195675,0.7842503222880544,-2.29289393302934,27.9
,,0.021896903924869905,0.08091757769723329,0.002455325751687789,0.10526980737379098,0.2706075064036253,0.20800744744519764,0.768668431299698,-2.5143242016680434,28.0
,,0.021896903924869905,0.08091757769723329,0.002455325751687789,0.10526980737379098,0.2706075064036253,0.20800744744519764,0.768668431299698,-2.5143242016680434,28.1
,,0.021896903924869905,0.08091757769723329,0.002455325751687789,0.10526980737379098,0.2706075064036253,0.20800744744519764,0.768668431299698,-2.5143242016680434,28.2
,,0.021896903924869905,0.08091757769723329,0.002455325751687789,0.10526980737379098,0.2706075064036253,0.20800744744519764,0.768668431299698,-2.5143242016680434,28.3
,,0.021896903924869905,0.08091757769723329,0.002455325751687789,0.10526980737379098,0.2706075064036253,0.20800744744519764,0.768668431299698,-2.5143242016680434,28.4
,,0.021564623486335085,0.07569674069996365,0.0010769960234089488,0.0983383602097077,0.2848817965863283,0.21929004551579134,0.7697580124230207,-2.5810201749482946,28.5
,,0.021564623486335085,0.07569674069996365,0.0010769960234089488,0.0983383602097077,0.2848817965863283,0.21929004551579134,0.7697580124230207,-2.5810201749482946,28.6
,,0.021564623486335085,0.07569674069996365,0.0010769960234089488,0.0983383602097077,0.2848817965863283,0.21929004551579134,0.7697580124230207,-2.5810201749482946,28.7
,,0.021564623486335085,0.07569674069996365,0.0010769960234089488,0.0983383602097077,0.2848817965863283,0.21929004551579134,0.7697580124230207,-2.5810201749482946,28.8
,,0.021564623486335085,0.07569674069996365,0.0010769960234089488,0.0983383602097077,0.2848817965863283,0.21929004551579134,0.7697580124230207,-2.5810201749482946,28.9
,,0.019860039680646306,0.06344551760587096,0.001415474712448401,0.08472103199896566,0.31302510295555613,0.23441687632993863,0.7488756464468651,-2.7575737318267013,29.0
,,0.019860039680646306,0.06344551760587096,0.001415474712448401,0.08472103199896566,0.31302510295555613,0.23441687632993863,0.7488756464468651,-2.7575737318267013,29.1
,,0.019860039680646306,0.06344551760587096,0.001415474712448401,0.08472103199896566,0.31302510295555613,0.23441687632993863,0.7488756464468651,-2.7575737318267013,29.2
,,0.019860039680646306,0.06344551760587096,0.001415474712448401,0.08472103199896566,0.31302510295555613,0.23441687632993863,0.7488756464468651,-2.7575737318267013,29.3
,,0.019860039680646306,0.06344551760587096,0.001415474712448401,0.08472103199896566,0.31302510295555613,0.23441687632993863,0.7488756464468651,-2.7575737318267013,29.4
,,0.019860039680646306,0.06344551760587096,0.001415474712448401,0.08472103199896566,0.31302510295555613,0.23441687632993863,0.7488756464468651,-2.7575737318267013,29.5
,,0.019827516248764155,0.06028294644049126,0.0006113659690901447,0.08072182865834555,0.32890755046847336,0.245627689291876,0.7467985728573904,-2.808706027179985,29.6
,,0.019827516248764155,0.06028294644049126,0.0006113659690901447,0.08072182865834555,0.32890755046847336,0.245627689291876,0.7467985728573904,-2.808706027179985,29.7
,,0.019827516248764155,0.06028294644049126,0.0006113659690901447,0.08072182865834555,0.32890755046847336,0.245627689291876,0.7467985728573904,-2.808706027179985,29.8
,,0.019827516248764155,0.06028294644049126,0.0006113659690901447,0.08072182865834555,0.32890755046847336,0.245627689291876,0.7467985728573904,-2.808706027179985,29.9
,,0.019827516248764155,0.06028294644049126,0.0006113659690901447,0.08072182865834555,0.32890755046847336,0.245627689291876,0.7467985728573904,-2.808706027179985,30.0
,,0.0196664471681436,0.05249794184867112,0.0009570925033693928,0.05345503435204051,0.3349760216575183,,0.9820953720267722,-2.946981313035467,30.1
,,0.019505378087523048,0.05249794184867112,0.0009570925033693928,0.05345503435204051,0.34104449284656324,,0.9820953720267722,-2.946981313035467,30.2
,,0.019344309006902493,0.05249794184867112,0.0009570925033693928,0.05345503435204051,0.3471129640356082,,0.9820953720267722,-2.946981313035467,30.3
,,0.019183239926281938,0.05249794184867112,0.0009570925033693928,0.05345503435204051,0.3531814352246531,,0.9820953720267722,-2.946981313035467,30.4
,,0.019022170845661386,0.05249794184867112,0.0009570925033693928,0.05345503435204051,0.35924990641369803,,0.9820953720267722,-2.946981313035467,30.5
,,0.01886110176504083,0.05249794184867112,0.0009570925033693928,0.05345503435204051,0.365318377602743,,0.9820953720267722,-2.946981313035467,30.6
,,0.01870003268442028,0.05249794184867112,0.0009570925033693928,0.05345503435204051,0.37138684879178796,,0.9820953720267722,-2.946981313035467,30.7
,,0.018538963603799724,0.04911565057485779,0.0004217896194642594,0.06807640379812177,0.37745531998083287,0.2723258364054656,0.7214783366129116,-3.013577545992552,30.8
,,0.018538963603799724,0.04911565057485779,0.0004217896194642594,0.06807640379812177,0.37745531998083287,0.2723258364054656,0.7214783366129116,-3.013577545992552,30.9
,,0.018112489325073148,0.04551350152873514,0.0007813998629322404,0.06440739071674052,0.3979585994638921,0.281217560958659,0.7066502931146602,-3.0897462601476393,31.0
,,0.018538963603799724,0.04911565057485779,0.0004217896194642594,0.06807640379812177,0.37745531998083287,0.2723258364054656,0.7214783366129116,-3.013577545992552,31.1
,,0.01795207804747781,0.04447920098525138,0.0007778378494352318,0.06320911688216442,0.4036061271296318,0.2840108979997996,0.7036833162559494,-3.1127335926622304,31.2
,,0.01795207804747781,0.04447920098525138,0.0007778378494352318,0.06320911688216442,0.4036061271296318,0.2840108979997996,0.7036833162559494,-3.1127335926622304,31.3
,,0.01795207804747781,0.04447920098525138,0.0007778378494352318,0.06320911688216442,0.4036061271296318,0.2840108979997996,0.7036833162559494,-3.1127335926622304,31.4
,,0.01795207804747781,0.04447920098525138,0.0007778378494352318,0.06320911688216442,0.4036061271296318,0.2840108979997996,0.7036833162559494,-3.1127335926622304,31.5
,,0.01795207804747781,0.04447920098525138,0.0007778378494352318,0.06320911688216442,0.4036061271296318,0.2840108979997996,0.7036833162559494,-3.1127335926622304,31.6
,,0.01795207804747781,0.04447920098525138,0.0007778378494352318,0.06320911688216442,0.4036061271296318,0.2840108979997996,0.7036833162559494,-3.1127335926622304,31.7
,,0.017599939145852936,0.04140204762470613,0.00041175909758753846,0.05941374586814661,0.42509827787721305,0.29622672142085493,0.6968429110089647,-3.184424939839986,31.8
,,0.017599939145852936,0.04140204762470613,0.00041175909758753846,0.05941374586814661,0.42509827787721305,0.29622672142085493,0.6968429110089647,-3.184424939839986,31.9
,,0.017599939145852936,0.04140204762470613,0.00041175909758753846,0.05941374586814661,0.42509827787721305,0.29622672142085493,0.6968429110089647,-3.184424939839986,32.0
,,0.017599939145852936,0.04140204762470613,0.00041175909758753846,0.05941374586814661,0.42509827787721305,0.29622672142085493,0.6968429110089647,-3.184424939839986,32.1
,,0.017599939145852936,0.04140204762470613,0.00041175909758753846,0.05941374586814661,0.42509827787721305,0.29622672142085493,0.6968429110089647,-3.184424939839986,32.2
,,0.017285498534099362,0.038938768551719835,0.0007922803070419353,0.057016547392861126,0.4439148739678338,0.30316634949845506,0.6829380299620745,-3.2457649037877596,32.3
,,0.017285498534099362,0.038938768551719835,0.0007922803070419353,0.057016547392861126,0.4439148739678338,0.30316634949845506,0.6829380299620745,-3.2457649037877596,32.4
,,0.017285498534099362,0.038938768551719835,0.0007922803070419353,0.057016547392861126,0.4439148739678338,0.30316634949845506,0.6829380299620745,-3.2457649037877596,32.5
,,0.017285498534099362,0.038938768551719835,0.0007922803070419353,0.057016547392861126,0.4439148739678338,0.30316634949845506,0.6829380299620745,-3.2457649037877596,32.6
,,0.017285498534099362,0.038938768551719835,0.0007922803070419353,0.057016547392861126,0.4439148739678338,0.30316634949845506,0.6829380299620745,-3.2457649037877596,32.7
,,0.017285498534099362,0.038938768551719835,0.0007922803070419353,0.057016547392861126,0.4439148739678338,0.30316634949845506,0.6829380299620745,-3.2457649037877596,32.8
,,0.01637308270743452,0.035458448150606385,0.0004715044044704161,0.052303035262511316,0.46175406881574205,0.3130426872027077,0.677942455397451,-3.3393937426719944,32.9
,,0.01637308270743452,0.035458448150606385,0.0004715044044704161,0.052303035262511316,0.46175406881574205,0.3130426872027077,0.677942455397451,-3.3393937426719944,33.0
,,0.01637308270743452,0.035458448150606385,0.0004715044044704161,0.052303035262511316,0.46175406881574205,0.3130426872027077,0.677942455397451,-3.3393937426719944,33.1
,,0.01637308270743452,0.035458448150606385,0.0004715044044704161,0.052303035262511316,0.46175406881574205,0.3130426872027077,0.677942455397451,-3.3393937426719944,33.2
,,0.015867137261733284,0.03361356223708871,0.000849735549534937,0.05033043504835693,0.47204569244451333,0.3152592908542975,0.6678575737482334,-3.392825655444293,33.3
,,0.015867137261733284,0.03361356223708871,0.000849735549534937,0.05033043504835693,0.47204569244451333,0.3152592908542975,0.6678575737482334,-3.392825655444293,33.4
,,0.015867137261733284,0.03361356223708871,0.000849735549534937,0.05033043504835693,0.47204569244451333,0.3152592908542975,0.6678575737482334,-3.392825655444293,33.5
,,0.015867137261733284,0.03361356223708871,0.000849735549534937,0.05033043504835693,0.47204569244451333,0.3152592908542975,0.6678575737482334,-3.392825655444293,33.6
,,0.015867137261733284,0.03361356223708871,0.000849735549534937,0.05033043504835693,0.47204569244451333,0.3152592908542975,0.6678575737482334,-3.392825655444293,33.7
,,0.015867137261733284,0.03361356223708871,0.000849735549534937,0.05033043504835693,0.47204569244451333,0.3152592908542975,0.6678575737482334,-3.392825655444293,33.8
,,0.015867137261733284,0.03361356223708871,0.000849735549534937,0.05033043504835693,0.47204569244451333,0.3152592908542975,0.6678575737482334,-3.392825655444293,33.9
,,0.015867137261733284,0.03361356223708871,0.000849735549534937,0.05033043504835693,0.47204569244451333,0.3152592908542975,0.6678575737482334,-3.392825655444293,34.0
,,0.014489744126125425,0.029977271747410834,0.0005181754303223234,0.04498519130385858,0.4833576667088431,0.32210031137252443,0.66638088843338,-3.50731579286991,34.1
,,0.014489744126125425,0.029977271747410834,0.0005181754303223234,0.04498519130385858,0.4833576667088431,0.32210031137252443,0.66638088843338,-3.50731579286991,34.2
,,0.014489744126125425,0.029977271747410834,0.0005181754303223234,0.04498519130385858,0.4833576667088431,0.32210031137252443,0.66638088843338,-3.50731579286991,34.3
,,0.014489744126125425,0.029977271747410834,0.0005181754303223234,0.04498519130385858,0.4833576667088431,0.32210031137252443,0.66638088843338,-3.50731579286991,34.4
,,0.013527141839591018,0.02787864735718643,0.0008709186716333987,0.04227670786841085,0.48521514212216804,0.3199667741796541,0.6594327884744628,-3.579894210866982,34.5
,,0.013527141839591018,0.02787864735718643,0.0008709186716333987,0.04227670786841085,0.48521514212216804,0.3199667741796541,0.6594327884744628,-3.579894210866982,34.6
,,0.013527141839591018,0.02787864735718643,0.0008709186716333987,0.04227670786841085,0.48521514212216804,0.3199667741796541,0.6594327884744628,-3.579894210866982,34.7
,,0.013527141839591018,0.02787864735718643,0.0008709186716333987,0.04227670786841085,0.48521514212216804,0.3199667741796541,0.6594327884744628,-3.579894210866982,34.8
,,0.013527141839591018,0.02787864735718643,0.0008709186716333987,0.04227670786841085,0.48521514212216804,0.3199667741796541,0.6594327884744628,-3.579894210866982,34.9
,,0.013527141839591018,0.02787864735718643,0.0008709186716333987,0.04227670786841085,0.48521514212216804,0.3199667741796541,0.6594327884744628,-3.579894210866982,35.0
,,0.009796552339485393,0.07884101789253067,0.002072399189956797,0.09070996942197287,0.12425705047135761,0.1079986290582119,0.869154938480586,-2.540321885916798,35.1
,,0.009796552339485393,0.07884101789253067,0.002072399189956797,0.09070996942197287,0.12425705047135761,0.1079986290582119,0.869154938480586,-2.540321885916798,35.2
,,0.009796552339485393,0.07884101789253067,0.002072399189956797,0.09070996942197287,0.12425705047135761,0.1079986290582119,0.869154938480586,-2.540321885916798,35.3
,,0.009796552339485393,0.07884101789253067,0.002072399189956797,0.09070996942197287,0.12425705047135761,0.1079986290582119,0.869154938480586,-2.540321885916798,35.4
,,0.012116846464042258,0.0252613840937047,0.0008941530024997496,0.03827238356024671,0.47965885080152254,0.31659503111345155,0.6600420915498858,-3.6784783696692083,35.5
,,0.012116846464042258,0.0252613840937047,0.0008941530024997496,0.03827238356024671,0.47965885080152254,0.31659503111345155,0.6600420915498858,-3.6784783696692083,35.6
,,0.012116846464042258,0.0252613840937047,0.0008941530024997496,0.03827238356024671,0.47965885080152254,0.31659503111345155,0.6600420915498858,-3.6784783696692083,35.7
,,0.012116846464042258,0.0252613840937047,0.0008941530024997496,0.03827238356024671,0.47965885080152254,0.31659503111345155,0.6600420915498858,-3.6784783696692083,35.8
,,0.012116846464042258,0.0252613840937047,0.0008941530024997496,0.03827238356024671,0.47965885080152254,0.31659503111345155,0.6600420915498858,-3.6784783696692083,35.9
,,0.012116846464042258,0.0252613840937047,0.0008941530024997496,0.03827238356024671,0.47965885080152254,0.31659503111345155,0.6600420915498858,-3.6784783696692083,36.0
,,0.012116846464042258,0.0252613840937047,0.0008941530024997496,0.03827238356024671,0.47965885080152254,0.31659503111345155,0.6600420915498858,-3.6784783696692083,36.1
,,0.012339864635138118,0.07932843832515456,0.0023044969831501746,0.09397279994344285,0.1555541101736932,0.13131315276936323,0.8441638258400097,-2.5341585976661714,36.2
,,0.012339864635138118,0.07932843832515456,0.0023044969831501746,0.09397279994344285,0.1555541101736932,0.13131315276936323,0.8441638258400097,-2.5341585976661714,36.3
,,0.012339864635138118,0.07932843832515456,0.0023044969831501746,0.09397279994344285,0.1555541101736932,0.13131315276936323,0.8441638258400097,-2.5341585976661714,36.4
,,0.012339864635138118,0.07932843832515456,0.0023044969831501746,0.09397279994344285,0.1555541101736932,0.13131315276936323,0.8441638258400097,-2.5341585976661714,36.5
,,0.011867710615698376,0.02575251086673621,0.0009527812401972874,0.03857300272263187,0.4608370297215392,0.307668829959542,0.6676304422529824,-3.6592231472383094,36.6
,,0.011867710615698376,0.02575251086673621,0.0009527812401972874,0.03857300272263187,0.4608370297215392,0.307668829959542,0.6676304422529824,-3.6592231472383094,36.7
,,0.011867710615698376,0.02575251086673621,0.0009527812401972874,0.03857300272263187,0.4608370297215392,0.307668829959542,0.6676304422529824,-3.6592231472383094,36.8
,,0.011867710615698376,0.02575251086673621,0.0009527812401972874,0.03857300272263187,0.4608370297215392,0.307668829959542,0.6676304422529824,-3.6592231472383094,36.9
,,0.011867710615698376,0.02575251086673621,0.0009527812401972874,0.03857300272263187,0.4608370297215392,0.307668829959542,0.6676304422529824,-3.6592231472383094,37.0
,,0.011867710615698376,0.02575251086673621,0.0009527812401972874,0.03857300272263187,0.4608370297215392,0.307668829959542,0.6676304422529824,-3.6592231472383094,37.1
,,0.011867710615698376,0.02575251086673621,0.0009527812401972874,0.03857300272263187,0.4608370297215392,0.307668829959542,0.6676304422529824,-3.6592231472383094,37.2
,,0.011396825685567057,0.025392361885906947,0.0005795601633217632,0.037368747734795774,0.4488288933804313,0.30498280987229726,0.6795079692291359,-3.6733068633341825,37.3
,,0.011396825685567057,0.025392361885906947,0.0005795601633217632,0.037368747734795774,0.4488288933804313,0.30498280987229726,0.6795079692291359,-3.6733068633341825,37.4
,,0.011396825685567057,0.025392361885906947,0.0005795601633217632,0.037368747734795774,0.4488288933804313,0.30498280987229726,0.6795079692291359,-3.6733068633341825,37.5
,,0.01219416267825262,0.027581698247318903,0.000984129551133022,0.04075999047670455,0.4421106550042821,0.29916990989538916,0.6766855910597575,-3.5906028331929063,37.6
,,0.01219416267825262,0.027581698247318903,0.000984129551133022,0.04075999047670455,0.4421106550042821,0.29916990989538916,0.6766855910597575,-3.5906028331929063,37.7
,,0.01219416267825262,0.027581698247318903,0.000984129551133022,0.04075999047670455,0.4421106550042821,0.29916990989538916,0.6766855910597575,-3.5906028331929063,37.8
,,0.01219416267825262,0.027581698247318903,0.000984129551133022,0.04075999047670455,0.4421106550042821,0.29916990989538916,0.6766855910597575,-3.5906028331929063,37.9
,,0.01219416267825262,0.027581698247318903,0.000984129551133022,0.04075999047670455,0.4421106550042821,0.29916990989538916,0.6766855910597575,-3.5906028331929063,38.0
,,0.01219416267825262,0.027581698247318903,0.000984129551133022,0.04075999047670455,0.4421106550042821,0.29916990989538916,0.6766855910597575,-3.5906028331929063,38.1
,,0.01219416267825262,0.027581698247318903,0.000984129551133022,0.04075999047670455,0.4421106550042821,0.29916990989538916,0.6766855910597575,-3.5906028331929063,38.2
,,0.01635190319983725,0.05391738249860479,0.0013950374817644287,0.07166432318020646,0.3032770220301474,0.22817355239257475,0.7523601717834497,-2.920302357721733,38.3
,,0.01635190319983725,0.05391738249860479,0.0013950374817644287,0.07166432318020646,0.3032770220301474,0.22817355239257475,0.7523601717834497,-2.920302357721733,38.4
,,0.01635190319983725,0.05391738249860479,0.0013950374817644287,0.07166432318020646,0.3032770220301474,0.22817355239257475,0.7523601717834497,-2.920302357721733,38.5
,,0.01635190319983725,0.05391738249860479,0.0013950374817644287,0.07166432318020646,0.3032770220301474,0.22817355239257475,0.7523601717834497,-2.920302357721733,38.6
,,0.012907990332633323,0.029651535579824057,0.0009908384608186176,0.043550364373276,0.4353228283197708,0.29639224650331764,0.680856199633068,-3.518241364666179,38.7
,,0.012907990332633323,0.029651535579824057,0.0009908384608186176,0.043550364373276,0.4353228283197708,0.29639224650331764,0.680856199633068,-3.518241364666179,38.8
,,0.012907990332633323,0.029651535579824057,0.0009908384608186176,0.043550364373276,0.4353228283197708,0.29639224650331764,0.680856199633068,-3.518241364666179,38.9
,,0.012907990332633323,0.029651535579824057,0.0009908384608186176,0.043550364373276,0.4353228283197708,0.29639224650331764,0.680856199633068,-3.518241364666179,39.0
,,0.012907990332633323,0.029651535579824057,0.0009908384608186176,0.043550364373276,0.4353228283197708,0.29639224650331764,0.680856199633068,-3.518241364666179,39.1
,,0.012907990332633323,0.029651535579824057,0.0009908384608186176,0.043550364373276,0.4353228283197708,0.29639224650331764,0.680856199633068,-3.518241364666179,39.2
,,0.013002306753908632,0.02994008710301254,0.0005163837091464942,0.04345877756606766,0.4342775192728265,0.29918712587214485,0.6889307242362374,-3.5085569907426306,39.3
,,0.013002306753908632,0.02994008710301254,0.0005163837091464942,0.04345877756606766,0.4342775192728265,0.29918712587214485,0.6889307242362374,-3.5085569907426306,39.4
,,0.013002306753908632,0.02994008710301254,0.0005163837091464942,0.04345877756606766,0.4342775192728265,0.29918712587214485,0.6889307242362374,-3.5085569907426306,39.5
,,0.013002306753908632,0.02994008710301254,0.0005163837091464942,0.04345877756606766,0.4342775192728265,0.29918712587214485,0.6889307242362374,-3.5085569907426306,39.6
,,0.013002306753908632,0.02994008710301254,0.0005163837091464942,0.04345877756606766,0.4342775192728265,0.29918712587214485,0.6889307242362374,-3.5085569907426306,39.7
,,0.013943371301070383,0.03136315381954406,0.0010062939138235226,0.04631281903443797,0.4445780989149606,0.3010693711108833,0.6772024349505174,-3.462121520331318,39.8
,,0.013943371301070383,0.03136315381954406,0.0010062939138235226,0.04631281903443797,0.4445780989149606,0.3010693711108833,0.6772024349505174,-3.462121520331318,39.9
,,0.013943371301070383,0.03136315381954406,0.0010062939138235226,0.04631281903443797,0.4445780989149606,0.3010693711108833,0.6772024349505174,-3.462121520331318,40.0
,,0.013943371301070383,0.03136315381954406,0.0010062939138235226,0.04631281903443797,0.4445780989149606,0.3010693711108833,0.6772024349505174,-3.462121520331318,40.1
,,0.013943371301070383,0.03136315381954406,0.0010062939138235226,0.04631281903443797,0.4445780989149606,0.3010693711108833,0.6772024349505174,-3.462121520331318,40.2
,,0.013943371301070383,0.03136315381954406,0.0010062939138235226,0.04631281903443797,0.4445780989149606,0.3010693711108833,0.6772024349505174,-3.462121520331318,40.3
,,0.013944515742989896,0.031127581945489882,0.0005020715377865838,0.045574169226266364,0.4479794083398224,0.3059741072570791,0.6830093115016063,-3.4696609735658,40.4
,,0.013944515742989896,0.031127581945489882,0.0005020715377865838,0.045574169226266364,0.4479794083398224,0.3059741072570791,0.6830093115016063,-3.4696609735658,40.5
,,0.013944515742989896,0.031127581945489882,0.0005020715377865838,0.045574169226266364,0.4479794083398224,0.3059741072570791,0.6830093115016063,-3.4696609735658,40.6
,,0.013944515742989896,0.031127581945489882,0.0005020715377865838,0.045574169226266364,0.4479794083398224,0.3059741072570791,0.6830093115016063,-3.4696609735658,40.7
,,0.013944515742989896,0.031127581945489882,0.0005020715377865838,0.045574169226266364,0.4479794083398224,0.3059741072570791,0.6830093115016063,-3.4696609735658,40.8
,,0.014692849038956875,0.031411161549668144,0.0010461725629357784,0.0471501831515608,0.4677588574916009,0.311618069260257,0.6661938395594197,-3.4605919858648364,40.9
,,0.014692849038956875,0.031411161549668144,0.0010461725629357784,0.0471501831515608,0.4677588574916009,0.311618069260257,0.6661938395594197,-3.4605919858648364,41.0
,,0.014692849038956875,0.031411161549668144,0.0010461725629357784,0.0471501831515608,0.4677588574916009,0.311618069260257,0.6661938395594197,-3.4605919858648364,41.1
,,0.014692849038956875,0.031411161549668144,0.0010461725629357784,0.0471501831515608,0.4677588574916009,0.311618069260257,0.6661938395594197,-3.4605919858648364,41.2
,,0.014692849038956875,0.031411161549668144,0.0010461725629357784,0.0471501831515608,0.4677588574916009,0.311618069260257,0.6661938395594197,-3.4605919858648364,41.3
,,0.014692849038956875,0.031411161549668144,0.0010461725629357784,0.0471501831515608,0.4677588574916009,0.311618069260257,0.6661938395594197,-3.4605919858648364,41.4
,,0.014692849038956875,0.031411161549668144,0.0010461725629357784,0.0471501831515608,0.4677588574916009,0.311618069260257,0.6661938395594197,-3.4605919858648364,41.5
,,0.01558769976303031,0.026205092769110483,0.00029631660564812196,0.04208910913778891,0.47724072319730154,0.3703499570874782,0.6226098224916511,-3.6418015066041276,41.6
,,0.01558769976303031,0.026205092769110483,0.00029631660564812196,0.04208910913778891,0.48672258890300224,0.3703499570874782,0.6226098224916511,-3.6418015066041276,41.7
,,0.01499559959436267,0.030220606556601564,0.0011926966749542392,0.046408902825918474,0.4962044546087029,0.3231190284892475,0.6511812328328508,-3.4992312509755834,41.8
,,0.01499559959436267,0.030220606556601564,0.0011926966749542392,0.046408902825918474,0.4962044546087029,0.3231190284892475,0.6511812328328508,-3.4992312509755834,41.9
,,0.01499559959436267,0.030220606556601564,0.0011926966749542392,0.046408902825918474,0.4962044546087029,0.3231190284892475,0.6511812328328508,-3.4992312509755834,42.0
,,0.01499559959436267,0.030220606556601564,0.0011926966749542392,0.046408902825918474,0.4962044546087029,0.3231190284892475,0.6511812328328508,-3.4992312509755834,42.1
,,0.01499559959436267,0.030220606556601564,0.0011926966749542392,0.046408902825918474,0.4962044546087029,0.3231190284892475,0.6511812328328508,-3.4992312509755834,42.2
,,0.01499559959436267,0.030220606556601564,0.0011926966749542392,0.046408902825918474,0.4962044546087029,0.3231190284892475,0.6511812328328508,-3.4992312509755834,42.3
,,0.01499559959436267,0.030220606556601564,0.0011926966749542392,0.046408902825918474,0.4962044546087029,0.3231190284892475,0.6511812328328508,-3.4992312509755834,42.4
,,0.01499559959436267,0.030220606556601564,0.0011926966749542392,0.046408902825918474,0.4962044546087029,0.3231190284892475,0.6511812328328508,-3.4992312509755834,42.5
,,0.01499559959436267,0.030220606556601564,0.0011926966749542392,0.046408902825918474,0.4962044546087029,0.3231190284892475,0.6511812328328508,-3.4992312509755834,42.6
,,0.01499559959436267,0.030220606556601564,0.0011926966749542392,0.046408902825918474,0.4962044546087029,0.3231190284892475,0.6511812328328508,-3.4992312509755834,42.7
,,0.014985315322716708,0.02837960820862725,0.0014701398613619068,0.04483506339270587,0.5280310852974092,0.3342320538606541,0.6329779877872165,-3.562084412538371,42.8
,,0.014985315322716708,0.02837960820862725,0.0014701398613619068,0.04483506339270587,0.5280310852974092,0.3342320538606541,0.6329779877872165,-3.562084412538371,42.9
,,0.014985315322716708,0.02837960820862725,0.0014701398613619068,0.04483506339270587,0.5280310852974092,0.3342320538606541,0.6329779877872165,-3.562084412538371,43.0
,,0.014985315322716708,0.02837960820862725,0.0014701398613619068,0.04483506339270587,0.5280310852974092,0.3342320538606541,0.6329779877872165,-3.562084412538371,43.1
,,0.014985315322716708,0.02837960820862725,0.0014701398613619068,0.04483506339270587,0.5280310852974092,0.3342320538606541,0.6329779877872165,-3.562084412538371,43.2
,,0.014985315322716708,0.02837960820862725,0.0014701398613619068,0.04483506339270587,0.5280310852974092,0.3342320538606541,0.6329779877872165,-3.562084412538371,43.3
,,0.014985315322716708,0.02837960820862725,0.0014701398613619068,0.04483506339270587,0.5280310852974092,0.3342320538606541,0.6329779877872165,-3.562084412538371,43.4
,,0.014985315322716708,0.02837960820862725,0.0014701398613619068,0.04483506339270587,0.5280310852974092,0.3342320538606541,0.6329779877872165,-3.562084412538371,43.5
,,0.014985315322716708,0.02837960820862725,0.0014701398613619068,0.04483506339270587,0.5280310852974092,0.3342320538606541,0.6329779877872165,-3.562084412538371,43.6
,,0.015024903204476954,0.020039590223006762,0.00018108315527885703,0.035245576582762575,0.5304360374529221,0.426291882874889,0.5685703616154616,-3.9100454509282896,43.7
,,0.015024903204476954,0.020039590223006762,0.00018108315527885703,0.035245576582762575,0.5328409896084351,0.426291882874889,0.5685703616154616,-3.9100454509282896,43.8
,,0.015170555685702738,0.019128021159542423,0.0003010601235432687,0.034599636968788434,0.535245941763948,0.43845996706230644,0.552838782002175,-3.956600942618945,43.9
,,0.015170555685702738,0.019128021159542423,0.0003010601235432687,0.034599636968788434,0.537650893919461,0.43845996706230644,0.552838782002175,-3.956600942618945,44.0
,,0.015170555685702738,0.019128021159542423,0.0003010601235432687,0.034599636968788434,0.5400558460749739,0.43845996706230644,0.552838782002175,-3.956600942618945,44.1
,,0.015170555685702738,0.019128021159542423,0.0003010601235432687,0.034599636968788434,0.542460798230487,0.43845996706230644,0.552838782002175,-3.956600942618945,44.2
,,0.015170555685702738,0.019128021159542423,0.0003010601235432687,0.034599636968788434,0.5448657503859999,0.43845996706230644,0.552838782002175,-3.956600942618945,44.3
,,0.015170555685702738,0.019128021159542423,0.0003010601235432687,0.034599636968788434,0.5472707025415129,0.43845996706230644,0.552838782002175,-3.956600942618945,44.4
,,0.015170555685702738,0.019128021159542423,0.0003010601235432687,0.034599636968788434,0.5496756546970258,0.43845996706230644,0.552838782002175,-3.956600942618945,44.5
,,0.015170555685702738,0.019128021159542423,0.0003010601235432687,0.034599636968788434,0.5520806068525388,0.43845996706230644,0.552838782002175,-3.956600942618945,44.6
,,0.015170555685702738,0.019128021159542423,0.0003010601235432687,0.034599636968788434,0.5544855590080517,0.43845996706230644,0.552838782002175,-3.956600942618945,44.7
,,0.014006157250251014,0.025150648052858018,0.0013241968503659649,0.040481002153475,0.5568905111635647,0.3459933426833082,0.6212950943631473,-3.6828716152591,44.8
,,0.014006157250251014,0.025150648052858018,0.0013241968503659649,0.040481002153475,0.5568905111635647,0.3459933426833082,0.6212950943631473,-3.6828716152591,44.9
,,0.013905962792303914,0.02364755543242021,0.0023026687181710633,0.03985618694289519,0.5880507535776482,0.3489034917521835,0.59332207233727,-3.7444955337663557,45.0
,,0.013905962792303914,0.02364755543242021,0.0023026687181710633,0.03985618694289519,0.5880507535776482,0.3489034917521835,0.59332207233727,-3.7444955337663557,45.1
,,0.013905962792303914,0.02364755543242021,0.0023026687181710633,0.03985618694289519,0.5880507535776482,0.3489034917521835,0.59332207233727,-3.7444955337663557,45.2
,,0.013905962792303914,0.02364755543242021,0.0023026687181710633,0.03985618694289519,0.5880507535776482,0.3489034917521835,0.59332207233727,-3.7444955337663557,45.3
,,0.013905962792303914,0.02364755543242021,0.0023026687181710633,0.03985618694289519,0.5880507535776482,0.3489034917521835,0.59332207233727,-3.7444955337663557,45.4
,,0.013905962792303914,0.02364755543242021,0.0023026687181710633,0.03985618694289519,0.5880507535776482,0.3489034917521835,0.59332207233727,-3.7444955337663557,45.5
,,0.013905962792303914,0.02364755543242021,0.0023026687181710633,0.03985618694289519,0.5880507535776482,0.3489034917521835,0.59332207233727,-3.7444955337663557,45.6
,,0.013905962792303914,0.02364755543242021,0.0023026687181710633,0.03985618694289519,0.5880507535776482,0.3489034917521835,0.59332207233727,-3.7444955337663557,45.7
,,0.01302435086201902,0.022535675279764543,0.0016305303333032592,0.037190556475086824,0.577943669330112,0.3502058612848065,0.605951548341599,-3.7926556574680106,45.8
,,0.01302435086201902,0.022535675279764543,0.0016305303333032592,0.037190556475086824,0.577943669330112,0.3502058612848065,0.605951548341599,-3.7926556574680106,45.9
,,0.01302435086201902,0.022535675279764543,0.0016305303333032592,0.037190556475086824,0.577943669330112,0.3502058612848065,0.605951548341599,-3.7926556574680106,46.0
,,0.01302435086201902,0.022535675279764543,0.0016305303333032592,0.037190556475086824,0.577943669330112,0.3502058612848065,0.605951548341599,-3.7926556574680106,46.1
,,0.012936690490284869,0.02135224752894339,0.002647587694608375,0.03693652571383664,0.5784734223784418,0.35024112962088116,0.5780794786810367,-3.846598274171567,46.2
,,0.012936690490284869,0.02135224752894339,0.002647587694608375,0.03693652571383664,0.5790031754267715,0.35024112962088116,0.5780794786810367,-3.846598274171567,46.3
,,0.012936690490284869,0.02135224752894339,0.002647587694608375,0.03693652571383664,0.5795329284751013,0.35024112962088116,0.5780794786810367,-3.846598274171567,46.4
,,0.012936690490284869,0.02135224752894339,0.002647587694608375,0.03693652571383664,0.580062681523431,0.35024112962088116,0.5780794786810367,-3.846598274171567,46.5
,,0.012936690490284869,0.02135224752894339,0.002647587694608375,0.03693652571383664,0.5805924345717608,0.35024112962088116,0.5780794786810367,-3.846598274171567,46.6
,,0.012936690490284869,0.02135224752894339,0.002647587694608375,0.03693652571383664,0.5811221876200906,0.35024112962088116,0.5780794786810367,-3.846598274171567,46.7
,,0.012936690490284869,0.02135224752894339,0.002647587694608375,0.03693652571383664,0.5816519406684203,0.35024112962088116,0.5780794786810367,-3.846598274171567,46.8
,,0.011815269526818037,0.013509498197553581,0.00023847742224436926,0.025563245146615985,0.5821816937167501,0.4621975597797731,0.5284735220458481,-4.304362270738074,46.9
,,0.011815269526818037,0.013509498197553581,0.00023847742224436926,0.025563245146615985,0.5827114467650798,0.4621975597797731,0.5284735220458481,-4.304362270738074,47.0
,,0.011815269526818037,0.013509498197553581,0.00023847742224436926,0.025563245146615985,0.5832411998134096,0.4621975597797731,0.5284735220458481,-4.304362270738074,47.1
,,0.011815269526818037,0.013509498197553581,0.00023847742224436926,0.025563245146615985,0.5837709528617394,0.4621975597797731,0.5284735220458481,-4.304362270738074,47.2
,,0.011815269526818037,0.013509498197553581,0.00023847742224436926,0.025563245146615985,0.5843007059100691,0.4621975597797731,0.5284735220458481,-4.304362270738074,47.3
,,0.011667825863472958,0.013549409381523964,0.00038938247347671917,0.025606617718473643,0.5848304589583989,0.4556566584369836,0.529137019597433,-4.301412320685827,47.4
,,0.011667825863472958,0.013549409381523964,0.00038938247347671917,0.025606617718473643,0.5853602120067287,0.4556566584369836,0.529137019597433,-4.301412320685827,47.5
,,0.011667825863472958,0.013549409381523964,0.00038938247347671917,0.025606617718473643,0.5858899650550584,0.4556566584369836,0.529137019597433,-4.301412320685827,47.6
,,0.011667825863472958,0.013549409381523964,0.00038938247347671917,0.025606617718473643,0.5864197181033882,0.4556566584369836,0.529137019597433,-4.301412320685827,47.7
,,0.011667825863472958,0.013549409381523964,0.00038938247347671917,0.025606617718473643,0.5869494711517179,0.4556566584369836,0.529137019597433,-4.301412320685827,47.8
,,0.011536754813923421,0.019637723920590832,0.0020908766042453952,0.03326535533875965,0.5874792242000477,0.34680990767837044,0.5903356125497217,-3.9303028727618643,47.9
,,0.011536754813923421,0.019637723920590832,0.0020908766042453952,0.03326535533875965,0.5874792242000477,0.34680990767837044,0.5903356125497217,-3.9303028727618643,48.0
,,0.011536754813923421,0.019637723920590832,0.0020908766042453952,0.03326535533875965,0.5874792242000477,0.34680990767837044,0.5903356125497217,-3.9303028727618643,48.1
,,0.011536754813923421,0.019637723920590832,0.0020908766042453952,0.03326535533875965,0.5874792242000477,0.34680990767837044,0.5903356125497217,-3.9303028727618643,48.2
,,0.011536754813923421,0.019637723920590832,0.0020908766042453952,0.03326535533875965,0.5874792242000477,0.34680990767837044,0.5903356125497217,-3.9303028727618643,48.3
,,0.011536754813923421,0.019637723920590832,0.0020908766042453952,0.03326535533875965,0.5874792242000477,0.34680990767837044,0.5903356125497217,-3.9303028727618643,48.4
,,0.011536754813923421,0.019637723920590832,0.0020908766042453952,0.03326535533875965,0.5874792242000477,0.34680990767837044,0.5903356125497217,-3.9303028727618643,48.5
,,0.012176234161099466,0.020463963932090223,0.0030766759819780367,0.03571687407516772,0.5872059941332081,0.3409098493746695,0.5729494660989345,-3.8890897966525677,48.6
,,0.012176234161099466,0.020463963932090223,0.0030766759819780367,0.03571687407516772,0.5869327640663684,0.3409098493746695,0.5729494660989345,-3.8890897966525677,48.7
,,0.012176234161099466,0.020463963932090223,0.0030766759819780367,0.03571687407516772,0.5866595339995289,0.3409098493746695,0.5729494660989345,-3.8890897966525677,48.8
,,0.012176234161099466,0.020463963932090223,0.0030766759819780367,0.03571687407516772,0.5863863039326892,0.3409098493746695,0.5729494660989345,-3.8890897966525677,48.9
,,0.012422850735384978,0.021195314162584845,0.002764647625450196,0.036382812523420016,0.5861130738658495,0.3414483343581053,0.5825639276496611,-3.8539751518016683,49.0
,,0.012422850735384978,0.021195314162584845,0.002764647625450196,0.036382812523420016,0.5861130738658495,0.3414483343581053,0.5825639276496611,-3.8539751518016683,49.1
,,0.012422850735384978,0.021195314162584845,0.002764647625450196,0.036382812523420016,0.5861130738658495,0.3414483343581053,0.5825639276496611,-3.8539751518016683,49.2
,,0.012422850735384978,0.021195314162584845,0.002764647625450196,0.036382812523420016,0.5861130738658495,0.3414483343581053,0.5825639276496611,-3.8539751518016683,49.3
,,0.012422850735384978,0.021195314162584845,0.002764647625450196,0.036382812523420016,0.5861130738658495,0.3414483343581053,0.5825639276496611,-3.8539751518016683,49.4
,,0.012422850735384978,0.021195314162584845,0.002764647625450196,0.036382812523420016,0.5861130738658495,0.3414483343581053,0.5825639276496611,-3.8539751518016683,49.5
,,0.013295347189825397,0.022455647968548417,0.0031438418009394633,0.03889483695931328,0.5920714115418526,0.3418280735752476,0.5773426429846871,-3.79621311654399,49.6
,,0.013295347189825397,0.022455647968548417,0.0031438418009394633,0.03889483695931328,0.5920714115418526,0.3418280735752476,0.5773426429846871,-3.79621311654399,49.7
,,0.013295347189825397,0.022455647968548417,0.0031438418009394633,0.03889483695931328,0.5920714115418526,0.3418280735752476,0.5773426429846871,-3.79621311654399,49.8
,,0.013295347189825397,0.022455647968548417,0.0031438418009394633,0.03889483695931328,0.5920714115418526,0.3418280735752476,0.5773426429846871,-3.79621311654399,49.9
,,0.013295347189825397,0.022455647968548417,0.0031438418009394633,0.03889483695931328,0.5920714115418526,0.3418280735752476,0.5773426429846871,-3.79621311654399,50.0
,,0.013295347189825397,0.022455647968548417,0.0031438418009394633,0.03889483695931328,0.5920714115418526,0.3418280735752476,0.5773426429846871,-3.79621311654399,50.1
,,0.013899915533003914,0.023320483693527516,0.00270460398405177,0.039925003210583204,0.5916675102513189,0.34815064283625063,0.5841072465423319,-3.7584231761400124,50.2
,,0.013899915533003914,0.023320483693527516,0.00270460398405177,0.039925003210583204,0.5912636089607851,0.34815064283625063,0.5841072465423319,-3.7584231761400124,50.3
,,0.013899915533003914,0.023320483693527516,0.00270460398405177,0.039925003210583204,0.5908597076702514,0.34815064283625063,0.5841072465423319,-3.7584231761400124,50.4
,,0.013899915533003914,0.023320483693527516,0.00270460398405177,0.039925003210583204,0.5904558063797176,0.34815064283625063,0.5841072465423319,-3.7584231761400124,50.5
,,0.013899915533003914,0.023320483693527516,0.00270460398405177,0.039925003210583204,0.5900519050891839,0.34815064283625063,0.5841072465423319,-3.7584231761400124,50.6
,,0.013988015888192155,0.018395570375105665,0.0005545446692502921,0.03293813093254811,0.5896480037986502,0.4246754594799965,0.5584885922269475,-3.9956453838332266,50.7
,,0.013988015888192155,0.018395570375105665,0.0005545446692502921,0.03293813093254811,0.5892441025081164,0.4246754594799965,0.5584885922269475,-3.9956453838332266,50.8
,,0.013988015888192155,0.018395570375105665,0.0005545446692502921,0.03293813093254811,0.5888402012175827,0.4246754594799965,0.5584885922269475,-3.9956453838332266,50.9
,,0.013988015888192155,0.018395570375105665,0.0005545446692502921,0.03293813093254811,0.5884362999270489,0.4246754594799965,0.5584885922269475,-3.9956453838332266,51.0
,,0.013988015888192155,0.018395570375105665,0.0005545446692502921,0.03293813093254811,0.5880323986365152,0.4246754594799965,0.5584885922269475,-3.9956453838332266,51.1
,,0.013988015888192155,0.018395570375105665,0.0005545446692502921,0.03293813093254811,0.5876284973459815,0.4246754594799965,0.5584885922269475,-3.9956453838332266,51.2
,,0.014214755113946511,0.019123587858902103,0.0004760860907395045,0.019599673949641606,0.5872245960554477,,0.9757094892515694,-3.956832739438683,51.3
,,0.014441494339700866,0.019123587858902103,0.0004760860907395045,0.019599673949641606,0.586820694764914,,0.9757094892515694,-3.956832739438683,51.4
,,0.014668233565455222,0.019123587858902103,0.0004760860907395045,0.019599673949641606,0.5864167934743802,,0.9757094892515694,-3.956832739438683,51.5
,,0.014894972791209576,0.019123587858902103,0.0004760860907395045,0.019599673949641606,0.5860128921838466,,0.9757094892515694,-3.956832739438683,51.6
,,0.015121712016963933,0.020245640590415892,0.0006658542057841577,0.02091149479620005,0.5856089908933129,,0.9681584596283784,-3.899815788091179,51.7
,,0.015348451242718289,0.019123587858902103,0.0004760860907395045,0.019599673949641606,0.5852050896027791,,0.9757094892515694,-3.956832739438683,51.8
,,0.015575190468472644,0.020458530390788696,0.0007069929764032166,0.03674071383566456,0.5848011883122454,0.42392182520290767,0.5568354083237601,-3.8893553494456397,51.9
,,0.015575190468472644,0.020458530390788696,0.0007069929764032166,0.03674071383566456,0.5843972870217116,0.42392182520290767,0.5568354083237601,-3.8893553494456397,52.0
,,0.015575190468472644,0.020458530390788696,0.0007069929764032166,0.03674071383566456,0.5839933857311779,0.42392182520290767,0.5568354083237601,-3.8893553494456397,52.1
,,0.015575190468472644,0.020458530390788696,0.0007069929764032166,0.03674071383566456,0.5835894844406441,0.42392182520290767,0.5568354083237601,-3.8893553494456397,52.2
,,0.015867048181346082,0.019994098786601435,0.0006134609642728273,0.020607559750874263,0.5831855831501104,,0.9702312660165014,-3.9123181096370385,52.3
,,0.01615890589421952,0.019994098786601435,0.0006134609642728273,0.020607559750874263,0.5827816818595767,,0.9702312660165014,-3.9123181096370385,52.4
,,0.01645076360709296,0.019994098786601435,0.0006134609642728273,0.020607559750874263,0.5823777805690429,,0.9702312660165014,-3.9123181096370385,52.5
,,0.0167426213199664,0.019994098786601435,0.0006134609642728273,0.020607559750874263,0.5819738792785092,,0.9702312660165014,-3.9123181096370385,52.6
,,0.017034479032839837,0.019994098786601435,0.0006134609642728273,0.020607559750874263,0.5815699779879754,,0.9702312660165014,-3.9123181096370385,52.7
,,0.017326336745713274,0.019994098786601435,0.0006134609642728273,0.020607559750874263,0.5811660766974417,,0.9702312660165014,-3.9123181096370385,52.8
,,0.017618194458586714,0.024732422504852605,0.002212250558259809,0.044562867521699134,0.580762175406908,0.3953559418053121,0.5550006963265901,-3.6996402441043594,52.9
,,0.017618194458586714,0.024732422504852605,0.002212250558259809,0.044562867521699134,0.5803582741163742,0.3953559418053121,0.5550006963265901,-3.6996402441043594,53.0
,,0.017618194458586714,0.024732422504852605,0.002212250558259809,0.044562867521699134,0.5799543728258405,0.3953559418053121,0.5550006963265901,-3.6996402441043594,53.1
,,0.017618194458586714,0.024732422504852605,0.002212250558259809,0.044562867521699134,0.5795504715353067,0.3953559418053121,0.5550006963265901,-3.6996402441043594,53.2
,,0.017618194458586714,0.024732422504852605,0.002212250558259809,0.044562867521699134,0.579146570244773,0.3953559418053121,0.5550006963265901,-3.6996402441043594,53.3
,,0.017618194458586714,0.024732422504852605,0.002212250558259809,0.044562867521699134,0.5787426689542393,0.3953559418053121,0.5550006963265901,-3.6996402441043594,53.4
,,0.017263349695943116,0.023536531755844917,0.0017849279555780307,0.042584809407366066,0.5783387676637055,0.40538750639463955,0.5526978301275127,-3.749201522080994,53.5
,,0.017263349695943116,0.023536531755844917,0.0017849279555780307,0.042584809407366066,0.5779348663731718,0.40538750639463955,0.5526978301275127,-3.749201522080994,53.6
,,0.017263349695943116,0.023536531755844917,0.0017849279555780307,0.042584809407366066,0.577530965082638,0.40538750639463955,0.5526978301275127,-3.749201522080994,53.7
,,0.017263349695943116,0.023536531755844917,0.0017849279555780307,0.042584809407366066,0.5771270637921043,0.40538750639463955,0.5526978301275127,-3.749201522080994,53.8
,,0.017263349695943116,0.023536531755844917,0.0017849279555780307,0.042584809407366066,0.5767231625015706,0.40538750639463955,0.5526978301275127,-3.749201522080994,53.9
,,0.015370410283327965,0.018721462130069078,0.0010832548483193458,0.035175127261716385,0.5763192612110368,0.43696814993635247,0.5322358037477518,-3.9780847057440134,54.0
,,0.015370410283327965,0.018721462130069078,0.0010832548483193458,0.035175127261716385,0.5759153599205031,0.43696814993635247,0.5322358037477518,-3.9780847057440134,54.1
,,0.015370410283327965,0.018721462130069078,0.0010832548483193458,0.035175127261716385,0.5755114586299693,0.43696814993635247,0.5322358037477518,-3.9780847057440134,54.2
,,0.015370410283327965,0.018721462130069078,0.0010832548483193458,0.035175127261716385,0.5751075573394356,0.43696814993635247,0.5322358037477518,-3.9780847057440134,54.3
,,0.015370410283327965,0.018721462130069078,0.0010832548483193458,0.035175127261716385,0.574703656048902,0.43696814993635247,0.5322358037477518,-3.9780847057440134,54.4
,,0.015370410283327965,0.018721462130069078,0.0010832548483193458,0.035175127261716385,0.5742997547583681,0.43696814993635247,0.5322358037477518,-3.9780847057440134,54.5
,,0.017062392757452874,0.021623679734752287,0.0012967512338545165,0.03998282372605968,0.5738958534678344,0.4267430653311283,0.5408242269957182,-3.8339662807562056,54.6
,,0.017062392757452874,0.021623679734752287,0.0012967512338545165,0.03998282372605968,0.5734919521773006,0.4267430653311283,0.5408242269957182,-3.8339662807562056,54.7
,,0.017062392757452874,0.021623679734752287,0.0012967512338545165,0.03998282372605968,0.573088050886767,0.4267430653311283,0.5408242269957182,-3.8339662807562056,54.8
,,0.017062392757452874,0.021623679734752287,0.0012967512338545165,0.03998282372605968,0.5726841495962333,0.4267430653311283,0.5408242269957182,-3.8339662807562056,54.9
,,0.017062392757452874,0.021623679734752287,0.0012967512338545165,0.03998282372605968,0.5722802483056995,0.4267430653311283,0.5408242269957182,-3.8339662807562056,55.0
,,0.017062392757452874,0.021623679734752287,0.0012967512338545165,0.03998282372605968,0.5718763470151658,0.4267430653311283,0.5408242269957182,-3.8339662807562056,55.1
,,0.017138328808049285,0.020717465969374967,0.0018850267100310055,0.03974082148745525,0.571472445724632,0.4312525047691638,0.5213144870675289,-3.8767781678452993,55.2
,,0.017138328808049285,0.020717465969374967,0.0018850267100310055,0.03974082148745525,0.5710685444340983,0.4312525047691638,0.5213144870675289,-3.8767781678452993,55.3
,,0.017138328808049285,0.020717465969374967,0.0018850267100310055,0.03974082148745525,0.5706646431435646,0.4312525047691638,0.5213144870675289,-3.8767781678452993,55.4
,,0.017138328808049285,0.020717465969374967,0.0018850267100310055,0.03974082148745525,0.5702607418530308,0.4312525047691638,0.5213144870675289,-3.8767781678452993,55.5
,,0.017138328808049285,0.020717465969374967,0.0018850267100310055,0.03974082148745525,0.5698568405624971,0.4312525047691638,0.5213144870675289,-3.8767781678452993,55.6
,,0.016683402150285773,0.01997182596533765,0.0018606823649424558,0.03851591048056588,0.5694529392719633,0.43315611502170726,0.5185344372273092,-3.913432700314364,55.7
,,0.016683402150285773,0.01997182596533765,0.0018606823649424558,0.03851591048056588,0.5690490379814296,0.43315611502170726,0.5185344372273092,-3.913432700314364,55.8
,,0.016683402150285773,0.01997182596533765,0.0018606823649424558,0.03851591048056588,0.5686451366908958,0.43315611502170726,0.5185344372273092,-3.913432700314364,55.9
,,0.016683402150285773,0.01997182596533765,0.0018606823649424558,0.03851591048056588,0.5682412354003621,0.43315611502170726,0.5185344372273092,-3.913432700314364,56.0
,,0.016683402150285773,0.01997182596533765,0.0018606823649424558,0.03851591048056588,0.5678373341098284,0.43315611502170726,0.5185344372273092,-3.913432700314364,56.1
,,0.016683402150285773,0.01997182596533765,0.0018606823649424558,0.03851591048056588,0.5674334328192946,0.43315611502170726,0.5185344372273092,-3.913432700314364,56.2
,,0.016683402150285773,0.01997182596533765,0.0018606823649424558,0.03851591048056588,0.5670295315287609,0.43315611502170726,0.5185344372273092,-3.913432700314364,56.3
,,0.01648646480950623,0.019218821351032242,0.0020502518051732656,0.03775553796571174,0.5666256302382271,0.43666348561841867,0.5090331746427796,-3.951865201408202,56.4
,,0.01648646480950623,0.019218821351032242,0.0020502518051732656,0.03775553796571174,0.5662217289476934,0.43666348561841867,0.5090331746427796,-3.951865201408202,56.5
,,0.01648646480950623,0.019218821351032242,0.0020502518051732656,0.03775553796571174,0.5658178276571597,0.43666348561841867,0.5090331746427796,-3.951865201408202,56.6
,,0.01648646480950623,0.019218821351032242,0.0020502518051732656,0.03775553796571174,0.5654139263666259,0.43666348561841867,0.5090331746427796,-3.951865201408202,56.7
,,0.015988882295567636,0.018856846615907343,0.0021395838738174746,0.036985312785292455,0.5650100250760922,0.43230355758747996,0.5098468877463689,-3.9708792153369683,56.8
,,0.015988882295567636,0.018856846615907343,0.0021395838738174746,0.036985312785292455,0.5646061237855584,0.43230355758747996,0.5098468877463689,-3.9708792153369683,56.9
,,0.015988882295567636,0.018856846615907343,0.0021395838738174746,0.036985312785292455,0.5642022224950247,0.43230355758747996,0.5098468877463689,-3.9708792153369683,57.0
,,0.015988882295567636,0.018856846615907343,0.0021395838738174746,0.036985312785292455,0.563798321204491,0.43230355758747996,0.5098468877463689,-3.9708792153369683,57.1
,,0.015988882295567636,0.018856846615907343,0.0021395838738174746,0.036985312785292455,0.5633944199139572,0.43230355758747996,0.5098468877463689,-3.9708792153369683,57.2
,,0.015988882295567636,0.018856846615907343,0.0021395838738174746,0.036985312785292455,0.5629905186234235,0.43230355758747996,0.5098468877463689,-3.9708792153369683,57.3
,,0.015988882295567636,0.018856846615907343,0.0021395838738174746,0.036985312785292455,0.5625866173328897,0.43230355758747996,0.5098468877463689,-3.9708792153369683,57.4
,,0.01564957972458085,0.01841033939294761,0.0022940985592618313,0.03635401767679029,0.562182716042356,0.4304773096529604,0.5064182879765015,-3.9948428486573433,57.5
,,0.015458237161941597,0.01820262944394973,0.0023032546083590223,0.03596412121425035,0.5617788147518223,0.4298238533301478,0.5061330245082468,-4.006189220392594,57.6
,,0.015458237161941597,0.01820262944394973,0.0023032546083590223,0.03596412121425035,0.5613749134612885,0.4298238533301478,0.5061330245082468,-4.006189220392594,57.7
,,0.015458237161941597,0.01820262944394973,0.0023032546083590223,0.03596412121425035,0.5609710121707548,0.4298238533301478,0.5061330245082468,-4.006189220392594,57.8
,,0.014275047409283,0.01746259759814785,0.002318113547163515,0.03405575855459436,0.560567110880221,0.41916691963853486,0.5127648990743747,-4.047693965401198,57.9
,,0.014275047409283,0.01746259759814785,0.002318113547163515,0.03405575855459436,0.5601632095896873,0.41916691963853486,0.5127648990743747,-4.047693965401198,58.0
,,0.014275047409283,0.01746259759814785,0.002318113547163515,0.03405575855459436,0.5597593082991537,0.41916691963853486,0.5127648990743747,-4.047693965401198,58.1
,,0.014275047409283,0.01746259759814785,0.002318113547163515,0.03405575855459436,0.5593554070086199,0.41916691963853486,0.5127648990743747,-4.047693965401198,58.2
,,0.014275047409283,0.01746259759814785,0.002318113547163515,0.03405575855459436,0.5589515057180862,0.41916691963853486,0.5127648990743747,-4.047693965401198,58.3
,,0.014275047409283,0.01746259759814785,0.002318113547163515,0.03405575855459436,0.5585476044275524,0.41916691963853486,0.5127648990743747,-4.047693965401198,58.4
,,0.014275047409283,0.01746259759814785,0.002318113547163515,0.03405575855459436,0.5581437031370187,0.41916691963853486,0.5127648990743747,-4.047693965401198,58.5
,,0.014275047409283,0.01746259759814785,0.002318113547163515,0.03405575855459436,0.557739801846485,0.41916691963853486,0.5127648990743747,-4.047693965401198,58.6
,,0.014275047409283,0.01746259759814785,0.002318113547163515,0.03405575855459436,0.5573359005559512,0.41916691963853486,0.5127648990743747,-4.047693965401198,58.7
,,0.014275047409283,0.01746259759814785,0.002318113547163515,0.03405575855459436,0.5569319992654175,0.41916691963853486,0.5127648990743747,-4.047693965401198,58.8
,,0.013805184078343564,0.017232696769130647,0.0025186751927164745,0.033556556040190685,0.5565280979748837,0.41140050432496994,0.5135418768389416,-4.060946724779558,58.9
,,0.012434184709694474,0.01678934891106643,0.002475791623668503,0.03169932524442941,0.55612419668435,0.39225392382380636,0.5296437315812222,-4.08701058702062,59.0
,,0.012434184709694474,0.01678934891106643,0.002475791623668503,0.03169932524442941,0.5557202953938163,0.39225392382380636,0.5296437315812222,-4.08701058702062,59.1
,,0.012434184709694474,0.01678934891106643,0.002475791623668503,0.03169932524442941,0.5553163941032825,0.39225392382380636,0.5296437315812222,-4.08701058702062,59.2
,,0.012434184709694474,0.01678934891106643,0.002475791623668503,0.03169932524442941,0.5549124928127488,0.39225392382380636,0.5296437315812222,-4.08701058702062,59.3
,,0.012434184709694474,0.01678934891106643,0.002475791623668503,0.03169932524442941,0.554508591522215,0.39225392382380636,0.5296437315812222,-4.08701058702062,59.4
,,0.012434184709694474,0.01678934891106643,0.002475791623668503,0.03169932524442941,0.5541046902316813,0.39225392382380636,0.5296437315812222,-4.08701058702062,59.5
,,0.012434184709694474,0.01678934891106643,0.002475791623668503,0.03169932524442941,0.5537007889411476,0.39225392382380636,0.5296437315812222,-4.08701058702062,59.6
,,0.012434184709694474,0.01678934891106643,0.002475791623668503,0.03169932524442941,0.5532968876506138,0.39225392382380636,0.5296437315812222,-4.08701058702062,59.7
,,0.012434184709694474,0.01678934891106643,0.002475791623668503,0.03169932524442941,0.5528929863600801,0.39225392382380636,0.5296437315812222,-4.08701058702062,59.8
,,0.012434184709694474,0.01678934891106643,0.002475791623668503,0.03169932524442941,0.5524890850695463,0.39225392382380636,0.5296437315812222,-4.08701058702062,59.9
,,0.010774898146941774,0.01683358450094771,0.002571572504790911,0.030180055152680393,0.5520851837790126,0.35702049225661603,0.5577718269826508,-4.084379310631869,60.0
,,0.010774898146941774,0.01683358450094771,0.002571572504790911,0.030180055152680393,0.5516812824884789,0.35702049225661603,0.5577718269826508,-4.084379310631869,60.1
,,0.010774898146941774,0.01683358450094771,0.002571572504790911,0.030180055152680393,0.5512773811979451,0.35702049225661603,0.5577718269826508,-4.084379310631869,60.2
,,0.010774898146941774,0.01683358450094771,0.002571572504790911,0.030180055152680393,0.5508734799074114,0.35702049225661603,0.5577718269826508,-4.084379310631869,60.3
,,0.010774898146941774,0.01683358450094771,0.002571572504790911,0.030180055152680393,0.5504695786168776,0.35702049225661603,0.5577718269826508,-4.084379310631869,60.4
,,0.010774898146941774,0.01683358450094771,0.002571572504790911,0.030180055152680393,0.5500656773263439,0.35702049225661603,0.5577718269826508,-4.084379310631869,60.5
,,0.010774898146941774,0.01683358450094771,0.002571572504790911,0.030180055152680393,0.5496617760358101,0.35702049225661603,0.5577718269826508,-4.084379310631869,60.6
,,0.010774898146941774,0.01683358450094771,0.002571572504790911,0.030180055152680393,0.5492578747452764,0.35702049225661603,0.5577718269826508,-4.084379310631869,60.7
,,0.010774898146941774,0.01683358450094771,0.002571572504790911,0.030180055152680393,0.5488539734547427,0.35702049225661603,0.5577718269826508,-4.084379310631869,60.8
,,0.010774898146941774,0.01683358450094771,0.002571572504790911,0.030180055152680393,0.5484500721642089,0.35702049225661603,0.5577718269826508,-4.084379310631869,60.9
,,0.010774898146941774,0.01683358450094771,0.002571572504790911,0.030180055152680393,0.5480461708736752,0.35702049225661603,0.5577718269826508,-4.084379310631869,61.0
,,0.010774898146941774,0.01683358450094771,0.002571572504790911,0.030180055152680393,0.5476422695831414,0.35702049225661603,0.5577718269826508,-4.084379310631869,61.1
,,0.010144131512493833,0.01853695226843045,0.0027375324406518804,0.031418616221576164,0.5472383682926077,0.3228700920802341,0.5899990037021597,-3.9879891191734704,61.2
,,0.010144131512493833,0.01853695226843045,0.0027375324406518804,0.031418616221576164,0.5472383682926077,0.3228700920802341,0.5899990037021597,-3.9879891191734704,61.3
,,0.010144131512493833,0.01853695226843045,0.0027375324406518804,0.031418616221576164,0.5472383682926077,0.3228700920802341,0.5899990037021597,-3.9879891191734704,61.4
,,0.010144131512493833,0.01853695226843045,0.0027375324406518804,0.031418616221576164,0.5472383682926077,0.3228700920802341,0.5899990037021597,-3.9879891191734704,61.5
,,0.010144131512493833,0.01853695226843045,0.0027375324406518804,0.031418616221576164,0.5472383682926077,0.3228700920802341,0.5899990037021597,-3.9879891191734704,61.6
,,0.010144131512493833,0.01853695226843045,0.0027375324406518804,0.031418616221576164,0.5472383682926077,0.3228700920802341,0.5899990037021597,-3.9879891191734704,61.7
,,0.010144131512493833,0.01853695226843045,0.0027375324406518804,0.031418616221576164,0.5472383682926077,0.3228700920802341,0.5899990037021597,-3.9879891191734704,61.8
,,0.010144131512493833,0.01853695226843045,0.0027375324406518804,0.031418616221576164,0.5472383682926077,0.3228700920802341,0.5899990037021597,-3.9879891191734704,61.9
,,0.010144131512493833,0.01853695226843045,0.0027375324406518804,0.031418616221576164,0.5472383682926077,0.3228700920802341,0.5899990037021597,-3.9879891191734704,62.0
,,0.010144131512493833,0.01853695226843045,0.0027375324406518804,0.031418616221576164,0.5472383682926077,0.3228700920802341,0.5899990037021597,-3.9879891191734704,62.1
,,0.010144131512493833,0.01853695226843045,0.0027375324406518804,0.031418616221576164,0.5472383682926077,0.3228700920802341,0.5899990037021597,-3.9879891191734704,62.2
,,0.010377348759194927,0.021540121328612147,0.0029434987280000076,0.03486096881580708,0.481768352224205,0.29767815157476357,0.6178864805055322,-3.837837974557959,62.3
,,0.010377348759194927,0.021540121328612147,0.0029434987280000076,0.03486096881580708,0.481768352224205,0.29767815157476357,0.6178864805055322,-3.837837974557959,62.4
,,0.010377348759194927,0.021540121328612147,0.0029434987280000076,0.03486096881580708,0.481768352224205,0.29767815157476357,0.6178864805055322,-3.837837974557959,62.5
,,0.010377348759194927,0.021540121328612147,0.0029434987280000076,0.03486096881580708,0.481768352224205,0.29767815157476357,0.6178864805055322,-3.837837974557959,62.6
,,0.010377348759194927,0.021540121328612147,0.0029434987280000076,0.03486096881580708,0.481768352224205,0.29767815157476357,0.6178864805055322,-3.837837974557959,62.7
,,0.010377348759194927,0.021540121328612147,0.0029434987280000076,0.03486096881580708,0.481768352224205,0.29767815157476357,0.6178864805055322,-3.837837974557959,62.8
,,0.010377348759194927,0.021540121328612147,0.0029434987280000076,0.03486096881580708,0.481768352224205,0.29767815157476357,0.6178864805055322,-3.837837974557959,62.9
,,0.010377348759194927,0.021540121328612147,0.0029434987280000076,0.03486096881580708,0.481768352224205,0.29767815157476357,0.6178864805055322,-3.837837974557959,63.0
,,0.010377348759194927,0.021540121328612147,0.0029434987280000076,0.03486096881580708,0.481768352224205,0.29767815157476357,0.6178864805055322,-3.837837974557959,63.1
,,0.010377348759194927,0.021540121328612147,0.0029434987280000076,0.03486096881580708,0.481768352224205,0.29767815157476357,0.6178864805055322,-3.837837974557959,63.2
,,0.010476376443071827,0.021127113126151696,0.0032710687899269357,0.03487455835915046,0.4958735431820021,0.3004016949887198,0.6058030300649906,-3.857198081101213,63.3
,,0.011734350183623206,0.02608231061315193,0.003213157329447105,0.04102981812622224,0.4498968805971582,0.28599566655460656,0.6356915970944232,-3.64649794871812,63.4
,,0.011734350183623206,0.02608231061315193,0.003213157329447105,0.04102981812622224,0.4498968805971582,0.28599566655460656,0.6356915970944232,-3.64649794871812,63.5
,,0.011734350183623206,0.02608231061315193,0.003213157329447105,0.04102981812622224,0.4498968805971582,0.28599566655460656,0.6356915970944232,-3.64649794871812,63.6
,,0.011734350183623206,0.02608231061315193,0.003213157329447105,0.04102981812622224,0.4498968805971582,0.28599566655460656,0.6356915970944232,-3.64649794871812,63.7
,,0.011734350183623206,0.02608231061315193,0.003213157329447105,0.04102981812622224,0.4498968805971582,0.28599566655460656,0.6356915970944232,-3.64649794871812,63.8
,,0.011734350183623206,0.02608231061315193,0.003213157329447105,0.04102981812622224,0.4498968805971582,0.28599566655460656,0.6356915970944232,-3.64649794871812,63.9
,,0.011734350183623206,0.02608231061315193,0.003213157329447105,0.04102981812622224,0.4498968805971582,0.28599566655460656,0.6356915970944232,-3.64649794871812,64.0
,,0.011734350183623206,0.02608231061315193,0.003213157329447105,0.04102981812622224,0.4498968805971582,0.28599566655460656,0.6356915970944232,-3.64649794871812,64.1
,,0.011734350183623206,0.02608231061315193,0.003213157329447105,0.04102981812622224,0.4498968805971582,0.28599566655460656,0.6356915970944232,-3.64649794871812,64.2
,,0.011734350183623206,0.02608231061315193,0.003213157329447105,0.04102981812622224,0.4498968805971582,0.28599566655460656,0.6356915970944232,-3.64649794871812,64.3
,,0.012259637196029766,0.0363068297107174,0.004890135397492815,0.041196965108210214,0.45123174110672154,,0.8812986494357505,-3.3157494091078727,64.4
,,0.012784924208436325,0.0363068297107174,0.004890135397492815,0.041196965108210214,0.45256660161628487,,0.8812986494357505,-3.3157494091078727,64.5
,,0.013310211220842885,0.02932401045483416,0.003378590817598346,0.046012812493275386,0.4539014621258482,0.2892718462447416,0.6373009791374905,-3.5293486290926186,64.6
,,0.013310211220842885,0.02932401045483416,0.003378590817598346,0.046012812493275386,0.4539014621258482,0.2892718462447416,0.6373009791374905,-3.5293486290926186,64.7
,,0.013310211220842885,0.02932401045483416,0.003378590817598346,0.046012812493275386,0.4539014621258482,0.2892718462447416,0.6373009791374905,-3.5293486290926186,64.8
,,0.013310211220842885,0.02932401045483416,0.003378590817598346,0.046012812493275386,0.4539014621258482,0.2892718462447416,0.6373009791374905,-3.5293486290926186,64.9
,,0.013310211220842885,0.02932401045483416,0.003378590817598346,0.046012812493275386,0.4539014621258482,0.2892718462447416,0.6373009791374905,-3.5293486290926186,65.0
,,0.013310211220842885,0.02932401045483416,0.003378590817598346,0.046012812493275386,0.4539014621258482,0.2892718462447416,0.6373009791374905,-3.5293486290926186,65.1
,,0.013310211220842885,0.02932401045483416,0.003378590817598346,0.046012812493275386,0.4539014621258482,0.2892718462447416,0.6373009791374905,-3.5293486290926186,65.2
,,0.013310211220842885,0.02932401045483416,0.003378590817598346,0.046012812493275386,0.4539014621258482,0.2892718462447416,0.6373009791374905,-3.5293486290926186,65.3
,,0.013163050284499045,0.026427315449582617,0.003830281395927128,0.04342064713000879,0.49808503287483696,0.3031518679370816,0.6086347670142904,-3.633357127617711,65.4
,,0.013163050284499045,0.026427315449582617,0.003830281395927128,0.04342064713000879,0.49808503287483696,0.3031518679370816,0.6086347670142904,-3.633357127617711,65.5
,,0.013163050284499045,0.026427315449582617,0.003830281395927128,0.04342064713000879,0.49808503287483696,0.3031518679370816,0.6086347670142904,-3.633357127617711,65.6
,,0.014349114388650743,0.0295381058321219,0.003512545897524477,0.04739976611829712,0.4857831599020972,0.3027254259617906,0.6231698645601479,-3.5220741260701605,65.7
,,0.014349114388650743,0.0295381058321219,0.003512545897524477,0.04739976611829712,0.4857831599020972,0.3027254259617906,0.6231698645601479,-3.5220741260701605,65.8
,,0.014349114388650743,0.0295381058321219,0.003512545897524477,0.04739976611829712,0.4857831599020972,0.3027254259617906,0.6231698645601479,-3.5220741260701605,65.9
,,0.014349114388650743,0.0295381058321219,0.003512545897524477,0.04739976611829712,0.4857831599020972,0.3027254259617906,0.6231698645601479,-3.5220741260701605,66.0
,,0.014349114388650743,0.0295381058321219,0.003512545897524477,0.04739976611829712,0.4857831599020972,0.3027254259617906,0.6231698645601479,-3.5220741260701605,66.1
,,0.014349114388650743,0.0295381058321219,0.003512545897524477,0.04739976611829712,0.4857831599020972,0.3027254259617906,0.6231698645601479,-3.5220741260701605,66.2
,,0.014349114388650743,0.0295381058321219,0.003512545897524477,0.04739976611829712,0.4857831599020972,0.3027254259617906,0.6231698645601479,-3.5220741260701605,66.3
,,0.023314786011083888,0.059519580494201224,0.00729825547505331,0.09013262198033842,0.391716235522785,0.2586720046396718,0.6603555869836435,-2.82144993663064,66.4
,,0.023314786011083888,0.059519580494201224,0.00729825547505331,0.09013262198033842,0.391716235522785,0.2586720046396718,0.6603555869836435,-2.82144993663064,66.5
,,0.023314786011083888,0.059519580494201224,0.00729825547505331,0.09013262198033842,0.391716235522785,0.2586720046396718,0.6603555869836435,-2.82144993663064,66.6
,,0.023314786011083888,0.059519580494201224,0.00729825547505331,0.09013262198033842,0.391716235522785,0.2586720046396718,0.6603555869836435,-2.82144993663064,66.7
,,0.023314786011083888,0.059519580494201224,0.00729825547505331,0.09013262198033842,0.391716235522785,0.2586720046396718,0.6603555869836435,-2.82144993663064,66.8
,,0.014667541416947542,0.027872403209397465,0.0036898689581057577,0.04622981358445077,0.5262388501900773,0.31727450923316974,0.6029097036803162,-3.580118211948634,66.9
,,0.014667541416947542,0.027872403209397465,0.0036898689581057577,0.04622981358445077,0.5262388501900773,0.31727450923316974,0.6029097036803162,-3.580118211948634,67.0
,,0.014667541416947542,0.027872403209397465,0.0036898689581057577,0.04622981358445077,0.5262388501900773,0.31727450923316974,0.6029097036803162,-3.580118211948634,67.1
,,0.014667541416947542,0.027872403209397465,0.0036898689581057577,0.04622981358445077,0.5262388501900773,0.31727450923316974,0.6029097036803162,-3.580118211948634,67.2
,,0.014667541416947542,0.027872403209397465,0.0036898689581057577,0.04622981358445077,0.5262388501900773,0.31727450923316974,0.6029097036803162,-3.580118211948634,67.3
,,0.013488974464521457,0.02334885280415159,0.00411075614551094,0.04094858341418399,0.5777146559475943,0.32941248121049954,0.5701992805949885,-3.757207426517357,67.4
,,0.013488974464521457,0.02334885280415159,0.00411075614551094,0.04094858341418399,0.5777146559475943,0.32941248121049954,0.5701992805949885,-3.757207426517357,67.5
,,0.013488974464521457,0.02334885280415159,0.00411075614551094,0.04094858341418399,0.5777146559475943,0.32941248121049954,0.5701992805949885,-3.757207426517357,67.6
,,0.013488974464521457,0.02334885280415159,0.00411075614551094,0.04094858341418399,0.5777146559475943,0.32941248121049954,0.5701992805949885,-3.757207426517357,67.7
,,0.013488974464521457,0.02334885280415159,0.00411075614551094,0.04094858341418399,0.5777146559475943,0.32941248121049954,0.5701992805949885,-3.757207426517357,67.8
,,0.014530400064267241,0.025412781328646945,0.004095115055861857,0.04403829644877605,0.5717752762421021,0.3299491859583747,0.5770609532593135,-3.6725030296060397,67.9
,,0.014530400064267241,0.025412781328646945,0.004095115055861857,0.04403829644877605,0.5717752762421021,0.3299491859583747,0.5770609532593135,-3.6725030296060397,68.0
,,0.014530400064267241,0.025412781328646945,0.004095115055861857,0.04403829644877605,0.5717752762421021,0.3299491859583747,0.5770609532593135,-3.6725030296060397,68.1
,,0.014530400064267241,0.025412781328646945,0.004095115055861857,0.04403829644877605,0.5717752762421021,0.3299491859583747,0.5770609532593135,-3.6725030296060397,68.2
,,0.014530400064267241,0.025412781328646945,0.004095115055861857,0.04403829644877605,0.5717752762421021,0.3299491859583747,0.5770609532593135,-3.6725030296060397,68.3
,,0.014183454186986829,0.022942452841000258,0.005014143427084635,0.04214005045507172,0.5666903909760191,0.33657895597701626,0.5444334449827182,-3.774766248803337,68.4
,,0.014183454186986829,0.022942452841000258,0.005014143427084635,0.04214005045507172,0.5616055057099363,0.33657895597701626,0.5444334449827182,-3.774766248803337,68.5
,,0.014183454186986829,0.022942452841000258,0.005014143427084635,0.04214005045507172,0.5565206204438533,0.33657895597701626,0.5444334449827182,-3.774766248803337,68.6
,,0.014183454186986829,0.022942452841000258,0.005014143427084635,0.04214005045507172,0.5514357351777703,0.33657895597701626,0.5444334449827182,-3.774766248803337,68.7
,,0.014183454186986829,0.022942452841000258,0.005014143427084635,0.04214005045507172,0.5463508499116874,0.33657895597701626,0.5444334449827182,-3.774766248803337,68.8
,,0.015333888733460772,0.025186296812831084,0.005116290291524071,0.04563647583781593,0.5412659646456045,0.3360007198617776,0.5518896091437645,-3.681455209633845,68.9
,,0.015333888733460772,0.025186296812831084,0.005116290291524071,0.04563647583781593,0.5361810793795215,0.3360007198617776,0.5518896091437645,-3.681455209633845,69.0
,,0.015333888733460772,0.025186296812831084,0.005116290291524071,0.04563647583781593,0.5310961941134386,0.3360007198617776,0.5518896091437645,-3.681455209633845,69.1
,,0.015333888733460772,0.025186296812831084,0.005116290291524071,0.04563647583781593,0.5260113088473556,0.3360007198617776,0.5518896091437645,-3.681455209633845,69.2
,,0.015333888733460772,0.025186296812831084,0.005116290291524071,0.04563647583781593,0.5209264235812727,0.3360007198617776,0.5518896091437645,-3.681455209633845,69.3
,,0.014719650227805628,0.022827214022141818,0.006218603854643228,0.04376546810459067,0.5158415383151898,0.3363302362636365,0.5215804836724096,-3.77980185733051,69.4
,,0.014719650227805628,0.022827214022141818,0.006218603854643228,0.04376546810459067,0.5107566530491068,0.3363302362636365,0.5215804836724096,-3.77980185733051,69.5
,,0.014719650227805628,0.022827214022141818,0.006218603854643228,0.04376546810459067,0.5056717677830238,0.3363302362636365,0.5215804836724096,-3.77980185733051,69.6
,,0.014719650227805628,0.022827214022141818,0.006218603854643228,0.04376546810459067,0.500586882516941,0.3363302362636365,0.5215804836724096,-3.77980185733051,69.7
,,0.015533082546282944,0.02481124907472361,0.006210369645893708,0.04655470126690026,0.495501997250858,0.3336522869566075,0.5329483038131759,-3.696458136930102,69.8
,,0.015533082546282944,0.02481124907472361,0.006210369645893708,0.04655470126690026,0.49041711198477506,0.3336522869566075,0.5329483038131759,-3.696458136930102,69.9
,,0.015533082546282944,0.02481124907472361,0.006210369645893708,0.04655470126690026,0.4853322267186921,0.3336522869566075,0.5329483038131759,-3.696458136930102,70.0
,,0.015533082546282944,0.02481124907472361,0.006210369645893708,0.04655470126690026,0.48024734145260917,0.3336522869566075,0.5329483038131759,-3.696458136930102,70.1
,,0.015533082546282944,0.02481124907472361,0.006210369645893708,0.04655470126690026,0.4751624561865262,0.3336522869566075,0.5329483038131759,-3.696458136930102,70.2
,,0.014668721686687805,0.022632832289903804,0.007374968947892479,0.04467652292448408,0.4700775709204433,0.3283317663615425,0.5065934143567903,-3.7883536707428354,70.3
,,0.014668721686687805,0.022632832289903804,0.007374968947892479,0.04467652292448408,0.46499268565436036,0.3283317663615425,0.5065934143567903,-3.7883536707428354,70.4
,,0.014668721686687805,0.022632832289903804,0.007374968947892479,0.04467652292448408,0.4599078003882774,0.3283317663615425,0.5065934143567903,-3.7883536707428354,70.5
,,0.014668721686687805,0.022632832289903804,0.007374968947892479,0.04467652292448408,0.4548229151221944,0.3283317663615425,0.5065934143567903,-3.7883536707428354,70.6
,,0.014491671274539817,0.06188308558247244,0.013016368772542477,0.07489945435501492,0.4497380298561115,,0.8262154392894991,-2.782508390550295,70.7
,,0.014314620862391832,0.06188308558247244,0.013016368772542477,0.07489945435501492,0.4446531445900286,,0.8262154392894991,-2.782508390550295,70.8
,,0.014137570450243844,0.06188308558247244,0.013016368772542477,0.07489945435501492,0.4395682593239456,,0.8262154392894991,-2.782508390550295,70.9
,,0.013960520038095859,0.06188308558247244,0.013016368772542477,0.07489945435501492,0.4344833740578627,,0.8262154392894991,-2.782508390550295,71.0
,,0.013783469625947871,0.06188308558247244,0.013016368772542477,0.07489945435501492,0.4293984887917798,,0.8262154392894991,-2.782508390550295,71.1
,,0.013606419213799886,0.06188308558247244,0.013016368772542477,0.07489945435501492,0.4243136035256968,,0.8262154392894991,-2.782508390550295,71.2
,,0.013429368801651898,0.02116239957479929,0.00840061592062371,0.042992384297074894,0.41922871825961383,0.31236622534948827,0.49223600693016534,-3.8555292769659544,71.3
,,0.013429368801651898,0.02116239957479929,0.00840061592062371,0.042992384297074894,0.4141438329935309,0.31236622534948827,0.49223600693016534,-3.8555292769659544,71.4
,,0.013429368801651898,0.02116239957479929,0.00840061592062371,0.042992384297074894,0.409058947727448,0.31236622534948827,0.49223600693016534,-3.8555292769659544,71.5
,,0.027316802331595596,0.06762018869517916,0.015235927073942012,0.11017291810071678,0.403974062461365,0.2479448017036582,0.6137641614735375,-2.693848691183085,71.6
,,0.027316802331595596,0.06762018869517916,0.015235927073942012,0.11017291810071678,0.403974062461365,0.2479448017036582,0.6137641614735375,-2.693848691183085,71.7
,,0.027316802331595596,0.06762018869517916,0.015235927073942012,0.11017291810071678,0.403974062461365,0.2479448017036582,0.6137641614735375,-2.693848691183085,71.8
,,0.027316802331595596,0.06762018869517916,0.015235927073942012,0.11017291810071678,0.403974062461365,0.2479448017036582,0.6137641614735375,-2.693848691183085,71.9
,,0.027316802331595596,0.06762018869517916,0.015235927073942012,0.11017291810071678,0.403974062461365,0.2479448017036582,0.6137641614735375,-2.693848691183085,72.0
,,0.027316802331595596,0.06762018869517916,0.015235927073942012,0.11017291810071678,0.403974062461365,0.2479448017036582,0.6137641614735375,-2.693848691183085,72.1
,,0.027316802331595596,0.06762018869517916,0.015235927073942012,0.11017291810071678,0.403974062461365,0.2479448017036582,0.6137641614735375,-2.693848691183085,72.2
,,0.027316802331595596,0.06762018869517916,0.015235927073942012,0.11017291810071678,0.403974062461365,0.2479448017036582,0.6137641614735375,-2.693848691183085,72.3
,,0.013125238818671578,0.021761014566742537,0.010378585956571455,0.04526483934198557,0.4846161822680648,0.2899654347496427,0.48074874191717337,-3.827635232771462,72.4
,,0.013590115896499633,0.02404231100475216,0.010070770949804807,0.0477031978510566,0.5652583020747646,0.2848889908582642,0.5039978887750737,-3.727940042290216,72.5
,,0.013590115896499633,0.02404231100475216,0.010070770949804807,0.0477031978510566,0.5652583020747646,0.2848889908582642,0.5039978887750737,-3.727940042290216,72.6
,,0.013590115896499633,0.02404231100475216,0.010070770949804807,0.0477031978510566,0.5652583020747646,0.2848889908582642,0.5039978887750737,-3.727940042290216,72.7
,,0.013590115896499633,0.02404231100475216,0.010070770949804807,0.0477031978510566,0.5652583020747646,0.2848889908582642,0.5039978887750737,-3.727940042290216,72.8
,,0.013590115896499633,0.02404231100475216,0.010070770949804807,0.0477031978510566,0.5652583020747646,0.2848889908582642,0.5039978887750737,-3.727940042290216,72.9
,,0.013590115896499633,0.02404231100475216,0.010070770949804807,0.0477031978510566,0.5652583020747646,0.2848889908582642,0.5039978887750737,-3.727940042290216,73.0
,,0.013590115896499633,0.02404231100475216,0.010070770949804807,0.0477031978510566,0.5652583020747646,0.2848889908582642,0.5039978887750737,-3.727940042290216,73.1
,,0.013590115896499633,0.02404231100475216,0.010070770949804807,0.0477031978510566,0.5652583020747646,0.2848889908582642,0.5039978887750737,-3.727940042290216,73.2
,,0.013590115896499633,0.02404231100475216,0.010070770949804807,0.0477031978510566,0.5652583020747646,0.2848889908582642,0.5039978887750737,-3.727940042290216,73.3
,,0.013889390927790606,0.026604012933869763,0.007884357348903026,0.04837776121056339,0.5220787917340065,0.28710280468203697,0.5499223665616986,-3.626693212397482,73.4
,,0.013273568082697255,0.025653501998231208,0.011575623681482631,0.050502693762411094,0.5174173913414417,0.2628289125554864,0.5079630429005945,-3.6630751865392845,73.5
,,0.013273568082697255,0.025653501998231208,0.011575623681482631,0.050502693762411094,0.5174173913414417,0.2628289125554864,0.5079630429005945,-3.6630751865392845,73.6
,,0.013273568082697255,0.025653501998231208,0.011575623681482631,0.050502693762411094,0.5174173913414417,0.2628289125554864,0.5079630429005945,-3.6630751865392845,73.7
,,0.013273568082697255,0.025653501998231208,0.011575623681482631,0.050502693762411094,0.5174173913414417,0.2628289125554864,0.5079630429005945,-3.6630751865392845,73.8
,,0.013273568082697255,0.025653501998231208,0.011575623681482631,0.050502693762411094,0.5174173913414417,0.2628289125554864,0.5079630429005945,-3.6630751865392845,73.9
,,0.013273568082697255,0.025653501998231208,0.011575623681482631,0.050502693762411094,0.5174173913414417,0.2628289125554864,0.5079630429005945,-3.6630751865392845,74.0
,,0.013273568082697255,0.025653501998231208,0.011575623681482631,0.050502693762411094,0.5174173913414417,0.2628289125554864,0.5079630429005945,-3.6630751865392845,74.1
,,0.013273568082697255,0.025653501998231208,0.011575623681482631,0.050502693762411094,0.5174173913414417,0.2628289125554864,0.5079630429005945,-3.6630751865392845,74.2
,,0.013124850527338236,0.02808243063793539,0.008627728078456645,0.036710158716392036,0.5038311783840952,,0.7649770968000708,-3.572611142390694,74.3
,,0.012976132971979217,0.02808243063793539,0.008627728078456645,0.036710158716392036,0.49024496542674867,,0.7649770968000708,-3.572611142390694,74.4
,,0.012827415416620198,0.026911108524003493,0.011591662323642905,0.051330186264266595,0.47665875246940215,0.2499000364148294,0.5242745153009041,-3.6152161213346647,74.5
,,0.012827415416620198,0.026911108524003493,0.011591662323642905,0.051330186264266595,0.47665875246940215,0.2499000364148294,0.5242745153009041,-3.6152161213346647,74.6
,,0.012827415416620198,0.026911108524003493,0.011591662323642905,0.051330186264266595,0.47665875246940215,0.2499000364148294,0.5242745153009041,-3.6152161213346647,74.7
,,0.012827415416620198,0.026911108524003493,0.011591662323642905,0.051330186264266595,0.47665875246940215,0.2499000364148294,0.5242745153009041,-3.6152161213346647,74.8
,,0.012827415416620198,0.026911108524003493,0.011591662323642905,0.051330186264266595,0.47665875246940215,0.2499000364148294,0.5242745153009041,-3.6152161213346647,74.9
,,0.012827415416620198,0.026911108524003493,0.011591662323642905,0.051330186264266595,0.47665875246940215,0.2499000364148294,0.5242745153009041,-3.6152161213346647,75.0
,,0.012827415416620198,0.026911108524003493,0.011591662323642905,0.051330186264266595,0.47665875246940215,0.2499000364148294,0.5242745153009041,-3.6152161213346647,75.1
,,0.012827415416620198,0.026911108524003493,0.011591662323642905,0.051330186264266595,0.47665875246940215,0.2499000364148294,0.5242745153009041,-3.6152161213346647,75.2
,,0.01332866815610513,0.029458458964442033,0.008513019181632837,0.05130014630218,0.45245639536655874,0.2598173517399643,0.5742373285042697,-3.524774178737358,75.3
,,0.013041060533953363,0.028533465735231016,0.01103143673774257,0.05260596300692695,0.4570443932386112,0.24790080417758278,0.5423998365256395,-3.5566776442598926,75.4
,,0.013041060533953363,0.028533465735231016,0.01103143673774257,0.05260596300692695,0.4570443932386112,0.24790080417758278,0.5423998365256395,-3.5566776442598926,75.5
,,0.013041060533953363,0.028533465735231016,0.01103143673774257,0.05260596300692695,0.4570443932386112,0.24790080417758278,0.5423998365256395,-3.5566776442598926,75.6
,,0.013041060533953363,0.028533465735231016,0.01103143673774257,0.05260596300692695,0.4570443932386112,0.24790080417758278,0.5423998365256395,-3.5566776442598926,75.7
,,0.013041060533953363,0.028533465735231016,0.01103143673774257,0.05260596300692695,0.4570443932386112,0.24790080417758278,0.5423998365256395,-3.5566776442598926,75.8
,,0.013041060533953363,0.028533465735231016,0.01103143673774257,0.05260596300692695,0.4570443932386112,0.24790080417758278,0.5423998365256395,-3.5566776442598926,75.9
,,0.013041060533953363,0.028533465735231016,0.01103143673774257,0.05260596300692695,0.4570443932386112,0.24790080417758278,0.5423998365256395,-3.5566776442598926,76.0
,,0.013041060533953363,0.028533465735231016,0.01103143673774257,0.05260596300692695,0.4570443932386112,0.24790080417758278,0.5423998365256395,-3.5566776442598926,76.1
,,0.013041060533953363,0.028533465735231016,0.01103143673774257,0.05260596300692695,0.4570443932386112,0.24790080417758278,0.5423998365256395,-3.5566776442598926,76.2
,,0.01307079145146343,0.028222742163047824,0.012028915255775301,0.05332244887028656,0.4631297474905568,0.2451273662104256,0.529284433873304,-3.5676271663694035,76.3
,,0.01355571400276956,0.02968115836439702,0.009785340748800263,0.05302221311596684,0.45671108372339797,0.25566103725473244,0.5597872404812727,-3.5172428329945133,76.4
,,0.01355571400276956,0.02968115836439702,0.009785340748800263,0.05302221311596684,0.45671108372339797,0.25566103725473244,0.5597872404812727,-3.5172428329945133,76.5
,,0.01355571400276956,0.02968115836439702,0.009785340748800263,0.05302221311596684,0.45671108372339797,0.25566103725473244,0.5597872404812727,-3.5172428329945133,76.6
,,0.01355571400276956,0.02968115836439702,0.009785340748800263,0.05302221311596684,0.45671108372339797,0.25566103725473244,0.5597872404812727,-3.5172428329945133,76.7
,,0.01355571400276956,0.02968115836439702,0.009785340748800263,0.05302221311596684,0.45671108372339797,0.25566103725473244,0.5597872404812727,-3.5172428329945133,76.8
,,0.01355571400276956,0.02968115836439702,0.009785340748800263,0.05302221311596684,0.45671108372339797,0.25566103725473244,0.5597872404812727,-3.5172428329945133,76.9
,,0.01355571400276956,0.02968115836439702,0.009785340748800263,0.05302221311596684,0.45671108372339797,0.25566103725473244,0.5597872404812727,-3.5172428329945133,77.0
,,0.01355571400276956,0.02968115836439702,0.009785340748800263,0.05302221311596684,0.45671108372339797,0.25566103725473244,0.5597872404812727,-3.5172428329945133,77.1
,,0.01355571400276956,0.02968115836439702,0.009785340748800263,0.05302221311596684,0.45671108372339797,0.25566103725473244,0.5597872404812727,-3.5172428329945133,77.2
,,0.012492774871609637,0.026740892815871338,0.009447078385927735,0.04868074607340871,0.4671786749092718,0.25662661070910886,0.549311482933049,-3.621561319089692,77.3
,,0.012492774871609637,0.026740892815871338,0.009447078385927735,0.04868074607340871,0.4671786749092718,0.25662661070910886,0.549311482933049,-3.621561319089692,77.4
,,0.012767416038557796,0.027351084508699483,0.007222467351455299,0.04734096789871258,0.46679743300478266,0.2696906422757149,0.5777466267106737,-3.5989990979314026,77.5
,,0.012767416038557796,0.027351084508699483,0.007222467351455299,0.04734096789871258,0.46679743300478266,0.2696906422757149,0.5777466267106737,-3.5989990979314026,77.6
,,0.012767416038557796,0.027351084508699483,0.007222467351455299,0.04734096789871258,0.46679743300478266,0.2696906422757149,0.5777466267106737,-3.5989990979314026,77.7
,,0.012767416038557796,0.027351084508699483,0.007222467351455299,0.04734096789871258,0.46679743300478266,0.2696906422757149,0.5777466267106737,-3.5989990979314026,77.8
,,0.012767416038557796,0.027351084508699483,0.007222467351455299,0.04734096789871258,0.46679743300478266,0.2696906422757149,0.5777466267106737,-3.5989990979314026,77.9
,,0.012767416038557796,0.027351084508699483,0.007222467351455299,0.04734096789871258,0.46679743300478266,0.2696906422757149,0.5777466267106737,-3.5989990979314026,78.0
,,0.012767416038557796,0.027351084508699483,0.007222467351455299,0.04734096789871258,0.46679743300478266,0.2696906422757149,0.5777466267106737,-3.5989990979314026,78.1
,,0.012767416038557796,0.027351084508699483,0.007222467351455299,0.04734096789871258,0.46679743300478266,0.2696906422757149,0.5777466267106737,-3.5989990979314026,78.2
,,0.012767416038557796,0.027351084508699483,0.007222467351455299,0.04734096789871258,0.46679743300478266,0.2696906422757149,0.5777466267106737,-3.5989990979314026,78.3
,,0.015057348488166093,0.019870830028839836,0.0038579292263738055,0.03878610774337973,0.46604472952622455,0.3882149915064932,0.5123182289986682,-3.918502450324605,78.4
,,0.011843933557837706,0.02545483888568588,0.005086281911107198,0.04238505435463079,0.4652920260476664,0.2794365546577079,0.6005616666834546,-3.6708494210257556,78.5
,,0.011843933557837706,0.02545483888568588,0.005086281911107198,0.04238505435463079,0.4652920260476664,0.2794365546577079,0.6005616666834546,-3.6708494210257556,78.6
,,0.011843933557837706,0.02545483888568588,0.005086281911107198,0.04238505435463079,0.4652920260476664,0.2794365546577079,0.6005616666834546,-3.6708494210257556,78.7
,,0.011843933557837706,0.02545483888568588,0.005086281911107198,0.04238505435463079,0.4652920260476664,0.2794365546577079,0.6005616666834546,-3.6708494210257556,78.8
,,0.011843933557837706,0.02545483888568588,0.005086281911107198,0.04238505435463079,0.4652920260476664,0.2794365546577079,0.6005616666834546,-3.6708494210257556,78.9
,,0.011843933557837706,0.02545483888568588,0.005086281911107198,0.04238505435463079,0.4652920260476664,0.2794365546577079,0.6005616666834546,-3.6708494210257556,79.0
,,0.011843933557837706,0.02545483888568588,0.005086281911107198,0.04238505435463079,0.4652920260476664,0.2794365546577079,0.6005616666834546,-3.6708494210257556,79.1
,,0.011843933557837706,0.02545483888568588,0.005086281911107198,0.04238505435463079,0.4652920260476664,0.2794365546577079,0.6005616666834546,-3.6708494210257556,79.2
,,0.011843933557837706,0.02545483888568588,0.005086281911107198,0.04238505435463079,0.4652920260476664,0.2794365546577079,0.6005616666834546,-3.6708494210257556,79.3
,,0.011843933557837706,0.02545483888568588,0.005086281911107198,0.04238505435463079,0.4652920260476664,0.2794365546577079,0.6005616666834546,-3.6708494210257556,79.4
,,0.011186723815689428,0.025107891311291125,0.004934507588508517,0.04122912271548907,0.4455461303776917,0.2713306293923826,0.6089843697270455,-3.684573087383954,79.5
,,0.011083237739586773,0.025284579549017097,0.003829542012740871,0.04019735930134474,0.4383398077907773,0.275720543145629,0.6290109596371232,-3.67756057306315,79.6
,,0.011083237739586773,0.025284579549017097,0.003829542012740871,0.04019735930134474,0.4383398077907773,0.275720543145629,0.6290109596371232,-3.67756057306315,79.7
,,0.011083237739586773,0.025284579549017097,0.003829542012740871,0.04019735930134474,0.4383398077907773,0.275720543145629,0.6290109596371232,-3.67756057306315,79.8
,,0.011083237739586773,0.025284579549017097,0.003829542012740871,0.04019735930134474,0.4383398077907773,0.275720543145629,0.6290109596371232,-3.67756057306315,79.9
,,0.011083237739586773,0.025284579549017097,0.003829542012740871,0.04019735930134474,0.4383398077907773,0.275720543145629,0.6290109596371232,-3.67756057306315,80.0
,,0.011083237739586773,0.025284579549017097,0.003829542012740871,0.04019735930134474,0.4383398077907773,0.275720543145629,0.6290109596371232,-3.67756057306315,80.1
,,0.011083237739586773,0.025284579549017097,0.003829542012740871,0.04019735930134474,0.4383398077907773,0.275720543145629,0.6290109596371232,-3.67756057306315,80.2
,,0.011083237739586773,0.025284579549017097,0.003829542012740871,0.04019735930134474,0.4383398077907773,0.275720543145629,0.6290109596371232,-3.67756057306315,80.3
,,0.011083237739586773,0.025284579549017097,0.003829542012740871,0.04019735930134474,0.4383398077907773,0.275720543145629,0.6290109596371232,-3.67756057306315,80.4
,,0.010507479113297176,0.025799873417343237,0.003868861899271299,0.04017621442991171,0.407268630482265,0.2615348225908069,0.6421678543744255,-3.657385693371127,80.5
,,0.010507479113297176,0.025799873417343237,0.003868861899271299,0.04017621442991171,0.407268630482265,0.2615348225908069,0.6421678543744255,-3.657385693371127,80.6
,,0.010507479113297176,0.025799873417343237,0.003868861899271299,0.04017621442991171,0.407268630482265,0.2615348225908069,0.6421678543744255,-3.657385693371127,80.7
,,0.010379153278803902,0.02637202967178425,0.003148234947672331,0.039899417898260486,0.3935667223182553,0.2601329499410167,0.6609627674025291,-3.6354513126071812,80.8
,,0.010379153278803902,0.02637202967178425,0.003148234947672331,0.039899417898260486,0.3935667223182553,0.2601329499410167,0.6609627674025291,-3.6354513126071812,80.9
,,0.010379153278803902,0.02637202967178425,0.003148234947672331,0.039899417898260486,0.3935667223182553,0.2601329499410167,0.6609627674025291,-3.6354513126071812,81.0
,,0.010379153278803902,0.02637202967178425,0.003148234947672331,0.039899417898260486,0.3935667223182553,0.2601329499410167,0.6609627674025291,-3.6354513126071812,81.1
,,0.010379153278803902,0.02637202967178425,0.003148234947672331,0.039899417898260486,0.3935667223182553,0.2601329499410167,0.6609627674025291,-3.6354513126071812,81.2
,,0.010379153278803902,0.02637202967178425,0.003148234947672331,0.039899417898260486,0.3935667223182553,0.2601329499410167,0.6609627674025291,-3.6354513126071812,81.3
,,0.010379153278803902,0.02637202967178425,0.003148234947672331,0.039899417898260486,0.3935667223182553,0.2601329499410167,0.6609627674025291,-3.6354513126071812,81.4
,,0.010134646209533657,0.01489682906645146,0.003806867789897046,0.018703696856348505,0.3789460001965009,,0.7964644198879379,-4.206606903011024,81.5
,,0.009890139140263411,0.01489682906645146,0.003806867789897046,0.018703696856348505,0.36432527807474646,,0.7964644198879379,-4.206606903011024,81.6
,,0.009645632070993166,0.01489682906645146,0.003806867789897046,0.018703696856348505,0.349704555952992,,0.7964644198879379,-4.206606903011024,81.7
,,0.00940112500172292,0.02805603867615328,0.0028129206691335814,0.04027008434700978,0.3350838338312376,0.233451832896918,0.6966967944341184,-3.57355138761109,81.8
,,0.00940112500172292,0.02805603867615328,0.0028129206691335814,0.04027008434700978,0.3350838338312376,0.233451832896918,0.6966967944341184,-3.57355138761109,81.9
,,0.00940112500172292,0.02805603867615328,0.0028129206691335814,0.04027008434700978,0.3350838338312376,0.233451832896918,0.6966967944341184,-3.57355138761109,82.0
,,0.00940112500172292,0.02805603867615328,0.0028129206691335814,0.04027008434700978,0.3350838338312376,0.233451832896918,0.6966967944341184,-3.57355138761109,82.1
,,0.00940112500172292,0.02805603867615328,0.0028129206691335814,0.04027008434700978,0.3350838338312376,0.233451832896918,0.6966967944341184,-3.57355138761109,82.2
,,0.00940112500172292,0.02805603867615328,0.0028129206691335814,0.04027008434700978,0.3350838338312376,0.233451832896918,0.6966967944341184,-3.57355138761109,82.3
,,0.00940112500172292,0.02805603867615328,0.0028129206691335814,0.04027008434700978,0.3350838338312376,0.233451832896918,0.6966967944341184,-3.57355138761109,82.4
,,0.013212730551857689,0.013826394708571242,0.0043466730060748235,0.031385798266503756,0.3216537828280233,0.4209779990193485,0.4405302866974504,-4.2811758535828,82.5
,,0.013212730551857689,0.013826394708571242,0.0043466730060748235,0.031385798266503756,0.308223731824809,0.4209779990193485,0.4405302866974504,-4.2811758535828,82.6
,,0.013212730551857689,0.013826394708571242,0.0043466730060748235,0.031385798266503756,0.29479368082159474,0.4209779990193485,0.4405302866974504,-4.2811758535828,82.7
,,0.008764754325536942,0.031150985403460178,0.0030216413814598076,0.042937381110456925,0.2813636298183805,0.20412875911061057,0.7254980298710789,-3.4689094001090504,82.8
,,0.008764754325536942,0.031150985403460178,0.0030216413814598076,0.042937381110456925,0.2813636298183805,0.20412875911061057,0.7254980298710789,-3.4689094001090504,82.9
,,0.008764754325536942,0.031150985403460178,0.0030216413814598076,0.042937381110456925,0.2813636298183805,0.20412875911061057,0.7254980298710789,-3.4689094001090504,83.0
,,0.008764754325536942,0.031150985403460178,0.0030216413814598076,0.042937381110456925,0.2813636298183805,0.20412875911061057,0.7254980298710789,-3.4689094001090504,83.1
,,0.008764754325536942,0.031150985403460178,0.0030216413814598076,0.042937381110456925,0.2813636298183805,0.20412875911061057,0.7254980298710789,-3.4689094001090504,83.2
,,0.008764754325536942,0.031150985403460178,0.0030216413814598076,0.042937381110456925,0.2813636298183805,0.20412875911061057,0.7254980298710789,-3.4689094001090504,83.3
,,0.008764754325536942,0.031150985403460178,0.0030216413814598076,0.042937381110456925,0.2813636298183805,0.20412875911061057,0.7254980298710789,-3.4689094001090504,83.4
,,0.012208467632478463,0.013632007697145503,0.005313117205018858,0.031153592534642824,0.2736194464421837,0.3918799290612354,0.437574179670826,-4.295334744257316,83.5
,,0.012208467632478463,0.013632007697145503,0.005313117205018858,0.031153592534642824,0.26587526306598697,0.3918799290612354,0.437574179670826,-4.295334744257316,83.6
,,0.012208467632478463,0.013632007697145503,0.005313117205018858,0.031153592534642824,0.2581310796897902,0.3918799290612354,0.437574179670826,-4.295334744257316,83.7
,,0.012208467632478463,0.013632007697145503,0.005313117205018858,0.031153592534642824,0.2503868963135934,0.3918799290612354,0.437574179670826,-4.295334744257316,83.8
,,0.012208467632478463,0.013632007697145503,0.005313117205018858,0.031153592534642824,0.24264271293739664,0.3918799290612354,0.437574179670826,-4.295334744257316,83.9
,,0.0082281744409243,0.03502863324131857,0.003471268667228798,0.046728076349471674,0.2348985295611999,0.1760863079273181,0.749627118808511,-3.351589459338982,84.0
,,0.0082281744409243,0.03502863324131857,0.003471268667228798,0.046728076349471674,0.2348985295611999,0.1760863079273181,0.749627118808511,-3.351589459338982,84.1
,,0.0082281744409243,0.03502863324131857,0.003471268667228798,0.046728076349471674,0.2348985295611999,0.1760863079273181,0.749627118808511,-3.351589459338982,84.2
,,0.0082281744409243,0.03502863324131857,0.003471268667228798,0.046728076349471674,0.2348985295611999,0.1760863079273181,0.749627118808511,-3.351589459338982,84.3
,,0.0082281744409243,0.03502863324131857,0.003471268667228798,0.046728076349471674,0.2348985295611999,0.1760863079273181,0.749627118808511,-3.351589459338982,84.4
,,0.00814296011608697,0.03692380790250679,0.0042421671676288915,0.04116597507013568,0.2289270142061926,,0.8969496735981258,-3.2988987353781436,84.5
,,0.00805774579124964,0.03692380790250679,0.0042421671676288915,0.04116597507013568,0.22295549885118535,,0.8969496735981258,-3.2988987353781436,84.6
,,0.00797253146641231,0.03692380790250679,0.0042421671676288915,0.04116597507013568,0.2169839834961781,,0.8969496735981258,-3.2988987353781436,84.7
,,0.00788731714157498,0.03692380790250679,0.0042421671676288915,0.04116597507013568,0.2110124681411708,,0.8969496735981258,-3.2988987353781436,84.8
,,0.00780210281673765,0.03692380790250679,0.0042421671676288915,0.04116597507013568,0.20504095278616352,,0.8969496735981258,-3.2988987353781436,84.9
,,0.00771688849190032,0.03876480785539485,0.003970065892215352,0.05045176223951052,0.19906943743115627,0.1529557769511757,0.7683538916116748,-3.2502424579752507,85.0
,,0.00771688849190032,0.03876480785539485,0.003970065892215352,0.05045176223951052,0.19906943743115627,0.1529557769511757,0.7683538916116748,-3.2502424579752507,85.1
,,0.00771688849190032,0.03876480785539485,0.003970065892215352,0.05045176223951052,0.19906943743115627,0.1529557769511757,0.7683538916116748,-3.2502424579752507,85.2
,,0.00771688849190032,0.03876480785539485,0.003970065892215352,0.05045176223951052,0.19906943743115627,0.1529557769511757,0.7683538916116748,-3.2502424579752507,85.3
,,0.00771688849190032,0.03876480785539485,0.003970065892215352,0.05045176223951052,0.19906943743115627,0.1529557769511757,0.7683538916116748,-3.2502424579752507,85.4
,,0.007453919391898719,0.04006491290318971,0.004856887698083137,0.05237571999317157,0.18604606504224513,0.1423163136061999,0.764952021822576,-3.2172543176421557,85.5
,,0.007453919391898719,0.04006491290318971,0.004856887698083137,0.05237571999317157,0.18604606504224513,0.1423163136061999,0.764952021822576,-3.2172543176421557,85.6
,,0.007453919391898719,0.04006491290318971,0.004856887698083137,0.05237571999317157,0.18604606504224513,0.1423163136061999,0.764952021822576,-3.2172543176421557,85.7
,,0.007453919391898719,0.04006491290318971,0.004856887698083137,0.05237571999317157,0.18604606504224513,0.1423163136061999,0.764952021822576,-3.2172543176421557,85.8
,,0.007453919391898719,0.04006491290318971,0.004856887698083137,0.05237571999317157,0.18604606504224513,0.1423163136061999,0.764952021822576,-3.2172543176421557,85.9
,,0.007453919391898719,0.04006491290318971,0.004856887698083137,0.05237571999317157,0.18604606504224513,0.1423163136061999,0.764952021822576,-3.2172543176421557,86.0
,,0.007243404131297531,0.04204894629110577,0.0037610340547776693,0.05305338447718097,0.1722612519503173,0.1365304815645272,0.7925780175097336,-3.1689209513526357,86.1
,,0.007243404131297531,0.04204894629110577,0.0037610340547776693,0.05305338447718097,0.1722612519503173,0.1365304815645272,0.7925780175097336,-3.1689209513526357,86.2
,,0.007243404131297531,0.04204894629110577,0.0037610340547776693,0.05305338447718097,0.1722612519503173,0.1365304815645272,0.7925780175097336,-3.1689209513526357,86.3
,,0.007243404131297531,0.04204894629110577,0.0037610340547776693,0.05305338447718097,0.1722612519503173,0.1365304815645272,0.7925780175097336,-3.1689209513526357,86.4
,,0.007243404131297531,0.04204894629110577,0.0037610340547776693,0.05305338447718097,0.1722612519503173,0.1365304815645272,0.7925780175097336,-3.1689209513526357,86.5
,,0.007074357710420842,0.04250301812403843,0.00542580586833091,0.055003181702790185,0.16644365559583163,0.1286172452467777,0.7727374455118539,-3.158180190889932,86.6
,,0.007074357710420842,0.04250301812403843,0.00542580586833091,0.055003181702790185,0.16644365559583163,0.1286172452467777,0.7727374455118539,-3.158180190889932,86.7
,,0.007074357710420842,0.04250301812403843,0.00542580586833091,0.055003181702790185,0.16644365559583163,0.1286172452467777,0.7727374455118539,-3.158180190889932,86.8
,,0.007074357710420842,0.04250301812403843,0.00542580586833091,0.055003181702790185,0.16644365559583163,0.1286172452467777,0.7727374455118539,-3.158180190889932,86.9
,,0.007074357710420842,0.04250301812403843,0.00542580586833091,0.055003181702790185,0.16644365559583163,0.1286172452467777,0.7727374455118539,-3.158180190889932,87.0
,,0.007074357710420842,0.04250301812403843,0.00542580586833091,0.055003181702790185,0.16644365559583163,0.1286172452467777,0.7727374455118539,-3.158180190889932,87.1
,,0.008727985557987613,0.017768005740507957,0.005858569419948237,0.03235456071844381,0.4912191995801379,0.2697605952354099,0.549165414271233,-4.030355869308796,87.2
,,0.008727985557987613,0.017768005740507957,0.005858569419948237,0.03235456071844381,0.4912191995801379,0.2697605952354099,0.549165414271233,-4.030355869308796,87.3
,,0.008727985557987613,0.017768005740507957,0.005858569419948237,0.03235456071844381,0.4912191995801379,0.2697605952354099,0.549165414271233,-4.030355869308796,87.4
,,0.008727985557987613,0.017768005740507957,0.005858569419948237,0.03235456071844381,0.4912191995801379,0.2697605952354099,0.549165414271233,-4.030355869308796,87.5
,,0.00848692658710474,0.04253696428643032,0.005593493244507364,0.048130457530937684,0.44958321811957214,,0.8837847481314315,-3.15738183314731,87.6
,,0.008245867616221866,0.04253696428643032,0.005593493244507364,0.048130457530937684,0.4079472366590064,,0.8837847481314315,-3.15738183314731,87.7
,,0.008004808645338993,0.04253696428643032,0.005593493244507364,0.048130457530937684,0.36631125519844066,,0.8837847481314315,-3.15738183314731,87.8
,,0.007763749674456119,0.04253696428643032,0.005593493244507364,0.048130457530937684,0.3246752737378749,,0.8837847481314315,-3.15738183314731,87.9
,,0.007522690703573245,0.04253696428643032,0.005593493244507364,0.048130457530937684,0.2830392922773092,,0.8837847481314315,-3.15738183314731,88.0
,,0.007281631732690372,0.04253696428643032,0.005593493244507364,0.048130457530937684,0.24140331081674343,,0.8837847481314315,-3.15738183314731,88.1
,,0.007040572761807498,0.04253696428643032,0.005593493244507364,0.048130457530937684,0.1997673293561777,,0.8837847481314315,-3.15738183314731,88.2
,,0.0067995137909246245,0.04299915153707044,0.0039674321802209995,0.053766097508216065,0.15813134789561198,0.12646470742805133,0.7997447002825467,-3.1465748951792833,88.3
,,0.0067995137909246245,0.04299915153707044,0.0039674321802209995,0.053766097508216065,0.15813134789561198,0.12646470742805133,0.7997447002825467,-3.1465748951792833,88.4
,,0.0067995137909246245,0.04299915153707044,0.0039674321802209995,0.053766097508216065,0.15813134789561198,0.12646470742805133,0.7997447002825467,-3.1465748951792833,88.5
,,0.0067995137909246245,0.04299915153707044,0.0039674321802209995,0.053766097508216065,0.15813134789561198,0.12646470742805133,0.7997447002825467,-3.1465748951792833,88.6
,,0.006792539338906799,0.01716758738245888,0.006966658508256118,0.024134245890714997,0.15982058528665005,,0.711337220155847,-4.064732127489161,88.7
,,0.006785564886888974,0.01716758738245888,0.006966658508256118,0.024134245890714997,0.1615098226776881,,0.711337220155847,-4.064732127489161,88.8
,,0.006778590434871148,0.01716758738245888,0.006966658508256118,0.024134245890714997,0.16319906006872617,,0.711337220155847,-4.064732127489161,88.9
,,0.006771615982853323,0.01716758738245888,0.006966658508256118,0.024134245890714997,0.16488829745976424,,0.711337220155847,-4.064732127489161,89.0
,,0.006764641530835497,0.01716758738245888,0.006966658508256118,0.024134245890714997,0.1665775348508023,,0.711337220155847,-4.064732127489161,89.1
,,0.006757667078817671,0.01716758738245888,0.006966658508256118,0.024134245890714997,0.16826677224184036,,0.711337220155847,-4.064732127489161,89.2
,,0.006750692626799846,0.01716758738245888,0.006966658508256118,0.024134245890714997,0.1699560096328784,,0.711337220155847,-4.064732127489161,89.3
,,0.0067437181747820206,0.039288697425116426,0.004294018673887448,0.05032643427378589,0.17164524702391648,0.13399952275765936,0.7806771529128814,-3.236818398796245,89.4
,,0.0067437181747820206,0.039288697425116426,0.004294018673887448,0.05032643427378589,0.17164524702391648,0.13399952275765936,0.7806771529128814,-3.236818398796245,89.5
,,0.0067437181747820206,0.039288697425116426,0.004294018673887448,0.05032643427378589,0.17164524702391648,0.13399952275765936,0.7806771529128814,-3.236818398796245,89.6
,,0.006640930480775518,0.03539577889822652,0.0045867644952817645,0.046623473874283804,0.1876192779899034,0.1424374875772281,0.759183646282304,-3.3411627061151745,89.7
,,0.006640930480775518,0.03539577889822652,0.0045867644952817645,0.046623473874283804,0.1876192779899034,0.1424374875772281,0.759183646282304,-3.3411627061151745,89.8
,,0.006640930480775518,0.03539577889822652,0.0045867644952817645,0.046623473874283804,0.1876192779899034,0.1424374875772281,0.759183646282304,-3.3411627061151745,89.9
,,0.006640930480775518,0.03539577889822652,0.0045867644952817645,0.046623473874283804,0.1876192779899034,0.1424374875772281,0.759183646282304,-3.3411627061151745,90.0
,,0.006640930480775518,0.03539577889822652,0.0045867644952817645,0.046623473874283804,0.1876192779899034,0.1424374875772281,0.759183646282304,-3.3411627061151745,90.1
,,0.006640930480775518,0.03539577889822652,0.0045867644952817645,0.046623473874283804,0.1876192779899034,0.1424374875772281,0.759183646282304,-3.3411627061151745,90.2
,,0.006640930480775518,0.03539577889822652,0.0045867644952817645,0.046623473874283804,0.1876192779899034,0.1424374875772281,0.759183646282304,-3.3411627061151745,90.3
,,0.006653212443386362,0.03407744618814397,0.003546209552519356,0.04427686818404969,0.19523800013221382,0.1502638446723546,0.7696444573832807,-3.3791195156227465,90.4
,,0.006653212443386362,0.03407744618814397,0.003546209552519356,0.04427686818404969,0.19523800013221382,0.1502638446723546,0.7696444573832807,-3.3791195156227465,90.5
,,0.006541812487326433,0.031239591872448316,0.0037272694766107323,0.041508673836385485,0.20940774495507955,0.15760109593267807,0.7526039496126821,-3.466069018358208,90.6
,,0.006653212443386362,0.03407744618814397,0.003546209552519356,0.04427686818404969,0.19523800013221382,0.1502638446723546,0.7696444573832807,-3.3791195156227465,90.7
,,0.006629084482237602,0.030726076463443823,0.003753227152078319,0.03447930361552214,0.1985059314416456,,0.8911455058973794,-3.4826435887184166,90.8
,,0.006604956521088841,0.030726076463443823,0.003753227152078319,0.03447930361552214,0.2017738627510774,,0.8911455058973794,-3.4826435887184166,90.9
,,0.006580828559940081,0.030726076463443823,0.003753227152078319,0.03447930361552214,0.20504179406050918,,0.8911455058973794,-3.4826435887184166,91.0
,,0.00655670059879132,0.030726076463443823,0.003753227152078319,0.03447930361552214,0.20830972536994094,,0.8911455058973794,-3.4826435887184166,91.1
,,0.00653257263764256,0.030726076463443823,0.003753227152078319,0.03447930361552214,0.21157765667937273,,0.8911455058973794,-3.4826435887184166,91.2
,,0.006508444676493799,0.030726076463443823,0.003753227152078319,0.03447930361552214,0.21484558798880452,,0.8911455058973794,-3.4826435887184166,91.3
,,0.006484316715345039,0.02972909123747962,0.0027713388196212376,0.03898474677244589,0.2181135192982363,0.16632958405999196,0.7625826431811505,-3.515629209628028,91.4
,,0.006484316715345039,0.02972909123747962,0.0027713388196212376,0.03898474677244589,0.2181135192982363,0.16632958405999196,0.7625826431811505,-3.515629209628028,91.5
,,0.006484316715345039,0.02972909123747962,0.0027713388196212376,0.03898474677244589,0.2181135192982363,0.16632958405999196,0.7625826431811505,-3.515629209628028,91.6
,,0.0062923887188894466,0.02770323706051581,0.0029988698827651153,0.03699449566217037,0.22713550424248827,0.17008986353945307,0.7488475397393898,-3.586206011226142,91.7
,,0.0062923887188894466,0.02770323706051581,0.0029988698827651153,0.03699449566217037,0.22713550424248827,0.17008986353945307,0.7488475397393898,-3.586206011226142,91.8
,,0.0062923887188894466,0.02770323706051581,0.0029988698827651153,0.03699449566217037,0.22713550424248827,0.17008986353945307,0.7488475397393898,-3.586206011226142,91.9
,,0.0062923887188894466,0.02770323706051581,0.0029988698827651153,0.03699449566217037,0.22713550424248827,0.17008986353945307,0.7488475397393898,-3.586206011226142,92.0
,,0.0062923887188894466,0.02770323706051581,0.0029988698827651153,0.03699449566217037,0.22713550424248827,0.17008986353945307,0.7488475397393898,-3.586206011226142,92.1
,,0.0062923887188894466,0.02770323706051581,0.0029988698827651153,0.03699449566217037,0.22713550424248827,0.17008986353945307,0.7488475397393898,-3.586206011226142,92.2
,,0.0062923887188894466,0.02770323706051581,0.0029988698827651153,0.03699449566217037,0.22713550424248827,0.17008986353945307,0.7488475397393898,-3.586206011226142,92.3
,,0.005979236637009844,0.02083526825002103,0.0022545716448414033,0.029069076531872275,0.2869767053276988,0.20569062902476506,0.7167502630218255,-3.8711081392195905,92.4
,,0.005979236637009844,0.02083526825002103,0.0022545716448414033,0.029069076531872275,0.2869767053276988,0.20569062902476506,0.7167502630218255,-3.8711081392195905,92.5
,,0.005979236637009844,0.02083526825002103,0.0022545716448414033,0.029069076531872275,0.2869767053276988,0.20569062902476506,0.7167502630218255,-3.8711081392195905,92.6
,,0.005979236637009844,0.02083526825002103,0.0022545716448414033,0.029069076531872275,0.2869767053276988,0.20569062902476506,0.7167502630218255,-3.8711081392195905,92.7
,,0.006027387222562615,0.02667303752100498,0.0025740981333724363,0.03527452287694003,0.2259730342978769,0.17087083625737406,0.7561558696075776,-3.62410205447242,92.8
,,0.006027387222562615,0.02667303752100498,0.0025740981333724363,0.03527452287694003,0.2259730342978769,0.17087083625737406,0.7561558696075776,-3.62410205447242,92.9
,,0.006027387222562615,0.02667303752100498,0.0025740981333724363,0.03527452287694003,0.2259730342978769,0.17087083625737406,0.7561558696075776,-3.62410205447242,93.0
,,0.006027387222562615,0.02667303752100498,0.0025740981333724363,0.03527452287694003,0.2259730342978769,0.17087083625737406,0.7561558696075776,-3.62410205447242,93.1
,,0.006027387222562615,0.02667303752100498,0.0025740981333724363,0.03527452287694003,0.2259730342978769,0.17087083625737406,0.7561558696075776,-3.62410205447242,93.2
,,0.006027387222562615,0.02667303752100498,0.0025740981333724363,0.03527452287694003,0.2259730342978769,0.17087083625737406,0.7561558696075776,-3.62410205447242,93.3
,,0.006027387222562615,0.02667303752100498,0.0025740981333724363,0.03527452287694003,0.2259730342978769,0.17087083625737406,0.7561558696075776,-3.62410205447242,93.4
,,0.00603300553921133,0.027728897791215935,0.0017270412633760349,0.0354889445938033,0.21757105473995755,0.16999675837823447,0.7813390369477953,-3.5852801680270026,93.5
,,0.00603300553921133,0.027728897791215935,0.0017270412633760349,0.0354889445938033,0.21757105473995755,0.16999675837823447,0.7813390369477953,-3.5852801680270026,93.6
,,0.00603300553921133,0.027728897791215935,0.0017270412633760349,0.0354889445938033,0.21757105473995755,0.16999675837823447,0.7813390369477953,-3.5852801680270026,93.7
,,0.006004234696393021,0.025190793836272277,0.0028460110220657163,0.028036804858337993,0.2146242375424491,,0.8984901797317562,-3.6812766751692623,93.8
,,0.005975463853574712,0.025190793836272277,0.0028460110220657163,0.028036804858337993,0.21167742034494064,,0.8984901797317562,-3.6812766751692623,93.9
,,0.005946693010756403,0.025190793836272277,0.0028460110220657163,0.028036804858337993,0.2087306031474322,,0.8984901797317562,-3.6812766751692623,94.0
,,0.005917922167938093,0.025190793836272277,0.0028460110220657163,0.028036804858337993,0.20578378594992372,,0.8984901797317562,-3.6812766751692623,94.1
,,0.005889151325119784,0.025190793836272277,0.0028460110220657163,0.028036804858337993,0.20283696875241528,,0.8984901797317562,-3.6812766751692623,94.2
,,0.005860380482301475,0.025190793836272277,0.0028460110220657163,0.028036804858337993,0.1998901515549068,,0.8984901797317562,-3.6812766751692623,94.3
,,0.005831609639483166,0.025190793836272277,0.0028460110220657163,0.028036804858337993,0.19694333435739836,,0.8984901797317562,-3.6812766751692623,94.4
,,0.005802838796664857,0.028588592522612394,0.0021684068419681735,0.030756999364580567,0.1939965171598899,,0.9294987519339976,-3.554747503568994,94.5
,,0.005774067953846548,0.028588592522612394,0.0021684068419681735,0.030756999364580567,0.19104969996238144,,0.9294987519339976,-3.554747503568994,94.6
,,0.005745297111028239,0.028588592522612394,0.0021684068419681735,0.030756999364580567,0.18810288276487297,,0.9294987519339976,-3.554747503568994,94.7
,,0.005716526268209929,0.028588592522612394,0.0021684068419681735,0.030756999364580567,0.18515606556736453,,0.9294987519339976,-3.554747503568994,94.8
,,0.00568775542539162,0.028588592522612394,0.0021684068419681735,0.030756999364580567,0.18220924836985608,,0.9294987519339976,-3.554747503568994,94.9
,,0.0056589845825733105,0.0315681570620484,0.0028835157358462933,0.040110657380468,0.1792624311723476,0.1410843140488884,0.7870266688129776,-3.455606354357932,95.0
,,0.0056589845825733105,0.0315681570620484,0.0028835157358462933,0.040110657380468,0.1792624311723476,0.1410843140488884,0.7870266688129776,-3.455606354357932,95.1
,,0.0056589845825733105,0.0315681570620484,0.0028835157358462933,0.040110657380468,0.1792624311723476,0.1410843140488884,0.7870266688129776,-3.455606354357932,95.2
,,0.0056589845825733105,0.0315681570620484,0.0028835157358462933,0.040110657380468,0.1792624311723476,0.1410843140488884,0.7870266688129776,-3.455606354357932,95.3
,,0.0056589845825733105,0.0315681570620484,0.0028835157358462933,0.040110657380468,0.1792624311723476,0.1410843140488884,0.7870266688129776,-3.455606354357932,95.4
,,0.0056589845825733105,0.0315681570620484,0.0028835157358462933,0.040110657380468,0.1792624311723476,0.1410843140488884,0.7870266688129776,-3.455606354357932,95.5
,,0.0056589845825733105,0.0315681570620484,0.0028835157358462933,0.040110657380468,0.1792624311723476,0.1410843140488884,0.7870266688129776,-3.455606354357932,95.6
,,0.005910814004511357,0.03667541028383199,0.002468984497939418,0.04505520878628277,0.16116558639064724,0.13119046973123621,0.8140104390105048,-3.305648767999115,95.7
,,0.005910814004511357,0.03667541028383199,0.002468984497939418,0.04505520878628277,0.16116558639064724,0.13119046973123621,0.8140104390105048,-3.305648767999115,95.8
,,0.005910814004511357,0.03667541028383199,0.002468984497939418,0.04505520878628277,0.16116558639064724,0.13119046973123621,0.8140104390105048,-3.305648767999115,95.9
,,0.005910814004511357,0.03667541028383199,0.002468984497939418,0.04505520878628277,0.16116558639064724,0.13119046973123621,0.8140104390105048,-3.305648767999115,96.0
,,0.005588662080171875,0.03918995536942572,0.004287091539777889,0.049065708989375484,0.1426044512551781,0.11390158616442339,0.7987239189371904,-3.2393348055968203,96.1
,,0.005588662080171875,0.03918995536942572,0.004287091539777889,0.049065708989375484,0.1426044512551781,0.11390158616442339,0.7987239189371904,-3.2393348055968203,96.2
,,0.005588662080171875,0.03918995536942572,0.004287091539777889,0.049065708989375484,0.1426044512551781,0.11390158616442339,0.7987239189371904,-3.2393348055968203,96.3
,,0.005588662080171875,0.03918995536942572,0.004287091539777889,0.049065708989375484,0.1426044512551781,0.11390158616442339,0.7987239189371904,-3.2393348055968203,96.4
,,0.005588662080171875,0.03918995536942572,0.004287091539777889,0.049065708989375484,0.1426044512551781,0.11390158616442339,0.7987239189371904,-3.2393348055968203,96.5
,,0.005588662080171875,0.03918995536942572,0.004287091539777889,0.049065708989375484,0.1426044512551781,0.11390158616442339,0.7987239189371904,-3.2393348055968203,96.6
,,0.005588662080171875,0.03918995536942572,0.004287091539777889,0.049065708989375484,0.1426044512551781,0.11390158616442339,0.7987239189371904,-3.2393348055968203,96.7
,,0.005588662080171875,0.03918995536942572,0.004287091539777889,0.049065708989375484,0.1426044512551781,0.11390158616442339,0.7987239189371904,-3.2393348055968203,96.8
,,0.005917887621148934,0.04481106108767332,0.003275835851655374,0.05400478456047763,0.13206309954523335,0.10958080231801956,0.829760945300899,-3.105300270757386,96.9
,,0.005917887621148934,0.04481106108767332,0.003275835851655374,0.05400478456047763,0.13206309954523335,0.10958080231801956,0.829760945300899,-3.105300270757386,97.0
,,0.005917887621148934,0.04481106108767332,0.003275835851655374,0.05400478456047763,0.13206309954523335,0.10958080231801956,0.829760945300899,-3.105300270757386,97.1
,,0.005917887621148934,0.04481106108767332,0.003275835851655374,0.05400478456047763,0.13206309954523335,0.10958080231801956,0.829760945300899,-3.105300270757386,97.2
,,0.005653907849097335,0.04687538406833435,0.004974965831269069,0.05750425774870076,0.12061571252099264,0.09832155166327798,0.8151637096714538,-3.060262601267329,97.3
,,0.005653907849097335,0.04687538406833435,0.004974965831269069,0.05750425774870076,0.12061571252099264,0.09832155166327798,0.8151637096714538,-3.060262601267329,97.4
,,0.005653907849097335,0.04687538406833435,0.004974965831269069,0.05750425774870076,0.12061571252099264,0.09832155166327798,0.8151637096714538,-3.060262601267329,97.5
,,0.005653907849097335,0.04687538406833435,0.004974965831269069,0.05750425774870076,0.12061571252099264,0.09832155166327798,0.8151637096714538,-3.060262601267329,97.6
,,0.005653907849097335,0.04687538406833435,0.004974965831269069,0.05750425774870076,0.12061571252099264,0.09832155166327798,0.8151637096714538,-3.060262601267329,97.7
,,0.005653907849097335,0.04687538406833435,0.004974965831269069,0.05750425774870076,0.12061571252099264,0.09832155166327798,0.8151637096714538,-3.060262601267329,97.8
,,0.005653907849097335,0.04687538406833435,0.004974965831269069,0.05750425774870076,0.12061571252099264,0.09832155166327798,0.8151637096714538,-3.060262601267329,97.9
,,0.005653907849097335,0.04687538406833435,0.004974965831269069,0.05750425774870076,0.12061571252099264,0.09832155166327798,0.8151637096714538,-3.060262601267329,98.0
,,0.005611546967948989,0.06013622222074528,0.005156560173113077,0.06529278239385836,0.11589761471422438,,0.9210240399619098,-2.811142919810729,98.1
,,0.005569186086800645,0.06013622222074528,0.005156560173113077,0.06529278239385836,0.11117951690745613,,0.9210240399619098,-2.811142919810729,98.2
,,0.0055268252056523,0.06013622222074528,0.005156560173113077,0.06529278239385836,0.10646141910068788,,0.9210240399619098,-2.811142919810729,98.3
,,0.0054844643245039555,0.06013622222074528,0.005156560173113077,0.06529278239385836,0.10174332129391962,,0.9210240399619098,-2.811142919810729,98.4
,,0.00544210344335561,0.05608957390421558,0.006364879971956067,0.06789655731952726,0.09702522348715137,0.08015286279898678,0.8261033566142837,-2.8808053321351466,98.5
,,0.00544210344335561,0.05608957390421558,0.006364879971956067,0.06789655731952726,0.09702522348715137,0.08015286279898678,0.8261033566142837,-2.8808053321351466,98.6
,,0.00544210344335561,0.05608957390421558,0.006364879971956067,0.06789655731952726,0.09702522348715137,0.08015286279898678,0.8261033566142837,-2.8808053321351466,98.7
,,0.00544210344335561,0.05608957390421558,0.006364879971956067,0.06789655731952726,0.09702522348715137,0.08015286279898678,0.8261033566142837,-2.8808053321351466,98.8
,,0.00544210344335561,0.05608957390421558,0.006364879971956067,0.06789655731952726,0.09702522348715137,0.08015286279898678,0.8261033566142837,-2.8808053321351466,98.9
,,0.00544210344335561,0.05608957390421558,0.006364879971956067,0.06789655731952726,0.09702522348715137,0.08015286279898678,0.8261033566142837,-2.8808053321351466,99.0
,,0.00544210344335561,0.05608957390421558,0.006364879971956067,0.06789655731952726,0.09702522348715137,0.08015286279898678,0.8261033566142837,-2.8808053321351466,99.1
,,0.005816315474400985,0.06711568833511336,0.005372070077821549,0.07830407388733589,0.08666104183212295,0.07427858073858987,0.8571161754837889,-2.701337457040398,99.2
,,0.005816315474400985,0.06711568833511336,0.005372070077821549,0.07830407388733589,0.08666104183212295,0.07427858073858987,0.8571161754837889,-2.701337457040398,99.3
,,0.005816315474400985,0.06711568833511336,0.005372070077821549,0.07830407388733589,0.08666104183212295,0.07427858073858987,0.8571161754837889,-2.701337457040398,99.4
,,0.005816315474400985,0.06711568833511336,0.005372070077821549,0.07830407388733589,0.08666104183212295,0.07427858073858987,0.8571161754837889,-2.701337457040398,99.5
,,0.005816315474400985,0.06711568833511336,0.005372070077821549,0.07830407388733589,0.08666104183212295,0.07427858073858987,0.8571161754837889,-2.701337457040398,99.6
,,0.005318241445351755,0.06290366800822472,0.007275282786667087,0.07549719224024357,0.08454580811815918,0.07044290373645024,0.833192151147233,-2.7661508020598586,99.7
,,0.005318241445351755,0.06290366800822472,0.007275282786667087,0.07549719224024357,0.08454580811815918,0.07044290373645024,0.833192151147233,-2.7661508020598586,99.8
,,0.005318241445351755,0.06290366800822472,0.007275282786667087,0.07549719224024357,0.08454580811815918,0.07044290373645024,0.833192151147233,-2.7661508020598586,99.9
,,0.005318241445351755,0.06290366800822472,0.007275282786667087,0.07549719224024357,0.08454580811815918,0.07044290373645024,0.833192151147233,-2.7661508020598586,100.0
,,0.005318241445351755,0.06290366800822472,0.007275282786667087,0.07549719224024357,0.08454580811815918,0.07044290373645024,0.833192151147233,-2.7661508020598586,100.1
,,0.005318241445351755,0.06290366800822472,0.007275282786667087,0.07549719224024357,0.08454580811815918,0.07044290373645024,0.833192151147233,-2.7661508020598586,100.2
,,0.005827997523409217,0.0745874812181141,0.006575006567378132,0.08699048530890144,0.07813640343165049,0.06699580422748667,0.8574211415565216,-2.5957825979440696,100.3
,,0.005827997523409217,0.0745874812181141,0.006575006567378132,0.08699048530890144,0.07813640343165049,0.06699580422748667,0.8574211415565216,-2.5957825979440696,100.4
,,0.005827997523409217,0.0745874812181141,0.006575006567378132,0.08699048530890144,0.07813640343165049,0.06699580422748667,0.8574211415565216,-2.5957825979440696,100.5
,,0.005827997523409217,0.0745874812181141,0.006575006567378132,0.08699048530890144,0.07813640343165049,0.06699580422748667,0.8574211415565216,-2.5957825979440696,100.6
,,0.005827997523409217,0.0745874812181141,0.006575006567378132,0.08699048530890144,0.07813640343165049,0.06699580422748667,0.8574211415565216,-2.5957825979440696,100.7
,,0.005597009035088547,0.0646259542351829,0.007265892354781695,0.07748885562505314,0.08660621110088752,0.07222985795752236,0.8340032087696556,-2.7391391805343877,100.8
,,0.005597009035088547,0.0646259542351829,0.007265892354781695,0.07748885562505314,0.08660621110088752,0.07222985795752236,0.8340032087696556,-2.7391391805343877,100.9
,,0.005597009035088547,0.0646259542351829,0.007265892354781695,0.07748885562505314,0.08660621110088752,0.07222985795752236,0.8340032087696556,-2.7391391805343877,101.0
,,0.005597009035088547,0.0646259542351829,0.007265892354781695,0.07748885562505314,0.08660621110088752,0.07222985795752236,0.8340032087696556,-2.7391391805343877,101.1
,,0.005597009035088547,0.0646259542351829,0.007265892354781695,0.07748885562505314,0.08660621110088752,0.07222985795752236,0.8340032087696556,-2.7391391805343877,101.2
,,0.005597009035088547,0.0646259542351829,0.007265892354781695,0.07748885562505314,0.08660621110088752,0.07222985795752236,0.8340032087696556,-2.7391391805343877,101.3
,,0.005939521121345011,0.06480976690522368,0.004743285967817381,0.07549257399438607,0.09164546340724895,0.0786768924025123,0.8584919479635599,-2.736298963135561,101.4
,,0.005939521121345011,0.06480976690522368,0.004743285967817381,0.07549257399438607,0.09164546340724895,0.0786768924025123,0.8584919479635599,-2.736298963135561,101.5
,,0.005939521121345011,0.06480976690522368,0.004743285967817381,0.07549257399438607,0.09164546340724895,0.0786768924025123,0.8584919479635599,-2.736298963135561,101.6
,,0.005939521121345011,0.06480976690522368,0.004743285967817381,0.07549257399438607,0.09164546340724895,0.0786768924025123,0.8584919479635599,-2.736298963135561,101.7
,,0.005939521121345011,0.06408436239540669,0.006518062949401338,0.07060242534480803,0.09164546340724895,,0.9076793337117184,-2.7475549012076246,101.8
,,0.005939521121345011,0.06480976690522368,0.004743285967817381,0.07549257399438607,0.09164546340724895,0.0786768924025123,0.8584919479635599,-2.736298963135561,101.9
,,0.006167252603226117,0.06084275474111428,0.006284982505768808,0.07329498985010921,0.10136379638738839,0.08414289456671407,0.8301079632528747,-2.799462534162528,102.0
,,0.006167252603226117,0.06084275474111428,0.006284982505768808,0.07329498985010921,0.10136379638738839,0.08414289456671407,0.8301079632528747,-2.799462534162528,102.1
,,0.006167252603226117,0.06084275474111428,0.006284982505768808,0.07329498985010921,0.10136379638738839,0.08414289456671407,0.8301079632528747,-2.799462534162528,102.2
,,0.006167252603226117,0.06084275474111428,0.006284982505768808,0.07329498985010921,0.10136379638738839,0.08414289456671407,0.8301079632528747,-2.799462534162528,102.3
,,0.006167252603226117,0.06084275474111428,0.006284982505768808,0.07329498985010921,0.10136379638738839,0.08414289456671407,0.8301079632528747,-2.799462534162528,102.4
,,0.007203754192350885,0.06438056122965985,0.0039050126330873384,0.07548932805509807,0.11189331150210828,0.09542745150802,0.8528432149067459,-2.742943535695917,102.5
,,0.007203754192350885,0.06438056122965985,0.0039050126330873384,0.07548932805509807,0.11189331150210828,0.09542745150802,0.8528432149067459,-2.742943535695917,102.6
,,0.007203754192350885,0.06438056122965985,0.0039050126330873384,0.07548932805509807,0.11189331150210828,0.09542745150802,0.8528432149067459,-2.742943535695917,102.7
,,0.007203754192350885,0.06438056122965985,0.0039050126330873384,0.07548932805509807,0.11189331150210828,0.09542745150802,0.8528432149067459,-2.742943535695917,102.8
,,0.007203754192350885,0.06438056122965985,0.0039050126330873384,0.07548932805509807,0.11189331150210828,0.09542745150802,0.8528432149067459,-2.742943535695917,102.9
,,0.007203754192350885,0.06438056122965985,0.0039050126330873384,0.07548932805509807,0.11189331150210828,0.09542745150802,0.8528432149067459,-2.742943535695917,103.0
,,0.007203754192350885,0.06438056122965985,0.0039050126330873384,0.07548932805509807,0.11189331150210828,0.09542745150802,0.8528432149067459,-2.742943535695917,103.1
,,0.0053633589800992695,0.053052459490830026,0.005156391648007382,0.06357221011893668,0.10109538806634048,0.08436640742967735,0.8345228110140366,-2.9364740532469584,103.2
,,0.0053633589800992695,0.053052459490830026,0.005156391648007382,0.06357221011893668,0.10109538806634048,0.08436640742967735,0.8345228110140366,-2.9364740532469584,103.3
,,0.0053633589800992695,0.053052459490830026,0.005156391648007382,0.06357221011893668,0.10109538806634048,0.08436640742967735,0.8345228110140366,-2.9364740532469584,103.4
,,0.0053633589800992695,0.053052459490830026,0.005156391648007382,0.06357221011893668,0.10109538806634048,0.08436640742967735,0.8345228110140366,-2.9364740532469584,103.5
,,0.005491366091473917,0.05607544079445573,0.003659560129647904,0.05973500092410363,0.10450751134665885,,0.9387367527741808,-2.881057337805054,103.6
,,0.005619373202848565,0.05607544079445573,0.003659560129647904,0.05973500092410363,0.10791963462697723,,0.9387367527741808,-2.881057337805054,103.7
,,0.005747380314223213,0.05607544079445573,0.003659560129647904,0.05973500092410363,0.1113317579072956,,0.9387367527741808,-2.881057337805054,103.8
,,0.005875387425597861,0.05607544079445573,0.003659560129647904,0.05973500092410363,0.11474388118761397,,0.9387367527741808,-2.881057337805054,103.9
,,0.0060033945369725086,0.05607544079445573,0.003659560129647904,0.05973500092410363,0.11815600446793235,,0.9387367527741808,-2.881057337805054,104.0
,,0.006131401648347156,0.05607544079445573,0.003659560129647904,0.05973500092410363,0.12156812774825072,,0.9387367527741808,-2.881057337805054,104.1
,,0.006259408759721804,0.05219378057758402,0.003035602017314524,0.05522938259489854,0.1249802510285691,,0.9450364665565731,-2.9527919372152898,104.2
,,0.006387415871096452,0.05607544079445573,0.003659560129647904,0.05973500092410363,0.12839237430888747,,0.9387367527741808,-2.881057337805054,104.3
,,0.0065154229824711,0.04943247841797989,0.0028861673035850246,0.05883406870403601,0.13180449758920584,0.11074234922025956,0.8402015958924973,-3.007147612965149,104.4
,,0.0065154229824711,0.04943247841797989,0.0028861673035850246,0.05883406870403601,0.13180449758920584,0.11074234922025956,0.8402015958924973,-3.007147612965149,104.5
,,0.0065154229824711,0.04943247841797989,0.0028861673035850246,0.05883406870403601,0.13180449758920584,0.11074234922025956,0.8402015958924973,-3.007147612965149,104.6
,,0.0065154229824711,0.04943247841797989,0.0028861673035850246,0.05883406870403601,0.13180449758920584,0.11074234922025956,0.8402015958924973,-3.007147612965149,104.7
,,0.007136162824349548,0.05419424394756674,0.0014141726222213604,0.06274457939413765,0.131677504925686,0.11373353512377349,0.8637279024079365,-2.915180576405576,104.8
,,0.007136162824349548,0.05419424394756674,0.0014141726222213604,0.06274457939413765,0.131677504925686,0.11373353512377349,0.8637279024079365,-2.915180576405576,104.9
,,0.007136162824349548,0.05419424394756674,0.0014141726222213604,0.06274457939413765,0.131677504925686,0.11373353512377349,0.8637279024079365,-2.915180576405576,105.0
,,0.007136162824349548,0.05419424394756674,0.0014141726222213604,0.06274457939413765,0.131677504925686,0.11373353512377349,0.8637279024079365,-2.915180576405576,105.1
,,0.007136162824349548,0.05419424394756674,0.0014141726222213604,0.06274457939413765,0.131677504925686,0.11373353512377349,0.8637279024079365,-2.915180576405576,105.2
,,0.007136162824349548,0.05419424394756674,0.0014141726222213604,0.06274457939413765,0.131677504925686,0.11373353512377349,0.8637279024079365,-2.915180576405576,105.3
,,0.006406294259608933,0.05068111423623999,0.0017250299323463636,0.058812438428195286,0.1264039742644027,0.10892754034387546,0.861741420534996,-2.98220193805186,105.4
,,0.004135330040553606,0.04895867846582207,0.0019522119648653273,0.055046220471241004,0.08446572027961233,0.07512468622099344,0.8894103545474228,-3.0167786332620077,105.5
,,0.004135330040553606,0.04895867846582207,0.0019522119648653273,0.055046220471241004,0.08446572027961233,0.07512468622099344,0.8894103545474228,-3.0167786332620077,105.6
,,0.004135330040553606,0.04895867846582207,0.0019522119648653273,0.055046220471241004,0.08446572027961233,0.07512468622099344,0.8894103545474228,-3.0167786332620077,105.7
,,0.004135330040553606,0.04895867846582207,0.0019522119648653273,0.055046220471241004,0.08446572027961233,0.07512468622099344,0.8894103545474228,-3.0167786332620077,105.8
,,0.0048905972071041455,0.061304709946969516,0.0008907216983593901,0.06708602885243306,0.07977522789577937,0.07290038314627077,0.9138223113760314,-2.7918986046201364,105.9
,,0.0048905972071041455,0.061304709946969516,0.0008907216983593901,0.06708602885243306,0.07977522789577937,0.07290038314627077,0.9138223113760314,-2.7918986046201364,106.0
,,0.0048905972071041455,0.061304709946969516,0.0008907216983593901,0.06708602885243306,0.07977522789577937,0.07290038314627077,0.9138223113760314,-2.7918986046201364,106.1
,,0.0048905972071041455,0.061304709946969516,0.0008907216983593901,0.06708602885243306,0.07977522789577937,0.07290038314627077,0.9138223113760314,-2.7918986046201364,106.2
,,0.0048905972071041455,0.061304709946969516,0.0008907216983593901,0.06708602885243306,0.07977522789577937,0.07290038314627077,0.9138223113760314,-2.7918986046201364,106.3
,,0.0048905972071041455,0.061304709946969516,0.0008907216983593901,0.06708602885243306,0.07977522789577937,0.07290038314627077,0.9138223113760314,-2.7918986046201364,106.4
,,0.0048905972071041455,0.061304709946969516,0.0008907216983593901,0.06708602885243306,0.07977522789577937,0.07290038314627077,0.9138223113760314,-2.7918986046201364,106.5
,,0.0048905972071041455,0.061304709946969516,0.0008907216983593901,0.06708602885243306,0.07977522789577937,0.07290038314627077,0.9138223113760314,-2.7918986046201364,106.6
,,0.00496032571551985,0.048413970064888914,0.000823053644184198,0.04923702370907311,0.08358747041259078,,0.9832838465410222,-3.027966869203083,106.7
,,0.005030054223935554,0.048413970064888914,0.000823053644184198,0.04923702370907311,0.08739971292940218,,0.9832838465410222,-3.027966869203083,106.8
,,0.005099782732351258,0.048413970064888914,0.000823053644184198,0.04923702370907311,0.0912119554462136,,0.9832838465410222,-3.027966869203083,106.9
,,0.005169511240766962,0.048413970064888914,0.000823053644184198,0.04923702370907311,0.09502419796302501,,0.9832838465410222,-3.027966869203083,107.0
,,0.005239239749182666,0.048413970064888914,0.000823053644184198,0.04923702370907311,0.09883644047983642,,0.9832838465410222,-3.027966869203083,107.1
,,0.00530896825759837,0.05171978931061146,0.0003096191375811726,0.057338376705791005,0.10264868299664782,0.09259013879725306,0.9020100024106179,-2.9619147987408483,107.2
,,0.00530896825759837,0.05171978931061146,0.0003096191375811726,0.057338376705791005,0.10264868299664782,0.09259013879725306,0.9020100024106179,-2.9619147987408483,107.3
,,0.00530896825759837,0.05171978931061146,0.0003096191375811726,0.057338376705791005,0.10264868299664782,0.09259013879725306,0.9020100024106179,-2.9619147987408483,107.4
,,0.00530896825759837,0.05171978931061146,0.0003096191375811726,0.057338376705791005,0.10264868299664782,0.09259013879725306,0.9020100024106179,-2.9619147987408483,107.5
,,0.00530896825759837,0.05171978931061146,0.0003096191375811726,0.057338376705791005,0.10264868299664782,0.09259013879725306,0.9020100024106179,-2.9619147987408483,107.6
,,0.00530896825759837,0.05171978931061146,0.0003096191375811726,0.057338376705791005,0.10264868299664782,0.09259013879725306,0.9020100024106179,-2.9619147987408483,107.7
,,0.004084521370511904,0.045778483055505796,0.0004459634647591944,0.0503089678907769,0.08922360676651248,0.08118873317734503,0.909946774398016,-3.0839411005351987,107.8
,,0.004084521370511904,0.045778483055505796,0.0004459634647591944,0.0503089678907769,0.08922360676651248,0.08118873317734503,0.909946774398016,-3.0839411005351987,107.9
,,0.004084521370511904,0.045778483055505796,0.0004459634647591944,0.0503089678907769,0.08922360676651248,0.08118873317734503,0.909946774398016,-3.0839411005351987,108.0
,,0.004084521370511904,0.045778483055505796,0.0004459634647591944,0.0503089678907769,0.08922360676651248,0.08118873317734503,0.909946774398016,-3.0839411005351987,108.1
,,0.004084521370511904,0.045778483055505796,0.0004459634647591944,0.0503089678907769,0.08922360676651248,0.08118873317734503,0.909946774398016,-3.0839411005351987,108.2
,,0.004084521370511904,0.045778483055505796,0.0004459634647591944,0.0503089678907769,0.08922360676651248,0.08118873317734503,0.909946774398016,-3.0839411005351987,108.3
,,0.004086627827188257,0.047531989729113044,0.00017733421649280428,0.051795951772794106,0.08597636771526151,0.07889859510863866,0.917677696851963,-3.0463523266380075,108.4
,,0.004086627827188257,0.047531989729113044,0.00017733421649280428,0.051795951772794106,0.08597636771526151,0.07889859510863866,0.917677696851963,-3.0463523266380075,108.5
,,0.004086627827188257,0.047531989729113044,0.00017733421649280428,0.051795951772794106,0.08597636771526151,0.07889859510863866,0.917677696851963,-3.0463523266380075,108.6
,,0.004086627827188257,0.047531989729113044,0.00017733421649280428,0.051795951772794106,0.08597636771526151,0.07889859510863866,0.917677696851963,-3.0463523266380075,108.7
,,0.003206010847701948,0.04365473102997945,0.000327587985615839,0.04718832986329723,0.07344016953168837,0.06794075689878488,0.9251171032423805,-3.1314436170032773,108.8
,,0.003206010847701948,0.04365473102997945,0.000327587985615839,0.04718832986329723,0.07344016953168837,0.06794075689878488,0.9251171032423805,-3.1314436170032773,108.9
,,0.003206010847701948,0.04365473102997945,0.000327587985615839,0.04718832986329723,0.07344016953168837,0.06794075689878488,0.9251171032423805,-3.1314436170032773,109.0
,,0.003206010847701948,0.04365473102997945,0.000327587985615839,0.04718832986329723,0.07344016953168837,0.06794075689878488,0.9251171032423805,-3.1314436170032773,109.1
,,0.003206010847701948,0.04365473102997945,0.000327587985615839,0.04718832986329723,0.07344016953168837,0.06794075689878488,0.9251171032423805,-3.1314436170032773,109.2
,,0.003206010847701948,0.04365473102997945,0.000327587985615839,0.04718832986329723,0.07344016953168837,0.06794075689878488,0.9251171032423805,-3.1314436170032773,109.3
,,0.003206010847701948,0.04365473102997945,0.000327587985615839,0.04718832986329723,0.07344016953168837,0.06794075689878488,0.9251171032423805,-3.1314436170032773,109.4
,,0.003206010847701948,0.04365473102997945,0.000327587985615839,0.04718832986329723,0.07344016953168837,0.06794075689878488,0.9251171032423805,-3.1314436170032773,109.5
,,0.0032454453001972113,0.04410878590157157,0.00018898702819096253,0.04754321822995975,0.07357820520019295,0.06826305456436407,0.9277618878937408,-3.1210962895793526,109.6
,,0.0032454453001972113,0.04410878590157157,0.00018898702819096253,0.04754321822995975,0.07357820520019295,0.06826305456436407,0.9277618878937408,-3.1210962895793526,109.7
,,0.004166112502359059,0.101090639387046,0.000531670346922733,0.1057884222363278,0.04121165448769448,0.03938155437323853,0.9555926560773625,-2.291737744907436,109.8
,,0.004166112502359059,0.101090639387046,0.000531670346922733,0.1057884222363278,0.04121165448769448,0.03938155437323853,0.9555926560773625,-2.291737744907436,109.9
,,0.004166112502359059,0.101090639387046,0.000531670346922733,0.1057884222363278,0.04121165448769448,0.03938155437323853,0.9555926560773625,-2.291737744907436,110.0
,,0.004166112502359059,0.101090639387046,0.000531670346922733,0.1057884222363278,0.04121165448769448,0.03938155437323853,0.9555926560773625,-2.291737744907436,110.1
,,0.004166112502359059,0.101090639387046,0.000531670346922733,0.1057884222363278,0.04121165448769448,0.03938155437323853,0.9555926560773625,-2.291737744907436,110.2
,,0.004166112502359059,0.101090639387046,0.000531670346922733,0.1057884222363278,0.04121165448769448,0.03938155437323853,0.9555926560773625,-2.291737744907436,110.3
,,0.004166112502359059,0.101090639387046,0.000531670346922733,0.1057884222363278,0.04121165448769448,0.03938155437323853,0.9555926560773625,-2.291737744907436,110.4
,,0.004166112502359059,0.101090639387046,0.000531670346922733,0.1057884222363278,0.04121165448769448,0.03938155437323853,0.9555926560773625,-2.291737744907436,110.5
,,0.004166112502359059,0.101090639387046,0.000531670346922733,0.1057884222363278,0.04121165448769448,0.03938155437323853,0.9555926560773625,-2.291737744907436,110.6
,,0.002504822855343914,0.03910566589259942,0.00021364543516374818,0.041824134183107084,0.0640526838802134,0.05988941323633236,0.9350024012785025,-3.2414879147498135,110.7
,,0.0018880841756627523,0.03611094576235165,0.00033850585943726074,0.038337535797451666,0.05228564735159112,0.04924897065993102,0.9419214096893516,-3.3211592528878255,110.8
,,0.0018880841756627523,0.03611094576235165,0.00033850585943726074,0.038337535797451666,0.05228564735159112,0.04924897065993102,0.9419214096893516,-3.3211592528878255,110.9
,,0.0018880841756627523,0.03611094576235165,0.00033850585943726074,0.038337535797451666,0.05228564735159112,0.04924897065993102,0.9419214096893516,-3.3211592528878255,111.0
,,0.0018880841756627523,0.03611094576235165,0.00033850585943726074,0.038337535797451666,0.05228564735159112,0.04924897065993102,0.9419214096893516,-3.3211592528878255,111.1
,,0.0018880841756627523,0.03611094576235165,0.00033850585943726074,0.038337535797451666,0.05228564735159112,0.04924897065993102,0.9419214096893516,-3.3211592528878255,111.2
,,0.0018880841756627523,0.03611094576235165,0.00033850585943726074,0.038337535797451666,0.05228564735159112,0.04924897065993102,0.9419214096893516,-3.3211592528878255,111.3
,,0.0018880841756627523,0.03611094576235165,0.00033850585943726074,0.038337535797451666,0.05228564735159112,0.04924897065993102,0.9419214096893516,-3.3211592528878255,111.4
,,0.0018880841756627523,0.03611094576235165,0.00033850585943726074,0.038337535797451666,0.05228564735159112,0.04924897065993102,0.9419214096893516,-3.3211592528878255,111.5
,,0.0018880841756627523,0.03611094576235165,0.00033850585943726074,0.038337535797451666,0.05228564735159112,0.04924897065993102,0.9419214096893516,-3.3211592528878255,111.6
,,0.0018880841756627523,0.03611094576235165,0.00033850585943726074,0.038337535797451666,0.05228564735159112,0.04924897065993102,0.9419214096893516,-3.3211592528878255,111.7
,,0.0015109612355044529,0.03415528001107536,0.0003250146009222708,0.03599125584750208,0.04423799878128656,0.04198134241012651,0.9489882808144872,-3.376838092586421,111.8
,,0.0017263380314975671,0.03275883498407493,0.0003567606649797575,0.03484193368055226,0.05269839517604312,0.04954771016228523,0.9402128849800305,-3.4185825827762915,111.9
,,0.0017263380314975671,0.03275883498407493,0.0003567606649797575,0.03484193368055226,0.05269839517604312,0.04954771016228523,0.9402128849800305,-3.4185825827762915,112.0
,,0.0017263380314975671,0.03275883498407493,0.0003567606649797575,0.03484193368055226,0.05269839517604312,0.04954771016228523,0.9402128849800305,-3.4185825827762915,112.1
,,0.0017263380314975671,0.03275883498407493,0.0003567606649797575,0.03484193368055226,0.05269839517604312,0.04954771016228523,0.9402128849800305,-3.4185825827762915,112.2
,,0.0017263380314975671,0.03275883498407493,0.0003567606649797575,0.03484193368055226,0.05269839517604312,0.04954771016228523,0.9402128849800305,-3.4185825827762915,112.3
,,0.0017263380314975671,0.03275883498407493,0.0003567606649797575,0.03484193368055226,0.05269839517604312,0.04954771016228523,0.9402128849800305,-3.4185825827762915,112.4
,,0.0017263380314975671,0.03275883498407493,0.0003567606649797575,0.03484193368055226,0.05269839517604312,0.04954771016228523,0.9402128849800305,-3.4185825827762915,112.5
,,0.0017263380314975671,0.03275883498407493,0.0003567606649797575,0.03484193368055226,0.05269839517604312,0.04954771016228523,0.9402128849800305,-3.4185825827762915,112.6
,,0.0017263380314975671,0.03275883498407493,0.0003567606649797575,0.03484193368055226,0.05269839517604312,0.04954771016228523,0.9402128849800305,-3.4185825827762915,112.7
,,0.0019014277863221272,0.029424079530477047,0.0003576363572592139,0.03168314367405839,0.06462148745732743,0.06001386118382512,0.9286982325105881,-3.5259419082120163,112.8
,,0.0019014277863221272,0.029424079530477047,0.0003576363572592139,0.03168314367405839,0.06462148745732743,0.06001386118382512,0.9286982325105881,-3.5259419082120163,112.9
,,0.0019014277863221272,0.029424079530477047,0.0003576363572592139,0.03168314367405839,0.06462148745732743,0.06001386118382512,0.9286982325105881,-3.5259419082120163,113.0
,,0.0019014277863221272,0.029424079530477047,0.0003576363572592139,0.03168314367405839,0.06462148745732743,0.06001386118382512,0.9286982325105881,-3.5259419082120163,113.1
,,0.0019014277863221272,0.029424079530477047,0.0003576363572592139,0.03168314367405839,0.06462148745732743,0.06001386118382512,0.9286982325105881,-3.5259419082120163,113.2
,,0.0019014277863221272,0.029424079530477047,0.0003576363572592139,0.03168314367405839,0.06462148745732743,0.06001386118382512,0.9286982325105881,-3.5259419082120163,113.3
,,0.0019014277863221272,0.029424079530477047,0.0003576363572592139,0.03168314367405839,0.06462148745732743,0.06001386118382512,0.9286982325105881,-3.5259419082120163,113.4
,,0.0019014277863221272,0.029424079530477047,0.0003576363572592139,0.03168314367405839,0.06462148745732743,0.06001386118382512,0.9286982325105881,-3.5259419082120163,113.5
,,0.0019014277863221272,0.029424079530477047,0.0003576363572592139,0.03168314367405839,0.06462148745732743,0.06001386118382512,0.9286982325105881,-3.5259419082120163,113.6
,,0.0019014277863221272,0.029424079530477047,0.0003576363572592139,0.03168314367405839,0.06462148745732743,0.06001386118382512,0.9286982325105881,-3.5259419082120163,113.7
,,0.002172242359978975,0.029222476731615085,0.000356446673625589,0.029578923405240674,0.07662943643995263,,0.9879493019829642,-3.532817114731615,113.8
,,0.0024430569336358226,0.02756237587546806,0.0003577679016994172,0.0303632007108033,0.0886373854225778,0.08046111333600535,0.9077559423984343,-3.5913036291695914,113.9
,,0.0024430569336358226,0.02756237587546806,0.0003577679016994172,0.0303632007108033,0.0886373854225778,0.08046111333600535,0.9077559423984343,-3.5913036291695914,114.0
,,0.0024430569336358226,0.02756237587546806,0.0003577679016994172,0.0303632007108033,0.0886373854225778,0.08046111333600535,0.9077559423984343,-3.5913036291695914,114.1
,,0.0024430569336358226,0.02756237587546806,0.0003577679016994172,0.0303632007108033,0.0886373854225778,0.08046111333600535,0.9077559423984343,-3.5913036291695914,114.2
,,0.0024430569336358226,0.02756237587546806,0.0003577679016994172,0.0303632007108033,0.0886373854225778,0.08046111333600535,0.9077559423984343,-3.5913036291695914,114.3
,,0.0024430569336358226,0.02756237587546806,0.0003577679016994172,0.0303632007108033,0.0886373854225778,0.08046111333600535,0.9077559423984343,-3.5913036291695914,114.4
,,0.0024430569336358226,0.02756237587546806,0.0003577679016994172,0.0303632007108033,0.0886373854225778,0.08046111333600535,0.9077559423984343,-3.5913036291695914,114.5
,,0.0024430569336358226,0.02756237587546806,0.0003577679016994172,0.0303632007108033,0.0886373854225778,0.08046111333600535,0.9077559423984343,-3.5913036291695914,114.6
,,0.0024430569336358226,0.02756237587546806,0.0003577679016994172,0.0303632007108033,0.0886373854225778,0.08046111333600535,0.9077559423984343,-3.5913036291695914,114.7
,,0.0024430569336358226,0.02756237587546806,0.0003577679016994172,0.0303632007108033,0.0886373854225778,0.08046111333600535,0.9077559423984343,-3.5913036291695914,114.8
,,0.0028502954254630403,0.02821671129348758,0.00037750649684684025,0.03144451321579746,0.10101444480246317,0.09064523931097385,0.8973492799790503,-3.567840877495711,114.9
,,0.0034289307322850114,0.026232511973880813,0.00035893956779405164,0.030020382273959874,0.13071301504404645,0.11422008890470782,0.8738233822104019,-3.6407557224801703,115.0
,,0.0034289307322850114,0.026232511973880813,0.00035893956779405164,0.030020382273959874,0.13071301504404645,0.11422008890470782,0.8738233822104019,-3.6407557224801703,115.1
,,0.0034289307322850114,0.026232511973880813,0.00035893956779405164,0.030020382273959874,0.13071301504404645,0.11422008890470782,0.8738233822104019,-3.6407557224801703,115.2
,,0.0034289307322850114,0.026232511973880813,0.00035893956779405164,0.030020382273959874,0.13071301504404645,0.11422008890470782,0.8738233822104019,-3.6407557224801703,115.3
,,0.0034289307322850114,0.026232511973880813,0.00035893956779405164,0.030020382273959874,0.13071301504404645,0.11422008890470782,0.8738233822104019,-3.6407557224801703,115.4
,,0.0034289307322850114,0.026232511973880813,0.00035893956779405164,0.030020382273959874,0.13071301504404645,0.11422008890470782,0.8738233822104019,-3.6407557224801703,115.5
,,0.0034289307322850114,0.026232511973880813,0.00035893956779405164,0.030020382273959874,0.13071301504404645,0.11422008890470782,0.8738233822104019,-3.6407557224801703,115.6
,,0.0034289307322850114,0.026232511973880813,0.00035893956779405164,0.030020382273959874,0.13071301504404645,0.11422008890470782,0.8738233822104019,-3.6407557224801703,115.7
,,0.004118524528464457,0.027565519602727278,0.0003964662506145798,0.032080510381806315,0.14940855778597326,0.12838089168307554,0.8592606312884721,-3.5911895770282802,115.8
,,0.004743766408890163,0.02558561080705646,0.00036586595169271915,0.030695243167639344,0.18540758884606506,0.1545440243943501,0.8335366710510459,-3.6657251633709493,115.9
,,0.004743766408890163,0.02558561080705646,0.00036586595169271915,0.030695243167639344,0.18540758884606506,0.1545440243943501,0.8335366710510459,-3.6657251633709493,116.0
,,0.004743766408890163,0.02558561080705646,0.00036586595169271915,0.030695243167639344,0.18540758884606506,0.1545440243943501,0.8335366710510459,-3.6657251633709493,116.1
,,0.004743766408890163,0.02558561080705646,0.00036586595169271915,0.030695243167639344,0.18540758884606506,0.1545440243943501,0.8335366710510459,-3.6657251633709493,116.2
,,0.004743766408890163,0.02558561080705646,0.00036586595169271915,0.030695243167639344,0.18540758884606506,0.1545440243943501,0.8335366710510459,-3.6657251633709493,116.3
,,0.004743766408890163,0.02558561080705646,0.00036586595169271915,0.030695243167639344,0.18540758884606506,0.1545440243943501,0.8335366710510459,-3.6657251633709493,116.4
,,0.004743766408890163,0.02558561080705646,0.00036586595169271915,0.030695243167639344,0.18540758884606506,0.1545440243943501,0.8335366710510459,-3.6657251633709493,116.5
,,0.004743766408890163,0.02558561080705646,0.00036586595169271915,0.030695243167639344,0.18540758884606506,0.1545440243943501,0.8335366710510459,-3.6657251633709493,116.6
,,0.005442167270243288,0.026516481343192067,0.00040838456409988933,0.03236703317753525,0.2052371579700762,0.16813920634593393,0.8192434937656309,-3.629988801833976,116.7
,,0.005442167270243288,0.026516481343192067,0.00040838456409988933,0.03236703317753525,0.2052371579700762,0.16813920634593393,0.8192434937656309,-3.629988801833976,116.8
,,0.005442167270243288,0.026516481343192067,0.00040838456409988933,0.03236703317753525,0.2052371579700762,0.16813920634593393,0.8192434937656309,-3.629988801833976,116.9
,,0.00594571108356973,0.024811425671122253,0.0003774833231347059,0.031134620077826688,0.23963601134334972,0.19096783801142703,0.7969079310780587,-3.696451019361388,117.0
,,0.00594571108356973,0.024811425671122253,0.0003774833231347059,0.031134620077826688,0.23963601134334972,0.19096783801142703,0.7969079310780587,-3.696451019361388,117.1
,,0.00594571108356973,0.024811425671122253,0.0003774833231347059,0.031134620077826688,0.23963601134334972,0.19096783801142703,0.7969079310780587,-3.696451019361388,117.2
,,0.00594571108356973,0.024811425671122253,0.0003774833231347059,0.031134620077826688,0.23963601134334972,0.19096783801142703,0.7969079310780587,-3.696451019361388,117.3
,,0.00594571108356973,0.024811425671122253,0.0003774833231347059,0.031134620077826688,0.23963601134334972,0.19096783801142703,0.7969079310780587,-3.696451019361388,117.4
,,0.00594571108356973,0.024811425671122253,0.0003774833231347059,0.031134620077826688,0.23963601134334972,0.19096783801142703,0.7969079310780587,-3.696451019361388,117.5
,,0.00653631458491991,0.025271210598359083,0.0004153057798869988,0.03222283096316599,0.2586466746212913,0.20284731010728355,0.7842641333173573,-3.6780894521858247,117.6
,,0.00653631458491991,0.025271210598359083,0.0004153057798869988,0.03222283096316599,0.2586466746212913,0.20284731010728355,0.7842641333173573,-3.6780894521858247,117.7
,,0.00653631458491991,0.025271210598359083,0.0004153057798869988,0.03222283096316599,0.2586466746212913,0.20284731010728355,0.7842641333173573,-3.6780894521858247,117.8
,,0.00653631458491991,0.025271210598359083,0.0004153057798869988,0.03222283096316599,0.2586466746212913,0.20284731010728355,0.7842641333173573,-3.6780894521858247,117.9
,,0.007020840037533251,0.02453657485197687,0.0003960361735994949,0.03195345106310962,0.28613773845323787,0.21972086907504138,0.7678849712826304,-3.7075904235248127,118.0
,,0.007020840037533251,0.02453657485197687,0.0003960361735994949,0.03195345106310962,0.28613773845323787,0.21972086907504138,0.7678849712826304,-3.7075904235248127,118.1
,,0.007020840037533251,0.02453657485197687,0.0003960361735994949,0.03195345106310962,0.28613773845323787,0.21972086907504138,0.7678849712826304,-3.7075904235248127,118.2
,,0.007020840037533251,0.02453657485197687,0.0003960361735994949,0.03195345106310962,0.28613773845323787,0.21972086907504138,0.7678849712826304,-3.7075904235248127,118.3
,,0.007020840037533251,0.02453657485197687,0.0003960361735994949,0.03195345106310962,0.28613773845323787,0.21972086907504138,0.7678849712826304,-3.7075904235248127,118.4
,,0.007020840037533251,0.02453657485197687,0.0003960361735994949,0.03195345106310962,0.28613773845323787,0.21972086907504138,0.7678849712826304,-3.7075904235248127,118.5
,,0.0072316247951731095,0.02437650813352904,0.00043154177928557164,0.03203967470798772,0.2966636876602626,0.22570843371796823,0.7608225849887235,-3.714135391867447,118.6
,,0.0072316247951731095,0.02437650813352904,0.00043154177928557164,0.03203967470798772,0.2966636876602626,0.22570843371796823,0.7608225849887235,-3.714135391867447,118.7
,,0.0072316247951731095,0.02437650813352904,0.00043154177928557164,0.03203967470798772,0.2966636876602626,0.22570843371796823,0.7608225849887235,-3.714135391867447,118.8
,,0.007277266216575634,0.022966775046311495,0.0004233027009602216,0.03066734396384735,0.316860604151055,0.2372969183491908,0.7489000375574166,-3.7737066706441706,118.9
,,0.007277266216575634,0.022966775046311495,0.0004233027009602216,0.03066734396384735,0.316860604151055,0.2372969183491908,0.7489000375574166,-3.7737066706441706,119.0
,,0.007277266216575634,0.022966775046311495,0.0004233027009602216,0.03066734396384735,0.316860604151055,0.2372969183491908,0.7489000375574166,-3.7737066706441706,119.1
,,0.007277266216575634,0.022966775046311495,0.0004233027009602216,0.03066734396384735,0.316860604151055,0.2372969183491908,0.7489000375574166,-3.7737066706441706,119.2
,,0.007277266216575634,0.022966775046311495,0.0004233027009602216,0.03066734396384735,0.316860604151055,0.2372969183491908,0.7489000375574166,-3.7737066706441706,119.3
,,0.007277266216575634,0.022966775046311495,0.0004233027009602216,0.03066734396384735,0.316860604151055,0.2372969183491908,0.7489000375574166,-3.7737066706441706,119.4
,,0.006941156593238652,0.022219236416778188,0.00044843899107691433,0.029608832001093755,0.3123940203452377,0.23442858512562215,0.7504259680340449,-3.806796860042582,119.5
,,0.006941156593238652,0.022219236416778188,0.00044843899107691433,0.029608832001093755,0.3123940203452377,0.23442858512562215,0.7504259680340449,-3.806796860042582,119.6
,,0.006941156593238652,0.022219236416778188,0.00044843899107691433,0.029608832001093755,0.3123940203452377,0.23442858512562215,0.7504259680340449,-3.806796860042582,119.7
,,0.0066240204856869555,0.020972446465560984,0.0004894831569280942,0.028085950108176036,0.31584395728768744,0.235848189581404,0.746723767035951,-3.8645457758487756,119.8
,,0.0066240204856869555,0.020972446465560984,0.0004894831569280942,0.028085950108176036,0.31584395728768744,0.235848189581404,0.746723767035951,-3.8645457758487756,119.9
,,0.0066240204856869555,0.020972446465560984,0.0004894831569280942,0.028085950108176036,0.31584395728768744,0.235848189581404,0.746723767035951,-3.8645457758487756,120.0
,,0.0066240204856869555,0.020972446465560984,0.0004894831569280942,0.028085950108176036,0.31584395728768744,0.235848189581404,0.746723767035951,-3.8645457758487756,120.1
,,0.0066240204856869555,0.020972446465560984,0.0004894831569280942,0.028085950108176036,0.31584395728768744,0.235848189581404,0.746723767035951,-3.8645457758487756,120.2
,,0.0066240204856869555,0.020972446465560984,0.0004894831569280942,0.028085950108176036,0.31584395728768744,0.235848189581404,0.746723767035951,-3.8645457758487756,120.3
,,0.0066240204856869555,0.020972446465560984,0.0004894831569280942,0.028085950108176036,0.31584395728768744,0.235848189581404,0.746723767035951,-3.8645457758487756,120.4
,,0.005913594830891211,0.0200665918257997,0.0004836592597172627,0.026463845916408175,0.2946985159327394,0.22345938869091778,0.758264384140703,-3.908698944953737,120.5
,,0.005913594830891211,0.0200665918257997,0.0004836592597172627,0.026463845916408175,0.2946985159327394,0.22345938869091778,0.758264384140703,-3.908698944953737,120.6
,,0.005913594830891211,0.0200665918257997,0.0004836592597172627,0.026463845916408175,0.2946985159327394,0.22345938869091778,0.758264384140703,-3.908698944953737,120.7
,,0.005069661087285746,0.01814201565592989,0.0005321365003119675,0.023743813243527603,0.27944309956698105,0.21351503380223477,0.7640733807100373,-4.009524723823717,120.8
,,0.005069661087285746,0.01814201565592989,0.0005321365003119675,0.023743813243527603,0.27944309956698105,0.21351503380223477,0.7640733807100373,-4.009524723823717,120.9
,,0.005069661087285746,0.01814201565592989,0.0005321365003119675,0.023743813243527603,0.27944309956698105,0.21351503380223477,0.7640733807100373,-4.009524723823717,121.0
,,0.005069661087285746,0.01814201565592989,0.0005321365003119675,0.023743813243527603,0.27944309956698105,0.21351503380223477,0.7640733807100373,-4.009524723823717,121.1
,,0.005069661087285746,0.01814201565592989,0.0005321365003119675,0.023743813243527603,0.27944309956698105,0.21351503380223477,0.7640733807100373,-4.009524723823717,121.2
,,0.005069661087285746,0.01814201565592989,0.0005321365003119675,0.023743813243527603,0.27944309956698105,0.21351503380223477,0.7640733807100373,-4.009524723823717,121.3
,,0.005069661087285746,0.01814201565592989,0.0005321365003119675,0.023743813243527603,0.27944309956698105,0.21351503380223477,0.7640733807100373,-4.009524723823717,121.4
,,0.004807182794992663,0.016611176398379095,0.00047995390189036163,0.017091130300269458,0.2695859406457751,,0.9719179543155905,-4.097679533158136,121.5
,,0.00454470450269958,0.016611176398379095,0.00047995390189036163,0.017091130300269458,0.2597287817245692,,0.9719179543155905,-4.097679533158136,121.6
,,0.004282226210406498,0.016611176398379095,0.00047995390189036163,0.017091130300269458,0.24987162280336328,,0.9719179543155905,-4.097679533158136,121.7
,,0.004019747918113415,0.016611176398379095,0.00047995390189036163,0.017091130300269458,0.24001446388215733,,0.9719179543155905,-4.097679533158136,121.8
,,0.003757269625820332,0.016611176398379095,0.00047995390189036163,0.017091130300269458,0.2301573049609514,,0.9719179543155905,-4.097679533158136,121.9
,,0.003494791333527249,0.015863772205111183,0.0005374729468210819,0.019896036485459512,0.2203001460397455,0.17565263996582053,0.7973332888037674,-4.143717247101778,122.0
,,0.003494791333527249,0.015863772205111183,0.0005374729468210819,0.019896036485459512,0.2203001460397455,0.17565263996582053,0.7973332888037674,-4.143717247101778,122.1
,,0.003494791333527249,0.015863772205111183,0.0005374729468210819,0.019896036485459512,0.2203001460397455,0.17565263996582053,0.7973332888037674,-4.143717247101778,122.2
,,0.003494791333527249,0.015863772205111183,0.0005374729468210819,0.019896036485459512,0.2203001460397455,0.17565263996582053,0.7973332888037674,-4.143717247101778,122.3
,,0.003354079593178625,0.014785246524131518,0.00047309247228584627,0.015258338996417363,0.21294819487609914,,0.9689944972125126,-4.214125451881533,122.4
,,0.0032133678528300015,0.014785246524131518,0.00047309247228584627,0.015258338996417363,0.2055962437124528,,0.9689944972125126,-4.214125451881533,122.5
,,0.0030726561124813775,0.014785246524131518,0.00047309247228584627,0.015258338996417363,0.19824429254880646,,0.9689944972125126,-4.214125451881533,122.6
,,0.002931944372132754,0.014785246524131518,0.00047309247228584627,0.015258338996417363,0.19089234138516015,,0.9689944972125126,-4.214125451881533,122.7
,,0.00279123263178413,0.014785246524131518,0.00047309247228584627,0.015258338996417363,0.1835403902215138,,0.9689944972125126,-4.214125451881533,122.8
,,0.002650520891435506,0.014785246524131518,0.00047309247228584627,0.015258338996417363,0.17618843905786746,,0.9689944972125126,-4.214125451881533,122.9
,,0.0025098091510868826,0.014785246524131518,0.00047309247228584627,0.015258338996417363,0.16883648789422112,,0.9689944972125126,-4.214125451881533,123.0
,,0.0023690974107382586,0.014670738503531924,0.0005342794352946972,0.017574115349564882,0.16148453673057478,0.13480606924529576,0.834792432604305,-4.221900347021928,123.1
,,0.0023690974107382586,0.014670738503531924,0.0005342794352946972,0.017574115349564882,0.16148453673057478,0.13480606924529576,0.834792432604305,-4.221900347021928,123.2
,,0.0023690974107382586,0.014670738503531924,0.0005342794352946972,0.017574115349564882,0.16148453673057478,0.13480606924529576,0.834792432604305,-4.221900347021928,123.3
,,0.0009331494870127895,0.010409723089038085,0.00016586206731167576,0.01150873464336255,0.08964210469685198,0.08108184921536671,0.9045063086098436,-4.565014997185707,123.4
,,0.0009331494870127895,0.010409723089038085,0.00016586206731167576,0.01150873464336255,0.08964210469685198,0.08108184921536671,0.9045063086098436,-4.565014997185707,123.5
,,0.0009331494870127895,0.010409723089038085,0.00016586206731167576,0.01150873464336255,0.08964210469685198,0.08108184921536671,0.9045063086098436,-4.565014997185707,123.6
,,0.0009331494870127895,0.010409723089038085,0.00016586206731167576,0.01150873464336255,0.08964210469685198,0.08108184921536671,0.9045063086098436,-4.565014997185707,123.7
,,0.0009331494870127895,0.010409723089038085,0.00016586206731167576,0.01150873464336255,0.08964210469685198,0.08108184921536671,0.9045063086098436,-4.565014997185707,123.8
,,0.0009331494870127895,0.010409723089038085,0.00016586206731167576,0.01150873464336255,0.08964210469685198,0.08108184921536671,0.9045063086098436,-4.565014997185707,123.9
,,0.0008442051256930555,0.01068144715929044,0.00018972466878953151,0.011715376953773027,0.07903471440747503,0.07205957853717825,0.9117459217435081,-4.539246952823408,124.0
,,0.0008442051256930555,0.01068144715929044,0.00018972466878953151,0.011715376953773027,0.07903471440747503,0.07205957853717825,0.9117459217435081,-4.539246952823408,124.1
,,0.0008442051256930555,0.01068144715929044,0.00018972466878953151,0.011715376953773027,0.07903471440747503,0.07205957853717825,0.9117459217435081,-4.539246952823408,124.2
,,0.0008442051256930555,0.01068144715929044,0.00018972466878953151,0.011715376953773027,0.07903471440747503,0.07205957853717825,0.9117459217435081,-4.539246952823408,124.3
,,0.0008442051256930555,0.01068144715929044,0.00018972466878953151,0.011715376953773027,0.07903471440747503,0.07205957853717825,0.9117459217435081,-4.539246952823408,124.4
,,0.0011742061862369728,0.012685510999758265,0.00040841285014238003,0.014268130036137618,0.09256278176412037,0.08229573064325887,0.8890801364740177,-4.367294802961555,124.5
,,0.0011742061862369728,0.012685510999758265,0.00040841285014238003,0.014268130036137618,0.09256278176412037,0.08229573064325887,0.8890801364740177,-4.367294802961555,124.6
,,0.0011742061862369728,0.012685510999758265,0.00040841285014238003,0.014268130036137618,0.09256278176412037,0.08229573064325887,0.8890801364740177,-4.367294802961555,124.7
,,0.0011742061862369728,0.012685510999758265,0.00040841285014238003,0.014268130036137618,0.09256278176412037,0.08229573064325887,0.8890801364740177,-4.367294802961555,124.8
,,0.0011916455898606842,0.012699390549421721,0.00046271087018204,0.014353747009464447,0.09383486437582998,0.08301982674453907,0.8847439306996361,-4.366201274903574,124.9
,,0.0011916455898606842,0.012699390549421721,0.00046271087018204,0.014353747009464447,0.09383486437582998,0.08301982674453907,0.8847439306996361,-4.366201274903574,125.0
,,0.0011916455898606842,0.012699390549421721,0.00046271087018204,0.014353747009464447,0.09383486437582998,0.08301982674453907,0.8847439306996361,-4.366201274903574,125.1
,,0.0011916455898606842,0.012699390549421721,0.00046271087018204,0.014353747009464447,0.09383486437582998,0.08301982674453907,0.8847439306996361,-4.366201274903574,125.2
,,0.0011916455898606842,0.012699390549421721,0.00046271087018204,0.014353747009464447,0.09383486437582998,0.08301982674453907,0.8847439306996361,-4.366201274903574,125.3
,,0.0011916455898606842,0.012699390549421721,0.00046271087018204,0.014353747009464447,0.09383486437582998,0.08301982674453907,0.8847439306996361,-4.366201274903574,125.4
,,0.0011367634928285313,0.012054897986468442,0.00038350776362722585,0.0135751692429242,0.0942988894725233,0.08373843982984211,0.8880108800670629,-4.418284229726705,125.5
,,0.0011367634928285313,0.012054897986468442,0.00038350776362722585,0.0135751692429242,0.0942988894725233,0.08373843982984211,0.8880108800670629,-4.418284229726705,125.6
,,0.0011367634928285313,0.012054897986468442,0.00038350776362722585,0.0135751692429242,0.0942988894725233,0.08373843982984211,0.8880108800670629,-4.418284229726705,125.7
,,0.0013675369250789966,0.012052982107968388,0.0004325579551835348,0.01385307698823092,0.11346046255016837,0.09871719663731078,0.8700581190885008,-4.418443171823362,125.8
,,0.0013675369250789966,0.012052982107968388,0.0004325579551835348,0.01385307698823092,0.11346046255016837,0.09871719663731078,0.8700581190885008,-4.418443171823362,125.9
,,0.0013675369250789966,0.012052982107968388,0.0004325579551835348,0.01385307698823092,0.11346046255016837,0.09871719663731078,0.8700581190885008,-4.418443171823362,126.0
,,0.0013675369250789966,0.012052982107968388,0.0004325579551835348,0.01385307698823092,0.11346046255016837,0.09871719663731078,0.8700581190885008,-4.418443171823362,126.1
,,0.0013675369250789966,0.012052982107968388,0.0004325579551835348,0.01385307698823092,0.11346046255016837,0.09871719663731078,0.8700581190885008,-4.418443171823362,126.2
,,0.0013675369250789966,0.012052982107968388,0.0004325579551835348,0.01385307698823092,0.11346046255016837,0.09871719663731078,0.8700581190885008,-4.418443171823362,126.3
,,0.0013675369250789966,0.012052982107968388,0.0004325579551835348,0.01385307698823092,0.11346046255016837,0.09871719663731078,0.8700581190885008,-4.418443171823362,126.4
,,0.0013675369250789966,0.012052982107968388,0.0004325579551835348,0.01385307698823092,0.11346046255016837,0.09871719663731078,0.8700581190885008,-4.418443171823362,126.5
,,0.0015685404092707468,0.01159489487057534,0.00038097564475556657,0.013544410924601655,0.13527853652655977,0.11580720771116726,0.8560649064120409,-4.457190375105281,126.6
,,0.0015685404092707468,0.01159489487057534,0.00038097564475556657,0.013544410924601655,0.13527853652655977,0.11580720771116726,0.8560649064120409,-4.457190375105281,126.7
,,0.001955651349161744,0.011720770315456111,0.0004176924128908797,0.014094114077508735,0.16685348287926416,0.13875659998258105,0.8316074533666514,-4.446392770418414,126.8
,,0.001955651349161744,0.011720770315456111,0.0004176924128908797,0.014094114077508735,0.16685348287926416,0.13875659998258105,0.8316074533666514,-4.446392770418414,126.9
,,0.001955651349161744,0.011720770315456111,0.0004176924128908797,0.014094114077508735,0.16685348287926416,0.13875659998258105,0.8316074533666514,-4.446392770418414,127.0
,,0.001955651349161744,0.011720770315456111,0.0004176924128908797,0.014094114077508735,0.16685348287926416,0.13875659998258105,0.8316074533666514,-4.446392770418414,127.1
,,0.001955651349161744,0.011720770315456111,0.0004176924128908797,0.014094114077508735,0.16685348287926416,0.13875659998258105,0.8316074533666514,-4.446392770418414,127.2
,,0.001955651349161744,0.011720770315456111,0.0004176924128908797,0.014094114077508735,0.16685348287926416,0.13875659998258105,0.8316074533666514,-4.446392770418414,127.3
,,0.001955651349161744,0.011720770315456111,0.0004176924128908797,0.014094114077508735,0.16685348287926416,0.13875659998258105,0.8316074533666514,-4.446392770418414,127.4
,,0.001955651349161744,0.011720770315456111,0.0004176924128908797,0.014094114077508735,0.16685348287926416,0.13875659998258105,0.8316074533666514,-4.446392770418414,127.5
,,0.0025673680333160205,0.012224743146013264,0.0001781089406332387,0.014970220119962524,0.21001406758826596,0.17149834890486884,0.8166041012123653,-4.4042932543929885,127.6
,,0.0025673680333160205,0.012224743146013264,0.0001781089406332387,0.014970220119962524,0.21001406758826596,0.17149834890486884,0.8166041012123653,-4.4042932543929885,127.7
,,0.0025673680333160205,0.012224743146013264,0.0001781089406332387,0.014970220119962524,0.21001406758826596,0.17149834890486884,0.8166041012123653,-4.4042932543929885,127.8
,,0.0025673680333160205,0.012224743146013264,0.0001781089406332387,0.014970220119962524,0.21001406758826596,0.17149834890486884,0.8166041012123653,-4.4042932543929885,127.9
,,0.002766573688697401,0.011675115667328062,0.0004293339117179187,0.014871023267743382,0.2369632787827062,0.18603788312929034,0.7850916145530121,-4.450295568210466,128.0
,,0.002766573688697401,0.011675115667328062,0.0004293339117179187,0.014871023267743382,0.2369632787827062,0.18603788312929034,0.7850916145530121,-4.450295568210466,128.1
,,0.002766573688697401,0.011675115667328062,0.0004293339117179187,0.014871023267743382,0.2369632787827062,0.18603788312929034,0.7850916145530121,-4.450295568210466,128.2
,,0.002766573688697401,0.011675115667328062,0.0004293339117179187,0.014871023267743382,0.2369632787827062,0.18603788312929034,0.7850916145530121,-4.450295568210466,128.3
,,0.002766573688697401,0.011675115667328062,0.0004293339117179187,0.014871023267743382,0.2369632787827062,0.18603788312929034,0.7850916145530121,-4.450295568210466,128.4
,,0.0031750672565489632,0.011365191776525944,0.00044835922646379255,0.0149886182595387,0.2793676797523871,0.21183188480554987,0.7582548023926875,-4.477199947510634,128.5
,,0.0031750672565489632,0.011365191776525944,0.00044835922646379255,0.0149886182595387,0.2793676797523871,0.21183188480554987,0.7582548023926875,-4.477199947510634,128.6
,,0.0031750672565489632,0.011365191776525944,0.00044835922646379255,0.0149886182595387,0.2793676797523871,0.21183188480554987,0.7582548023926875,-4.477199947510634,128.7
,,0.0031750672565489632,0.011365191776525944,0.00044835922646379255,0.0149886182595387,0.2793676797523871,0.21183188480554987,0.7582548023926875,-4.477199947510634,128.8
,,0.0031750672565489632,0.011365191776525944,0.00044835922646379255,0.0149886182595387,0.2793676797523871,0.21183188480554987,0.7582548023926875,-4.477199947510634,128.9
,,0.0036009113308758797,0.011734265073710094,0.00046814387112843444,0.01580332027571441,0.30687148349354254,0.22785789745776042,0.7425189687348555,-4.445242078507777,129.0
,,0.0036009113308758797,0.011734265073710094,0.00046814387112843444,0.01580332027571441,0.30687148349354254,0.22785789745776042,0.7425189687348555,-4.445242078507777,129.1
,,0.0036009113308758797,0.011734265073710094,0.00046814387112843444,0.01580332027571441,0.30687148349354254,0.22785789745776042,0.7425189687348555,-4.445242078507777,129.2
,,0.003959081064129502,0.011409119082003077,0.000499881667103885,0.015868081813236463,0.34701023240038037,0.24949966295403195,0.7189979996502215,-4.473342323872803,129.3
,,0.003959081064129502,0.011409119082003077,0.000499881667103885,0.015868081813236463,0.34701023240038037,0.24949966295403195,0.7189979996502215,-4.473342323872803,129.4
,,0.003959081064129502,0.011409119082003077,0.000499881667103885,0.015868081813236463,0.34701023240038037,0.24949966295403195,0.7189979996502215,-4.473342323872803,129.5
,,0.003959081064129502,0.011409119082003077,0.000499881667103885,0.015868081813236463,0.34701023240038037,0.24949966295403195,0.7189979996502215,-4.473342323872803,129.6
,,0.003959081064129502,0.011409119082003077,0.000499881667103885,0.015868081813236463,0.34701023240038037,0.24949966295403195,0.7189979996502215,-4.473342323872803,129.7
,,0.003959081064129502,0.011409119082003077,0.000499881667103885,0.015868081813236463,0.34701023240038037,0.24949966295403195,0.7189979996502215,-4.473342323872803,129.8
,,0.003959081064129502,0.011409119082003077,0.000499881667103885,0.015868081813236463,0.34701023240038037,0.24949966295403195,0.7189979996502215,-4.473342323872803,129.9
,,0.0042283439216001025,0.011693637224136152,0.00033572951143985173,0.016257710657176107,0.3615935607163035,0.26008237019113906,0.7192671508749366,-4.448710412102872,130.0
,,0.0042283439216001025,0.011693637224136152,0.00033572951143985173,0.016257710657176107,0.3615935607163035,0.26008237019113906,0.7192671508749366,-4.448710412102872,130.1
,,0.004484883306015218,0.011343908201745771,0.0005535764032729832,0.016382367911033972,0.39535610005421384,0.2737628241760171,0.6924461874711859,-4.479074401454853,130.2
,,0.004484883306015218,0.011343908201745771,0.0005535764032729832,0.016382367911033972,0.39535610005421384,0.2737628241760171,0.6924461874711859,-4.479074401454853,130.3
,,0.004484883306015218,0.011343908201745771,0.0005535764032729832,0.016382367911033972,0.39535610005421384,0.2737628241760171,0.6924461874711859,-4.479074401454853,130.4
,,0.004484883306015218,0.011343908201745771,0.0005535764032729832,0.016382367911033972,0.39535610005421384,0.2737628241760171,0.6924461874711859,-4.479074401454853,130.5
,,0.004484883306015218,0.011343908201745771,0.0005535764032729832,0.016382367911033972,0.39535610005421384,0.2737628241760171,0.6924461874711859,-4.479074401454853,130.6
,,0.004484883306015218,0.011343908201745771,0.0005535764032729832,0.016382367911033972,0.39535610005421384,0.2737628241760171,0.6924461874711859,-4.479074401454853,130.7
,,0.004484883306015218,0.011343908201745771,0.0005535764032729832,0.016382367911033972,0.39535610005421384,0.2737628241760171,0.6924461874711859,-4.479074401454853,130.8
,,0.004484883306015218,0.011343908201745771,0.0005535764032729832,0.016382367911033972,0.39535610005421384,0.2737628241760171,0.6924461874711859,-4.479074401454853,130.9
,,0.004701454354585307,0.01097495385836243,0.0006234657373756463,0.016299873950323385,0.42838032990936054,0.2884350129892895,0.6733152594805613,-4.512139524279177,131.0
,,0.0048559055566991345,0.013291496975287207,0.00034197579623896756,0.01848937832822531,0.36533925153259167,0.26263217023831786,0.7188720323277079,-4.320630773376285,131.1
,,0.0048559055566991345,0.013291496975287207,0.00034197579623896756,0.01848937832822531,0.36533925153259167,0.26263217023831786,0.7188720323277079,-4.320630773376285,131.2
,,0.0048559055566991345,0.013291496975287207,0.00034197579623896756,0.01848937832822531,0.36533925153259167,0.26263217023831786,0.7188720323277079,-4.320630773376285,131.3
,,0.0048559055566991345,0.013291496975287207,0.00034197579623896756,0.01848937832822531,0.36533925153259167,0.26263217023831786,0.7188720323277079,-4.320630773376285,131.4
,,0.0048559055566991345,0.013291496975287207,0.00034197579623896756,0.01848937832822531,0.36533925153259167,0.26263217023831786,0.7188720323277079,-4.320630773376285,131.5
,,0.0048559055566991345,0.013291496975287207,0.00034197579623896756,0.01848937832822531,0.36533925153259167,0.26263217023831786,0.7188720323277079,-4.320630773376285,131.6
,,0.0048559055566991345,0.013291496975287207,0.00034197579623896756,0.01848937832822531,0.36533925153259167,0.26263217023831786,0.7188720323277079,-4.320630773376285,131.7
,,0.004744369128103015,0.010672392271663965,0.0006536951411268039,0.016070456540893785,0.4445459843806234,0.2952230458437959,0.6641001296077929,-4.540095033394443,131.8
,,0.004744369128103015,0.010672392271663965,0.0006536951411268039,0.016070456540893785,0.4445459843806234,0.2952230458437959,0.6641001296077929,-4.540095033394443,131.9
,,0.004744369128103015,0.010672392271663965,0.0006536951411268039,0.016070456540893785,0.4445459843806234,0.2952230458437959,0.6641001296077929,-4.540095033394443,132.0
,,0.004490343339218772,0.010655776518568296,0.0006415419285692738,0.015787661786356343,0.42139991688020983,0.2844210498035444,0.6749432983025385,-4.541653137760606,132.1
,,0.004490343339218772,0.010655776518568296,0.0006415419285692738,0.015787661786356343,0.42139991688020983,0.2844210498035444,0.6749432983025385,-4.541653137760606,132.2
,,0.004490343339218772,0.010655776518568296,0.0006415419285692738,0.015787661786356343,0.42139991688020983,0.2844210498035444,0.6749432983025385,-4.541653137760606,132.3
,,0.004490343339218772,0.010655776518568296,0.0006415419285692738,0.015787661786356343,0.42139991688020983,0.2844210498035444,0.6749432983025385,-4.541653137760606,132.4
,,0.004490343339218772,0.010655776518568296,0.0006415419285692738,0.015787661786356343,0.42139991688020983,0.2844210498035444,0.6749432983025385,-4.541653137760606,132.5
,,0.004490343339218772,0.010655776518568296,0.0006415419285692738,0.015787661786356343,0.42139991688020983,0.2844210498035444,0.6749432983025385,-4.541653137760606,132.6
,,0.004408012942932389,0.011622302926611103,0.00035397170723405205,0.011976274633845155,0.41789654223957867,,0.9704439219994403,-4.454829360739368,132.7
,,0.0043256825466460045,0.011622302926611103,0.00035397170723405205,0.011976274633845155,0.4143931675989475,,0.9704439219994403,-4.454829360739368,132.8
,,0.004243352150359621,0.011622302926611103,0.00035397170723405205,0.011976274633845155,0.4108897929583163,,0.9704439219994403,-4.454829360739368,132.9
,,0.004161021754073237,0.011622302926611103,0.00035397170723405205,0.011976274633845155,0.40738641831768513,,0.9704439219994403,-4.454829360739368,133.0
,,0.004078691357786854,0.010098694217646302,0.0006496282066719964,0.014827013782105153,0.40388304367705397,0.2750851532025593,0.6811010204788843,-4.595349148874553,133.1
,,0.004078691357786854,0.010098694217646302,0.0006496282066719964,0.014827013782105153,0.40388304367705397,0.2750851532025593,0.6811010204788843,-4.595349148874553,133.2
,,0.004078691357786854,0.010098694217646302,0.0006496282066719964,0.014827013782105153,0.40388304367705397,0.2750851532025593,0.6811010204788843,-4.595349148874553,133.3
,,0.004078691357786854,0.010098694217646302,0.0006496282066719964,0.014827013782105153,0.40388304367705397,0.2750851532025593,0.6811010204788843,-4.595349148874553,133.4
,,0.004078691357786854,0.010098694217646302,0.0006496282066719964,0.014827013782105153,0.40388304367705397,0.2750851532025593,0.6811010204788843,-4.595349148874553,133.5
,,0.004078691357786854,0.010098694217646302,0.0006496282066719964,0.014827013782105153,0.40388304367705397,0.2750851532025593,0.6811010204788843,-4.595349148874553,133.6
,,0.004078691357786854,0.010098694217646302,0.0006496282066719964,0.014827013782105153,0.40388304367705397,0.2750851532025593,0.6811010204788843,-4.595349148874553,133.7
,,0.004078691357786854,0.010098694217646302,0.0006496282066719964,0.014827013782105153,0.40388304367705397,0.2750851532025593,0.6811010204788843,-4.595349148874553,133.8
,,0.004078691357786854,0.010098694217646302,0.0006496282066719964,0.014827013782105153,0.40388304367705397,0.2750851532025593,0.6811010204788843,-4.595349148874553,133.9
,,0.0025075206549650766,0.010683324188390636,0.0002727992865634972,0.01346364412991921,0.2347135227525859,0.18624383047920945,0.7934942490532645,-4.539071240284811,134.0
,,0.0025075206549650766,0.010683324188390636,0.0002727992865634972,0.01346364412991921,0.2347135227525859,0.18624383047920945,0.7934942490532645,-4.539071240284811,134.1
,,0.0037543127977302296,0.009649620585668293,0.0006373428330505771,0.0140412762164491,0.389063255326968,0.2673768922323542,0.6872324450368648,-4.640836681951525,134.2
,,0.0025075206549650766,0.010683324188390636,0.0002727992865634972,0.01346364412991921,0.2347135227525859,0.18624383047920945,0.7934942490532645,-4.539071240284811,134.3
,,0.0025075206549650766,0.010683324188390636,0.0002727992865634972,0.01346364412991921,0.2347135227525859,0.18624383047920945,0.7934942490532645,-4.539071240284811,134.4
,,0.0025075206549650766,0.010683324188390636,0.0002727992865634972,0.01346364412991921,0.2347135227525859,0.18624383047920945,0.7934942490532645,-4.539071240284811,134.5
,,0.0025075206549650766,0.010683324188390636,0.0002727992865634972,0.01346364412991921,0.2347135227525859,0.18624383047920945,0.7934942490532645,-4.539071240284811,134.6
,,0.003920970511892347,0.009856534180411977,0.0006415998366228823,0.014419104528927206,0.39780418148242663,0.27192884995224254,0.683574639509553,-4.619620675160067,134.7
,,0.003920970511892347,0.009856534180411977,0.0006415998366228823,0.014419104528927206,0.39780418148242663,0.27192884995224254,0.683574639509553,-4.619620675160067,134.8
,,0.003920970511892347,0.009856534180411977,0.0006415998366228823,0.014419104528927206,0.39780418148242663,0.27192884995224254,0.683574639509553,-4.619620675160067,134.9
,,0.003920970511892347,0.009856534180411977,0.0006415998366228823,0.014419104528927206,0.39780418148242663,0.27192884995224254,0.683574639509553,-4.619620675160067,135.0
,,0.0014937978680446301,0.010628772500869193,0.0004997596281441775,0.012622329997058002,0.14054283953508942,0.1183456515867358,0.8420610539691591,-4.544190568284818,135.1
,,0.0014937978680446301,0.010628772500869193,0.0004997596281441775,0.012622329997058002,0.14054283953508942,0.1183456515867358,0.8420610539691591,-4.544190568284818,135.2
,,0.0014937978680446301,0.010628772500869193,0.0004997596281441775,0.012622329997058002,0.14054283953508942,0.1183456515867358,0.8420610539691591,-4.544190568284818,135.3
,,0.0014937978680446301,0.010628772500869193,0.0004997596281441775,0.012622329997058002,0.14054283953508942,0.1183456515867358,0.8420610539691591,-4.544190568284818,135.4
,,0.001486059286129951,0.012375740140679008,0.000514360710243275,0.014376160137052233,0.12007841706737847,0.10336969482552388,0.8608515780776909,-4.392017162968092,135.5
,,0.001486059286129951,0.012375740140679008,0.000514360710243275,0.014376160137052233,0.12007841706737847,0.10336969482552388,0.8608515780776909,-4.392017162968092,135.6
,,0.001486059286129951,0.012375740140679008,0.000514360710243275,0.014376160137052233,0.12007841706737847,0.10336969482552388,0.8608515780776909,-4.392017162968092,135.7
,,0.001486059286129951,0.012375740140679008,0.000514360710243275,0.014376160137052233,0.12007841706737847,0.10336969482552388,0.8608515780776909,-4.392017162968092,135.8
,,0.001486059286129951,0.012375740140679008,0.000514360710243275,0.014376160137052233,0.12007841706737847,0.10336969482552388,0.8608515780776909,-4.392017162968092,135.9
,,0.001486059286129951,0.012375740140679008,0.000514360710243275,0.014376160137052233,0.12007841706737847,0.10336969482552388,0.8608515780776909,-4.392017162968092,136.0
,,0.003663977082823088,0.009038080361323945,0.0006112279536250528,0.013313285397772085,0.40539328445253714,0.27521208877834447,0.6788767829491903,-4.706308476538449,136.1
,,0.003663977082823088,0.009038080361323945,0.0006112279536250528,0.013313285397772085,0.40539328445253714,0.27521208877834447,0.6788767829491903,-4.706308476538449,136.2
,,0.003663977082823088,0.009038080361323945,0.0006112279536250528,0.013313285397772085,0.40539328445253714,0.27521208877834447,0.6788767829491903,-4.706308476538449,136.3
,,0.0037764727059277107,0.0105852084988266,0.00044718009242592914,0.01103238859125253,0.4127869494319295,,0.9594666115386387,-4.548297677014754,136.4
,,0.003888968329032334,0.0105852084988266,0.00044718009242592914,0.01103238859125253,0.4201806144113219,,0.9594666115386387,-4.548297677014754,136.5
,,0.004001463952136957,0.0105852084988266,0.00044718009242592914,0.01103238859125253,0.42757427939071424,,0.9594666115386387,-4.548297677014754,136.6
,,0.0041139595752415796,0.0105852084988266,0.00044718009242592914,0.01103238859125253,0.4349679443701066,,0.9594666115386387,-4.548297677014754,136.7
,,0.004226455198346203,0.0105852084988266,0.00044718009242592914,0.01103238859125253,0.442361609349499,,0.9594666115386387,-4.548297677014754,136.8
,,0.004338950821450826,0.0105852084988266,0.00044718009242592914,0.01103238859125253,0.4497552743288913,,0.9594666115386387,-4.548297677014754,136.9
,,0.004451446444555449,0.0105852084988266,0.00044718009242592914,0.01103238859125253,0.45714893930828365,,0.9594666115386387,-4.548297677014754,137.0
,,0.004563942067660072,0.0105852084988266,0.00044718009242592914,0.01103238859125253,0.464542604287676,,0.9594666115386387,-4.548297677014754,137.1
,,0.004676437690764695,0.009909044918347444,0.0005289324924023436,0.015114415101514483,0.4719362692670684,0.30940249155232674,0.6556022745037977,-4.614307310829823,137.2
,,0.0059799026739344235,0.01303567012973595,0.0011283597605101588,0.020143932564180532,0.458733813790941,0.2968587516306397,0.6471263785362186,-4.340065822888514,137.3
,,0.0059799026739344235,0.01303567012973595,0.0011283597605101588,0.020143932564180532,0.458733813790941,0.2968587516306397,0.6471263785362186,-4.340065822888514,137.4
,,0.0059799026739344235,0.01303567012973595,0.0011283597605101588,0.020143932564180532,0.458733813790941,0.2968587516306397,0.6471263785362186,-4.340065822888514,137.5
,,0.0059799026739344235,0.01303567012973595,0.0011283597605101588,0.020143932564180532,0.458733813790941,0.2968587516306397,0.6471263785362186,-4.340065822888514,137.6
,,0.0059799026739344235,0.01303567012973595,0.0011283597605101588,0.020143932564180532,0.458733813790941,0.2968587516306397,0.6471263785362186,-4.340065822888514,137.7
,,0.0059799026739344235,0.01303567012973595,0.0011283597605101588,0.020143932564180532,0.458733813790941,0.2968587516306397,0.6471263785362186,-4.340065822888514,137.8
,,0.0059799026739344235,0.01303567012973595,0.0011283597605101588,0.020143932564180532,0.458733813790941,0.2968587516306397,0.6471263785362186,-4.340065822888514,137.9
,,0.0059799026739344235,0.01303567012973595,0.0011283597605101588,0.020143932564180532,0.458733813790941,0.2968587516306397,0.6471263785362186,-4.340065822888514,138.0
,,0.0059799026739344235,0.01303567012973595,0.0011283597605101588,0.020143932564180532,0.458733813790941,0.2968587516306397,0.6471263785362186,-4.340065822888514,138.1
,,0.008507283397138531,0.01994860032001907,0.0019902592649278907,0.030446142982085492,0.42646016565890066,0.2794207266957991,0.6552094408725869,-3.9145962975050907,138.2
,,0.008507283397138531,0.01994860032001907,0.0019902592649278907,0.030446142982085492,0.42646016565890066,0.2794207266957991,0.6552094408725869,-3.9145962975050907,138.3
,,0.008507283397138531,0.01994860032001907,0.0019902592649278907,0.030446142982085492,0.42646016565890066,0.2794207266957991,0.6552094408725869,-3.9145962975050907,138.4
,,0.008507283397138531,0.01994860032001907,0.0019902592649278907,0.030446142982085492,0.42646016565890066,0.2794207266957991,0.6552094408725869,-3.9145962975050907,138.5
,,0.008507283397138531,0.01994860032001907,0.0019902592649278907,0.030446142982085492,0.42646016565890066,0.2794207266957991,0.6552094408725869,-3.9145962975050907,138.6
,,0.008507283397138531,0.01994860032001907,0.0019902592649278907,0.030446142982085492,0.42646016565890066,0.2794207266957991,0.6552094408725869,-3.9145962975050907,138.7
,,0.008507283397138531,0.01994860032001907,0.0019902592649278907,0.030446142982085492,0.42646016565890066,0.2794207266957991,0.6552094408725869,-3.9145962975050907,138.8
,,0.008507283397138531,0.01994860032001907,0.0019902592649278907,0.030446142982085492,0.42646016565890066,0.2794207266957991,0.6552094408725869,-3.9145962975050907,138.9
,,0.008507283397138531,0.01994860032001907,0.0019902592649278907,0.030446142982085492,0.42646016565890066,0.2794207266957991,0.6552094408725869,-3.9145962975050907,139.0
,,0.010570402575890933,0.030218841756025835,0.0034366197413341496,0.044225864073250916,0.34979509344639675,0.23900952072713078,0.6832843719226068,-3.499289649939356,139.1
,,0.012213821394569425,0.03270408360692561,0.0035614787473288857,0.04847938374882392,0.3734647190047837,0.25193846229255595,0.6745977584279624,-3.4202553279301684,139.2
,,0.012213821394569425,0.03270408360692561,0.0035614787473288857,0.04847938374882392,0.3734647190047837,0.25193846229255595,0.6745977584279624,-3.4202553279301684,139.3
,,0.012213821394569425,0.03270408360692561,0.0035614787473288857,0.04847938374882392,0.3734647190047837,0.25193846229255595,0.6745977584279624,-3.4202553279301684,139.4
,,0.012213821394569425,0.03270408360692561,0.0035614787473288857,0.04847938374882392,0.3734647190047837,0.25193846229255595,0.6745977584279624,-3.4202553279301684,139.5
,,0.012213821394569425,0.03270408360692561,0.0035614787473288857,0.04847938374882392,0.3734647190047837,0.25193846229255595,0.6745977584279624,-3.4202553279301684,139.6
,,0.012213821394569425,0.03270408360692561,0.0035614787473288857,0.04847938374882392,0.3734647190047837,0.25193846229255595,0.6745977584279624,-3.4202553279301684,139.7
,,0.012213821394569425,0.03270408360692561,0.0035614787473288857,0.04847938374882392,0.3734647190047837,0.25193846229255595,0.6745977584279624,-3.4202553279301684,139.8
,,0.014971475531624335,0.04864994346234386,0.005865722736706037,0.06948714173067423,0.30773880638140083,0.21545677601263838,0.7001287180714176,-3.0231046324814486,139.9
,,0.014971475531624335,0.04864994346234386,0.005865722736706037,0.06948714173067423,0.30773880638140083,0.21545677601263838,0.7001287180714176,-3.0231046324814486,140.0
,,0.014971475531624335,0.04864994346234386,0.005865722736706037,0.06948714173067423,0.30773880638140083,0.21545677601263838,0.7001287180714176,-3.0231046324814486,140.1
,,0.014971475531624335,0.04864994346234386,0.005865722736706037,0.06948714173067423,0.30773880638140083,0.21545677601263838,0.7001287180714176,-3.0231046324814486,140.2
,,0.017871928096127587,0.05514320797072826,0.00637009120104061,0.07938522726789646,0.3241002610079298,0.225129141922291,0.6946280796632333,-2.897821696429392,140.3
,,0.017871928096127587,0.05514320797072826,0.00637009120104061,0.07938522726789646,0.3241002610079298,0.225129141922291,0.6946280796632333,-2.897821696429392,140.4
,,0.017871928096127587,0.05514320797072826,0.00637009120104061,0.07938522726789646,0.3241002610079298,0.225129141922291,0.6946280796632333,-2.897821696429392,140.5
,,0.017871928096127587,0.05514320797072826,0.00637009120104061,0.07938522726789646,0.3241002610079298,0.225129141922291,0.6946280796632333,-2.897821696429392,140.6
,,0.02169874810581416,0.07898371657270284,0.009884502269264694,0.11056696694778169,0.2747243235362433,0.19624982673226438,0.714351842625882,-2.5385135670935,140.7
,,0.02169874810581416,0.07898371657270284,0.009884502269264694,0.11056696694778169,0.2747243235362433,0.19624982673226438,0.714351842625882,-2.5385135670935,140.8
,,0.02169874810581416,0.07898371657270284,0.009884502269264694,0.11056696694778169,0.2747243235362433,0.19624982673226438,0.714351842625882,-2.5385135670935,140.9
,,0.02169874810581416,0.07898371657270284,0.009884502269264694,0.11056696694778169,0.2747243235362433,0.19624982673226438,0.714351842625882,-2.5385135670935,141.0
,,0.02169874810581416,0.07898371657270284,0.009884502269264694,0.11056696694778169,0.2747243235362433,0.19624982673226438,0.714351842625882,-2.5385135670935,141.1
,,0.02169874810581416,0.07898371657270284,0.009884502269264694,0.11056696694778169,0.2747243235362433,0.19624982673226438,0.714351842625882,-2.5385135670935,141.2
,,0.0032315444451863594,0.00910446378964207,0.0005567147690176289,0.012892723003846059,0.3549406664522967,0.2506487143346173,0.7061707435214497,-4.6989904593937535,141.3
,,0.0032315444451863594,0.00910446378964207,0.0005567147690176289,0.012892723003846059,0.3549406664522967,0.2506487143346173,0.7061707435214497,-4.6989904593937535,141.4
,,0.0032315444451863594,0.00910446378964207,0.0005567147690176289,0.012892723003846059,0.3549406664522967,0.2506487143346173,0.7061707435214497,-4.6989904593937535,141.5
,,0.024543662121841878,0.09709237500446732,0.012328669630800265,0.13396470675710948,0.25278671080723486,0.18320991189374847,0.7247608519795058,-2.332092434013728,141.6
,,0.024543662121841878,0.09709237500446732,0.012328669630800265,0.13396470675710948,0.25278671080723486,0.18320991189374847,0.7247608519795058,-2.332092434013728,141.7
,,0.024543662121841878,0.09709237500446732,0.012328669630800265,0.13396470675710948,0.25278671080723486,0.18320991189374847,0.7247608519795058,-2.332092434013728,141.8
,,0.024543662121841878,0.09709237500446732,0.012328669630800265,0.13396470675710948,0.25278671080723486,0.18320991189374847,0.7247608519795058,-2.332092434013728,141.9
,,0.024543662121841878,0.09709237500446732,0.012328669630800265,0.13396470675710948,0.25278671080723486,0.18320991189374847,0.7247608519795058,-2.332092434013728,142.0
,,0.024543662121841878,0.09709237500446732,0.012328669630800265,0.13396470675710948,0.25278671080723486,0.18320991189374847,0.7247608519795058,-2.332092434013728,142.1
,,0.024543662121841878,0.09709237500446732,0.012328669630800265,0.13396470675710948,0.25278671080723486,0.18320991189374847,0.7247608519795058,-2.332092434013728,142.2
,,0.025585627639550534,0.09652866290699061,0.008697664009968563,0.1308119545565097,0.26505730908345176,0.195590897837229,0.7379192768294812,-2.3379152897974644,142.3
,,0.025585627639550534,0.09652866290699061,0.008697664009968563,0.1308119545565097,0.26505730908345176,0.195590897837229,0.7379192768294812,-2.3379152897974644,142.4
,,0.024822739053327606,0.10361853128710437,0.013259928105109613,0.1417011984455416,0.23955887759641378,0.1751766345354337,0.7312466826236963,-2.2670390917250502,142.5
,,0.024822739053327606,0.10361853128710437,0.013259928105109613,0.1417011984455416,0.23955887759641378,0.1751766345354337,0.7312466826236963,-2.2670390917250502,142.6
,,0.024822739053327606,0.10361853128710437,0.013259928105109613,0.1417011984455416,0.23955887759641378,0.1751766345354337,0.7312466826236963,-2.2670390917250502,142.7
,,0.024822739053327606,0.10361853128710437,0.013259928105109613,0.1417011984455416,0.23955887759641378,0.1751766345354337,0.7312466826236963,-2.2670390917250502,142.8
,,0.024822739053327606,0.10361853128710437,0.013259928105109613,0.1417011984455416,0.23955887759641378,0.1751766345354337,0.7312466826236963,-2.2670390917250502,142.9
,,0.024822739053327606,0.10361853128710437,0.013259928105109613,0.1417011984455416,0.23955887759641378,0.1751766345354337,0.7312466826236963,-2.2670390917250502,143.0
,,0.024822739053327606,0.10361853128710437,0.013259928105109613,0.1417011984455416,0.23955887759641378,0.1751766345354337,0.7312466826236963,-2.2670390917250502,143.1
,,0.024822739053327606,0.10361853128710437,0.013259928105109613,0.1417011984455416,0.23955887759641378,0.1751766345354337,0.7312466826236963,-2.2670390917250502,143.2
,,0.024255712136723066,0.10831636771961119,0.014602894119389294,0.14717497397572354,0.22393395058733542,0.16480867284355039,0.7359700144229543,-2.222699003249584,143.3
,,0.0250354354795067,0.10782431773965691,0.013899945494516923,0.14675969871368053,0.2321872839479036,0.17058794545735168,0.7346997757880095,-2.227252063946506,143.4
,,0.0250354354795067,0.10782431773965691,0.013899945494516923,0.14675969871368053,0.2321872839479036,0.17058794545735168,0.7346997757880095,-2.227252063946506,143.5
,,0.0250354354795067,0.10782431773965691,0.013899945494516923,0.14675969871368053,0.2321872839479036,0.17058794545735168,0.7346997757880095,-2.227252063946506,143.6
,,0.0250354354795067,0.10782431773965691,0.013899945494516923,0.14675969871368053,0.2321872839479036,0.17058794545735168,0.7346997757880095,-2.227252063946506,143.7
,,0.0250354354795067,0.10782431773965691,0.013899945494516923,0.14675969871368053,0.2321872839479036,0.17058794545735168,0.7346997757880095,-2.227252063946506,143.8
,,0.0250354354795067,0.10782431773965691,0.013899945494516923,0.14675969871368053,0.2321872839479036,0.17058794545735168,0.7346997757880095,-2.227252063946506,143.9
,,0.0250354354795067,0.10782431773965691,0.013899945494516923,0.14675969871368053,0.2321872839479036,0.17058794545735168,0.7346997757880095,-2.227252063946506,144.0
,,0.007304373843714403,0.012072271868879256,0.0012641873392891226,0.02064083305188278,0.2314494033909927,0.3538797986183084,0.5848732867774475,-4.416844037153934,144.1
,,0.007304373843714403,0.012072271868879256,0.0012641873392891226,0.02064083305188278,0.2307115228340818,0.3538797986183084,0.5848732867774475,-4.416844037153934,144.2
,,0.007304373843714403,0.012072271868879256,0.0012641873392891226,0.02064083305188278,0.22997364227717088,0.3538797986183084,0.5848732867774475,-4.416844037153934,144.3
,,0.007304373843714403,0.012072271868879256,0.0012641873392891226,0.02064083305188278,0.22923576172025997,0.3538797986183084,0.5848732867774475,-4.416844037153934,144.4
,,0.025353863566014993,0.1109588563225668,0.014320439095064781,0.15063315898364657,0.22849788116334907,0.1683152881947296,0.7366164068471339,-2.1985958101432543,144.5
,,0.025353863566014993,0.1109588563225668,0.014320439095064781,0.15063315898364657,0.22849788116334907,0.1683152881947296,0.7366164068471339,-2.1985958101432543,144.6
,,0.025353863566014993,0.1109588563225668,0.014320439095064781,0.15063315898364657,0.22849788116334907,0.1683152881947296,0.7366164068471339,-2.1985958101432543,144.7
,,0.025353863566014993,0.1109588563225668,0.014320439095064781,0.15063315898364657,0.22849788116334907,0.1683152881947296,0.7366164068471339,-2.1985958101432543,144.8
,,0.025353863566014993,0.1109588563225668,0.014320439095064781,0.15063315898364657,0.22849788116334907,0.1683152881947296,0.7366164068471339,-2.1985958101432543,144.9
,,0.0249883450024929,0.11336851704123671,0.015316886078501075,0.15367374812223067,0.22041696984890108,0.16260646537115372,0.7377220795777327,-2.1771115537364567,145.0
,,0.0249883450024929,0.11336851704123671,0.015316886078501075,0.15367374812223067,0.22041696984890108,0.16260646537115372,0.7377220795777327,-2.1771115537364567,145.1
,,0.0249883450024929,0.11336851704123671,0.015316886078501075,0.15367374812223067,0.22041696984890108,0.16260646537115372,0.7377220795777327,-2.1771115537364567,145.2
,,0.0249883450024929,0.11336851704123671,0.015316886078501075,0.15367374812223067,0.22041696984890108,0.16260646537115372,0.7377220795777327,-2.1771115537364567,145.3
,,0.0249883450024929,0.11336851704123671,0.015316886078501075,0.15367374812223067,0.22041696984890108,0.16260646537115372,0.7377220795777327,-2.1771115537364567,145.4
,,0.0249883450024929,0.11336851704123671,0.015316886078501075,0.15367374812223067,0.22041696984890108,0.16260646537115372,0.7377220795777327,-2.1771115537364567,145.5
,,0.025904659533096588,0.11421299217617281,0.010828689239463292,0.1509463409487327,0.22681009436421048,0.17161502140614876,0.7566463119166568,-2.169690221364524,145.6
,,0.025904659533096588,0.11421299217617281,0.010828689239463292,0.1509463409487327,0.22681009436421048,0.17161502140614876,0.7566463119166568,-2.169690221364524,145.7
,,0.01526062173946603,0.023303276918884418,0.0025726431833599512,0.0411365418417104,0.22575491126566177,0.3709748329888178,0.5664860456319655,-3.759161288003933,145.8
,,0.01526062173946603,0.023303276918884418,0.0025726431833599512,0.0411365418417104,0.22469972816711306,0.3709748329888178,0.5664860456319655,-3.759161288003933,145.9
,,0.01526062173946603,0.023303276918884418,0.0025726431833599512,0.0411365418417104,0.22364454506856438,0.3709748329888178,0.5664860456319655,-3.759161288003933,146.0
,,0.01526062173946603,0.023303276918884418,0.0025726431833599512,0.0411365418417104,0.22258936197001566,0.3709748329888178,0.5664860456319655,-3.759161288003933,146.1
,,0.01526062173946603,0.023303276918884418,0.0025726431833599512,0.0411365418417104,0.22153417887146695,0.3709748329888178,0.5664860456319655,-3.759161288003933,146.2
,,0.01526062173946603,0.023303276918884418,0.0025726431833599512,0.0411365418417104,0.22047899577291824,0.3709748329888178,0.5664860456319655,-3.759161288003933,146.3
,,0.01526062173946603,0.023303276918884418,0.0025726431833599512,0.0411365418417104,0.21942381267436953,0.3709748329888178,0.5664860456319655,-3.759161288003933,146.4
,,0.01526062173946603,0.023303276918884418,0.0025726431833599512,0.0411365418417104,0.21836862957582084,0.3709748329888178,0.5664860456319655,-3.759161288003933,146.5
,,0.01526062173946603,0.023303276918884418,0.0025726431833599512,0.0411365418417104,0.21731344647727213,0.3709748329888178,0.5664860456319655,-3.759161288003933,146.6
,,0.025554812935725004,0.11816802991232757,0.01652921429149489,0.16025205713954746,0.21625826337872342,0.15946636437541564,0.7373885366689981,-2.135647685109963,146.7
,,0.02661075838293303,0.11971755295069092,0.01598599965675783,0.1623143109903818,0.22227950477649194,0.1639458543153961,0.7375662208724466,-2.122620035976907,146.8
,,0.02661075838293303,0.11971755295069092,0.01598599965675783,0.1623143109903818,0.22227950477649194,0.1639458543153961,0.7375662208724466,-2.122620035976907,146.9
,,0.02661075838293303,0.11971755295069092,0.01598599965675783,0.1623143109903818,0.22227950477649194,0.1639458543153961,0.7375662208724466,-2.122620035976907,147.0
,,0.02661075838293303,0.11971755295069092,0.01598599965675783,0.1623143109903818,0.22227950477649194,0.1639458543153961,0.7375662208724466,-2.122620035976907,147.1
,,0.02661075838293303,0.11971755295069092,0.01598599965675783,0.1623143109903818,0.22227950477649194,0.1639458543153961,0.7375662208724466,-2.122620035976907,147.2
,,0.02661075838293303,0.11971755295069092,0.01598599965675783,0.1623143109903818,0.22227950477649194,0.1639458543153961,0.7375662208724466,-2.122620035976907,147.3
,,0.02650125162021647,0.12064992728866707,0.016692357698589348,0.1638435366074729,0.21965410353550865,0.16174731191079372,0.7363728212099899,-2.114862089574626,147.4
,,0.02650125162021647,0.12064992728866707,0.016692357698589348,0.1638435366074729,0.21965410353550865,0.16174731191079372,0.7363728212099899,-2.114862089574626,147.5
,,0.02650125162021647,0.12064992728866707,0.016692357698589348,0.1638435366074729,0.21965410353550865,0.16174731191079372,0.7363728212099899,-2.114862089574626,147.6
,,0.02650125162021647,0.12064992728866707,0.016692357698589348,0.1638435366074729,0.21965410353550865,0.16174731191079372,0.7363728212099899,-2.114862089574626,147.7
,,0.02650125162021647,0.12064992728866707,0.016692357698589348,0.1638435366074729,0.21965410353550865,0.16174731191079372,0.7363728212099899,-2.114862089574626,147.8
,,0.02650125162021647,0.12064992728866707,0.016692357698589348,0.1638435366074729,0.21965410353550865,0.16174731191079372,0.7363728212099899,-2.114862089574626,147.9
,,0.02599623799997384,0.12167112252083706,0.011805555167964416,0.13347667768880148,0.22016929993250153,,0.9115534236213996,-2.106433591279443,148.0
,,0.025491224379731205,0.12167112252083706,0.011805555167964416,0.13347667768880148,0.22068449632949444,,0.9115534236213996,-2.106433591279443,148.1
,,0.024986210759488574,0.03509006861124378,0.0038408646247277385,0.0639171439954601,0.22119969272648732,0.3909156322951991,0.5489930622328205,-3.349837134095571,148.2
,,0.024986210759488574,0.03509006861124378,0.0038408646247277385,0.0639171439954601,0.22171488912348022,0.3909156322951991,0.5489930622328205,-3.349837134095571,148.3
,,0.024986210759488574,0.03509006861124378,0.0038408646247277385,0.0639171439954601,0.2222300855204731,0.3909156322951991,0.5489930622328205,-3.349837134095571,148.4
,,0.024986210759488574,0.03509006861124378,0.0038408646247277385,0.0639171439954601,0.222745281917466,0.3909156322951991,0.5489930622328205,-3.349837134095571,148.5
,,0.024986210759488574,0.03509006861124378,0.0038408646247277385,0.0639171439954601,0.2232604783144589,0.3909156322951991,0.5489930622328205,-3.349837134095571,148.6
,,0.024986210759488574,0.03509006861124378,0.0038408646247277385,0.0639171439954601,0.22377567471145177,0.3909156322951991,0.5489930622328205,-3.349837134095571,148.7
,,0.024986210759488574,0.03509006861124378,0.0038408646247277385,0.0639171439954601,0.22429087110844467,0.3909156322951991,0.5489930622328205,-3.349837134095571,148.8
,,0.024986210759488574,0.03509006861124378,0.0038408646247277385,0.0639171439954601,0.22480606750543755,0.3909156322951991,0.5489930622328205,-3.349837134095571,148.9
,,0.024986210759488574,0.03509006861124378,0.0038408646247277385,0.0639171439954601,0.22532126390243046,0.3909156322951991,0.5489930622328205,-3.349837134095571,149.0
,,0.026857659137995874,0.11892525725202599,0.01694054443094015,0.162723460820962,0.22583646029942334,0.16505093366681933,0.7308427233051207,-2.1292600735210736,149.1
,,0.027392104238045525,0.11577665631722656,0.015899152958292202,0.15906791351356428,0.23659436288254437,0.17220383189165114,0.7278441878056939,-2.156092320371497,149.2
,,0.027392104238045525,0.11577665631722656,0.015899152958292202,0.15906791351356428,0.23659436288254437,0.17220383189165114,0.7278441878056939,-2.156092320371497,149.3
,,0.027392104238045525,0.11577665631722656,0.015899152958292202,0.15906791351356428,0.23659436288254437,0.17220383189165114,0.7278441878056939,-2.156092320371497,149.4
,,0.027392104238045525,0.11577665631722656,0.015899152958292202,0.15906791351356428,0.23659436288254437,0.17220383189165114,0.7278441878056939,-2.156092320371497,149.5
,,0.027392104238045525,0.11577665631722656,0.015899152958292202,0.15906791351356428,0.23659436288254437,0.17220383189165114,0.7278441878056939,-2.156092320371497,149.6
,,0.027392104238045525,0.11577665631722656,0.015899152958292202,0.15906791351356428,0.23659436288254437,0.17220383189165114,0.7278441878056939,-2.156092320371497,149.7
,,0.027392104238045525,0.11577665631722656,0.015899152958292202,0.15906791351356428,0.23659436288254437,0.17220383189165114,0.7278441878056939,-2.156092320371497,149.8
,,0.026828457421951717,0.11337521850667434,0.016057229412863805,0.12943244791953815,0.2905298688854334,,0.8759412367535087,-2.177052443257189,149.9
,,0.026264810605857912,0.11337521850667434,0.016057229412863805,0.12943244791953815,0.3444653748883224,,0.8759412367535087,-2.177052443257189,150.0
,,0.025701163789764104,0.11337521850667434,0.016057229412863805,0.12943244791953815,0.39840088089121145,,0.8759412367535087,-2.177052443257189,150.1
,,0.0251375169736703,0.11337521850667434,0.016057229412863805,0.12943244791953815,0.4523363868941005,,0.8759412367535087,-2.177052443257189,150.2
,,0.02457387015757649,0.048538879014120004,0.004357912347807205,0.0774706615195037,0.5062718928969895,0.3172022760047024,0.6265453019515014,-3.0253901730146304,150.3
,,0.02457387015757649,0.048538879014120004,0.004357912347807205,0.0774706615195037,0.5062718928969895,0.3172022760047024,0.6265453019515014,-3.0253901730146304,150.4
,,0.02457387015757649,0.048538879014120004,0.004357912347807205,0.0774706615195037,0.5062718928969895,0.3172022760047024,0.6265453019515014,-3.0253901730146304,150.5
,,0.02457387015757649,0.048538879014120004,0.004357912347807205,0.0774706615195037,0.5062718928969895,0.3172022760047024,0.6265453019515014,-3.0253901730146304,150.6
,,0.026530142333460623,0.10464284701396515,0.0145853710190449,0.14575836036647066,0.2535303949625915,0.1820145497435456,0.7179200338894354,-2.257202183941105,150.7
,,0.026530142333460623,0.10464284701396515,0.0145853710190449,0.14575836036647066,0.2535303949625915,0.1820145497435456,0.7179200338894354,-2.257202183941105,150.8
,,0.026530142333460623,0.10464284701396515,0.0145853710190449,0.14575836036647066,0.2535303949625915,0.1820145497435456,0.7179200338894354,-2.257202183941105,150.9
,,0.026530142333460623,0.10464284701396515,0.0145853710190449,0.14575836036647066,0.2535303949625915,0.1820145497435456,0.7179200338894354,-2.257202183941105,151.0
,,0.026530142333460623,0.10464284701396515,0.0145853710190449,0.14575836036647066,0.2535303949625915,0.1820145497435456,0.7179200338894354,-2.257202183941105,151.1
,,0.026530142333460623,0.10464284701396515,0.0145853710190449,0.14575836036647066,0.2535303949625915,0.1820145497435456,0.7179200338894354,-2.257202183941105,151.2
,,0.026530142333460623,0.10464284701396515,0.0145853710190449,0.14575836036647066,0.2535303949625915,0.1820145497435456,0.7179200338894354,-2.257202183941105,151.3
,,0.026530142333460623,0.10464284701396515,0.0145853710190449,0.14575836036647066,0.2535303949625915,0.1820145497435456,0.7179200338894354,-2.257202183941105,151.4
,,0.02705566335989769,0.10001040503899736,0.00976199599336344,0.1368280643922585,0.2705284850046132,0.19773475185861397,0.7309202646635976,-2.3024810480169386,151.5
,,0.025602324369966175,0.0965559127852189,0.013152553615296837,0.13531079077048191,0.26515542789095214,0.18921125376758444,0.7135861983764461,-2.337633031327967,151.6
,,0.025602324369966175,0.0965559127852189,0.013152553615296837,0.13531079077048191,0.26515542789095214,0.18921125376758444,0.7135861983764461,-2.337633031327967,151.7
,,0.025602324369966175,0.0965559127852189,0.013152553615296837,0.13531079077048191,0.26515542789095214,0.18921125376758444,0.7135861983764461,-2.337633031327967,151.8
,,0.025602324369966175,0.0965559127852189,0.013152553615296837,0.13531079077048191,0.26515542789095214,0.18921125376758444,0.7135861983764461,-2.337633031327967,151.9
,,0.025602324369966175,0.0965559127852189,0.013152553615296837,0.13531079077048191,0.26515542789095214,0.18921125376758444,0.7135861983764461,-2.337633031327967,152.0
,,0.025602324369966175,0.0965559127852189,0.013152553615296837,0.13531079077048191,0.26515542789095214,0.18921125376758444,0.7135861983764461,-2.337633031327967,152.1
,,0.025602324369966175,0.0965559127852189,0.013152553615296837,0.13531079077048191,0.26515542789095214,0.18921125376758444,0.7135861983764461,-2.337633031327967,152.2
,,0.025602324369966175,0.0965559127852189,0.013152553615296837,0.13531079077048191,0.26515542789095214,0.18921125376758444,0.7135861983764461,-2.337633031327967,152.3
,,0.024256636227496072,0.09532450943841897,0.013260907342087258,0.1328420530080023,0.2544637928943785,0.18259757116246064,0.7175778097367759,-2.350468319452444,152.4
,,0.024256636227496072,0.09532450943841897,0.013260907342087258,0.1328420530080023,0.2544637928943785,0.18259757116246064,0.7175778097367759,-2.350468319452444,152.5
,,0.024256636227496072,0.09532450943841897,0.013260907342087258,0.1328420530080023,0.2544637928943785,0.18259757116246064,0.7175778097367759,-2.350468319452444,152.6
,,0.024256636227496072,0.09532450943841897,0.013260907342087258,0.1328420530080023,0.2544637928943785,0.18259757116246064,0.7175778097367759,-2.350468319452444,152.7
,,0.024837666429677635,0.09316439937065518,0.012307826701965383,0.13030989250229819,0.2666004031310374,0.19060461145910002,0.7149449483968541,-2.3733896112654715,152.8
,,0.024837666429677635,0.09316439937065518,0.012307826701965383,0.13030989250229819,0.2666004031310374,0.19060461145910002,0.7149449483968541,-2.3733896112654715,152.9
,,0.024837666429677635,0.09316439937065518,0.012307826701965383,0.13030989250229819,0.2666004031310374,0.19060461145910002,0.7149449483968541,-2.3733896112654715,153.0
,,0.024837666429677635,0.09316439937065518,0.012307826701965383,0.13030989250229819,0.2666004031310374,0.19060461145910002,0.7149449483968541,-2.3733896112654715,153.1
,,0.024837666429677635,0.09316439937065518,0.012307826701965383,0.13030989250229819,0.2666004031310374,0.19060461145910002,0.7149449483968541,-2.3733896112654715,153.2
,,0.023686741378811965,0.09508091440117897,0.012911558516364642,0.13167921429635557,0.24912193501704752,0.17988215911968372,0.722064715446973,-2.3530270193594958,153.3
,,0.023686741378811965,0.09508091440117897,0.012911558516364642,0.13167921429635557,0.24912193501704752,0.17988215911968372,0.722064715446973,-2.3530270193594958,153.4
,,0.023686741378811965,0.09508091440117897,0.012911558516364642,0.13167921429635557,0.24912193501704752,0.17988215911968372,0.722064715446973,-2.3530270193594958,153.5
,,0.023686741378811965,0.09508091440117897,0.012911558516364642,0.13167921429635557,0.24912193501704752,0.17988215911968372,0.722064715446973,-2.3530270193594958,153.6
,,0.023686741378811965,0.09508091440117897,0.012911558516364642,0.13167921429635557,0.24912193501704752,0.17988215911968372,0.722064715446973,-2.3530270193594958,153.7
,,0.023686741378811965,0.09508091440117897,0.012911558516364642,0.13167921429635557,0.24912193501704752,0.17988215911968372,0.722064715446973,-2.3530270193594958,153.8
,,0.024509132193253614,0.09548349168667207,0.00913764069748179,0.12913026457740748,0.25668449865323356,0.18980161059425035,0.73943542204573,-2.3488019083574603,153.9
,,0.024509132193253614,0.09548349168667207,0.00913764069748179,0.12913026457740748,0.25668449865323356,0.18980161059425035,0.73943542204573,-2.3488019083574603,154.0
,,0.023735404115012668,0.09905556448465767,0.013169695438043619,0.13596066403771395,0.23961706985869483,0.17457552361195247,0.7285604640558447,-2.3120743288727996,154.1
,,0.023735404115012668,0.09905556448465767,0.013169695438043619,0.13596066403771395,0.23961706985869483,0.17457552361195247,0.7285604640558447,-2.3120743288727996,154.2
,,0.023735404115012668,0.09905556448465767,0.013169695438043619,0.13596066403771395,0.23961706985869483,0.17457552361195247,0.7285604640558447,-2.3120743288727996,154.3
,,0.023735404115012668,0.09905556448465767,0.013169695438043619,0.13596066403771395,0.23961706985869483,0.17457552361195247,0.7285604640558447,-2.3120743288727996,154.4
,,0.023735404115012668,0.09905556448465767,0.013169695438043619,0.13596066403771395,0.23961706985869483,0.17457552361195247,0.7285604640558447,-2.3120743288727996,154.5
,,0.023735404115012668,0.09905556448465767,0.013169695438043619,0.13596066403771395,0.23961706985869483,0.17457552361195247,0.7285604640558447,-2.3120743288727996,154.6
,,0.023735404115012668,0.09905556448465767,0.013169695438043619,0.13596066403771395,0.23961706985869483,0.17457552361195247,0.7285604640558447,-2.3120743288727996,154.7
,,0.023735404115012668,0.09905556448465767,0.013169695438043619,0.13596066403771395,0.23961706985869483,0.17457552361195247,0.7285604640558447,-2.3120743288727996,154.8
,,0.02316045474654471,0.10290811301954,0.014168585605799474,0.1402371533718842,0.22505956106830025,0.16515205984770148,0.7338149024363454,-2.273918795522828,154.9
,,0.02316045474654471,0.10290811301954,0.014168585605799474,0.1402371533718842,0.22505956106830025,0.16515205984770148,0.7338149024363454,-2.273918795522828,155.0
,,0.02418171373739588,0.10479324431934378,0.013762430656122673,0.14273738871286235,0.2307564184548505,0.1694140123723366,0.734168147983645,-2.2557659717746796,155.1
,,0.02418171373739588,0.10479324431934378,0.013762430656122673,0.14273738871286235,0.2307564184548505,0.1694140123723366,0.734168147983645,-2.2557659717746796,155.2
,,0.02418171373739588,0.10479324431934378,0.013762430656122673,0.14273738871286235,0.2307564184548505,0.1694140123723366,0.734168147983645,-2.2557659717746796,155.3
,,0.02418171373739588,0.10479324431934378,0.013762430656122673,0.14273738871286235,0.2307564184548505,0.1694140123723366,0.734168147983645,-2.2557659717746796,155.4
,,0.02418171373739588,0.10479324431934378,0.013762430656122673,0.14273738871286235,0.2307564184548505,0.1694140123723366,0.734168147983645,-2.2557659717746796,155.5
,,0.02418171373739588,0.10479324431934378,0.013762430656122673,0.14273738871286235,0.2307564184548505,0.1694140123723366,0.734168147983645,-2.2557659717746796,155.6
,,0.023936833474091947,0.10924785984407479,0.014900877367668269,0.148085570685835,0.21910574274183547,0.1616419031458114,0.7377346715018251,-2.214136034726234,155.7
,,0.023936833474091947,0.10924785984407479,0.014900877367668269,0.148085570685835,0.21910574274183547,0.1616419031458114,0.7377346715018251,-2.214136034726234,155.8
,,0.023936833474091947,0.10924785984407479,0.014900877367668269,0.148085570685835,0.21910574274183547,0.1616419031458114,0.7377346715018251,-2.214136034726234,155.9
,,0.023936833474091947,0.10924785984407479,0.014900877367668269,0.148085570685835,0.21910574274183547,0.1616419031458114,0.7377346715018251,-2.214136034726234,156.0
,,0.023936833474091947,0.10924785984407479,0.014900877367668269,0.148085570685835,0.21910574274183547,0.1616419031458114,0.7377346715018251,-2.214136034726234,156.1
,,0.024794847933065856,0.11050292328878816,0.014471888242379306,0.14976965946423332,0.22438182805596046,0.16555321032152806,0.737819152985238,-2.2027133032721045,156.2
,,0.024794847933065856,0.11050292328878816,0.014471888242379306,0.14976965946423332,0.22438182805596046,0.16555321032152806,0.737819152985238,-2.2027133032721045,156.3
,,0.024794847933065856,0.11050292328878816,0.014471888242379306,0.14976965946423332,0.22438182805596046,0.16555321032152806,0.737819152985238,-2.2027133032721045,156.4
,,0.024794847933065856,0.11050292328878816,0.014471888242379306,0.14976965946423332,0.22438182805596046,0.16555321032152806,0.737819152985238,-2.2027133032721045,156.5
,,0.024861795262342806,0.11371958994986119,0.015542673014635567,0.12926226296449675,0.22330026239043949,,0.8797586189644186,-2.174019597993201,156.6
,,0.024928742591619753,0.11371958994986119,0.015542673014635567,0.12926226296449675,0.2222186967249185,,0.8797586189644186,-2.174019597993201,156.7
,,0.024995689920896704,0.11371958994986119,0.015542673014635567,0.12926226296449675,0.22113713105939753,,0.8797586189644186,-2.174019597993201,156.8
,,0.025062637250173655,0.11371958994986119,0.015542673014635567,0.12926226296449675,0.22005556539387655,,0.8797586189644186,-2.174019597993201,156.9
,,0.025129584579450602,0.11371958994986119,0.015542673014635567,0.12926226296449675,0.21897399972835557,,0.8797586189644186,-2.174019597993201,157.0
,,0.025196531908727553,0.11371958994986119,0.015542673014635567,0.12926226296449675,0.2178924340628346,,0.8797586189644186,-2.174019597993201,157.1
,,0.025263479238004503,0.11371958994986119,0.015542673014635567,0.12926226296449675,0.21681086839731362,,0.8797586189644186,-2.174019597993201,157.2
,,0.02533042656728145,0.11618254789258599,0.015229103374694908,0.13141165126728088,0.21572930273179264,,0.884111467835374,-2.152592636097144,157.3
,,0.0253973738965584,0.11832118168903434,0.0161137958343168,0.15983235141990954,0.21464773706627166,0.15890008293649352,0.740283056827353,-2.1343524733996273,157.4
,,0.0253973738965584,0.11832118168903434,0.0161137958343168,0.15983235141990954,0.21464773706627166,0.15890008293649352,0.740283056827353,-2.1343524733996273,157.5
,,0.0253973738965584,0.11832118168903434,0.0161137958343168,0.15983235141990954,0.21464773706627166,0.15890008293649352,0.740283056827353,-2.1343524733996273,157.6
,,0.0253973738965584,0.11832118168903434,0.0161137958343168,0.15983235141990954,0.21464773706627166,0.15890008293649352,0.740283056827353,-2.1343524733996273,157.7
,,0.0253973738965584,0.11832118168903434,0.0161137958343168,0.15983235141990954,0.21464773706627166,0.15890008293649352,0.740283056827353,-2.1343524733996273,157.8
,,0.0253973738965584,0.11832118168903434,0.0161137958343168,0.15983235141990954,0.21464773706627166,0.15890008293649352,0.740283056827353,-2.1343524733996273,157.9
,,0.0253973738965584,0.11832118168903434,0.0161137958343168,0.15983235141990954,0.21464773706627166,0.15890008293649352,0.740283056827353,-2.1343524733996273,158.0
,,0.025188766267213798,0.12010221456366818,0.016990555418353107,0.16228153624923508,0.20972774197981847,0.1552164642348986,0.7400855164398549,-2.119412110735076,158.1
,,0.025188766267213798,0.12010221456366818,0.016990555418353107,0.16228153624923508,0.20972774197981847,0.1552164642348986,0.7400855164398549,-2.119412110735076,158.2
,,0.025336971922714734,0.12202781775760678,0.01660520178617801,0.1386330195437848,0.21016491576593027,,0.8802218847946714,-2.1035062458336014,158.3
,,0.025485177578215674,0.12202781775760678,0.01660520178617801,0.1386330195437848,0.2106020895520421,,0.8802218847946714,-2.1035062458336014,158.4
,,0.02563338323371661,0.12202781775760678,0.01660520178617801,0.1386330195437848,0.2110392633381539,,0.8802218847946714,-2.1035062458336014,158.5
,,0.02578158888921755,0.12202781775760678,0.01660520178617801,0.1386330195437848,0.2114764371242657,,0.8802218847946714,-2.1035062458336014,158.6
,,0.025929794544718488,0.12202781775760678,0.01660520178617801,0.1386330195437848,0.2119136109103775,,0.8802218847946714,-2.1035062458336014,158.7
,,0.02607800020021943,0.12202781775760678,0.01660520178617801,0.1386330195437848,0.21235078469648933,,0.8802218847946714,-2.1035062458336014,158.8
,,0.026226205855720365,0.12325042282815446,0.01730752719320771,0.16678415587708253,0.21278795848260112,0.15724638661149978,0.7389816027787928,-2.093537035410825,158.9
,,0.026226205855720365,0.12325042282815446,0.01730752719320771,0.16678415587708253,0.21278795848260112,0.15724638661149978,0.7389816027787928,-2.093537035410825,159.0
,,0.026226205855720365,0.12325042282815446,0.01730752719320771,0.16678415587708253,0.21278795848260112,0.15724638661149978,0.7389816027787928,-2.093537035410825,159.1
,,0.026226205855720365,0.12325042282815446,0.01730752719320771,0.16678415587708253,0.21278795848260112,0.15724638661149978,0.7389816027787928,-2.093537035410825,159.2
,,0.027358863257420492,0.1243315553764888,0.016851142420821315,0.1685415610547306,0.2200476232648665,0.16232710250343674,0.7376907784550218,-2.0848034480296778,159.3
,,0.027358863257420492,0.1243315553764888,0.016851142420821315,0.1685415610547306,0.2200476232648665,0.16232710250343674,0.7376907784550218,-2.0848034480296778,159.4
,,0.027358863257420492,0.1243315553764888,0.016851142420821315,0.1685415610547306,0.2200476232648665,0.16232710250343674,0.7376907784550218,-2.0848034480296778,159.5
,,0.027358863257420492,0.1243315553764888,0.016851142420821315,0.1685415610547306,0.2200476232648665,0.16232710250343674,0.7376907784550218,-2.0848034480296778,159.6
,,0.02707752428447926,0.12418466462691993,0.017410768236883287,0.16867295714828248,0.21804241583150819,0.1605326944062235,0.7362452566581118,-2.0859855903194084,159.7
,,0.02707752428447926,0.12418466462691993,0.017410768236883287,0.16867295714828248,0.21804241583150819,0.1605326944062235,0.7362452566581118,-2.0859855903194084,159.8
,,0.02707752428447926,0.12418466462691993,0.017410768236883287,0.16867295714828248,0.21804241583150819,0.1605326944062235,0.7362452566581118,-2.0859855903194084,159.9
,,0.02707752428447926,0.12418466462691993,0.017410768236883287,0.16867295714828248,0.21804241583150819,0.1605326944062235,0.7362452566581118,-2.0859855903194084,160.0
,,0.02707752428447926,0.12418466462691993,0.017410768236883287,0.16867295714828248,0.21804241583150819,0.1605326944062235,0.7362452566581118,-2.0859855903194084,160.1
,,0.02707752428447926,0.12418466462691993,0.017410768236883287,0.16867295714828248,0.21804241583150819,0.1605326944062235,0.7362452566581118,-2.0859855903194084,160.2
,,0.02734379680128101,0.1201216987004005,0.016259806247757715,0.16372530174943922,0.22763411687575347,0.1670102086183797,0.7336782856215559,-2.1192498942720244,160.3
,,0.02734379680128101,0.1201216987004005,0.016259806247757715,0.16372530174943922,0.22763411687575347,0.1670102086183797,0.7336782856215559,-2.1192498942720244,160.4
,,0.026897636382582208,0.11851998132284407,0.016619738409047347,0.16203735611447362,0.22694600591704478,0.1659965148010684,0.7314361587035147,-2.1326737138633183,160.5
,,0.026897636382582208,0.11851998132284407,0.016619738409047347,0.16203735611447362,0.22694600591704478,0.1659965148010684,0.7314361587035147,-2.1326737138633183,160.6
,,0.026897636382582208,0.11851998132284407,0.016619738409047347,0.16203735611447362,0.22694600591704478,0.1659965148010684,0.7314361587035147,-2.1326737138633183,160.7
,,0.026897636382582208,0.11851998132284407,0.016619738409047347,0.16203735611447362,0.22694600591704478,0.1659965148010684,0.7314361587035147,-2.1326737138633183,160.8
,,0.026897636382582208,0.11851998132284407,0.016619738409047347,0.16203735611447362,0.22694600591704478,0.1659965148010684,0.7314361587035147,-2.1326737138633183,160.9
,,0.026897636382582208,0.11851998132284407,0.016619738409047347,0.16203735611447362,0.22694600591704478,0.1659965148010684,0.7314361587035147,-2.1326737138633183,161.0
,,0.026897636382582208,0.11851998132284407,0.016619738409047347,0.16203735611447362,0.22694600591704478,0.1659965148010684,0.7314361587035147,-2.1326737138633183,161.1
,,0.026897636382582208,0.11851998132284407,0.016619738409047347,0.16203735611447362,0.22694600591704478,0.1659965148010684,0.7314361587035147,-2.1326737138633183,161.2
,,0.027068633416548457,0.11291875044536302,0.015829541462453037,0.15581692532436453,0.23971779097614007,0.17372075183873387,0.724688606262123,-2.181086741497935,161.3
,,0.027068633416548457,0.11291875044536302,0.015829541462453037,0.15581692532436453,0.23971779097614007,0.17372075183873387,0.724688606262123,-2.181086741497935,161.4
,,0.027068633416548457,0.11291875044536302,0.015829541462453037,0.15581692532436453,0.23971779097614007,0.17372075183873387,0.724688606262123,-2.181086741497935,161.5
,,0.027068633416548457,0.11291875044536302,0.015829541462453037,0.15581692532436453,0.23971779097614007,0.17372075183873387,0.724688606262123,-2.181086741497935,161.6
,,0.027068633416548457,0.11291875044536302,0.015829541462453037,0.15581692532436453,0.23971779097614007,0.17372075183873387,0.724688606262123,-2.181086741497935,161.7
,,0.027068633416548457,0.11291875044536302,0.015829541462453037,0.15581692532436453,0.23971779097614007,0.17372075183873387,0.724688606262123,-2.181086741497935,161.8
,,0.027068633416548457,0.11291875044536302,0.015829541462453037,0.15581692532436453,0.23971779097614007,0.17372075183873387,0.724688606262123,-2.181086741497935,161.9
,,0.026927960693388958,0.11240987629834343,0.016225060957632494,0.15556289794936487,0.2395515552558774,0.17310014822527867,0.7226008115054041,-2.185603477959678,162.0
,,0.026927960693388958,0.11240987629834343,0.016225060957632494,0.15556289794936487,0.2395515552558774,0.17310014822527867,0.7226008115054041,-2.185603477959678,162.1
,,0.026927960693388958,0.11240987629834343,0.016225060957632494,0.15556289794936487,0.2395515552558774,0.17310014822527867,0.7226008115054041,-2.185603477959678,162.2
,,0.027203859312652855,0.10629050509837601,0.014747951654495745,0.1482423160655246,0.25593875283097606,0.18350940564520374,0.7170051569579804,-2.241579319369887,162.3
,,0.027203859312652855,0.10629050509837601,0.014747951654495745,0.1482423160655246,0.25593875283097606,0.18350940564520374,0.7170051569579804,-2.241579319369887,162.4
,,0.027203859312652855,0.10629050509837601,0.014747951654495745,0.1482423160655246,0.25593875283097606,0.18350940564520374,0.7170051569579804,-2.241579319369887,162.5
,,0.027203859312652855,0.10629050509837601,0.014747951654495745,0.1482423160655246,0.25593875283097606,0.18350940564520374,0.7170051569579804,-2.241579319369887,162.6
,,0.027203859312652855,0.10629050509837601,0.014747951654495745,0.1482423160655246,0.25593875283097606,0.18350940564520374,0.7170051569579804,-2.241579319369887,162.7
,,0.026180860125790288,0.1030613483651213,0.014677715404166361,0.14391992389507796,0.25403180281552173,0.18191268739745123,0.7161020210117411,-2.2724308528654777,162.8
,,0.026180860125790288,0.1030613483651213,0.014677715404166361,0.14391992389507796,0.25403180281552173,0.18191268739745123,0.7161020210117411,-2.2724308528654777,162.9
,,0.026180860125790288,0.1030613483651213,0.014677715404166361,0.14391992389507796,0.25403180281552173,0.18191268739745123,0.7161020210117411,-2.2724308528654777,163.0
,,0.026180860125790288,0.1030613483651213,0.014677715404166361,0.14391992389507796,0.25403180281552173,0.18191268739745123,0.7161020210117411,-2.2724308528654777,163.1
,,0.026180860125790288,0.1030613483651213,0.014677715404166361,0.14391992389507796,0.25403180281552173,0.18191268739745123,0.7161020210117411,-2.2724308528654777,163.2
,,0.026136532865913612,0.09699308980959273,0.013208358970749802,0.13633798164625613,0.2694679890827509,0.191703973832675,0.7114165006582829,-2.333115542092741,163.3
,,0.026136532865913612,0.09699308980959273,0.013208358970749802,0.13633798164625613,0.2694679890827509,0.191703973832675,0.7114165006582829,-2.333115542092741,163.4
,,0.025042656440636787,0.0950690066770007,0.013256579361820009,0.1333682424794575,0.26341556850088726,0.18777076142766197,0.7128309176875,-2.3531522649985823,163.5
,,0.025042656440636787,0.0950690066770007,0.013256579361820009,0.1333682424794575,0.26341556850088726,0.18777076142766197,0.7128309176875,-2.3531522649985823,163.6
,,0.025042656440636787,0.0950690066770007,0.013256579361820009,0.1333682424794575,0.26341556850088726,0.18777076142766197,0.7128309176875,-2.3531522649985823,163.7
,,0.025042656440636787,0.0950690066770007,0.013256579361820009,0.1333682424794575,0.26341556850088726,0.18777076142766197,0.7128309176875,-2.3531522649985823,163.8
,,0.025042656440636787,0.0950690066770007,0.013256579361820009,0.1333682424794575,0.26341556850088726,0.18777076142766197,0.7128309176875,-2.3531522649985823,163.9
,,0.025042656440636787,0.0950690066770007,0.013256579361820009,0.1333682424794575,0.26341556850088726,0.18777076142766197,0.7128309176875,-2.3531522649985823,164.0
,,0.025042656440636787,0.0950690066770007,0.013256579361820009,0.1333682424794575,0.26341556850088726,0.18777076142766197,0.7128309176875,-2.3531522649985823,164.1
,,0.025042656440636787,0.0950690066770007,0.013256579361820009,0.1333682424794575,0.26341556850088726,0.18777076142766197,0.7128309176875,-2.3531522649985823,164.2
,,0.023643523057708348,0.09243700655135315,0.013169505677309814,0.1292500352863713,0.25577984337445253,0.18292856172397057,0.7151797393830198,-2.3812278767122157,164.3
,,0.024094491119279103,0.0916072723773115,0.01249330977382413,0.12819507327041474,0.2630194142233474,0.18795177150415268,0.7145927689754121,-2.3902446176880816,164.4
,,0.024094491119279103,0.0916072723773115,0.01249330977382413,0.12819507327041474,0.2630194142233474,0.18795177150415268,0.7145927689754121,-2.3902446176880816,164.5
,,0.024094491119279103,0.0916072723773115,0.01249330977382413,0.12819507327041474,0.2630194142233474,0.18795177150415268,0.7145927689754121,-2.3902446176880816,164.6
,,0.024094491119279103,0.0916072723773115,0.01249330977382413,0.12819507327041474,0.2630194142233474,0.18795177150415268,0.7145927689754121,-2.3902446176880816,164.7
,,0.024094491119279103,0.0916072723773115,0.01249330977382413,0.12819507327041474,0.2630194142233474,0.18795177150415268,0.7145927689754121,-2.3902446176880816,164.8
,,0.024094491119279103,0.0916072723773115,0.01249330977382413,0.12819507327041474,0.2630194142233474,0.18795177150415268,0.7145927689754121,-2.3902446176880816,164.9
,,0.024094491119279103,0.0916072723773115,0.01249330977382413,0.12819507327041474,0.2630194142233474,0.18795177150415268,0.7145927689754121,-2.3902446176880816,165.0
,,0.022494357310532783,0.08978088926653263,0.012567166053610485,0.1248424126306759,0.2505472767567913,0.18018201376064674,0.7191537505137252,-2.41038314072605,165.1
,,0.022494357310532783,0.08978088926653263,0.012567166053610485,0.1248424126306759,0.2505472767567913,0.18018201376064674,0.7191537505137252,-2.41038314072605,165.2
,,0.022494357310532783,0.08978088926653263,0.012567166053610485,0.1248424126306759,0.2505472767567913,0.18018201376064674,0.7191537505137252,-2.41038314072605,165.3
,,0.023484743443651132,0.09291353364587879,0.012417007179629411,0.12881528426915934,0.2527591247703322,0.1823133301059197,0.7212927733927607,-2.3760859640537797,165.4
,,0.023484743443651132,0.09291353364587879,0.012417007179629411,0.12881528426915934,0.2527591247703322,0.1823133301059197,0.7212927733927607,-2.3760859640537797,165.5
,,0.023484743443651132,0.09291353364587879,0.012417007179629411,0.12881528426915934,0.2527591247703322,0.1823133301059197,0.7212927733927607,-2.3760859640537797,165.6
,,0.023484743443651132,0.09291353364587879,0.012417007179629411,0.12881528426915934,0.2527591247703322,0.1823133301059197,0.7212927733927607,-2.3760859640537797,165.7
,,0.023484743443651132,0.09291353364587879,0.012417007179629411,0.12881528426915934,0.2527591247703322,0.1823133301059197,0.7212927733927607,-2.3760859640537797,165.8
,,0.023459987835851646,0.09563313271885876,0.013198491251083197,0.10883162396994196,0.25007160896482566,,0.8787255875670065,-2.3472359424114635,165.9
,,0.023435232228052157,0.09563313271885876,0.013198491251083197,0.10883162396994196,0.24738409315931909,,0.8787255875670065,-2.3472359424114635,166.0
,,0.02341047662025267,0.09563313271885876,0.013198491251083197,0.10883162396994196,0.24469657735381256,,0.8787255875670065,-2.3472359424114635,166.1
,,0.023385721012453183,0.09563313271885876,0.013198491251083197,0.10883162396994196,0.242009061548306,,0.8787255875670065,-2.3472359424114635,166.2
,,0.023360965404653697,0.09761329817650388,0.012841125150406174,0.13381538873156376,0.23932154574279946,0.17457607548797127,0.7294624265697724,-2.3267415430360834,166.3
,,0.023360965404653697,0.09761329817650388,0.012841125150406174,0.13381538873156376,0.23932154574279946,0.17457607548797127,0.7294624265697724,-2.3267415430360834,166.4
,,0.023360965404653697,0.09761329817650388,0.012841125150406174,0.13381538873156376,0.23932154574279946,0.17457607548797127,0.7294624265697724,-2.3267415430360834,166.5
,,0.023360965404653697,0.09761329817650388,0.012841125150406174,0.13381538873156376,0.23932154574279946,0.17457607548797127,0.7294624265697724,-2.3267415430360834,166.6
,,0.021766113344983753,0.09595134516717552,0.01305152594384964,0.1307689844560089,0.2268453173539232,0.16644706262367542,0.7337469627551773,-2.3439140371668197,166.7
,,0.021766113344983753,0.09595134516717552,0.01305152594384964,0.1307689844560089,0.2268453173539232,0.16644706262367542,0.7337469627551773,-2.3439140371668197,166.8
,,0.021766113344983753,0.09595134516717552,0.01305152594384964,0.1307689844560089,0.2268453173539232,0.16644706262367542,0.7337469627551773,-2.3439140371668197,166.9
,,0.021766113344983753,0.09595134516717552,0.01305152594384964,0.1307689844560089,0.2268453173539232,0.16644706262367542,0.7337469627551773,-2.3439140371668197,167.0
,,0.021766113344983753,0.09595134516717552,0.01305152594384964,0.1307689844560089,0.2268453173539232,0.16644706262367542,0.7337469627551773,-2.3439140371668197,167.1
,,0.023209428250114576,0.10233037187014002,0.013350533315440427,0.138890333435695,0.22680879416296817,0.16710614537375515,0.7367710145034541,-2.279548759861541,167.2
,,0.023209428250114576,0.10233037187014002,0.013350533315440427,0.138890333435695,0.22680879416296817,0.16710614537375515,0.7367710145034541,-2.279548759861541,167.3
,,0.023355058135370508,0.10815871799262888,0.014639047752179545,0.14615282388017894,0.21593320047453018,0.159798883903316,0.7400385098361225,-2.22415551963653,167.4
,,0.023355058135370508,0.10815871799262888,0.014639047752179545,0.14615282388017894,0.21593320047453018,0.159798883903316,0.7400385098361225,-2.22415551963653,167.5
,,0.023355058135370508,0.10815871799262888,0.014639047752179545,0.14615282388017894,0.21593320047453018,0.159798883903316,0.7400385098361225,-2.22415551963653,167.6
,,0.023355058135370508,0.10815871799262888,0.014639047752179545,0.14615282388017894,0.21593320047453018,0.159798883903316,0.7400385098361225,-2.22415551963653,167.7
,,0.023355058135370508,0.10815871799262888,0.014639047752179545,0.14615282388017894,0.21593320047453018,0.159798883903316,0.7400385098361225,-2.22415551963653,167.8
,,0.023355058135370508,0.10815871799262888,0.014639047752179545,0.14615282388017894,0.21593320047453018,0.159798883903316,0.7400385098361225,-2.22415551963653,167.9
,,0.023355058135370508,0.10815871799262888,0.014639047752179545,0.14615282388017894,0.21593320047453018,0.159798883903316,0.7400385098361225,-2.22415551963653,168.0
,,0.023190166621882828,0.10615334785929177,0.013783496933764941,0.14312701141493953,0.21845911682994515,0.1620250880153727,0.7416723566702765,-2.242870552382576,168.1
,,0.021928823626017942,0.10425370350681606,0.014031509461747194,0.1402140365945812,0.2103409556532852,0.15639535212457764,0.7435325737626265,-2.260927893688995,168.2
,,0.021928823626017942,0.10425370350681606,0.014031509461747194,0.1402140365945812,0.2103409556532852,0.15639535212457764,0.7435325737626265,-2.260927893688995,168.3
,,0.021928823626017942,0.10425370350681606,0.014031509461747194,0.1402140365945812,0.2103409556532852,0.15639535212457764,0.7435325737626265,-2.260927893688995,168.4
,,0.021928823626017942,0.10425370350681606,0.014031509461747194,0.1402140365945812,0.2103409556532852,0.15639535212457764,0.7435325737626265,-2.260927893688995,168.5
,,0.021928823626017942,0.10425370350681606,0.014031509461747194,0.1402140365945812,0.2103409556532852,0.15639535212457764,0.7435325737626265,-2.260927893688995,168.6
,,0.021928823626017942,0.10425370350681606,0.014031509461747194,0.1402140365945812,0.2103409556532852,0.15639535212457764,0.7435325737626265,-2.260927893688995,168.7
,,0.021928823626017942,0.10425370350681606,0.014031509461747194,0.1402140365945812,0.2103409556532852,0.15639535212457764,0.7435325737626265,-2.260927893688995,168.8
,,0.02079547471555014,0.10234558572513686,0.014236428826835588,0.13737748926752258,0.2031887801336078,0.15137468901512674,0.7449953137943421,-2.2794000970170756,168.9
,,0.02079547471555014,0.10234558572513686,0.014236428826835588,0.13737748926752258,0.2031887801336078,0.15137468901512674,0.7449953137943421,-2.2794000970170756,169.0
,,0.025115816933670935,0.12175437971655254,0.016367802828161228,0.1632379994783847,0.20628265687149186,0.15386011231408572,0.7458703249587101,-2.1057495446352195,169.1
,,0.025115816933670935,0.12175437971655254,0.016367802828161228,0.1632379994783847,0.20628265687149186,0.15386011231408572,0.7458703249587101,-2.1057495446352195,169.2
,,0.025115816933670935,0.12175437971655254,0.016367802828161228,0.1632379994783847,0.20628265687149186,0.15386011231408572,0.7458703249587101,-2.1057495446352195,169.3
,,0.025115816933670935,0.12175437971655254,0.016367802828161228,0.1632379994783847,0.20628265687149186,0.15386011231408572,0.7458703249587101,-2.1057495446352195,169.4
,,0.025115816933670935,0.12175437971655254,0.016367802828161228,0.1632379994783847,0.20628265687149186,0.15386011231408572,0.7458703249587101,-2.1057495446352195,169.5
,,0.025115816933670935,0.12175437971655254,0.016367802828161228,0.1632379994783847,0.20628265687149186,0.15386011231408572,0.7458703249587101,-2.1057495446352195,169.6
,,0.020920958021038574,0.10431668560456307,0.01448346947629929,0.13972111310190094,0.20055236513499272,0.14973369132681164,0.7466064597444423,-2.2603239527371684,169.7
,,0.020920958021038574,0.10431668560456307,0.01448346947629929,0.13972111310190094,0.20055236513499272,0.14973369132681164,0.7466064597444423,-2.2603239527371684,169.8
,,0.020920958021038574,0.10431668560456307,0.01448346947629929,0.13972111310190094,0.20055236513499272,0.14973369132681164,0.7466064597444423,-2.2603239527371684,169.9
,,0.026132453401592332,0.1275619293445761,0.017149291062701036,0.1708436738088695,0.2048609137213828,0.15296120025391097,0.7466587816841574,-2.059153311957985,170.0
,,0.026132453401592332,0.1275619293445761,0.017149291062701036,0.1708436738088695,0.2048609137213828,0.15296120025391097,0.7466587816841574,-2.059153311957985,170.1
,,0.026132453401592332,0.1275619293445761,0.017149291062701036,0.1708436738088695,0.2048609137213828,0.15296120025391097,0.7466587816841574,-2.059153311957985,170.2
,,0.026132453401592332,0.1275619293445761,0.017149291062701036,0.1708436738088695,0.2048609137213828,0.15296120025391097,0.7466587816841574,-2.059153311957985,170.3
,,0.026132453401592332,0.1275619293445761,0.017149291062701036,0.1708436738088695,0.2048609137213828,0.15296120025391097,0.7466587816841574,-2.059153311957985,170.4
,,0.020858752815823653,0.10430256064073584,0.01447544294317132,0.13963675639973083,0.19998313260659462,0.1493786690097011,0.7469563410808138,-2.2604593665506396,170.5
,,0.020858752815823653,0.10430256064073584,0.01447544294317132,0.13963675639973083,0.19998313260659462,0.1493786690097011,0.7469563410808138,-2.2604593665506396,170.6
,,0.020858752815823653,0.10430256064073584,0.01447544294317132,0.13963675639973083,0.19998313260659462,0.1493786690097011,0.7469563410808138,-2.2604593665506396,170.7
,,0.020858752815823653,0.10430256064073584,0.01447544294317132,0.13963675639973083,0.19998313260659462,0.1493786690097011,0.7469563410808138,-2.2604593665506396,170.8
,,0.020858752815823653,0.10430256064073584,0.01447544294317132,0.13963675639973083,0.19998313260659462,0.1493786690097011,0.7469563410808138,-2.2604593665506396,170.9
,,0.02148558340501427,0.1047563518399736,0.014060202840758389,0.14030213808574626,0.20510053116240407,0.15313796138932154,0.7466482925295929,-2.2561180839278645,171.0
,,0.02148558340501427,0.1047563518399736,0.014060202840758389,0.14030213808574626,0.20510053116240407,0.15313796138932154,0.7466482925295929,-2.2561180839278645,171.1
,,0.02058944756529219,0.10230414097579606,0.014174407190377337,0.13706799573146558,0.20125722545447508,0.15021338464472517,0.7463751142624385,-2.279805128097014,171.2
,,0.02058944756529219,0.10230414097579606,0.014174407190377337,0.13706799573146558,0.20125722545447508,0.15021338464472517,0.7463751142624385,-2.279805128097014,171.3
,,0.02058944756529219,0.10230414097579606,0.014174407190377337,0.13706799573146558,0.20125722545447508,0.15021338464472517,0.7463751142624385,-2.279805128097014,171.4
,,0.02058944756529219,0.10230414097579606,0.014174407190377337,0.13706799573146558,0.20125722545447508,0.15021338464472517,0.7463751142624385,-2.279805128097014,171.5
,,0.02058944756529219,0.10230414097579606,0.014174407190377337,0.13706799573146558,0.20125722545447508,0.15021338464472517,0.7463751142624385,-2.279805128097014,171.6
,,0.02058944756529219,0.10230414097579606,0.014174407190377337,0.13706799573146558,0.20125722545447508,0.15021338464472517,0.7463751142624385,-2.279805128097014,171.7
,,0.02058944756529219,0.10230414097579606,0.014174407190377337,0.13706799573146558,0.20125722545447508,0.15021338464472517,0.7463751142624385,-2.279805128097014,171.8
,,0.01999599027206207,0.09791708668909233,0.013526099844754592,0.131439176805909,0.2042134927436476,0.15213112831335937,0.7449611985449558,-2.323634212610348,171.9
,,0.01999599027206207,0.09791708668909233,0.013526099844754592,0.131439176805909,0.2042134927436476,0.15213112831335937,0.7449611985449558,-2.323634212610348,172.0
,,0.01999599027206207,0.09791708668909233,0.013526099844754592,0.131439176805909,0.2042134927436476,0.15213112831335937,0.7449611985449558,-2.323634212610348,172.1
,,0.01999599027206207,0.09791708668909233,0.013526099844754592,0.131439176805909,0.2042134927436476,0.15213112831335937,0.7449611985449558,-2.323634212610348,172.2
,,0.01999599027206207,0.09791708668909233,0.013526099844754592,0.131439176805909,0.2042134927436476,0.15213112831335937,0.7449611985449558,-2.323634212610348,172.3
,,0.01999599027206207,0.09791708668909233,0.013526099844754592,0.131439176805909,0.2042134927436476,0.15213112831335937,0.7449611985449558,-2.323634212610348,172.4
,,0.01999599027206207,0.09791708668909233,0.013526099844754592,0.131439176805909,0.2042134927436476,0.15213112831335937,0.7449611985449558,-2.323634212610348,172.5
,,0.019184336857242874,0.0953522373970642,0.013561526249766444,0.1280981005040735,0.2011944069792068,0.1497628519217021,0.7443688627844408,-2.3501774821133257,172.6
,,0.019184336857242874,0.0953522373970642,0.013561526249766444,0.1280981005040735,0.2011944069792068,0.1497628519217021,0.7443688627844408,-2.3501774821133257,172.7
,,0.019184336857242874,0.0953522373970642,0.013561526249766444,0.1280981005040735,0.2011944069792068,0.1497628519217021,0.7443688627844408,-2.3501774821133257,172.8
,,0.0189535948290875,0.0911249930115236,0.01262560167718655,0.12270418951779766,0.2079955696313814,0.15446575136163848,0.7426396227351826,-2.3955231653444167,172.9
,,0.0189535948290875,0.0911249930115236,0.01262560167718655,0.12270418951779766,0.2079955696313814,0.15446575136163848,0.7426396227351826,-2.3955231653444167,173.0
,,0.0189535948290875,0.0911249930115236,0.01262560167718655,0.12270418951779766,0.2079955696313814,0.15446575136163848,0.7426396227351826,-2.3955231653444167,173.1
,,0.0189535948290875,0.0911249930115236,0.01262560167718655,0.12270418951779766,0.2079955696313814,0.15446575136163848,0.7426396227351826,-2.3955231653444167,173.2
,,0.0189535948290875,0.0911249930115236,0.01262560167718655,0.12270418951779766,0.2079955696313814,0.15446575136163848,0.7426396227351826,-2.3955231653444167,173.3
,,0.018178844488921243,0.08853759386359225,0.01261652140032184,0.11933295975283532,0.20532345296088522,0.1523371625624103,0.7419374667901725,-2.424328027746615,173.4
,,0.018178844488921243,0.08853759386359225,0.01261652140032184,0.11933295975283532,0.20532345296088522,0.1523371625624103,0.7419374667901725,-2.424328027746615,173.5
,,0.018178844488921243,0.08853759386359225,0.01261652140032184,0.11933295975283532,0.20532345296088522,0.1523371625624103,0.7419374667901725,-2.424328027746615,173.6
,,0.018178844488921243,0.08853759386359225,0.01261652140032184,0.11933295975283532,0.20532345296088522,0.1523371625624103,0.7419374667901725,-2.424328027746615,173.7
,,0.018178844488921243,0.08853759386359225,0.01261652140032184,0.11933295975283532,0.20532345296088522,0.1523371625624103,0.7419374667901725,-2.424328027746615,173.8
,,0.018178844488921243,0.08853759386359225,0.01261652140032184,0.11933295975283532,0.20532345296088522,0.1523371625624103,0.7419374667901725,-2.424328027746615,173.9
,,0.017413014603343845,0.10822769306595266,0.015157202515547485,0.12338489558150015,0.20696719554516557,,0.8771551214262234,-2.2235180020094067,174.0
,,0.016647184717766442,0.0798001527007018,0.011449769805820456,0.10789710722428869,0.20861093812944595,0.15428759070585166,0.7395949229187305,-2.528229860985576,174.1
,,0.016647184717766442,0.0798001527007018,0.011449769805820456,0.10789710722428869,0.20861093812944595,0.15428759070585166,0.7395949229187305,-2.528229860985576,174.2
,,0.016647184717766442,0.0798001527007018,0.011449769805820456,0.10789710722428869,0.20861093812944595,0.15428759070585166,0.7395949229187305,-2.528229860985576,174.3
,,0.016647184717766442,0.0798001527007018,0.011449769805820456,0.10789710722428869,0.20861093812944595,0.15428759070585166,0.7395949229187305,-2.528229860985576,174.4
,,0.016647184717766442,0.0798001527007018,0.011449769805820456,0.10789710722428869,0.20861093812944595,0.15428759070585166,0.7395949229187305,-2.528229860985576,174.5
,,0.016647184717766442,0.0798001527007018,0.011449769805820456,0.10789710722428869,0.20861093812944595,0.15428759070585166,0.7395949229187305,-2.528229860985576,174.6
,,0.016647184717766442,0.0798001527007018,0.011449769805820456,0.10789710722428869,0.20861093812944595,0.15428759070585166,0.7395949229187305,-2.528229860985576,174.7
,,0.016647184717766442,0.0798001527007018,0.011449769805820456,0.10789710722428869,0.20861093812944595,0.15428759070585166,0.7395949229187305,-2.528229860985576,174.8
,,0.02179508961177852,0.10513470772746075,0.015470275979525456,0.14240007331876472,0.2073063223638537,0.15305532577212852,0.738305151656173,-2.2525128203393443,174.9
,,0.02179508961177852,0.10513470772746075,0.015470275979525456,0.14240007331876472,0.2073063223638537,0.15305532577212852,0.738305151656173,-2.2525128203393443,175.0
,,0.01463778946733789,0.0694483185123135,0.010012048174891298,0.0940981561545427,0.21077241005831615,0.15555872788088881,0.738041225784006,-2.667172421560654,175.1
,,0.01463778946733789,0.0694483185123135,0.010012048174891298,0.0940981561545427,0.21077241005831615,0.15555872788088881,0.738041225784006,-2.667172421560654,175.2
,,0.01463778946733789,0.0694483185123135,0.010012048174891298,0.0940981561545427,0.21077241005831615,0.15555872788088881,0.738041225784006,-2.667172421560654,175.3
,,0.01463778946733789,0.0694483185123135,0.010012048174891298,0.0940981561545427,0.21077241005831615,0.15555872788088881,0.738041225784006,-2.667172421560654,175.4
,,0.01463778946733789,0.0694483185123135,0.010012048174891298,0.0940981561545427,0.21077241005831615,0.15555872788088881,0.738041225784006,-2.667172421560654,175.5
,,0.013916483869783954,0.06682372463194007,0.009819501660730642,0.09055971016245468,0.20825663260219143,0.15367191265099273,0.7378968474177454,-2.7056971023328433,175.6
,,0.013916483869783954,0.06682372463194007,0.009819501660730642,0.09055971016245468,0.20825663260219143,0.15367191265099273,0.7378968474177454,-2.7056971023328433,175.7
,,0.013916483869783954,0.06682372463194007,0.009819501660730642,0.09055971016245468,0.20825663260219143,0.15367191265099273,0.7378968474177454,-2.7056971023328433,175.8
,,0.013916483869783954,0.06682372463194007,0.009819501660730642,0.09055971016245468,0.20825663260219143,0.15367191265099273,0.7378968474177454,-2.7056971023328433,175.9
,,0.013916483869783954,0.06682372463194007,0.009819501660730642,0.09055971016245468,0.20825663260219143,0.15367191265099273,0.7378968474177454,-2.7056971023328433,176.0
,,0.012254370317214078,0.05783864864698028,0.008421552988219195,0.07851457195241356,0.21187165682256776,0.1560776555547072,0.7366613255184703,-2.8500980650459815,176.1
,,0.012254370317214078,0.05783864864698028,0.008421552988219195,0.07851457195241356,0.21187165682256776,0.1560776555547072,0.7366613255184703,-2.8500980650459815,176.2
,,0.01156078878640174,0.055274670494544584,0.008166186061282788,0.07500164534222911,0.20915165450950537,0.1541404689677191,0.7369794388153589,-2.8954405134586643,176.3
,,0.01156078878640174,0.055274670494544584,0.008166186061282788,0.07500164534222911,0.20915165450950537,0.1541404689677191,0.7369794388153589,-2.8954405134586643,176.4
,,0.01156078878640174,0.055274670494544584,0.008166186061282788,0.07500164534222911,0.20915165450950537,0.1541404689677191,0.7369794388153589,-2.8954405134586643,176.5
,,0.01156078878640174,0.055274670494544584,0.008166186061282788,0.07500164534222911,0.20915165450950537,0.1541404689677191,0.7369794388153589,-2.8954405134586643,176.6
,,0.01156078878640174,0.055274670494544584,0.008166186061282788,0.07500164534222911,0.20915165450950537,0.1541404689677191,0.7369794388153589,-2.8954405134586643,176.7
,,0.01156078878640174,0.055274670494544584,0.008166186061282788,0.07500164534222911,0.20915165450950537,0.1541404689677191,0.7369794388153589,-2.8954405134586643,176.8
,,0.01156078878640174,0.055274670494544584,0.008166186061282788,0.07500164534222911,0.20915165450950537,0.1541404689677191,0.7369794388153589,-2.8954405134586643,176.9
,,0.01156078878640174,0.055274670494544584,0.008166186061282788,0.07500164534222911,0.20915165450950537,0.1541404689677191,0.7369794388153589,-2.8954405134586643,177.0
,,0.008888680537841606,0.04241423498219712,0.006311240132666613,0.057614155652705334,0.20956833340439893,0.15427945506000362,0.736177324855155,-3.1602712423769734,177.1
,,0.008888680537841606,0.04241423498219712,0.006311240132666613,0.057614155652705334,0.20956833340439893,0.15427945506000362,0.736177324855155,-3.1602712423769734,177.2
,,0.008888680537841606,0.04241423498219712,0.006311240132666613,0.057614155652705334,0.20956833340439893,0.15427945506000362,0.736177324855155,-3.1602712423769734,177.3
,,0.008888680537841606,0.04241423498219712,0.006311240132666613,0.057614155652705334,0.20956833340439893,0.15427945506000362,0.736177324855155,-3.1602712423769734,177.4
,,0.008888680537841606,0.04241423498219712,0.006311240132666613,0.057614155652705334,0.20956833340439893,0.15427945506000362,0.736177324855155,-3.1602712423769734,177.5
,,0.008888680537841606,0.04241423498219712,0.006311240132666613,0.057614155652705334,0.20956833340439893,0.15427945506000362,0.736177324855155,-3.1602712423769734,177.6
,,0.008888680537841606,0.04241423498219712,0.006311240132666613,0.057614155652705334,0.20956833340439893,0.15427945506000362,0.736177324855155,-3.1602712423769734,177.7
,,0.008211851688231618,0.039837567197542736,0.0059644818127588,0.05401390069853315,0.2061333627003745,0.15203219138096105,0.7375428673423803,-3.2229449124489475,177.8
,,0.008211851688231618,0.039837567197542736,0.0059644818127588,0.05401390069853315,0.2061333627003745,0.15203219138096105,0.7375428673423803,-3.2229449124489475,177.9
,,0.006075076699010496,0.028973851912787722,0.004302668631597974,0.039351597243396194,0.2096744581043861,0.1543794184880256,0.7362814712088969,-3.5413615139136443,178.0
,,0.006075076699010496,0.028973851912787722,0.004302668631597974,0.039351597243396194,0.2096744581043861,0.1543794184880256,0.7362814712088969,-3.5413615139136443,178.1
,,0.006075076699010496,0.028973851912787722,0.004302668631597974,0.039351597243396194,0.2096744581043861,0.1543794184880256,0.7362814712088969,-3.5413615139136443,178.2
,,0.006075076699010496,0.028973851912787722,0.004302668631597974,0.039351597243396194,0.2096744581043861,0.1543794184880256,0.7362814712088969,-3.5413615139136443,178.3
,,0.006075076699010496,0.028973851912787722,0.004302668631597974,0.039351597243396194,0.2096744581043861,0.1543794184880256,0.7362814712088969,-3.5413615139136443,178.4
,,0.005569734915806009,0.027112743754269746,0.0040127389469972515,0.036695217617073006,0.20542867097059775,0.15178367311860838,0.7388631411646168,-3.6077514123939567,178.5
,,0.005569734915806009,0.027112743754269746,0.0040127389469972515,0.036695217617073006,0.20542867097059775,0.15178367311860838,0.7388631411646168,-3.6077514123939567,178.6
,,0.005569734915806009,0.027112743754269746,0.0040127389469972515,0.036695217617073006,0.20542867097059775,0.15178367311860838,0.7388631411646168,-3.6077514123939567,178.7
,,0.005569734915806009,0.027112743754269746,0.0040127389469972515,0.036695217617073006,0.20542867097059775,0.15178367311860838,0.7388631411646168,-3.6077514123939567,178.8
,,0.0036666344239038883,0.01749150990932887,0.0024964672330602157,0.023654611566292977,0.20962366559037515,0.15500717116525045,0.7394545397758162,-4.0460396638134055,178.9
,,0.0036666344239038883,0.01749150990932887,0.0024964672330602157,0.023654611566292977,0.20962366559037515,0.15500717116525045,0.7394545397758162,-4.0460396638134055,179.0
,,0.0036666344239038883,0.01749150990932887,0.0024964672330602157,0.023654611566292977,0.20962366559037515,0.15500717116525045,0.7394545397758162,-4.0460396638134055,179.1
,,0.0036666344239038883,0.01749150990932887,0.0024964672330602157,0.023654611566292977,0.20962366559037515,0.15500717116525045,0.7394545397758162,-4.0460396638134055,179.2
,,0.003340317101966539,0.016411555466349557,0.002310010451013254,0.022061883019329348,0.2035344613626395,0.15140670898490152,0.7438873396242153,-4.109769590660474,179.3
,,0.003340317101966539,0.016411555466349557,0.002310010451013254,0.022061883019329348,0.2035344613626395,0.15140670898490152,0.7438873396242153,-4.109769590660474,179.4
,,0.003340317101966539,0.016411555466349557,0.002310010451013254,0.022061883019329348,0.2035344613626395,0.15140670898490152,0.7438873396242153,-4.109769590660474,179.5
,,0.003340317101966539,0.016411555466349557,0.002310010451013254,0.022061883019329348,0.2035344613626395,0.15140670898490152,0.7438873396242153,-4.109769590660474,179.6
,,0.008041724154646053,0.03609350234395518,0.005010292717236437,0.04914551921583767,0.22280254429209898,0.1636308718060002,0.7344210198581779,-3.3216424203156865,179.7
,,0.008041724154646053,0.03609350234395518,0.005010292717236437,0.04914551921583767,0.22280254429209898,0.1636308718060002,0.7344210198581779,-3.3216424203156865,179.8
,,0.008041724154646053,0.03609350234395518,0.005010292717236437,0.04914551921583767,0.22280254429209898,0.1636308718060002,0.7344210198581779,-3.3216424203156865,179.9
,,0.0018606309044580354,0.009391043630634009,0.001117028853440174,0.012368703388532217,0.1981282355444046,0.15043055411799594,0.759258536294194,-4.667998849165341,180.0
,,0.0018606309044580354,0.009391043630634009,0.001117028853440174,0.012368703388532217,0.1981282355444046,0.15043055411799594,0.759258536294194,-4.667998849165341,180.1
,,0.0018606309044580354,0.009391043630634009,0.001117028853440174,0.012368703388532217,0.1981282355444046,0.15043055411799594,0.759258536294194,-4.667998849165341,180.2
,,0.0018606309044580354,0.009391043630634009,0.001117028853440174,0.012368703388532217,0.1981282355444046,0.15043055411799594,0.759258536294194,-4.667998849165341,180.3
,,0.0018606309044580354,0.009391043630634009,0.001117028853440174,0.012368703388532217,0.1981282355444046,0.15043055411799594,0.759258536294194,-4.667998849165341,180.4
,,0.0036488274532179834,0.01623586612872772,0.0016352123229827014,0.021519905904928405,0.22473870037409047,0.16955592042725165,0.7544580445869629,-4.1205325253752925,180.5
,,0.0036488274532179834,0.01623586612872772,0.0016352123229827014,0.021519905904928405,0.22473870037409047,0.16955592042725165,0.7544580445869629,-4.1205325253752925,180.6
,,0.0009135555518497942,0.004814383940798656,0.00040922768970802807,0.006137167182356479,0.189755441835045,0.14885622710037005,0.7844635477161769,-5.336147187754023,180.7
,,0.0009135555518497942,0.004814383940798656,0.00040922768970802807,0.006137167182356479,0.189755441835045,0.14885622710037005,0.7844635477161769,-5.336147187754023,180.8
,,0.0009135555518497942,0.004814383940798656,0.00040922768970802807,0.006137167182356479,0.189755441835045,0.14885622710037005,0.7844635477161769,-5.336147187754023,180.9
,,0.0009135555518497942,0.004814383940798656,0.00040922768970802807,0.006137167182356479,0.189755441835045,0.14885622710037005,0.7844635477161769,-5.336147187754023,181.0
,,0.0009135555518497942,0.004814383940798656,0.00040922768970802807,0.006137167182356479,0.189755441835045,0.14885622710037005,0.7844635477161769,-5.336147187754023,181.1
,,0.0009135555518497942,0.004814383940798656,0.00040922768970802807,0.006137167182356479,0.189755441835045,0.14885622710037005,0.7844635477161769,-5.336147187754023,181.2
,,0.0009135555518497942,0.004814383940798656,0.00040922768970802807,0.006137167182356479,0.189755441835045,0.14885622710037005,0.7844635477161769,-5.336147187754023,181.3
,,0.00227173436932077,0.012815045703208162,0.00039639168328704143,0.015483171755815973,0.17727087533929403,0.14672280364437823,0.827675744047367,-4.3571353527886805,181.4
,,0.006277280860847116,0.03157350225215065,0.0019374709059946501,0.03978825401899242,0.1988148419746351,0.15776718570889628,0.7935382697888537,-3.4554370464818613,181.5
,,0.006277280860847116,0.03157350225215065,0.0019374709059946501,0.03978825401899242,0.1988148419746351,0.15776718570889628,0.7935382697888537,-3.4554370464818613,181.6
,,0.006277280860847116,0.03157350225215065,0.0019374709059946501,0.03978825401899242,0.1988148419746351,0.15776718570889628,0.7935382697888537,-3.4554370464818613,181.7
,,0.006277280860847116,0.03157350225215065,0.0019374709059946501,0.03978825401899242,0.1988148419746351,0.15776718570889628,0.7935382697888537,-3.4554370464818613,181.8
,,0.006277280860847116,0.03157350225215065,0.0019374709059946501,0.03978825401899242,0.1988148419746351,0.15776718570889628,0.7935382697888537,-3.4554370464818613,181.9
,,0.006277280860847116,0.03157350225215065,0.0019374709059946501,0.03978825401899242,0.1988148419746351,0.15776718570889628,0.7935382697888537,-3.4554370464818613,182.0
,,0.006277280860847116,0.03157350225215065,0.0019374709059946501,0.03978825401899242,0.1988148419746351,0.15776718570889628,0.7935382697888537,-3.4554370464818613,182.1
,,0.0021762130996484065,0.012829600425503906,0.0004743636133683779,0.015480177138520691,0.16962438637779567,0.14058063290717412,0.8287760734713351,-4.356000244603878,182.2
,,0.0021762130996484065,0.012829600425503906,0.0004743636133683779,0.015480177138520691,0.16962438637779567,0.14058063290717412,0.8287760734713351,-4.356000244603878,182.3
,,0.0021762130996484065,0.012829600425503906,0.0004743636133683779,0.015480177138520691,0.16962438637779567,0.14058063290717412,0.8287760734713351,-4.356000244603878,182.4
,,0.0021762130996484065,0.012829600425503906,0.0004743636133683779,0.015480177138520691,0.16962438637779567,0.14058063290717412,0.8287760734713351,-4.356000244603878,182.5
,,0.0021762130996484065,0.012829600425503906,0.0004743636133683779,0.015480177138520691,0.16962438637779567,0.14058063290717412,0.8287760734713351,-4.356000244603878,182.6
,,0.0021762130996484065,0.012829600425503906,0.0004743636133683779,0.015480177138520691,0.16962438637779567,0.14058063290717412,0.8287760734713351,-4.356000244603878,182.7
,,0.0021762130996484065,0.012829600425503906,0.0004743636133683779,0.015480177138520691,0.16962438637779567,0.14058063290717412,0.8287760734713351,-4.356000244603878,182.8
,,0.0021762130996484065,0.012829600425503906,0.0004743636133683779,0.015480177138520691,0.16962438637779567,0.14058063290717412,0.8287760734713351,-4.356000244603878,182.9
,,0.001959419431221892,0.011610188881992467,0.0006825155538750528,0.014252123867089413,0.16876723119130072,0.13748262711542425,0.8146286820312006,-4.455872214499207,183.0
,,0.001959419431221892,0.011610188881992467,0.0006825155538750528,0.014252123867089413,0.16876723119130072,0.13748262711542425,0.8146286820312006,-4.455872214499207,183.1
,,0.001959419431221892,0.011610188881992467,0.0006825155538750528,0.014252123867089413,0.16876723119130072,0.13748262711542425,0.8146286820312006,-4.455872214499207,183.2
,,0.001959419431221892,0.011610188881992467,0.0006825155538750528,0.014252123867089413,0.16876723119130072,0.13748262711542425,0.8146286820312006,-4.455872214499207,183.3
,,0.001959419431221892,0.011610188881992467,0.0006825155538750528,0.014252123867089413,0.16876723119130072,0.13748262711542425,0.8146286820312006,-4.455872214499207,183.4
,,0.001959419431221892,0.011610188881992467,0.0006825155538750528,0.014252123867089413,0.16876723119130072,0.13748262711542425,0.8146286820312006,-4.455872214499207,183.5
,,0.001959419431221892,0.011610188881992467,0.0006825155538750528,0.014252123867089413,0.16876723119130072,0.13748262711542425,0.8146286820312006,-4.455872214499207,183.6
,,0.001959419431221892,0.011610188881992467,0.0006825155538750528,0.014252123867089413,0.16876723119130072,0.13748262711542425,0.8146286820312006,-4.455872214499207,183.7
,,0.001921887512283543,0.020430045497185224,0.0018918265827526084,0.022321872079937834,0.16649067392249117,,0.9152478530484492,-3.8907486431758778,183.8
,,0.0018843555933451943,0.020430045497185224,0.0018918265827526084,0.022321872079937834,0.16421411665368163,,0.9152478530484492,-3.8907486431758778,183.9
,,0.0018468236744068455,0.020430045497185224,0.0018918265827526084,0.022321872079937834,0.16193755938487206,,0.9152478530484492,-3.8907486431758778,184.0
,,0.0018092917554684966,0.011332083173029733,0.0006815244668821657,0.013822899395380395,0.15966100211606252,0.13089090094030206,0.8198050820522436,-4.480117357380571,184.1
,,0.0018092917554684966,0.011332083173029733,0.0006815244668821657,0.013822899395380395,0.15966100211606252,0.13089090094030206,0.8198050820522436,-4.480117357380571,184.2
,,0.0018092917554684966,0.011332083173029733,0.0006815244668821657,0.013822899395380395,0.15966100211606252,0.13089090094030206,0.8198050820522436,-4.480117357380571,184.3
,,0.0018092917554684966,0.011332083173029733,0.0006815244668821657,0.013822899395380395,0.15966100211606252,0.13089090094030206,0.8198050820522436,-4.480117357380571,184.4
,,0.0016708352311798512,0.01042085854367058,0.0007998784449762842,0.012891572219826715,0.16033565988616963,0.12960678516854401,0.808346597759715,-4.56394585222475,184.5
,,0.0016708352311798512,0.01042085854367058,0.0007998784449762842,0.012891572219826715,0.16033565988616963,0.12960678516854401,0.808346597759715,-4.56394585222475,184.6
,,0.0016708352311798512,0.01042085854367058,0.0007998784449762842,0.012891572219826715,0.16033565988616963,0.12960678516854401,0.808346597759715,-4.56394585222475,184.7
,,0.0016708352311798512,0.01042085854367058,0.0007998784449762842,0.012891572219826715,0.16033565988616963,0.12960678516854401,0.808346597759715,-4.56394585222475,184.8
,,0.0016708352311798512,0.01042085854367058,0.0007998784449762842,0.012891572219826715,0.16033565988616963,0.12960678516854401,0.808346597759715,-4.56394585222475,184.9
,,0.0016708352311798512,0.01042085854367058,0.0007998784449762842,0.012891572219826715,0.16033565988616963,0.12960678516854401,0.808346597759715,-4.56394585222475,185.0
,,0.001668837902273042,0.011006546101281902,0.0007043214680936185,0.013379705471648563,0.15162230611823604,0.12472904622671177,0.8226299244482357,-4.509265083069085,185.1
,,0.001577026763093598,0.010218122772296948,0.0008118371265817472,0.012606986661972294,0.1543362512113461,0.12509149135935396,0.8105126979406496,-4.583592392849477,185.2
,,0.001577026763093598,0.010218122772296948,0.0008118371265817472,0.012606986661972294,0.1543362512113461,0.12509149135935396,0.8105126979406496,-4.583592392849477,185.3
,,0.001577026763093598,0.010218122772296948,0.0008118371265817472,0.012606986661972294,0.1543362512113461,0.12509149135935396,0.8105126979406496,-4.583592392849477,185.4
,,0.001577026763093598,0.010218122772296948,0.0008118371265817472,0.012606986661972294,0.1543362512113461,0.12509149135935396,0.8105126979406496,-4.583592392849477,185.5
,,0.001577026763093598,0.010218122772296948,0.0008118371265817472,0.012606986661972294,0.1543362512113461,0.12509149135935396,0.8105126979406496,-4.583592392849477,185.6
,,0.001577026763093598,0.010218122772296948,0.0008118371265817472,0.012606986661972294,0.1543362512113461,0.12509149135935396,0.8105126979406496,-4.583592392849477,185.7
,,0.001577026763093598,0.010218122772296948,0.0008118371265817472,0.012606986661972294,0.1543362512113461,0.12509149135935396,0.8105126979406496,-4.583592392849477,185.8
,,0.001506585499245995,0.009528533120506845,0.0009390387870110025,0.011974157406763842,0.15811305687793592,0.12581975065694143,0.7957581311837827,-4.653464495460567,185.9
,,0.0015385545251773779,0.010039583645186478,0.0008348066304648398,0.012412944800828697,0.15324883775584106,0.12394758454695318,0.8087995077941721,-4.601219635181382,186.0
,,0.0015385545251773779,0.010039583645186478,0.0008348066304648398,0.012412944800828697,0.15324883775584106,0.12394758454695318,0.8087995077941721,-4.601219635181382,186.1
,,0.0015385545251773779,0.010039583645186478,0.0008348066304648398,0.012412944800828697,0.15324883775584106,0.12394758454695318,0.8087995077941721,-4.601219635181382,186.2
,,0.0015385545251773779,0.010039583645186478,0.0008348066304648398,0.012412944800828697,0.15324883775584106,0.12394758454695318,0.8087995077941721,-4.601219635181382,186.3
,,0.0015385545251773779,0.010039583645186478,0.0008348066304648398,0.012412944800828697,0.15324883775584106,0.12394758454695318,0.8087995077941721,-4.601219635181382,186.4
,,0.0015385545251773779,0.010039583645186478,0.0008348066304648398,0.012412944800828697,0.15324883775584106,0.12394758454695318,0.8087995077941721,-4.601219635181382,186.5
,,0.0015084060656524482,0.009465518605176521,0.0009495415481224219,0.01192346621895139,0.1593579949045294,0.1265073459305783,0.7938562856941583,-4.660099703938457,186.6
,,0.0015084060656524482,0.009465518605176521,0.0009495415481224219,0.01192346621895139,0.1593579949045294,0.1265073459305783,0.7938562856941583,-4.660099703938457,186.7
,,0.0015084060656524482,0.009465518605176521,0.0009495415481224219,0.01192346621895139,0.1593579949045294,0.1265073459305783,0.7938562856941583,-4.660099703938457,186.8
,,0.0015769705826406786,0.009935230456684575,0.0008664870047648715,0.012378688044090126,0.1587251135759683,0.12739399983454314,0.802607709419407,-4.611668206802038,186.9
,,0.0015769705826406786,0.009935230456684575,0.0008664870047648715,0.012378688044090126,0.1587251135759683,0.12739399983454314,0.802607709419407,-4.611668206802038,187.0
,,0.0015769705826406786,0.009935230456684575,0.0008664870047648715,0.012378688044090126,0.1587251135759683,0.12739399983454314,0.802607709419407,-4.611668206802038,187.1
,,0.0015769705826406786,0.009935230456684575,0.0008664870047648715,0.012378688044090126,0.1587251135759683,0.12739399983454314,0.802607709419407,-4.611668206802038,187.2
,,0.0015769705826406786,0.009935230456684575,0.0008664870047648715,0.012378688044090126,0.1587251135759683,0.12739399983454314,0.802607709419407,-4.611668206802038,187.3
,,0.002935588180008864,0.01562643488112266,0.0016137871558876882,0.02017581021701921,0.18786039185144968,0.14550038627606451,0.7745133758217577,-4.158791255184157,187.4
,,0.002935588180008864,0.01562643488112266,0.0016137871558876882,0.02017581021701921,0.18786039185144968,0.14550038627606451,0.7745133758217577,-4.158791255184157,187.5
,,0.002935588180008864,0.01562643488112266,0.0016137871558876882,0.02017581021701921,0.18786039185144968,0.14550038627606451,0.7745133758217577,-4.158791255184157,187.6
,,0.0030883404201489917,0.01621339042337312,0.0014842208919212286,0.02078595173544334,0.19048085190725192,0.14857825417168088,0.7800167454313252,-4.121917808820093,187.7
,,0.0030883404201489917,0.01621339042337312,0.0014842208919212286,0.02078595173544334,0.19048085190725192,0.14857825417168088,0.7800167454313252,-4.121917808820093,187.8
,,0.0030883404201489917,0.01621339042337312,0.0014842208919212286,0.02078595173544334,0.19048085190725192,0.14857825417168088,0.7800167454313252,-4.121917808820093,187.9
,,0.0030883404201489917,0.01621339042337312,0.0014842208919212286,0.02078595173544334,0.19048085190725192,0.14857825417168088,0.7800167454313252,-4.121917808820093,188.0
,,0.0017199945909273265,0.009665769683674535,0.000974413715468315,0.012360177990070177,0.17794698686359078,0.13915613450786246,0.7820089396317549,-4.63916453331317,188.1
,,0.0017199945909273265,0.009665769683674535,0.000974413715468315,0.012360177990070177,0.17794698686359078,0.13915613450786246,0.7820089396317549,-4.63916453331317,188.2
,,0.0017199945909273265,0.009665769683674535,0.000974413715468315,0.012360177990070177,0.17794698686359078,0.13915613450786246,0.7820089396317549,-4.63916453331317,188.3
,,0.0017199945909273265,0.009665769683674535,0.000974413715468315,0.012360177990070177,0.17794698686359078,0.13915613450786246,0.7820089396317549,-4.63916453331317,188.4
,,0.0017199945909273265,0.009665769683674535,0.000974413715468315,0.012360177990070177,0.17794698686359078,0.13915613450786246,0.7820089396317549,-4.63916453331317,188.5
,,0.0017868608738016182,0.01597130082640468,0.001412259120620311,0.017383559947024993,0.1822659037264921,,0.918758923665575,-4.136961865695194,188.6
,,0.00185372715667591,0.01597130082640468,0.001412259120620311,0.017383559947024993,0.18658482058939344,,0.918758923665575,-4.136961865695194,188.7
,,0.0019205934395502017,0.0100605334666648,0.0009734109749338359,0.012954537881148838,0.19090373745229475,0.1482564223572195,0.7766030374039563,-4.599135087220998,188.8
,,0.0019205934395502017,0.0100605334666648,0.0009734109749338359,0.012954537881148838,0.19090373745229475,0.1482564223572195,0.7766030374039563,-4.599135087220998,188.9
,,0.0019205934395502017,0.0100605334666648,0.0009734109749338359,0.012954537881148838,0.19090373745229475,0.1482564223572195,0.7766030374039563,-4.599135087220998,189.0
,,0.0019205934395502017,0.0100605334666648,0.0009734109749338359,0.012954537881148838,0.19090373745229475,0.1482564223572195,0.7766030374039563,-4.599135087220998,189.1
,,0.0019205934395502017,0.0100605334666648,0.0009734109749338359,0.012954537881148838,0.19090373745229475,0.1482564223572195,0.7766030374039563,-4.599135087220998,189.2
,,0.0019205934395502017,0.0100605334666648,0.0009734109749338359,0.012954537881148838,0.19090373745229475,0.1482564223572195,0.7766030374039563,-4.599135087220998,189.3
,,0.002109927927119338,0.010794981462098601,0.0009012074238602877,0.013806116813078226,0.19545452065178046,0.1528255885188984,0.7818984590853785,-4.5286739322842235,189.4
,,0.002162595795892592,0.010675691381514656,0.0009560239155144103,0.01379431109292166,0.2025719664055861,0.15677446893323255,0.7739198651966551,-4.539785955546468,189.5
,,0.002162595795892592,0.010675691381514656,0.0009560239155144103,0.01379431109292166,0.2025719664055861,0.15677446893323255,0.7739198651966551,-4.539785955546468,189.6
,,0.002162595795892592,0.010675691381514656,0.0009560239155144103,0.01379431109292166,0.2025719664055861,0.15677446893323255,0.7739198651966551,-4.539785955546468,189.7
,,0.002162595795892592,0.010675691381514656,0.0009560239155144103,0.01379431109292166,0.2025719664055861,0.15677446893323255,0.7739198651966551,-4.539785955546468,189.8
,,0.002162595795892592,0.010675691381514656,0.0009560239155144103,0.01379431109292166,0.2025719664055861,0.15677446893323255,0.7739198651966551,-4.539785955546468,189.9
,,0.002162595795892592,0.010675691381514656,0.0009560239155144103,0.01379431109292166,0.2025719664055861,0.15677446893323255,0.7739198651966551,-4.539785955546468,190.0
,,0.002162595795892592,0.010675691381514656,0.0009560239155144103,0.01379431109292166,0.2025719664055861,0.15677446893323255,0.7739198651966551,-4.539785955546468,190.1
,,0.0023028983170259613,0.014340194276791271,0.0013686783627204777,0.015708872639511748,0.20712366761136747,,0.9128722732605326,-4.24468889600904,190.2
,,0.00244320083815933,0.011542206595940012,0.0009338282030212524,0.014919235637120594,0.21167536881714885,0.16376179702399732,0.7736459746786098,-4.461744823361267,190.3
,,0.00244320083815933,0.011542206595940012,0.0009338282030212524,0.014919235637120594,0.21167536881714885,0.16376179702399732,0.7736459746786098,-4.461744823361267,190.4
,,0.00244320083815933,0.011542206595940012,0.0009338282030212524,0.014919235637120594,0.21167536881714885,0.16376179702399732,0.7736459746786098,-4.461744823361267,190.5
,,0.00244320083815933,0.011542206595940012,0.0009338282030212524,0.014919235637120594,0.21167536881714885,0.16376179702399732,0.7736459746786098,-4.461744823361267,190.6
,,0.00244320083815933,0.011542206595940012,0.0009338282030212524,0.014919235637120594,0.21167536881714885,0.16376179702399732,0.7736459746786098,-4.461744823361267,190.7
,,0.00244320083815933,0.011542206595940012,0.0009338282030212524,0.014919235637120594,0.21167536881714885,0.16376179702399732,0.7736459746786098,-4.461744823361267,190.8
,,0.002511141038064299,0.01141552858124911,0.0010124724934108178,0.014939142112724227,0.2199758881239229,0.16809138162796283,0.7641354834911221,-4.47278069422497,190.9
,,0.002511141038064299,0.01141552858124911,0.0010124724934108178,0.014939142112724227,0.2199758881239229,0.16809138162796283,0.7641354834911221,-4.47278069422497,191.0
,,0.0027336967032574834,0.012585630838760936,0.0009103788596409688,0.01622970640165939,0.21720776163546027,0.16843784080887497,0.7754687932909329,-4.37519952540871,191.1
,,0.0027336967032574834,0.012585630838760936,0.0009103788596409688,0.01622970640165939,0.21720776163546027,0.16843784080887497,0.7754687932909329,-4.37519952540871,191.2
,,0.0027336967032574834,0.012585630838760936,0.0009103788596409688,0.01622970640165939,0.21720776163546027,0.16843784080887497,0.7754687932909329,-4.37519952540871,191.3
,,0.0027336967032574834,0.012585630838760936,0.0009103788596409688,0.01622970640165939,0.21720776163546027,0.16843784080887497,0.7754687932909329,-4.37519952540871,191.4
,,0.0027336967032574834,0.012585630838760936,0.0009103788596409688,0.01622970640165939,0.21720776163546027,0.16843784080887497,0.7754687932909329,-4.37519952540871,191.5
,,0.0028168546141435764,0.01240195971194734,0.0009956770255751361,0.016214491351666055,0.22712979880348905,0.17372451303285205,0.7648688721076056,-4.3899007775722785,191.6
,,0.0028168546141435764,0.01240195971194734,0.0009956770255751361,0.016214491351666055,0.22712979880348905,0.17372451303285205,0.7648688721076056,-4.3899007775722785,191.7
,,0.0028168546141435764,0.01240195971194734,0.0009956770255751361,0.016214491351666055,0.22712979880348905,0.17372451303285205,0.7648688721076056,-4.3899007775722785,191.8
,,0.0028168546141435764,0.01240195971194734,0.0009956770255751361,0.016214491351666055,0.22712979880348905,0.17372451303285205,0.7648688721076056,-4.3899007775722785,191.9
,,0.0030454721880570903,0.013829110221775348,0.0008897297253491548,0.017764312135181592,0.22022184646859513,0.171437664733758,0.7784771015359094,-4.280979472195465,192.0
,,0.0030454721880570903,0.013829110221775348,0.0008897297253491548,0.017764312135181592,0.22022184646859513,0.171437664733758,0.7784771015359094,-4.280979472195465,192.1
,,0.0030454721880570903,0.013829110221775348,0.0008897297253491548,0.017764312135181592,0.22022184646859513,0.171437664733758,0.7784771015359094,-4.280979472195465,192.2
,,0.0030454721880570903,0.013829110221775348,0.0008897297253491548,0.017764312135181592,0.22022184646859513,0.171437664733758,0.7784771015359094,-4.280979472195465,192.3
,,0.0031056110557806,0.01662071767783877,0.0011636454145152679,0.01778436309235404,0.22035999543161694,,0.9345691825750257,-4.097105308908386,192.4
,,0.0031657499235041094,0.01662071767783877,0.0011636454145152679,0.01778436309235404,0.22049814439463877,,0.9345691825750257,-4.097105308908386,192.5
,,0.003225888791227619,0.01662071767783877,0.0011636454145152679,0.01778436309235404,0.22063629335766058,,0.9345691825750257,-4.097105308908386,192.6
,,0.0032860276589511284,0.01662071767783877,0.0011636454145152679,0.01778436309235404,0.2207744423206824,,0.9345691825750257,-4.097105308908386,192.7
,,0.003346166526674638,0.015147015872795435,0.0008833826403544423,0.019376565039824514,0.22091259128370422,0.17269141975356758,0.7817183201286648,-4.18995173852102,192.8
,,0.003346166526674638,0.015147015872795435,0.0008833826403544423,0.019376565039824514,0.22091259128370422,0.17269141975356758,0.7817183201286648,-4.18995173852102,192.9
,,0.003346166526674638,0.015147015872795435,0.0008833826403544423,0.019376565039824514,0.22091259128370422,0.17269141975356758,0.7817183201286648,-4.18995173852102,193.0
,,0.004003702945107687,0.018197371011576806,0.001197094435773843,0.023398168392458337,0.22001545951668572,0.17111181003373557,0.777726303458956,-4.006478145246644,193.1
,,0.004003702945107687,0.018197371011576806,0.001197094435773843,0.023398168392458337,0.22001545951668572,0.17111181003373557,0.777726303458956,-4.006478145246644,193.2
,,0.004003702945107687,0.018197371011576806,0.001197094435773843,0.023398168392458337,0.22001545951668572,0.17111181003373557,0.777726303458956,-4.006478145246644,193.3
,,0.004003702945107687,0.018197371011576806,0.001197094435773843,0.023398168392458337,0.22001545951668572,0.17111181003373557,0.777726303458956,-4.006478145246644,193.4
,,0.004003702945107687,0.018197371011576806,0.001197094435773843,0.023398168392458337,0.22001545951668572,0.17111181003373557,0.777726303458956,-4.006478145246644,193.5
,,0.004003702945107687,0.018197371011576806,0.001197094435773843,0.023398168392458337,0.22001545951668572,0.17111181003373557,0.777726303458956,-4.006478145246644,193.6
,,0.0036300136746306912,0.016484062612454185,0.0008982669743946916,0.02101234326147957,0.22021353351861883,0.17275625233504235,0.7844942568910551,-4.1053612671353115,193.7
,,0.003685252232629565,0.015755052278636564,0.0010203833783715447,0.020460687889637674,0.23390923542835018,0.18011379932616844,0.7700157669975367,-4.150594185553297,193.8
,,0.003685252232629565,0.015755052278636564,0.0010203833783715447,0.020460687889637674,0.23390923542835018,0.18011379932616844,0.7700157669975367,-4.150594185553297,193.9
,,0.003685252232629565,0.015755052278636564,0.0010203833783715447,0.020460687889637674,0.23390923542835018,0.18011379932616844,0.7700157669975367,-4.150594185553297,194.0
,,0.003685252232629565,0.015755052278636564,0.0010203833783715447,0.020460687889637674,0.23390923542835018,0.18011379932616844,0.7700157669975367,-4.150594185553297,194.1
,,0.003685252232629565,0.015755052278636564,0.0010203833783715447,0.020460687889637674,0.23390923542835018,0.18011379932616844,0.7700157669975367,-4.150594185553297,194.2
,,0.003685252232629565,0.015755052278636564,0.0010203833783715447,0.020460687889637674,0.23390923542835018,0.18011379932616844,0.7700157669975367,-4.150594185553297,194.3
,,0.003685252232629565,0.015755052278636564,0.0010203833783715447,0.020460687889637674,0.23390923542835018,0.18011379932616844,0.7700157669975367,-4.150594185553297,194.4
,,0.0038820679072571673,0.016647842928859416,0.0010817536816960702,0.021611664517812653,0.23318744199150954,0.17962836245479888,0.770317479023331,-4.0954746247707625,194.5
,,0.0038820679072571673,0.016647842928859416,0.0010817536816960702,0.021611664517812653,0.23318744199150954,0.17962836245479888,0.770317479023331,-4.0954746247707625,194.6
,,0.0038820679072571673,0.016647842928859416,0.0010817536816960702,0.021611664517812653,0.23318744199150954,0.17962836245479888,0.770317479023331,-4.0954746247707625,194.7
,,0.0038820679072571673,0.016647842928859416,0.0010817536816960702,0.021611664517812653,0.23318744199150954,0.17962836245479888,0.770317479023331,-4.0954746247707625,194.8
,,0.0038820679072571673,0.016647842928859416,0.0010817536816960702,0.021611664517812653,0.23318744199150954,0.17962836245479888,0.770317479023331,-4.0954746247707625,194.9
,,0.0038820679072571673,0.016647842928859416,0.0010817536816960702,0.021611664517812653,0.23318744199150954,0.17962836245479888,0.770317479023331,-4.0954746247707625,195.0
,,0.0038820679072571673,0.016647842928859416,0.0010817536816960702,0.021611664517812653,0.23318744199150954,0.17962836245479888,0.770317479023331,-4.0954746247707625,195.1
,,0.0038820679072571673,0.016647842928859416,0.0010817536816960702,0.021611664517812653,0.23318744199150954,0.17962836245479888,0.770317479023331,-4.0954746247707625,195.2
,,0.0038659869005725446,0.015621963246435564,0.0012539145906060396,0.020741864737614146,0.2474712582270759,0.1863856962465774,0.753160983549664,-4.159077454476638,195.3
,,0.003871567194976709,0.017134819837460125,0.0011835853192460222,0.018318405156706147,0.24686482608482588,,0.9353881896856765,-4.066642638011388,195.4
,,0.003877147489380873,0.017134819837460125,0.0011835853192460222,0.018318405156706147,0.24625839394257587,,0.9353881896856765,-4.066642638011388,195.5
,,0.0038827277837850376,0.017134819837460125,0.0011835853192460222,0.018318405156706147,0.24565196180032584,,0.9353881896856765,-4.066642638011388,195.6
,,0.0038883080781892017,0.017134819837460125,0.0011835853192460222,0.018318405156706147,0.24504552965807583,,0.9353881896856765,-4.066642638011388,195.7
,,0.003893888372593366,0.017134819837460125,0.0011835853192460222,0.018318405156706147,0.2444390975158258,,0.9353881896856765,-4.066642638011388,195.8
,,0.0038994686669975302,0.017134819837460125,0.0011835853192460222,0.018318405156706147,0.24383266537357579,,0.9353881896856765,-4.066642638011388,195.9
,,0.0039050489614016947,0.016055212916477272,0.0013589563331290638,0.02131921821100803,0.24322623323132575,0.1831703640701679,0.7530863823227474,-4.131721689835834,196.0
,,0.0039050489614016947,0.016055212916477272,0.0013589563331290638,0.02131921821100803,0.24322623323132575,0.1831703640701679,0.7530863823227474,-4.131721689835834,196.1
,,0.003948876444385753,0.01743052651547868,0.0013116901719223732,0.022691093131786803,0.22654946429065503,0.17402759847007862,0.7681660118463459,-4.049532212477947,196.2
,,0.003948876444385753,0.01743052651547868,0.0013116901719223732,0.022691093131786803,0.22654946429065503,0.17402759847007862,0.7681660118463459,-4.049532212477947,196.3
,,0.003948876444385753,0.01743052651547868,0.0013116901719223732,0.022691093131786803,0.22654946429065503,0.17402759847007862,0.7681660118463459,-4.049532212477947,196.4
,,0.003948876444385753,0.01743052651547868,0.0013116901719223732,0.022691093131786803,0.22654946429065503,0.17402759847007862,0.7681660118463459,-4.049532212477947,196.5
,,0.003948876444385753,0.01743052651547868,0.0013116901719223732,0.022691093131786803,0.22654946429065503,0.17402759847007862,0.7681660118463459,-4.049532212477947,196.6
,,0.003833738378345271,0.01629495242096927,0.0014886626211132663,0.02161735342042781,0.23527152944686103,0.1773454087456651,0.7537903509303311,-4.116899886551476,196.7
,,0.003833738378345271,0.01629495242096927,0.0014886626211132663,0.02161735342042781,0.23527152944686103,0.1773454087456651,0.7537903509303311,-4.116899886551476,196.8
,,0.003833738378345271,0.01629495242096927,0.0014886626211132663,0.02161735342042781,0.23527152944686103,0.1773454087456651,0.7537903509303311,-4.116899886551476,196.9
,,0.003909002310643879,0.017775238277557816,0.001487775076846572,0.023172015665048267,0.2199127938318105,0.16869496236963363,0.767099355295589,-4.0299488981754905,197.0
,,0.003909002310643879,0.017775238277557816,0.001487775076846572,0.023172015665048267,0.2199127938318105,0.16869496236963363,0.767099355295589,-4.0299488981754905,197.1
,,0.003909002310643879,0.017775238277557816,0.001487775076846572,0.023172015665048267,0.2199127938318105,0.16869496236963363,0.767099355295589,-4.0299488981754905,197.2
,,0.003909002310643879,0.017775238277557816,0.001487775076846572,0.023172015665048267,0.2199127938318105,0.16869496236963363,0.767099355295589,-4.0299488981754905,197.3
,,0.002333997473152834,0.025304915893669976,0.0025495061045972757,0.030188419471420085,0.09223494292414082,0.077314331588723,0.8382325519766476,-3.6767565980256314,197.4
,,0.002333997473152834,0.025304915893669976,0.0025495061045972757,0.030188419471420085,0.09223494292414082,0.077314331588723,0.8382325519766476,-3.6767565980256314,197.5
,,0.002333997473152834,0.025304915893669976,0.0025495061045972757,0.030188419471420085,0.09223494292414082,0.077314331588723,0.8382325519766476,-3.6767565980256314,197.6
,,0.002333997473152834,0.025304915893669976,0.0025495061045972757,0.030188419471420085,0.09223494292414082,0.077314331588723,0.8382325519766476,-3.6767565980256314,197.7
,,0.002020536032762623,0.028074381238372345,0.0026335423262118414,0.03272845959734681,0.07197081266392914,0.06173636210261547,0.8577972071942012,-3.5728978181954356,197.8
,,0.002020536032762623,0.028074381238372345,0.0026335423262118414,0.03272845959734681,0.07197081266392914,0.06173636210261547,0.8577972071942012,-3.5728978181954356,197.9
,,0.002020536032762623,0.028074381238372345,0.0026335423262118414,0.03272845959734681,0.07197081266392914,0.06173636210261547,0.8577972071942012,-3.5728978181954356,198.0
,,0.003783020898536434,0.017605111475313052,0.0018468292469844899,0.023234961620833976,0.21488196219837707,0.16281588755215895,0.7576991846428172,-4.039565994369434,198.1
,,0.003783020898536434,0.017605111475313052,0.0018468292469844899,0.023234961620833976,0.21488196219837707,0.16281588755215895,0.7576991846428172,-4.039565994369434,198.2
,,0.003783020898536434,0.017605111475313052,0.0018468292469844899,0.023234961620833976,0.21488196219837707,0.16281588755215895,0.7576991846428172,-4.039565994369434,198.3
,,0.003783020898536434,0.017605111475313052,0.0018468292469844899,0.023234961620833976,0.21488196219837707,0.16281588755215895,0.7576991846428172,-4.039565994369434,198.4
,,0.003783020898536434,0.017605111475313052,0.0018468292469844899,0.023234961620833976,0.21488196219837707,0.16281588755215895,0.7576991846428172,-4.039565994369434,198.5
,,0.003938286518229911,0.018804731815692022,0.001890185295500741,0.024633203629422677,0.20943061335995877,0.15987715513892384,0.7633896142209882,-3.973646748491389,198.6
,,0.003938286518229911,0.018804731815692022,0.001890185295500741,0.024633203629422677,0.20943061335995877,0.15987715513892384,0.7633896142209882,-3.973646748491389,198.7
,,0.0038171262759049526,0.01839880352456438,0.0020578491854478733,0.024273778985917205,0.20746600564589315,0.1572530704065286,0.7579702993604218,-3.995469642320361,198.8
,,0.0038171262759049526,0.01839880352456438,0.0020578491854478733,0.024273778985917205,0.20746600564589315,0.1572530704065286,0.7579702993604218,-3.995469642320361,198.9
,,0.0038171262759049526,0.01839880352456438,0.0020578491854478733,0.024273778985917205,0.20746600564589315,0.1572530704065286,0.7579702993604218,-3.995469642320361,199.0
,,0.0038171262759049526,0.01839880352456438,0.0020578491854478733,0.024273778985917205,0.20746600564589315,0.1572530704065286,0.7579702993604218,-3.995469642320361,199.1
,,0.0038171262759049526,0.01839880352456438,0.0020578491854478733,0.024273778985917205,0.20746600564589315,0.1572530704065286,0.7579702993604218,-3.995469642320361,199.2
,,0.0038171262759049526,0.01839880352456438,0.0020578491854478733,0.024273778985917205,0.20746600564589315,0.1572530704065286,0.7579702993604218,-3.995469642320361,199.3
,,0.0038171262759049526,0.01839880352456438,0.0020578491854478733,0.024273778985917205,0.20746600564589315,0.1572530704065286,0.7579702993604218,-3.995469642320361,199.4
,,0.003956419141648856,0.019534727859321144,0.0022351408651939964,0.025726287866163995,0.20253259580276264,0.15378896334486172,0.759329443911487,-3.9355614815001587,199.5
,,0.003956419141648856,0.019534727859321144,0.0022351408651939964,0.025726287866163995,0.20253259580276264,0.15378896334486172,0.759329443911487,-3.9355614815001587,199.6
,,0.003956419141648856,0.019534727859321144,0.0022351408651939964,0.025726287866163995,0.20253259580276264,0.15378896334486172,0.759329443911487,-3.9355614815001587,199.7
,,0.003956419141648856,0.019534727859321144,0.0022351408651939964,0.025726287866163995,0.20253259580276264,0.15378896334486172,0.759329443911487,-3.9355614815001587,199.8
,,0.003956419141648856,0.019534727859321144,0.0022351408651939964,0.025726287866163995,0.20253259580276264,0.15378896334486172,0.759329443911487,-3.9355614815001587,199.9
,,0.003956419141648856,0.019534727859321144,0.0022351408651939964,0.025726287866163995,0.20253259580276264,0.15378896334486172,0.759329443911487,-3.9355614815001587,200.0
,,0.003956419141648856,0.019534727859321144,0.0022351408651939964,0.025726287866163995,0.20253259580276264,0.15378896334486172,0.759329443911487,-3.9355614815001587,200.1
,,0.0038108329291996587,0.01940613395403775,0.0023525167640103713,0.02556948364724778,0.19637259735635057,0.14903832168741682,0.7589568182823498,-3.9421660796904057,200.2
,,0.0041922994998195365,0.02097289753281293,0.0023569455107284336,0.0275221425433609,0.19989128794724323,0.15232460529606678,0.7620372396433275,-3.864524268467552,200.3
,,0.0041922994998195365,0.02097289753281293,0.0023569455107284336,0.0275221425433609,0.19989128794724323,0.15232460529606678,0.7620372396433275,-3.864524268467552,200.4
,,0.0041922994998195365,0.02097289753281293,0.0023569455107284336,0.0275221425433609,0.19989128794724323,0.15232460529606678,0.7620372396433275,-3.864524268467552,200.5
,,0.0041922994998195365,0.02097289753281293,0.0023569455107284336,0.0275221425433609,0.19989128794724323,0.15232460529606678,0.7620372396433275,-3.864524268467552,200.6
,,0.0041922994998195365,0.02097289753281293,0.0023569455107284336,0.0275221425433609,0.19989128794724323,0.15232460529606678,0.7620372396433275,-3.864524268467552,200.7
,,0.0041922994998195365,0.02097289753281293,0.0023569455107284336,0.0275221425433609,0.19989128794724323,0.15232460529606678,0.7620372396433275,-3.864524268467552,200.8
,,0.004064759579902958,0.02094027879274992,0.0024312470527990387,0.02743628542545192,0.19411200873363185,0.1481526932990786,0.7632330130712291,-3.8660807597434697,200.9
,,0.004064759579902958,0.02094027879274992,0.0024312470527990387,0.02743628542545192,0.19411200873363185,0.1481526932990786,0.7632330130712291,-3.8660807597434697,201.0
,,0.004704223041260497,0.023358421470009202,0.0024568677076333523,0.03051951221890305,0.20139301995643988,0.15413821189274496,0.7653602489603867,-3.7567976973631656,201.1
,,0.004704223041260497,0.023358421470009202,0.0024568677076333523,0.03051951221890305,0.20139301995643988,0.15413821189274496,0.7653602489603867,-3.7567976973631656,201.2
,,0.004704223041260497,0.023358421470009202,0.0024568677076333523,0.03051951221890305,0.20139301995643988,0.15413821189274496,0.7653602489603867,-3.7567976973631656,201.3
,,0.004704223041260497,0.023358421470009202,0.0024568677076333523,0.03051951221890305,0.20139301995643988,0.15413821189274496,0.7653602489603867,-3.7567976973631656,201.4
,,0.004704223041260497,0.023358421470009202,0.0024568677076333523,0.03051951221890305,0.20139301995643988,0.15413821189274496,0.7653602489603867,-3.7567976973631656,201.5
,,0.004603133644494424,0.023427713675160014,0.002503278832515456,0.030534126152169896,0.1964824100345329,0.1507537376885863,0.7672632764535536,-3.7538356123095635,201.6
,,0.004603133644494424,0.023427713675160014,0.002503278832515456,0.030534126152169896,0.1964824100345329,0.1507537376885863,0.7672632764535536,-3.7538356123095635,201.7
,,0.004603133644494424,0.023427713675160014,0.002503278832515456,0.030534126152169896,0.1964824100345329,0.1507537376885863,0.7672632764535536,-3.7538356123095635,201.8
,,0.005278571167066623,0.025685430884203723,0.0024815184759536743,0.03344552052722402,0.20550837518995604,0.15782595348665499,0.7679782069259848,-3.6618313394900204,201.9
,,0.005278571167066623,0.025685430884203723,0.0024815184759536743,0.03344552052722402,0.20550837518995604,0.15782595348665499,0.7679782069259848,-3.6618313394900204,202.0
,,0.005278571167066623,0.025685430884203723,0.0024815184759536743,0.03344552052722402,0.20550837518995604,0.15782595348665499,0.7679782069259848,-3.6618313394900204,202.1
,,0.005278571167066623,0.025685430884203723,0.0024815184759536743,0.03344552052722402,0.20550837518995604,0.15782595348665499,0.7679782069259848,-3.6618313394900204,202.2
,,0.005212924261659692,0.025747230535641128,0.002489135360477158,0.03344929015777798,0.20246543621239557,0.15584558706838592,0.7697392205990988,-3.659428209670461,202.3
,,0.005212924261659692,0.025747230535641128,0.002489135360477158,0.03344929015777798,0.20246543621239557,0.15584558706838592,0.7697392205990988,-3.659428209670461,202.4
,,0.005212924261659692,0.025747230535641128,0.002489135360477158,0.03344929015777798,0.20246543621239557,0.15584558706838592,0.7697392205990988,-3.659428209670461,202.5
,,0.005212924261659692,0.025747230535641128,0.002489135360477158,0.03344929015777798,0.20246543621239557,0.15584558706838592,0.7697392205990988,-3.659428209670461,202.6
,,0.005212924261659692,0.025747230535641128,0.002489135360477158,0.03344929015777798,0.20246543621239557,0.15584558706838592,0.7697392205990988,-3.659428209670461,202.7
,,0.004503610802935297,0.04031429391130281,0.002830621608316101,0.047648526322554216,0.111712506061594,0.094517315655228,0.8460764061913961,-3.2110491852909058,202.8
,,0.004503610802935297,0.04031429391130281,0.002830621608316101,0.047648526322554216,0.111712506061594,0.094517315655228,0.8460764061913961,-3.2110491852909058,202.9
,,0.004842192609650888,0.040945717465933375,0.002895486797329135,0.0486833968729134,0.1182588292335961,0.09946291591548742,0.8410612261264552,-3.1955080537383713,203.0
,,0.004842192609650888,0.040945717465933375,0.002895486797329135,0.0486833968729134,0.1182588292335961,0.09946291591548742,0.8410612261264552,-3.1955080537383713,203.1
,,0.004842192609650888,0.040945717465933375,0.002895486797329135,0.0486833968729134,0.1182588292335961,0.09946291591548742,0.8410612261264552,-3.1955080537383713,203.2
,,0.004842192609650888,0.040945717465933375,0.002895486797329135,0.0486833968729134,0.1182588292335961,0.09946291591548742,0.8410612261264552,-3.1955080537383713,203.3
,,0.004842192609650888,0.040945717465933375,0.002895486797329135,0.0486833968729134,0.1182588292335961,0.09946291591548742,0.8410612261264552,-3.1955080537383713,203.4
,,0.004842192609650888,0.040945717465933375,0.002895486797329135,0.0486833968729134,0.1182588292335961,0.09946291591548742,0.8410612261264552,-3.1955080537383713,203.5
,,0.004842192609650888,0.040945717465933375,0.002895486797329135,0.0486833968729134,0.1182588292335961,0.09946291591548742,0.8410612261264552,-3.1955080537383713,203.6
,,0.00601435078417045,0.044753338316977524,0.0025732129837181578,0.05334090208486614,0.13438887489402906,0.11275307595288755,0.8390060266655094,-3.106589237781592,203.7
,,0.006914132480210338,0.030332211531238645,0.0022695671083571636,0.039515911119806145,0.22794686345535958,0.17497084805276933,0.7675948920746395,-3.495545044303904,203.8
,,0.006914132480210338,0.030332211531238645,0.0022695671083571636,0.039515911119806145,0.22794686345535958,0.17497084805276933,0.7675948920746395,-3.495545044303904,203.9
,,0.006914132480210338,0.030332211531238645,0.0022695671083571636,0.039515911119806145,0.22794686345535958,0.17497084805276933,0.7675948920746395,-3.495545044303904,204.0
,,0.006914132480210338,0.030332211531238645,0.0022695671083571636,0.039515911119806145,0.22794686345535958,0.17497084805276933,0.7675948920746395,-3.495545044303904,204.1
,,0.006914132480210338,0.030332211531238645,0.0022695671083571636,0.039515911119806145,0.22794686345535958,0.17497084805276933,0.7675948920746395,-3.495545044303904,204.2
,,0.006914132480210338,0.030332211531238645,0.0022695671083571636,0.039515911119806145,0.22794686345535958,0.17497084805276933,0.7675948920746395,-3.495545044303904,204.3
,,0.006914132480210338,0.030332211531238645,0.0022695671083571636,0.039515911119806145,0.22794686345535958,0.17497084805276933,0.7675948920746395,-3.495545044303904,204.4
,,0.008674414380684566,0.05108008141695161,0.0024125128951552792,0.06216700869279146,0.169819901222903,0.13953404809214187,0.821658987476336,-2.9743606539085046,204.5
,,0.008674414380684566,0.05108008141695161,0.0024125128951552792,0.06216700869279146,0.169819901222903,0.13953404809214187,0.821658987476336,-2.9743606539085046,204.6
,,0.008674414380684566,0.05108008141695161,0.0024125128951552792,0.06216700869279146,0.169819901222903,0.13953404809214187,0.821658987476336,-2.9743606539085046,204.7
,,0.008674414380684566,0.05108008141695161,0.0024125128951552792,0.06216700869279146,0.169819901222903,0.13953404809214187,0.821658987476336,-2.9743606539085046,204.8
,,0.008674414380684566,0.05108008141695161,0.0024125128951552792,0.06216700869279146,0.169819901222903,0.13953404809214187,0.821658987476336,-2.9743606539085046,204.9
,,0.008674414380684566,0.05108008141695161,0.0024125128951552792,0.06216700869279146,0.169819901222903,0.13953404809214187,0.821658987476336,-2.9743606539085046,205.0
,,0.008674414380684566,0.05108008141695161,0.0024125128951552792,0.06216700869279146,0.169819901222903,0.13953404809214187,0.821658987476336,-2.9743606539085046,205.1
,,0.008674414380684566,0.05108008141695161,0.0024125128951552792,0.06216700869279146,0.169819901222903,0.13953404809214187,0.821658987476336,-2.9743606539085046,205.2
,,0.011353673986560873,0.05708150971024314,0.0023126635544665616,0.07074784725127058,0.19890283288221236,0.16048084044503516,0.8068303408230983,-2.8632750377000904,205.3
,,0.011353673986560873,0.05708150971024314,0.0023126635544665616,0.07074784725127058,0.19890283288221236,0.16048084044503516,0.8068303408230983,-2.8632750377000904,205.4
,,0.011353673986560873,0.05708150971024314,0.0023126635544665616,0.07074784725127058,0.19890283288221236,0.16048084044503516,0.8068303408230983,-2.8632750377000904,205.5
,,0.011353673986560873,0.05708150971024314,0.0023126635544665616,0.07074784725127058,0.19890283288221236,0.16048084044503516,0.8068303408230983,-2.8632750377000904,205.6
,,0.011353673986560873,0.05708150971024314,0.0023126635544665616,0.07074784725127058,0.19890283288221236,0.16048084044503516,0.8068303408230983,-2.8632750377000904,205.7
,,0.011353673986560873,0.05708150971024314,0.0023126635544665616,0.07074784725127058,0.19890283288221236,0.16048084044503516,0.8068303408230983,-2.8632750377000904,205.8
,,0.011353673986560873,0.05708150971024314,0.0023126635544665616,0.07074784725127058,0.19890283288221236,0.16048084044503516,0.8068303408230983,-2.8632750377000904,205.9
,,0.00932366860477026,0.03245551137211357,0.0018120489760325654,0.043591228952916394,0.2872753566527177,0.21388863835063948,0.744542242825255,-3.4278850082777885,206.0
,,0.01062846289538375,0.03468225938453521,0.0017813210590552058,0.04709204333897417,0.30645243660575855,0.22569551333499804,0.7364781165873001,-3.3615269796955305,206.1
,,0.01062846289538375,0.03468225938453521,0.0017813210590552058,0.04709204333897417,0.30645243660575855,0.22569551333499804,0.7364781165873001,-3.3615269796955305,206.2
,,0.01062846289538375,0.03468225938453521,0.0017813210590552058,0.04709204333897417,0.30645243660575855,0.22569551333499804,0.7364781165873001,-3.3615269796955305,206.3
,,0.01062846289538375,0.03468225938453521,0.0017813210590552058,0.04709204333897417,0.30645243660575855,0.22569551333499804,0.7364781165873001,-3.3615269796955305,206.4
,,0.01062846289538375,0.03468225938453521,0.0017813210590552058,0.04709204333897417,0.30645243660575855,0.22569551333499804,0.7364781165873001,-3.3615269796955305,206.5
,,0.01062846289538375,0.03468225938453521,0.0017813210590552058,0.04709204333897417,0.30645243660575855,0.22569551333499804,0.7364781165873001,-3.3615269796955305,206.6
,,0.01062846289538375,0.03468225938453521,0.0017813210590552058,0.04709204333897417,0.30645243660575855,0.22569551333499804,0.7364781165873001,-3.3615269796955305,206.7
,,0.010484284062705069,0.032294535746727866,0.0016529976493813324,0.04443181745881426,0.3246457588035571,0.23596343031485031,0.7268335529300156,-3.4328572349926407,206.8
,,0.02052929068276222,0.07824089787705055,0.0028494910911001647,0.10161967965091293,0.2623856734750462,0.20202081676782566,0.7699384424928922,-2.5479627773877507,206.9
,,0.02052929068276222,0.07824089787705055,0.0028494910911001647,0.10161967965091293,0.2623856734750462,0.20202081676782566,0.7699384424928922,-2.5479627773877507,207.0
,,0.02052929068276222,0.07824089787705055,0.0028494910911001647,0.10161967965091293,0.2623856734750462,0.20202081676782566,0.7699384424928922,-2.5479627773877507,207.1
,,0.02052929068276222,0.07824089787705055,0.0028494910911001647,0.10161967965091293,0.2623856734750462,0.20202081676782566,0.7699384424928922,-2.5479627773877507,207.2
,,0.02052929068276222,0.07824089787705055,0.0028494910911001647,0.10161967965091293,0.2623856734750462,0.20202081676782566,0.7699384424928922,-2.5479627773877507,207.3
,,0.02052929068276222,0.07824089787705055,0.0028494910911001647,0.10161967965091293,0.2623856734750462,0.20202081676782566,0.7699384424928922,-2.5479627773877507,207.4
,,0.02231061125946202,0.07703344869657583,0.0033198165990512736,0.0803532652956271,0.2733395342758777,,0.9586847331363902,-2.5635155527954057,207.5
,,0.024091931836161814,0.07703344869657583,0.0033198165990512736,0.0803532652956271,0.28429339507670914,,0.9586847331363902,-2.5635155527954057,207.6
,,0.025873252412861612,0.08763249072700283,0.0034219047007850107,0.11692764784064946,0.29524725587754064,0.22127574522085675,0.749459108648363,-2.434603451095637,207.7
,,0.025873252412861612,0.08763249072700283,0.0034219047007850107,0.11692764784064946,0.29524725587754064,0.22127574522085675,0.749459108648363,-2.434603451095637,207.8
,,0.025873252412861612,0.08763249072700283,0.0034219047007850107,0.11692764784064946,0.29524725587754064,0.22127574522085675,0.749459108648363,-2.434603451095637,207.9
,,0.025873252412861612,0.08763249072700283,0.0034219047007850107,0.11692764784064946,0.29524725587754064,0.22127574522085675,0.749459108648363,-2.434603451095637,208.0
,,0.025873252412861612,0.08763249072700283,0.0034219047007850107,0.11692764784064946,0.29524725587754064,0.22127574522085675,0.749459108648363,-2.434603451095637,208.1
,,0.01261169859504738,0.030587156953849816,0.0015287818006214564,0.04472763734951866,0.412320066689298,0.28196657240119355,0.6838536253285684,-3.48717506551613,208.2
,,0.01261169859504738,0.030587156953849816,0.0015287818006214564,0.04472763734951866,0.412320066689298,0.28196657240119355,0.6838536253285684,-3.48717506551613,208.3
,,0.013918030757426961,0.031863721571201084,0.0015366063500583944,0.04731835867868644,0.4367986559989995,0.2941359579256929,0.6733902540358702,-3.4462871711775924,208.4
,,0.013918030757426961,0.031863721571201084,0.0015366063500583944,0.04731835867868644,0.4367986559989995,0.2941359579256929,0.6733902540358702,-3.4462871711775924,208.5
,,0.013918030757426961,0.031863721571201084,0.0015366063500583944,0.04731835867868644,0.4367986559989995,0.2941359579256929,0.6733902540358702,-3.4462871711775924,208.6
,,0.013918030757426961,0.031863721571201084,0.0015366063500583944,0.04731835867868644,0.4367986559989995,0.2941359579256929,0.6733902540358702,-3.4462871711775924,208.7
,,0.013918030757426961,0.031863721571201084,0.0015366063500583944,0.04731835867868644,0.4367986559989995,0.2941359579256929,0.6733902540358702,-3.4462871711775924,208.8
,,0.01423912926666617,0.030968385124500265,0.0016769016720898503,0.04688441606325629,0.45979566610985645,0.30370708355319576,0.6605261987846416,-3.4747884295757663,208.9
,,0.01423912926666617,0.030968385124500265,0.0016769016720898503,0.04688441606325629,0.45979566610985645,0.30370708355319576,0.6605261987846416,-3.4747884295757663,209.0
,,0.01423912926666617,0.030968385124500265,0.0016769016720898503,0.04688441606325629,0.45979566610985645,0.30370708355319576,0.6605261987846416,-3.4747884295757663,209.1
,,0.01600860958767745,0.032959936100268095,0.0017644925433740219,0.05073303823131956,0.48569904804964825,0.315546045452383,0.6496740043437925,-3.4124625126482035,209.2
,,0.01600860958767745,0.032959936100268095,0.0017644925433740219,0.05073303823131956,0.48569904804964825,0.315546045452383,0.6496740043437925,-3.4124625126482035,209.3
,,0.01600860958767745,0.032959936100268095,0.0017644925433740219,0.05073303823131956,0.48569904804964825,0.315546045452383,0.6496740043437925,-3.4124625126482035,209.4
,,0.01600860958767745,0.032959936100268095,0.0017644925433740219,0.05073303823131956,0.48569904804964825,0.315546045452383,0.6496740043437925,-3.4124625126482035,209.5
,,0.01653399944530339,0.03250171491578795,0.0020341346763748267,0.05106984903746617,0.5087116014691235,0.32375265948355586,0.6364168981965044,-3.426462424398926,209.6
,,0.01653399944530339,0.03250171491578795,0.0020341346763748267,0.05106984903746617,0.5087116014691235,0.32375265948355586,0.6364168981965044,-3.426462424398926,209.7
,,0.01653399944530339,0.03250171491578795,0.0020341346763748267,0.05106984903746617,0.5087116014691235,0.32375265948355586,0.6364168981965044,-3.426462424398926,209.8
,,0.01653399944530339,0.03250171491578795,0.0020341346763748267,0.05106984903746617,0.5087116014691235,0.32375265948355586,0.6364168981965044,-3.426462424398926,209.9
,,0.017613634269565328,0.03311361894731693,0.00207081590821104,0.0527980691250933,0.5319151101420914,0.33360375789186025,0.6271748095344465,-3.4078106326614437,210.0
,,0.017613634269565328,0.03311361894731693,0.00207081590821104,0.0527980691250933,0.5319151101420914,0.33360375789186025,0.6271748095344465,-3.4078106326614437,210.1
,,0.017613634269565328,0.03311361894731693,0.00207081590821104,0.0527980691250933,0.5319151101420914,0.33360375789186025,0.6271748095344465,-3.4078106326614437,210.2
,,0.017613634269565328,0.03311361894731693,0.00207081590821104,0.0527980691250933,0.5319151101420914,0.33360375789186025,0.6271748095344465,-3.4078106326614437,210.3
,,0.01837526643316793,0.033325690024156945,0.002504015467861545,0.054204971925186425,0.5513844250441076,0.33899595886756345,0.6148087313863567,-3.401426707230545,210.4
,,0.01837526643316793,0.033325690024156945,0.002504015467861545,0.054204971925186425,0.5513844250441076,0.33899595886756345,0.6148087313863567,-3.401426707230545,210.5
,,0.01837526643316793,0.033325690024156945,0.002504015467861545,0.054204971925186425,0.5513844250441076,0.33899595886756345,0.6148087313863567,-3.401426707230545,210.6
,,0.01837526643316793,0.033325690024156945,0.002504015467861545,0.054204971925186425,0.5513844250441076,0.33899595886756345,0.6148087313863567,-3.401426707230545,210.7
,,0.019396825618394647,0.03388074858794751,0.0025509210768909357,0.055828495283233096,0.5725028645115218,0.3474359378663045,0.6068719641477222,-3.3849083141664797,210.8
,,0.019396825618394647,0.03388074858794751,0.0025509210768909357,0.055828495283233096,0.5725028645115218,0.3474359378663045,0.6068719641477222,-3.3849083141664797,210.9
,,0.019396825618394647,0.03388074858794751,0.0025509210768909357,0.055828495283233096,0.5725028645115218,0.3474359378663045,0.6068719641477222,-3.3849083141664797,211.0
,,0.02043567567600349,0.03490449159218041,0.003121620195141457,0.05846178746332536,0.5854740964220678,0.349556121403632,0.597047971105518,-3.3551397591384062,211.1
,,0.02043567567600349,0.03490449159218041,0.003121620195141457,0.05846178746332536,0.5854740964220678,0.349556121403632,0.597047971105518,-3.3551397591384062,211.2
,,0.02043567567600349,0.03490449159218041,0.003121620195141457,0.05846178746332536,0.5854740964220678,0.349556121403632,0.597047971105518,-3.3551397591384062,211.3
,,0.02043567567600349,0.03490449159218041,0.003121620195141457,0.05846178746332536,0.5854740964220678,0.349556121403632,0.597047971105518,-3.3551397591384062,211.4
,,0.021953586674399034,0.03656444963039307,0.0032647385048527092,0.061782774809644815,0.5804319943456372,0.35533507101354556,0.5918227166560517,-3.3086788321872684,211.5
,,0.021953586674399034,0.03656444963039307,0.0032647385048527092,0.061782774809644815,0.5753898922692066,0.35533507101354556,0.5918227166560517,-3.3086788321872684,211.6
,,0.021953586674399034,0.03656444963039307,0.0032647385048527092,0.061782774809644815,0.5703477901927758,0.35533507101354556,0.5918227166560517,-3.3086788321872684,211.7
,,0.02278728266070191,0.037576988299476644,0.003880127604421249,0.0642443985645998,0.5653056881163452,0.35469680111937796,0.5849068422936791,-3.2813634292546734,211.8
,,0.02278728266070191,0.037576988299476644,0.003880127604421249,0.0642443985645998,0.5602635860399146,0.35469680111937796,0.5849068422936791,-3.2813634292546734,211.9
,,0.02281594548604483,0.06840914154571198,0.0077192096747884156,0.07612835122050039,0.5552214839634839,,0.8986026946461737,-2.682248814954652,212.0
,,0.02284460831138775,0.06840914154571198,0.0077192096747884156,0.07612835122050039,0.5501793818870533,,0.8986026946461737,-2.682248814954652,212.1
,,0.022873271136730672,0.06840914154571198,0.0077192096747884156,0.07612835122050039,0.5451372798106225,,0.8986026946461737,-2.682248814954652,212.2
,,0.022901933962073594,0.03733465347695443,0.003827657888613113,0.06406424532764114,0.5400951777341919,0.3574838639704124,0.5827689577238496,-3.2878333359904865,212.3
,,0.024067147512876735,0.03917317497936269,0.004559730289834154,0.06780005278207359,0.5350530756577613,0.35497240083624415,0.5777749923775889,-3.23976307818483,212.4
,,0.024066804190691383,0.03915207079877338,0.004559221154910261,0.06777809614437504,0.5300109735813306,0.3550823283590964,0.5776507902401835,-3.2403019639780473,212.5
,,0.024067147512876735,0.03917317497936269,0.004559730289834154,0.06780005278207359,0.5249688715048999,0.35497240083624415,0.5777749923775889,-3.23976307818483,212.6
,,0.024067147512876735,0.03917317497936269,0.004559730289834154,0.06780005278207359,0.5199267694284693,0.35497240083624415,0.5777749923775889,-3.23976307818483,212.7
,,0.024067147512876735,0.03917317497936269,0.004559730289834154,0.06780005278207359,0.5148846673520386,0.35497240083624415,0.5777749923775889,-3.23976307818483,212.8
,,0.024067147512876735,0.03917317497936269,0.004559730289834154,0.06780005278207359,0.509842565275608,0.35497240083624415,0.5777749923775889,-3.23976307818483,212.9
,,0.024067147512876735,0.03917317497936269,0.004559730289834154,0.06780005278207359,0.5048004631991774,0.35497240083624415,0.5777749923775889,-3.23976307818483,213.0
,,0.02460085915829778,0.04007000623164185,0.005099102472401657,0.06976996786234128,0.49975836112274663,0.35259954837353774,0.5743159622876916,-3.217127198815208,213.1
,,0.02460085915829778,0.04007000623164185,0.005099102472401657,0.06976996786234128,0.494716259046316,0.35259954837353774,0.5743159622876916,-3.217127198815208,213.2
,,0.02460085915829778,0.04007000623164185,0.005099102472401657,0.06976996786234128,0.48967415696988537,0.35259954837353774,0.5743159622876916,-3.217127198815208,213.3
,,0.02460085915829778,0.04007000623164185,0.005099102472401657,0.06976996786234128,0.4846320548934547,0.35259954837353774,0.5743159622876916,-3.217127198815208,213.4
,,0.02460085915829778,0.04007000623164185,0.005099102472401657,0.06976996786234128,0.47958995281702405,0.35259954837353774,0.5743159622876916,-3.217127198815208,213.5
,,0.02460085915829778,0.04007000623164185,0.005099102472401657,0.06976996786234128,0.47454785074059336,0.35259954837353774,0.5743159622876916,-3.217127198815208,213.6
,,0.02460085915829778,0.04007000623164185,0.005099102472401657,0.06976996786234128,0.4695057486641627,0.35259954837353774,0.5743159622876916,-3.217127198815208,213.7
,,0.024747265823801903,0.04162712081578544,0.005618917545271589,0.047246038361057036,0.4644636465877321,,0.8810711386565051,-3.1790033814500833,213.8
,,0.024893672489306025,0.04162712081578544,0.005618917545271589,0.047246038361057036,0.4594215445113014,,0.8810711386565051,-3.1790033814500833,213.9
,,0.025040079154810147,0.04162712081578544,0.005618917545271589,0.047246038361057036,0.4543794424348707,,0.8810711386565051,-3.1790033814500833,214.0
,,0.02518648582031427,0.04162712081578544,0.005618917545271589,0.047246038361057036,0.4493373403584401,,0.8810711386565051,-3.1790033814500833,214.1
,,0.02533289248581839,0.04162712081578544,0.005618917545271589,0.047246038361057036,0.44429523828200945,,0.8810711386565051,-3.1790033814500833,214.2
,,0.025479299151322514,0.04162712081578544,0.005618917545271589,0.047246038361057036,0.4392531362055788,,0.8810711386565051,-3.1790033814500833,214.3
,,0.025625705816826636,0.04162712081578544,0.005618917545271589,0.047246038361057036,0.43421103412914813,,0.8810711386565051,-3.1790033814500833,214.4
,,0.02577211248233076,0.04162712081578544,0.005618917545271589,0.047246038361057036,0.42916893205271744,,0.8810711386565051,-3.1790033814500833,214.5
,,0.02591851914783488,0.04312373008373212,0.005944799255680245,0.07498704848724724,0.4241268299762868,0.34563994277282084,0.5750823769396125,-3.1436818513979423,214.6
,,0.02591851914783488,0.04312373008373212,0.005944799255680245,0.07498704848724724,0.4190847278998562,0.34563994277282084,0.5750823769396125,-3.1436818513979423,214.7
,,0.02591851914783488,0.04312373008373212,0.005944799255680245,0.07498704848724724,0.4140426258234255,0.34563994277282084,0.5750823769396125,-3.1436818513979423,214.8
,,0.02591851914783488,0.04312373008373212,0.005944799255680245,0.07498704848724724,0.4090005237469948,0.34563994277282084,0.5750823769396125,-3.1436818513979423,214.9
,,0.02591851914783488,0.04312373008373212,0.005944799255680245,0.07498704848724724,0.40395842167056417,0.34563994277282084,0.5750823769396125,-3.1436818513979423,215.0
,,0.02591851914783488,0.04312373008373212,0.005944799255680245,0.07498704848724724,0.39891631959413354,0.34563994277282084,0.5750823769396125,-3.1436818513979423,215.1
,,0.02591851914783488,0.04312373008373212,0.005944799255680245,0.07498704848724724,0.3938742175177029,0.34563994277282084,0.5750823769396125,-3.1436818513979423,215.2
,,0.026108407644047153,0.06916364295890237,0.008084171177291382,0.07724781413619375,0.3888321154412722,,0.8953475736797112,-2.6712799451919103,215.3
,,0.026298296140259424,0.0439774477909516,0.006005611970823677,0.0762813559020347,0.38379001336484153,0.3447539156754547,0.5765163357535253,-3.124078326668279,215.4
,,0.026298296140259424,0.0439774477909516,0.006005611970823677,0.0762813559020347,0.3787479112884109,0.3447539156754547,0.5765163357535253,-3.124078326668279,215.5
,,0.026298296140259424,0.0439774477909516,0.006005611970823677,0.0762813559020347,0.37370580921198027,0.3447539156754547,0.5765163357535253,-3.124078326668279,215.6
,,0.026298296140259424,0.0439774477909516,0.006005611970823677,0.0762813559020347,0.3686637071355496,0.3447539156754547,0.5765163357535253,-3.124078326668279,215.7
,,0.026298296140259424,0.0439774477909516,0.006005611970823677,0.0762813559020347,0.36362160505911895,0.3447539156754547,0.5765163357535253,-3.124078326668279,215.8
,,0.026298296140259424,0.0439774477909516,0.006005611970823677,0.0762813559020347,0.35857950298268826,0.3447539156754547,0.5765163357535253,-3.124078326668279,215.9
,,0.02509867857956848,0.06754590941043664,0.007306762018960062,0.07485267142939671,0.3535374009062576,,0.902384752882841,-2.6949477728797664,216.0
,,0.023899061018877534,0.06754590941043664,0.007306762018960062,0.07485267142939671,0.348495298829827,,0.902384752882841,-2.6949477728797664,216.1
,,0.02269944345818659,0.06609181010035867,0.006796754761687944,0.0955880083202332,0.3434531967533963,0.2374716646688597,0.6914236551403169,-2.7167104414596603,216.2
,,0.02269944345818659,0.06609181010035867,0.006796754761687944,0.0955880083202332,0.3434531967533963,0.2374716646688597,0.6914236551403169,-2.7167104414596603,216.3
,,0.02269944345818659,0.06609181010035867,0.006796754761687944,0.0955880083202332,0.3434531967533963,0.2374716646688597,0.6914236551403169,-2.7167104414596603,216.4
,,0.02269944345818659,0.06609181010035867,0.006796754761687944,0.0955880083202332,0.3434531967533963,0.2374716646688597,0.6914236551403169,-2.7167104414596603,216.5
,,0.02269944345818659,0.06609181010035867,0.006796754761687944,0.0955880083202332,0.3434531967533963,0.2374716646688597,0.6914236551403169,-2.7167104414596603,216.6
,,0.026239364080345516,0.043720722422770114,0.005756441673710869,0.0757165281768265,0.34956769855945424,0.3465473749544717,0.5774264018110528,-3.129933091959216,216.7
,,0.026239364080345516,0.043720722422770114,0.005756441673710869,0.0757165281768265,0.35568220036551224,0.3465473749544717,0.5774264018110528,-3.129933091959216,216.8
,,0.026239364080345516,0.043720722422770114,0.005756441673710869,0.0757165281768265,0.3617967021715702,0.3465473749544717,0.5774264018110528,-3.129933091959216,216.9
,,0.026204089369635645,0.06366666204977545,0.005965272918258578,0.06963193496803402,0.36791120397762817,,0.9143313636049745,-2.7540942121202354,217.0
,,0.026168814658925774,0.06366666204977545,0.005965272918258578,0.06963193496803402,0.3740257057836861,,0.9143313636049745,-2.7540942121202354,217.1
,,0.0261335399482159,0.06366666204977545,0.005965272918258578,0.06963193496803402,0.3801402075897441,,0.9143313636049745,-2.7540942121202354,217.2
,,0.026098265237506028,0.06366666204977545,0.005965272918258578,0.06963193496803402,0.38625470939580203,,0.9143313636049745,-2.7540942121202354,217.3
,,0.026062990526796156,0.06366666204977545,0.005965272918258578,0.06963193496803402,0.39236921120185997,,0.9143313636049745,-2.7540942121202354,217.4
,,0.026027715816086285,0.04235472834396116,0.005161676552214372,0.07354412071226182,0.39848371300791796,0.3539061391177494,0.5759090996501569,-3.161675214908327,217.5
,,0.026027715816086285,0.04235472834396116,0.005161676552214372,0.07354412071226182,0.4045982148139759,0.3539061391177494,0.5759090996501569,-3.161675214908327,217.6
,,0.025983138666044913,0.0601367149261149,0.005070922130566392,0.0652076370566813,0.4107127166200339,,0.9222342296170227,-2.811134726689628,217.7
,,0.02593856151600354,0.0601367149261149,0.005070922130566392,0.0652076370566813,0.41682721842609183,,0.9222342296170227,-2.811134726689628,217.8
,,0.02589398436596217,0.0601367149261149,0.005070922130566392,0.0652076370566813,0.4229417202321498,,0.9222342296170227,-2.811134726689628,217.9
,,0.025849407215920796,0.0601367149261149,0.005070922130566392,0.0652076370566813,0.42905622203820776,,0.9222342296170227,-2.811134726689628,218.0
,,0.025804830065879424,0.0601367149261149,0.005070922130566392,0.0652076370566813,0.4351707238442657,,0.9222342296170227,-2.811134726689628,218.1
,,0.025760252915838052,0.0601367149261149,0.005070922130566392,0.0652076370566813,0.4412852256503237,,0.9222342296170227,-2.811134726689628,218.2
,,0.02571567576579668,0.04027549110965055,0.004428843384002316,0.07042001025944955,0.4473997274563816,0.36517568899879466,0.5719324800048016,-3.212012156085299,218.3
,,0.02571567576579668,0.04027549110965055,0.004428843384002316,0.07042001025944955,0.45351422926243956,0.36517568899879466,0.5719324800048016,-3.212012156085299,218.4
,,0.025347388376276054,0.055147528130695955,0.004142557320427041,0.08463747382739904,0.45962873106849755,0.2994818634115535,0.6515734182137589,-2.8977433551267113,218.5
,,0.025347388376276054,0.055147528130695955,0.004142557320427041,0.08463747382739904,0.45962873106849755,0.2994818634115535,0.6515734182137589,-2.8977433551267113,218.6
,,0.025347388376276054,0.055147528130695955,0.004142557320427041,0.08463747382739904,0.45962873106849755,0.2994818634115535,0.6515734182137589,-2.8977433551267113,218.7
,,0.025347388376276054,0.055147528130695955,0.004142557320427041,0.08463747382739904,0.45962873106849755,0.2994818634115535,0.6515734182137589,-2.8977433551267113,218.8
,,0.025347388376276054,0.055147528130695955,0.004142557320427041,0.08463747382739904,0.45962873106849755,0.2994818634115535,0.6515734182137589,-2.8977433551267113,218.9
,,0.025347388376276054,0.055147528130695955,0.004142557320427041,0.08463747382739904,0.45962873106849755,0.2994818634115535,0.6515734182137589,-2.8977433551267113,219.0
,,0.025347388376276054,0.055147528130695955,0.004142557320427041,0.08463747382739904,0.45962873106849755,0.2994818634115535,0.6515734182137589,-2.8977433551267113,219.1
,,0.025071652360815298,0.035657203202977016,0.0035297906196473704,0.06425864618343968,0.46264250587355304,0.3901677649610458,0.5549012517504043,-3.3338040991524274,219.2
,,0.024927950950989194,0.03511319474657574,0.003183975992338794,0.06322512168990373,0.46565628067860854,0.39427288211878414,0.5553677685081132,-3.3491783004441893,219.3
,,0.024927950950989194,0.03511319474657574,0.003183975992338794,0.06322512168990373,0.468670055483664,0.39427288211878414,0.5553677685081132,-3.3491783004441893,219.4
,,0.024927950950989194,0.03511319474657574,0.003183975992338794,0.06322512168990373,0.4716838302887195,0.39427288211878414,0.5553677685081132,-3.3491783004441893,219.5
,,0.024927950950989194,0.03511319474657574,0.003183975992338794,0.06322512168990373,0.474697605093775,0.39427288211878414,0.5553677685081132,-3.3491783004441893,219.6
,,0.024927950950989194,0.03511319474657574,0.003183975992338794,0.06322512168990373,0.4777113798988305,0.39427288211878414,0.5553677685081132,-3.3491783004441893,219.7
,,0.024927950950989194,0.03511319474657574,0.003183975992338794,0.06322512168990373,0.480725154703886,0.39427288211878414,0.5553677685081132,-3.3491783004441893,219.8
,,0.024927950950989194,0.03511319474657574,0.003183975992338794,0.06322512168990373,0.4837389295089415,0.39427288211878414,0.5553677685081132,-3.3491783004441893,219.9
,,0.024632422719121815,0.03301806880894059,0.002882046394668335,0.06053253792273074,0.486752704313997,0.40692862986456785,0.5454598459276211,-3.410700327695938,220.0
,,0.024632422719121815,0.03301806880894059,0.002882046394668335,0.06053253792273074,0.4897664791190524,0.40692862986456785,0.5454598459276211,-3.410700327695938,220.1
,,0.024632422719121815,0.03301806880894059,0.002882046394668335,0.06053253792273074,0.4927802539241079,0.40692862986456785,0.5454598459276211,-3.410700327695938,220.2
,,0.020663272743340518,0.027913666627098915,0.0021628884409940893,0.05073982781143352,0.4957940287291634,0.4072397096050912,0.5501332549025513,-3.578638866823671,220.3
,,0.020663272743340518,0.027913666627098915,0.0021628884409940893,0.05073982781143352,0.4988078035342189,0.4072397096050912,0.5501332549025513,-3.578638866823671,220.4
,,0.020663272743340518,0.027913666627098915,0.0021628884409940893,0.05073982781143352,0.5018215783392744,0.4072397096050912,0.5501332549025513,-3.578638866823671,220.5
,,0.020663272743340518,0.027913666627098915,0.0021628884409940893,0.05073982781143352,0.5048353531443299,0.4072397096050912,0.5501332549025513,-3.578638866823671,220.6
,,0.020134641596602623,0.0262192108740402,0.0019553433498539986,0.04830919582049682,0.5078491279493854,0.41678693372204334,0.5427374732434649,-3.6412628974366266,220.7
,,0.020134641596602623,0.0262192108740402,0.0019553433498539986,0.04830919582049682,0.5108629027544409,0.41678693372204334,0.5427374732434649,-3.6412628974366266,220.8
,,0.020134641596602623,0.0262192108740402,0.0019553433498539986,0.04830919582049682,0.5138766775594963,0.41678693372204334,0.5427374732434649,-3.6412628974366266,220.9
,,0.020134641596602623,0.0262192108740402,0.0019553433498539986,0.04830919582049682,0.5168904523645519,0.41678693372204334,0.5427374732434649,-3.6412628974366266,221.0
,,0.020134641596602623,0.0262192108740402,0.0019553433498539986,0.04830919582049682,0.5199042271696073,0.41678693372204334,0.5427374732434649,-3.6412628974366266,221.1
,,0.020134641596602623,0.0262192108740402,0.0019553433498539986,0.04830919582049682,0.5229180019746628,0.41678693372204334,0.5427374732434649,-3.6412628974366266,221.2
,,0.016365780335893143,0.015336061292594124,0.001037416758913638,0.016373478051507764,0.5259317767797183,,0.9366404159427747,-4.177548276598754,221.3
,,0.012596919075183663,0.01706966614105035,0.0010397340056868855,0.030706319221920898,0.5289455515847737,0.4102386542699284,0.5559007583320018,-4.070452300594917,221.4
,,0.012596919075183663,0.01706966614105035,0.0010397340056868855,0.030706319221920898,0.5319593263898292,0.4102386542699284,0.5559007583320018,-4.070452300594917,221.5
,,0.012596919075183663,0.01706966614105035,0.0010397340056868855,0.030706319221920898,0.5349731011948847,0.4102386542699284,0.5559007583320018,-4.070452300594917,221.6
,,0.012596919075183663,0.01706966614105035,0.0010397340056868855,0.030706319221920898,0.5379868759999402,0.4102386542699284,0.5559007583320018,-4.070452300594917,221.7
,,0.012596919075183663,0.01706966614105035,0.0010397340056868855,0.030706319221920898,0.5410006508049957,0.4102386542699284,0.5559007583320018,-4.070452300594917,221.8
,,0.012596919075183663,0.01706966614105035,0.0010397340056868855,0.030706319221920898,0.5440144256100512,0.4102386542699284,0.5559007583320018,-4.070452300594917,221.9
,,0.012596919075183663,0.01706966614105035,0.0010397340056868855,0.030706319221920898,0.5470282004151067,0.4102386542699284,0.5559007583320018,-4.070452300594917,222.0
,,0.008221873239056206,0.010435176317116854,0.0004923559104826319,0.019149405466655695,0.5500419752201622,0.4293539688933276,0.5449347414616775,-4.562572841890703,222.1
,,0.009821296066905169,0.014926787079267334,0.0007226838886936625,0.025470767034866164,0.5530557500252177,0.38559090322883066,0.5860360254889264,-4.204597889567066,222.2
,,0.009821296066905169,0.014926787079267334,0.0007226838886936625,0.025470767034866164,0.5560695248302732,0.38559090322883066,0.5860360254889264,-4.204597889567066,222.3
,,0.009821296066905169,0.014926787079267334,0.0007226838886936625,0.025470767034866164,0.5590832996353287,0.38559090322883066,0.5860360254889264,-4.204597889567066,222.4
,,0.009821296066905169,0.014926787079267334,0.0007226838886936625,0.025470767034866164,0.5620970744403841,0.38559090322883066,0.5860360254889264,-4.204597889567066,222.5
,,0.009821296066905169,0.014926787079267334,0.0007226838886936625,0.025470767034866164,0.5651108492454396,0.38559090322883066,0.5860360254889264,-4.204597889567066,222.6
,,0.009821296066905169,0.014926787079267334,0.0007226838886936625,0.025470767034866164,0.5681246240504951,0.38559090322883066,0.5860360254889264,-4.204597889567066,222.7
,,0.009821296066905169,0.014926787079267334,0.0007226838886936625,0.025470767034866164,0.5711383988555506,0.38559090322883066,0.5860360254889264,-4.204597889567066,222.8
,,0.008148395697990338,0.009056449760267461,0.0007547613741376982,0.0179596068323955,0.5741521736606061,0.4537067973722164,0.5042677072379701,-4.704278094414054,222.9
,,0.00956966071168468,0.01658043191412223,0.0006512680047436752,0.026801360630550584,0.5771659484656616,0.35705876442617346,0.6186414243171808,-4.099532079305352,223.0
,,0.00956966071168468,0.01658043191412223,0.0006512680047436752,0.026801360630550584,0.5771659484656616,0.35705876442617346,0.6186414243171808,-4.099532079305352,223.1
,,0.00956966071168468,0.01658043191412223,0.0006512680047436752,0.026801360630550584,0.5771659484656616,0.35705876442617346,0.6186414243171808,-4.099532079305352,223.2
,,0.00956966071168468,0.01658043191412223,0.0006512680047436752,0.026801360630550584,0.5771659484656616,0.35705876442617346,0.6186414243171808,-4.099532079305352,223.3
,,0.00956966071168468,0.01658043191412223,0.0006512680047436752,0.026801360630550584,0.5771659484656616,0.35705876442617346,0.6186414243171808,-4.099532079305352,223.4
,,0.00956966071168468,0.01658043191412223,0.0006512680047436752,0.026801360630550584,0.5771659484656616,0.35705876442617346,0.6186414243171808,-4.099532079305352,223.5
,,0.00956966071168468,0.01658043191412223,0.0006512680047436752,0.026801360630550584,0.5771659484656616,0.35705876442617346,0.6186414243171808,-4.099532079305352,223.6
,,0.0091468683117093,0.016552683660215423,0.0006536649303150908,0.026353216902239813,0.5525912594882672,0.34708735353412923,0.6281086563974122,-4.101207035608921,223.7
,,0.0091468683117093,0.016552683660215423,0.0006536649303150908,0.026353216902239813,0.5525912594882672,0.34708735353412923,0.6281086563974122,-4.101207035608921,223.8
,,0.008591099464658775,0.006697261667484022,0.000733308044892357,0.00743056971237638,0.5482155439901745,,0.9013120025412106,-5.006056542474087,223.9
,,0.008035330617608251,0.006697261667484022,0.000733308044892357,0.00743056971237638,0.5438398284920817,,0.9013120025412106,-5.006056542474087,224.0
,,0.007479561770557727,0.006697261667484022,0.000733308044892357,0.00743056971237638,0.539464112993989,,0.9013120025412106,-5.006056542474087,224.1
,,0.006923792923507203,0.006697261667484022,0.000733308044892357,0.00743056971237638,0.5350883974958962,,0.9013120025412106,-5.006056542474087,224.2
,,0.006368024076456679,0.006697261667484022,0.000733308044892357,0.00743056971237638,0.5307126819978035,,0.9013120025412106,-5.006056542474087,224.3
,,0.005812255229406154,0.00647376714446374,0.0007410673953227825,0.013027089769192677,0.5263369664997108,0.4461668210156469,0.4969465367294338,-5.039997091924796,224.4
,,0.005812255229406154,0.00647376714446374,0.0007410673953227825,0.013027089769192677,0.521961251001618,0.4461668210156469,0.4969465367294338,-5.039997091924796,224.5
,,0.005812255229406154,0.00647376714446374,0.0007410673953227825,0.013027089769192677,0.5175855355035254,0.4461668210156469,0.4969465367294338,-5.039997091924796,224.6
,,0.005812255229406154,0.00647376714446374,0.0007410673953227825,0.013027089769192677,0.5132098200054326,0.4461668210156469,0.4969465367294338,-5.039997091924796,224.7
,,0.009622872973207887,0.018911611639170458,0.0005710283306510884,0.029105512943029432,0.5088341045073399,0.3306202846190518,0.6497604655237542,-3.967979173123145,224.8
,,0.009622872973207887,0.018911611639170458,0.0005710283306510884,0.029105512943029432,0.5088341045073399,0.3306202846190518,0.6497604655237542,-3.967979173123145,224.9
,,0.009622872973207887,0.018911611639170458,0.0005710283306510884,0.029105512943029432,0.5088341045073399,0.3306202846190518,0.6497604655237542,-3.967979173123145,225.0
,,0.009420271646856822,0.019068601476289835,0.0005913049443994269,0.029080178067546085,0.4940200600746793,0.32394133299238587,0.6557250589043222,-3.9597121983836514,225.1
,,0.009420271646856822,0.019068601476289835,0.0005913049443994269,0.029080178067546085,0.4940200600746793,0.32394133299238587,0.6557250589043222,-3.9597121983836514,225.2
,,0.009420271646856822,0.019068601476289835,0.0005913049443994269,0.029080178067546085,0.4940200600746793,0.32394133299238587,0.6557250589043222,-3.9597121983836514,225.3
,,0.009420271646856822,0.019068601476289835,0.0005913049443994269,0.029080178067546085,0.4940200600746793,0.32394133299238587,0.6557250589043222,-3.9597121983836514,225.4
,,0.009420271646856822,0.019068601476289835,0.0005913049443994269,0.029080178067546085,0.4940200600746793,0.32394133299238587,0.6557250589043222,-3.9597121983836514,225.5
,,0.009420271646856822,0.019068601476289835,0.0005913049443994269,0.029080178067546085,0.4940200600746793,0.32394133299238587,0.6557250589043222,-3.9597121983836514,225.6
,,0.009420271646856822,0.019068601476289835,0.0005913049443994269,0.029080178067546085,0.4940200600746793,0.32394133299238587,0.6557250589043222,-3.9597121983836514,225.7
,,0.009553246260651212,0.0043536124255997895,0.0006296913019265148,0.0049833037275263045,0.49600894193492157,,0.8736397907178955,-5.436749335841656,225.8
,,0.0096862208744456,0.019882269494925938,0.0005801494684690377,0.020462418963394974,0.4979978237951638,,0.9716480505307383,-3.917926924564908,225.9
,,0.00981919548823999,0.019882269494925938,0.0005801494684690377,0.020462418963394974,0.49998670565540604,,0.9716480505307383,-3.917926924564908,226.0
,,0.009952170102034379,0.019882269494925938,0.0005801494684690377,0.020462418963394974,0.5019755875156483,,0.9716480505307383,-3.917926924564908,226.1
,,0.010085144715828767,0.019882269494925938,0.0005801494684690377,0.020462418963394974,0.5039644693758906,,0.9716480505307383,-3.917926924564908,226.2
,,0.010218119329623156,0.019882269494925938,0.0005801494684690377,0.020462418963394974,0.5059533512361327,,0.9716480505307383,-3.917926924564908,226.3
,,0.010351093943417546,0.019882269494925938,0.0005801494684690377,0.020462418963394974,0.507942233096375,,0.9716480505307383,-3.917926924564908,226.4
,,0.010484068557211934,0.019882269494925938,0.0005801494684690377,0.020462418963394974,0.5099311149566172,,0.9716480505307383,-3.917926924564908,226.5
,,0.010617043171006323,0.02073965314311524,0.0006086388308477892,0.03196533514496935,0.5119199968168595,0.33214240122482225,0.6488170090836419,-3.875707800374836,226.6
,,0.010617043171006323,0.02073965314311524,0.0006086388308477892,0.03196533514496935,0.5119199968168595,0.33214240122482225,0.6488170090836419,-3.875707800374836,226.7
,,0.010617043171006323,0.02073965314311524,0.0006086388308477892,0.03196533514496935,0.5119199968168595,0.33214240122482225,0.6488170090836419,-3.875707800374836,226.8
,,0.010617043171006323,0.02073965314311524,0.0006086388308477892,0.03196533514496935,0.5119199968168595,0.33214240122482225,0.6488170090836419,-3.875707800374836,226.9
,,0.010617043171006323,0.02073965314311524,0.0006086388308477892,0.03196533514496935,0.5119199968168595,0.33214240122482225,0.6488170090836419,-3.875707800374836,227.0
,,0.010617043171006323,0.02073965314311524,0.0006086388308477892,0.03196533514496935,0.5119199968168595,0.33214240122482225,0.6488170090836419,-3.875707800374836,227.1
,,0.010617043171006323,0.02073965314311524,0.0006086388308477892,0.03196533514496935,0.5119199968168595,0.33214240122482225,0.6488170090836419,-3.875707800374836,227.2
,,0.010617043171006323,0.02073965314311524,0.0006086388308477892,0.03196533514496935,0.5119199968168595,0.33214240122482225,0.6488170090836419,-3.875707800374836,227.3
,,0.010809560777627646,0.021193222922554735,0.000645669420954732,0.03264845312113711,0.5100479911492672,0.33108952321631957,0.6491340598563893,-3.8540738218750232,227.4
,,0.010982096055423007,0.02158061811781039,0.000649407250847088,0.03321212142408048,0.5088870020066539,0.3306652988285303,0.6497813807871767,-3.8359596764756816,227.5
,,0.010989786273955058,0.021595282835897244,0.0006497640997464096,0.03323483320959871,0.5088975382941981,0.3306707214279338,0.6497785832022833,-3.83528037536896,227.6
,,0.010989786273955058,0.021595282835897244,0.0006497640997464096,0.03323483320959871,0.5088975382941981,0.3306707214279338,0.6497785832022833,-3.83528037536896,227.7
,,0.010982096055423007,0.02158061811781039,0.000649407250847088,0.03321212142408048,0.5088870020066539,0.3306652988285303,0.6497813807871767,-3.8359596764756816,227.8
,,0.010989786273955058,0.021595282835897244,0.0006497640997464096,0.03323483320959871,0.5088975382941981,0.3306707214279338,0.6497785832022833,-3.83528037536896,227.9
,,0.010982096055423007,0.02158061811781039,0.000649407250847088,0.03321212142408048,0.5088870020066539,0.3306652988285303,0.6497813807871767,-3.8359596764756816,228.0
,,0.011152607362513927,0.02190960325702312,0.0006838934079588479,0.03374610402749589,0.5090282663579935,0.3304857755854402,0.6492483766176818,-3.8208302333879525,228.1
,,0.011152607362513927,0.02190960325702312,0.0006838934079588479,0.03374610402749589,0.5090282663579935,0.3304857755854402,0.6492483766176818,-3.8208302333879525,228.2
,,0.011152607362513927,0.02190960325702312,0.0006838934079588479,0.03374610402749589,0.5090282663579935,0.3304857755854402,0.6492483766176818,-3.8208302333879525,228.3
,,0.010774729588826316,0.02192742240053403,0.0006779222430018023,0.03338007423236215,0.49138149445982776,0.32278926385310913,0.6569015469496854,-3.820017261055772,228.4
,,0.010786774422587289,0.02194673614891149,0.000677920448685433,0.033411431020184214,0.4914978860363385,0.32284682497049827,0.6568630998071655,-3.8191368453275367,228.5
,,0.010774729588826316,0.02192742240053403,0.0006779222430018023,0.03338007423236215,0.49138149445982776,0.32278926385310913,0.6569015469496854,-3.820017261055772,228.6
,,0.010774729588826316,0.02192742240053403,0.0006779222430018023,0.03338007423236215,0.49138149445982776,0.32278926385310913,0.6569015469496854,-3.820017261055772,228.7
,,0.010737761628660768,0.021837793173053306,0.0007003884592929555,0.03327594326100703,0.49170543669726685,0.322688422216519,0.6562636858034007,-3.824113178400709,228.8
,,0.010737761628660768,0.021837793173053306,0.0007003884592929555,0.03327594326100703,0.49170543669726685,0.322688422216519,0.6562636858034007,-3.824113178400709,228.9
,,0.010737761628660768,0.021837793173053306,0.0007003884592929555,0.03327594326100703,0.49170543669726685,0.322688422216519,0.6562636858034007,-3.824113178400709,229.0
,,0.010737761628660768,0.021837793173053306,0.0007003884592929555,0.03327594326100703,0.49170543669726685,0.322688422216519,0.6562636858034007,-3.824113178400709,229.1
,,0.010737761628660768,0.021837793173053306,0.0007003884592929555,0.03327594326100703,0.49170543669726685,0.322688422216519,0.6562636858034007,-3.824113178400709,229.2
,,0.010737761628660768,0.021837793173053306,0.0007003884592929555,0.03327594326100703,0.49170543669726685,0.322688422216519,0.6562636858034007,-3.824113178400709,229.3
,,0.010737761628660768,0.021837793173053306,0.0007003884592929555,0.03327594326100703,0.49170543669726685,0.322688422216519,0.6562636858034007,-3.824113178400709,229.4
,,0.0021573356910052897,0.0023579923478230284,0.0003409318481705075,0.004856259886998826,0.48799246782737155,0.44423810529187424,0.48555728125997605,-6.0499447220702605,229.5
,,0.0021573356910052897,0.0023579923478230284,0.0003409318481705075,0.004856259886998826,0.4842794989574762,0.44423810529187424,0.48555728125997605,-6.0499447220702605,229.6
,,0.0021573356910052897,0.0023579923478230284,0.0003409318481705075,0.004856259886998826,0.4805665300875809,0.44423810529187424,0.48555728125997605,-6.0499447220702605,229.7
,,0.0021573356910052897,0.0023579923478230284,0.0003409318481705075,0.004856259886998826,0.4768535612176855,0.44423810529187424,0.48555728125997605,-6.0499447220702605,229.8
,,0.0021573356910052897,0.0023579923478230284,0.0003409318481705075,0.004856259886998826,0.4731405923477902,0.44423810529187424,0.48555728125997605,-6.0499447220702605,229.9
,,0.0021573356910052897,0.0023579923478230284,0.0003409318481705075,0.004856259886998826,0.46942762347789485,0.44423810529187424,0.48555728125997605,-6.0499447220702605,230.0
,,0.0021573356910052897,0.0023579923478230284,0.0003409318481705075,0.004856259886998826,0.46571465460799955,0.44423810529187424,0.48555728125997605,-6.0499447220702605,230.1
,,0.0021573356910052897,0.0023579923478230284,0.0003409318481705075,0.004856259886998826,0.4620016857381042,0.44423810529187424,0.48555728125997605,-6.0499447220702605,230.2
,,0.008766885171339889,0.01912961163706983,0.0006771623743123871,0.028573659182722106,0.4582887168682089,0.3068170273634761,0.6694841397365412,-3.9565177969869723,230.3
,,0.008766885171339889,0.01912961163706983,0.0006771623743123871,0.028573659182722106,0.4582887168682089,0.3068170273634761,0.6694841397365412,-3.9565177969869723,230.4
,,0.001635419344922814,0.0017774785454349963,0.00022632178898524747,0.003639219679343058,0.4508854372320902,0.4493873657052864,0.4884229868079472,-6.332559466438487,230.5
,,0.001635192637435596,0.0017772163115244346,0.00022628868995289088,0.0036386976389129215,0.4434821575959714,0.4493895343071478,0.48842099231289426,-6.332707008729225,230.6
,,0.001635419344922814,0.0017774785454349963,0.00022632178898524747,0.003639219679343058,0.43607887795985273,0.4493873657052864,0.4884229868079472,-6.332559466438487,230.7
,,0.001635419344922814,0.0017774785454349963,0.00022632178898524747,0.003639219679343058,0.42867559832373403,0.4493873657052864,0.4884229868079472,-6.332559466438487,230.8
,,0.001635419344922814,0.0017774785454349963,0.00022632178898524747,0.003639219679343058,0.4212723186876153,0.4493873657052864,0.4884229868079472,-6.332559466438487,230.9
,,0.001609549818611288,0.0017528398913080247,0.0002079057727708963,0.0035702954826902092,0.4138690390514966,0.4508169775904643,0.4909509310381403,-6.346518011322625,231.0
,,0.001609549818611288,0.0017528398913080247,0.0002079057727708963,0.0035702954826902092,0.4064657594153779,0.4508169775904643,0.4909509310381403,-6.346518011322625,231.1
,,0.001609549818611288,0.0017528398913080247,0.0002079057727708963,0.0035702954826902092,0.3990624797792591,0.4508169775904643,0.4909509310381403,-6.346518011322625,231.2
,,0.001609549818611288,0.0017528398913080247,0.0002079057727708963,0.0035702954826902092,0.39165920014314043,0.4508169775904643,0.4909509310381403,-6.346518011322625,231.3
,,0.001609549818611288,0.0017528398913080247,0.0002079057727708963,0.0035702954826902092,0.38425592050702173,0.4508169775904643,0.4909509310381403,-6.346518011322625,231.4
,,0.005339215486282912,0.014167913150201187,0.0005188276834484101,0.02002595631993251,0.376852640870903,0.2666147574170334,0.7074774819167755,-4.256775508517486,231.5
,,0.005339215486282912,0.014167913150201187,0.0005188276834484101,0.02002595631993251,0.376852640870903,0.2666147574170334,0.7074774819167755,-4.256775508517486,231.6
,,0.005339215486282912,0.014167913150201187,0.0005188276834484101,0.02002595631993251,0.376852640870903,0.2666147574170334,0.7074774819167755,-4.256775508517486,231.7
,,0.0051758363397921515,0.01380550907868901,0.0005233848660214511,0.019504730284502614,0.37491093666237013,0.2653631331628608,0.7078031265911997,-4.282687557880878,231.8
,,0.0051758363397921515,0.01380550907868901,0.0005233848660214511,0.019504730284502614,0.37491093666237013,0.2653631331628608,0.7078031265911997,-4.282687557880878,231.9
,,0.0051758363397921515,0.01380550907868901,0.0005233848660214511,0.019504730284502614,0.37491093666237013,0.2653631331628608,0.7078031265911997,-4.282687557880878,232.0
,,0.0051758363397921515,0.01380550907868901,0.0005233848660214511,0.019504730284502614,0.37491093666237013,0.2653631331628608,0.7078031265911997,-4.282687557880878,232.1
,,0.0051758363397921515,0.01380550907868901,0.0005233848660214511,0.019504730284502614,0.37491093666237013,0.2653631331628608,0.7078031265911997,-4.282687557880878,232.2
,,0.0051758363397921515,0.01380550907868901,0.0005233848660214511,0.019504730284502614,0.37491093666237013,0.2653631331628608,0.7078031265911997,-4.282687557880878,232.3
,,0.004095159564730266,0.0120476445446656,0.00045642163516304134,0.01659922574455891,0.3399137108957536,0.2467078662432569,0.7257955720383356,-4.418886111624636,232.4
,,0.003921596770332017,0.011643367744526175,0.000458483447771197,0.01602344796262939,0.3368094915816477,0.24474113059050354,0.7266455866228895,-4.453018553394175,232.5
,,0.003921596770332017,0.011643367744526175,0.000458483447771197,0.01602344796262939,0.3368094915816477,0.24474113059050354,0.7266455866228895,-4.453018553394175,232.6
,,0.003921596770332017,0.011643367744526175,0.000458483447771197,0.01602344796262939,0.3368094915816477,0.24474113059050354,0.7266455866228895,-4.453018553394175,232.7
,,0.003921596770332017,0.011643367744526175,0.000458483447771197,0.01602344796262939,0.3368094915816477,0.24474113059050354,0.7266455866228895,-4.453018553394175,232.8
,,0.003921596770332017,0.011643367744526175,0.000458483447771197,0.01602344796262939,0.3368094915816477,0.24474113059050354,0.7266455866228895,-4.453018553394175,232.9
,,0.003921596770332017,0.011643367744526175,0.000458483447771197,0.01602344796262939,0.3368094915816477,0.24474113059050354,0.7266455866228895,-4.453018553394175,233.0
,,0.003921596770332017,0.011643367744526175,0.000458483447771197,0.01602344796262939,0.3368094915816477,0.24474113059050354,0.7266455866228895,-4.453018553394175,233.1
,,0.003921596770332017,0.011643367744526175,0.000458483447771197,0.01602344796262939,0.3368094915816477,0.24474113059050354,0.7266455866228895,-4.453018553394175,233.2
,,0.0037442638277953998,0.011229820997176506,0.0004591343560864799,0.015433219181058385,0.33342150589371045,0.24261068179416762,0.7276395718502575,-4.489182450058156,233.3
,,0.0029439677773141315,0.00973754933794041,0.00039159752216116786,0.013073114637415709,0.3023314876406891,0.22519253131066358,0.7448530520853236,-4.631765801000632,233.4
,,0.0029439677773141315,0.00973754933794041,0.00039159752216116786,0.013073114637415709,0.3023314876406891,0.22519253131066358,0.7448530520853236,-4.631765801000632,233.5
,,0.0029439677773141315,0.00973754933794041,0.00039159752216116786,0.013073114637415709,0.3023314876406891,0.22519253131066358,0.7448530520853236,-4.631765801000632,233.6
,,0.0029439677773141315,0.00973754933794041,0.00039159752216116786,0.013073114637415709,0.3023314876406891,0.22519253131066358,0.7448530520853236,-4.631765801000632,233.7
,,0.0029439677773141315,0.00973754933794041,0.00039159752216116786,0.013073114637415709,0.3023314876406891,0.22519253131066358,0.7448530520853236,-4.631765801000632,233.8
,,0.0029439677773141315,0.00973754933794041,0.00039159752216116786,0.013073114637415709,0.3023314876406891,0.22519253131066358,0.7448530520853236,-4.631765801000632,233.9
,,0.0028203234670699613,0.009423798798343335,0.0003939763800123458,0.01263809864542564,0.29927670649820776,0.22316042517129564,0.7456658681608154,-4.664517002221942,234.0
,,0.0028203234670699613,0.009423798798343335,0.0003939763800123458,0.01263809864542564,0.29927670649820776,0.22316042517129564,0.7456658681608154,-4.664517002221942,234.1
,,0.0028203234670699613,0.009423798798343335,0.0003939763800123458,0.01263809864542564,0.29927670649820776,0.22316042517129564,0.7456658681608154,-4.664517002221942,234.2
,,0.0028203234670699613,0.009423798798343335,0.0003939763800123458,0.01263809864542564,0.29927670649820776,0.22316042517129564,0.7456658681608154,-4.664517002221942,234.3
,,0.0028203234670699613,0.009423798798343335,0.0003939763800123458,0.01263809864542564,0.29927670649820776,0.22316042517129564,0.7456658681608154,-4.664517002221942,234.4
,,0.0028203234670699613,0.009423798798343335,0.0003939763800123458,0.01263809864542564,0.29927670649820776,0.22316042517129564,0.7456658681608154,-4.664517002221942,234.5
,,0.002190393159060042,0.00804674044341826,0.0003122589196047023,0.010549392522083005,0.272208750171835,0.20763216028552356,0.7627681334801079,-4.822488183412504,234.6
,,0.002176615146446032,0.007850340545580528,0.0003187638852435313,0.008169104430824059,0.27180345274796547,,0.9609793352572706,-4.847198366526159,234.7
,,0.002162837133832022,0.007850340545580528,0.0003187638852435313,0.008169104430824059,0.271398155324096,,0.9609793352572706,-4.847198366526159,234.8
,,0.0021490591212180122,0.007850340545580528,0.0003187638852435313,0.008169104430824059,0.2709928579002265,,0.9609793352572706,-4.847198366526159,234.9
,,0.0021352811086040023,0.007850340545580528,0.0003187638852435313,0.008169104430824059,0.27058756047635696,,0.9609793352572706,-4.847198366526159,235.0
,,0.002121503095989992,0.007850340545580528,0.0003187638852435313,0.008169104430824059,0.2701822630524875,,0.9609793352572706,-4.847198366526159,235.1
,,0.002107725083375982,0.007850340545580528,0.0003187638852435313,0.008169104430824059,0.26977696562861797,,0.9609793352572706,-4.847198366526159,235.2
,,0.002093947070761972,0.007850340545580528,0.0003187638852435313,0.008169104430824059,0.26937166820474845,,0.9609793352572706,-4.847198366526159,235.3
,,0.002080169058147962,0.007850340545580528,0.0003187638852435313,0.008169104430824059,0.268966370780879,,0.9609793352572706,-4.847198366526159,235.4
,,0.002066391045533952,0.0076943058787488985,0.00032513619894075727,0.010085833123223607,0.26856107335700946,0.20488055079712617,0.7628825288643746,-4.867274719951114,235.5
,,0.002066391045533952,0.0076943058787488985,0.00032513619894075727,0.010085833123223607,0.26856107335700946,0.20488055079712617,0.7628825288643746,-4.867274719951114,235.6
,,0.002066391045533952,0.0076943058787488985,0.00032513619894075727,0.010085833123223607,0.26856107335700946,0.20488055079712617,0.7628825288643746,-4.867274719951114,235.7
,,0.0017307683571057845,0.00670825166925877,0.0002471674568656918,0.008686187483230247,0.2580058773043955,0.1992552383248975,0.772289532341994,-5.004416917946361,235.8
,,0.0017307683571057845,0.00670825166925877,0.0002471674568656918,0.008686187483230247,0.2580058773043955,0.1992552383248975,0.772289532341994,-5.004416917946361,235.9
,,0.0017307683571057845,0.00670825166925877,0.0002471674568656918,0.008686187483230247,0.2580058773043955,0.1992552383248975,0.772289532341994,-5.004416917946361,236.0
,,0.0017307683571057845,0.00670825166925877,0.0002471674568656918,0.008686187483230247,0.2580058773043955,0.1992552383248975,0.772289532341994,-5.004416917946361,236.1
,,0.0017394440318024027,0.006691232449570628,0.00025967413238480743,0.00869035061375784,0.25995869145362327,0.20015809592867978,0.7699611611731322,-5.0069571991526125,236.2
,,0.0017394440318024027,0.006691232449570628,0.00025967413238480743,0.00869035061375784,0.25995869145362327,0.20015809592867978,0.7699611611731322,-5.0069571991526125,236.3
,,0.0017394440318024027,0.006691232449570628,0.00025967413238480743,0.00869035061375784,0.25995869145362327,0.20015809592867978,0.7699611611731322,-5.0069571991526125,236.4
,,0.0017394440318024027,0.006691232449570628,0.00025967413238480743,0.00869035061375784,0.25995869145362327,0.20015809592867978,0.7699611611731322,-5.0069571991526125,236.5
,,0.0017394440318024027,0.006691232449570628,0.00025967413238480743,0.00869035061375784,0.25995869145362327,0.20015809592867978,0.7699611611731322,-5.0069571991526125,236.6
,,0.0017394440318024027,0.006691232449570628,0.00025967413238480743,0.00869035061375784,0.25995869145362327,0.20015809592867978,0.7699611611731322,-5.0069571991526125,236.7
,,0.0017394440318024027,0.006691232449570628,0.00025967413238480743,0.00869035061375784,0.25995869145362327,0.20015809592867978,0.7699611611731322,-5.0069571991526125,236.8
,,0.0017575422069258508,0.0067044744682138325,0.00026879241930387315,0.008730809094443556,0.26214466402376874,0.2013034746166174,0.7679098690269932,-5.0049801444084645,236.9
,,0.0016713057172042317,0.006332288591581652,0.00020192257009283952,0.008205516878878723,0.26393391473441674,0.20368073600655542,0.7717111164418144,-5.0620935613150255,237.0
,,0.0016713057172042317,0.006332288591581652,0.00020192257009283952,0.008205516878878723,0.26393391473441674,0.20368073600655542,0.7717111164418144,-5.0620935613150255,237.1
,,0.0016713057172042317,0.006332288591581652,0.00020192257009283952,0.008205516878878723,0.26393391473441674,0.20368073600655542,0.7717111164418144,-5.0620935613150255,237.2
,,0.0016713057172042317,0.006332288591581652,0.00020192257009283952,0.008205516878878723,0.26393391473441674,0.20368073600655542,0.7717111164418144,-5.0620935613150255,237.3
,,0.0016713057172042317,0.006332288591581652,0.00020192257009283952,0.008205516878878723,0.26393391473441674,0.20368073600655542,0.7717111164418144,-5.0620935613150255,237.4
,,0.0016713057172042317,0.006332288591581652,0.00020192257009283952,0.008205516878878723,0.26393391473441674,0.20368073600655542,0.7717111164418144,-5.0620935613150255,237.5
,,0.0017416289461029634,0.0064723071819965845,0.00021460310764256772,0.008428539235742116,0.2690893520856814,0.20663473199690416,0.7679037851007537,-5.040222637126612,237.6
,,0.0017416289461029634,0.0064723071819965845,0.00021460310764256772,0.008428539235742116,0.2690893520856814,0.20663473199690416,0.7679037851007537,-5.040222637126612,237.7
,,0.0017416289461029634,0.0064723071819965845,0.00021460310764256772,0.008428539235742116,0.2690893520856814,0.20663473199690416,0.7679037851007537,-5.040222637126612,237.8
,,0.0017442390019399385,0.006542310881516033,0.00016897413191376828,0.008455524015369741,0.2666090061338923,0.20628396285900288,0.7737321625039406,-5.029464830127396,237.9
,,0.0017442390019399385,0.006542310881516033,0.00016897413191376828,0.008455524015369741,0.2666090061338923,0.20628396285900288,0.7737321625039406,-5.029464830127396,238.0
,,0.0017442390019399385,0.006542310881516033,0.00016897413191376828,0.008455524015369741,0.2666090061338923,0.20628396285900288,0.7737321625039406,-5.029464830127396,238.1
,,0.0017442390019399385,0.006542310881516033,0.00016897413191376828,0.008455524015369741,0.2666090061338923,0.20628396285900288,0.7737321625039406,-5.029464830127396,238.2
,,0.0018515142498435441,0.006810608092359225,0.000185371954179137,0.008847494296381906,0.27185740608400966,0.20926990036045598,0.7697781839932188,-4.989273868774999,238.3
,,0.0018515142498435441,0.006810608092359225,0.000185371954179137,0.008847494296381906,0.27185740608400966,0.20926990036045598,0.7697781839932188,-4.989273868774999,238.4
,,0.0018515142498435441,0.006810608092359225,0.000185371954179137,0.008847494296381906,0.27185740608400966,0.20926990036045598,0.7697781839932188,-4.989273868774999,238.5
,,0.0018515142498435441,0.006810608092359225,0.000185371954179137,0.008847494296381906,0.27185740608400966,0.20926990036045598,0.7697781839932188,-4.989273868774999,238.6
,,0.0018515142498435441,0.006810608092359225,0.000185371954179137,0.008847494296381906,0.27185740608400966,0.20926990036045598,0.7697781839932188,-4.989273868774999,238.7
,,0.0018837210123756071,0.007146156368046981,0.00015311935855133316,0.00918299673897392,0.26359918750146544,0.20513140382385545,0.7781943706587301,-4.941180637721782,238.8
,,0.0018837210123756071,0.007146156368046981,0.00015311935855133316,0.00918299673897392,0.26359918750146544,0.20513140382385545,0.7781943706587301,-4.941180637721782,238.9
,,0.0027043451453581412,0.005403398316092139,0.00011633795708210218,0.008224081418532382,0.5004896894800799,0.3288324869041413,0.6570215007740519,-5.220727205554472,239.0
,,0.0027043451453581412,0.005403398316092139,0.00011633795708210218,0.008224081418532382,0.5004896894800799,0.3288324869041413,0.6570215007740519,-5.220727205554472,239.1
,,0.0027043451453581412,0.005403398316092139,0.00011633795708210218,0.008224081418532382,0.5004896894800799,0.3288324869041413,0.6570215007740519,-5.220727205554472,239.2
,,0.0027043451453581412,0.005403398316092139,0.00011633795708210218,0.008224081418532382,0.5004896894800799,0.3288324869041413,0.6570215007740519,-5.220727205554472,239.3
,,0.0027043451453581412,0.005403398316092139,0.00011633795708210218,0.008224081418532382,0.5004896894800799,0.3288324869041413,0.6570215007740519,-5.220727205554472,239.4
,,0.0027043451453581412,0.005403398316092139,0.00011633795708210218,0.008224081418532382,0.5004896894800799,0.3288324869041413,0.6570215007740519,-5.220727205554472,239.5
,,0.0027043451453581412,0.005403398316092139,0.00011633795708210218,0.008224081418532382,0.5004896894800799,0.3288324869041413,0.6570215007740519,-5.220727205554472,239.6
,,0.002162125149401214,0.00839452114818099,0.0001692940352469107,0.010725940332829115,0.257563845660181,0.20157907673451728,0.7826373154890393,-4.780176030200866,239.7
,,0.002162125149401214,0.00839452114818099,0.0001692940352469107,0.010725940332829115,0.257563845660181,0.20157907673451728,0.7826373154890393,-4.780176030200866,239.8
,,0.002162125149401214,0.00839452114818099,0.0001692940352469107,0.010725940332829115,0.257563845660181,0.20157907673451728,0.7826373154890393,-4.780176030200866,239.9
,,0.002162125149401214,0.00839452114818099,0.0001692940352469107,0.010725940332829115,0.257563845660181,0.20157907673451728,0.7826373154890393,-4.780176030200866,240.0
,,0.002162125149401214,0.00839452114818099,0.0001692940352469107,0.010725940332829115,0.257563845660181,0.20157907673451728,0.7826373154890393,-4.780176030200866,240.1
,,0.002162125149401214,0.00839452114818099,0.0001692940352469107,0.010725940332829115,0.257563845660181,0.20157907673451728,0.7826373154890393,-4.780176030200866,240.2
,,0.002162125149401214,0.00839452114818099,0.0001692940352469107,0.010725940332829115,0.257563845660181,0.20157907673451728,0.7826373154890393,-4.780176030200866,240.3
,,0.0023085639741413236,0.008905792192051004,0.00019592714971566959,0.011410283315907998,0.25922050777266803,0.20232310716796734,0.780505789863668,-4.7210534058321745,240.4
,,0.0023085639741413236,0.008905792192051004,0.00019592714971566959,0.011410283315907998,0.25922050777266803,0.20232310716796734,0.780505789863668,-4.7210534058321745,240.5
,,0.0023085639741413236,0.008905792192051004,0.00019592714971566959,0.011410283315907998,0.25922050777266803,0.20232310716796734,0.780505789863668,-4.7210534058321745,240.6
,,0.0023085639741413236,0.008905792192051004,0.00019592714971566959,0.011410283315907998,0.25922050777266803,0.20232310716796734,0.780505789863668,-4.7210534058321745,240.7
,,0.0022855602491107167,0.009298173505018617,0.00016854417484822205,0.011752277928977557,0.24580744249148537,0.19447806314001626,0.7911805320815413,-4.67793729542123,240.8
,,0.0022855602491107167,0.009298173505018617,0.00016854417484822205,0.011752277928977557,0.24580744249148537,0.19447806314001626,0.7911805320815413,-4.67793729542123,240.9
,,0.0022855602491107167,0.009298173505018617,0.00016854417484822205,0.011752277928977557,0.24580744249148537,0.19447806314001626,0.7911805320815413,-4.67793729542123,241.0
,,0.0023901249127987515,0.009765222949575339,0.00019291322823798565,0.012348261090612076,0.24475886778424152,0.1935596352603748,0.7908176607149549,-4.628927883416399,241.1
,,0.0023901249127987515,0.009765222949575339,0.00019291322823798565,0.012348261090612076,0.24475886778424152,0.1935596352603748,0.7908176607149549,-4.628927883416399,241.2
,,0.0023901249127987515,0.009765222949575339,0.00019291322823798565,0.012348261090612076,0.24475886778424152,0.1935596352603748,0.7908176607149549,-4.628927883416399,241.3
,,0.0023901249127987515,0.009765222949575339,0.00019291322823798565,0.012348261090612076,0.24475886778424152,0.1935596352603748,0.7908176607149549,-4.628927883416399,241.4
,,0.0023901249127987515,0.009765222949575339,0.00019291322823798565,0.012348261090612076,0.24475886778424152,0.1935596352603748,0.7908176607149549,-4.628927883416399,241.5
,,0.0023901249127987515,0.009765222949575339,0.00019291322823798565,0.012348261090612076,0.24475886778424152,0.1935596352603748,0.7908176607149549,-4.628927883416399,241.6
,,0.0023901249127987515,0.009765222949575339,0.00019291322823798565,0.012348261090612076,0.24475886778424152,0.1935596352603748,0.7908176607149549,-4.628927883416399,241.7
,,0.0023901249127987515,0.009765222949575339,0.00019291322823798565,0.012348261090612076,0.24475886778424152,0.1935596352603748,0.7908176607149549,-4.628927883416399,241.8
,,0.004210012487082691,0.00947493447685139,0.00030582580121446524,0.013990772765148547,0.44433156739694074,0.3009135061910207,0.6772273866425556,-4.659105443409443,241.9
,,0.004517017304712088,0.009610106664957584,0.0003066083843179298,0.014433732353987603,0.4700278011671814,0.31294866732541105,0.6658088448136288,-4.644939956690297,242.0
,,0.0024197535293351185,0.01033715081668499,0.00018933980432247598,0.012946244150342585,0.23408321811745672,0.18690776268660797,0.7984671613358573,-4.572010997516251,242.1
,,0.0024197535293351185,0.01033715081668499,0.00018933980432247598,0.012946244150342585,0.23408321811745672,0.18690776268660797,0.7984671613358573,-4.572010997516251,242.2
,,0.0024197535293351185,0.01033715081668499,0.00018933980432247598,0.012946244150342585,0.23408321811745672,0.18690776268660797,0.7984671613358573,-4.572010997516251,242.3
,,0.0024197535293351185,0.01033715081668499,0.00018933980432247598,0.012946244150342585,0.23408321811745672,0.18690776268660797,0.7984671613358573,-4.572010997516251,242.4
,,0.0024197535293351185,0.01033715081668499,0.00018933980432247598,0.012946244150342585,0.23408321811745672,0.18690776268660797,0.7984671613358573,-4.572010997516251,242.5
,,0.0024597628497168332,0.01063279979498193,0.00020866905236367856,0.013301231697062441,0.231337267431453,0.1849274492572044,0.7993846011516489,-4.5438117351388145,242.6
,,0.0024597628497168332,0.01063279979498193,0.00020866905236367856,0.013301231697062441,0.231337267431453,0.1849274492572044,0.7993846011516489,-4.5438117351388145,242.7
,,0.0024597628497168332,0.01063279979498193,0.00020866905236367856,0.013301231697062441,0.231337267431453,0.1849274492572044,0.7993846011516489,-4.5438117351388145,242.8
,,0.0024597628497168332,0.01063279979498193,0.00020866905236367856,0.013301231697062441,0.231337267431453,0.1849274492572044,0.7993846011516489,-4.5438117351388145,242.9
,,0.0024597628497168332,0.01063279979498193,0.00020866905236367856,0.013301231697062441,0.231337267431453,0.1849274492572044,0.7993846011516489,-4.5438117351388145,243.0
,,0.0024597628497168332,0.01063279979498193,0.00020866905236367856,0.013301231697062441,0.231337267431453,0.1849274492572044,0.7993846011516489,-4.5438117351388145,243.1
,,0.0027624666375770817,0.008825389697719862,0.00030320772136751336,0.009128597419087376,0.2847061031455529,,0.9667848512265943,-4.730122518755875,243.2
,,0.0030651704254373298,0.009755146921025769,0.00035751489981984696,0.010112661820845616,0.3380749388596528,,0.9646468055440273,-4.629960243920965,243.3
,,0.0033678742132975783,0.008603724039205611,0.000311513762475858,0.012283112014979046,0.3914437745737527,0.27418737280833333,0.7004514840142723,-4.755560141637556,243.4
,,0.0033678742132975783,0.008603724039205611,0.000311513762475858,0.012283112014979046,0.3914437745737527,0.27418737280833333,0.7004514840142723,-4.755560141637556,243.5
,,0.0033678742132975783,0.008603724039205611,0.000311513762475858,0.012283112014979046,0.3914437745737527,0.27418737280833333,0.7004514840142723,-4.755560141637556,243.6
,,0.0033678742132975783,0.008603724039205611,0.000311513762475858,0.012283112014979046,0.3914437745737527,0.27418737280833333,0.7004514840142723,-4.755560141637556,243.7
,,0.0033678742132975783,0.008603724039205611,0.000311513762475858,0.012283112014979046,0.3914437745737527,0.27418737280833333,0.7004514840142723,-4.755560141637556,243.8
,,0.0033678742132975783,0.008603724039205611,0.000311513762475858,0.012283112014979046,0.3914437745737527,0.27418737280833333,0.7004514840142723,-4.755560141637556,243.9
,,0.0033678742132975783,0.008603724039205611,0.000311513762475858,0.012283112014979046,0.3914437745737527,0.27418737280833333,0.7004514840142723,-4.755560141637556,244.0
,,0.003262497074977672,0.008558451749269766,0.00032669357867315743,0.012147642402920596,0.3812017839857587,0.2685703914195965,0.7045360297412196,-4.760835975599923,244.1
,,0.003262497074977672,0.008558451749269766,0.00032669357867315743,0.012147642402920596,0.3812017839857587,0.2685703914195965,0.7045360297412196,-4.760835975599923,244.2
,,0.003262497074977672,0.008558451749269766,0.00032669357867315743,0.012147642402920596,0.3812017839857587,0.2685703914195965,0.7045360297412196,-4.760835975599923,244.3
,,0.003262497074977672,0.008558451749269766,0.00032669357867315743,0.012147642402920596,0.3812017839857587,0.2685703914195965,0.7045360297412196,-4.760835975599923,244.4
,,0.003262497074977672,0.008558451749269766,0.00032669357867315743,0.012147642402920596,0.3812017839857587,0.2685703914195965,0.7045360297412196,-4.760835975599923,244.5
,,0.003262497074977672,0.008558451749269766,0.00032669357867315743,0.012147642402920596,0.3812017839857587,0.2685703914195965,0.7045360297412196,-4.760835975599923,244.6
,,0.0027163300936905994,0.007302225975739768,0.000274180067040908,0.0075764060427806765,0.287268844282051,,0.9638113288157033,-4.9195760491254115,244.7
,,0.0021701631124035267,0.011224832330738316,0.0001790150067790447,0.013574010449920888,0.19333590457834338,0.15987634018774274,0.8269355893124228,-4.489626782593369,244.8
,,0.0021701631124035267,0.011224832330738316,0.0001790150067790447,0.013574010449920888,0.19333590457834338,0.15987634018774274,0.8269355893124228,-4.489626782593369,244.9
,,0.0021701631124035267,0.011224832330738316,0.0001790150067790447,0.013574010449920888,0.19333590457834338,0.15987634018774274,0.8269355893124228,-4.489626782593369,245.0
,,0.0021701631124035267,0.011224832330738316,0.0001790150067790447,0.013574010449920888,0.19333590457834338,0.15987634018774274,0.8269355893124228,-4.489626782593369,245.1
,,0.0021701631124035267,0.011224832330738316,0.0001790150067790447,0.013574010449920888,0.19333590457834338,0.15987634018774274,0.8269355893124228,-4.489626782593369,245.2
,,0.0021701631124035267,0.011224832330738316,0.0001790150067790447,0.013574010449920888,0.19333590457834338,0.15987634018774274,0.8269355893124228,-4.489626782593369,245.3
,,0.0021701631124035267,0.011224832330738316,0.0001790150067790447,0.013574010449920888,0.19333590457834338,0.15987634018774274,0.8269355893124228,-4.489626782593369,245.4
,,0.002138075718415484,0.01121493994440206,0.00018486788745287471,0.013537883550270418,0.19064531143412006,0.1579327898985197,0.8284116126983558,-4.490508465959474,245.5
,,0.002138075718415484,0.01121493994440206,0.00018486788745287471,0.013537883550270418,0.19064531143412006,0.1579327898985197,0.8284116126983558,-4.490508465959474,245.6
,,0.002138075718415484,0.01121493994440206,0.00018486788745287471,0.013537883550270418,0.19064531143412006,0.1579327898985197,0.8284116126983558,-4.490508465959474,245.7
,,0.0017875812829233424,0.0060955142770524485,0.00024292276147660293,0.008126018321452395,0.2932617662225781,0.21998243324214425,0.7501231274559782,-5.100202142733542,245.8
,,0.0017875812829233424,0.0060955142770524485,0.00024292276147660293,0.008126018321452395,0.2932617662225781,0.21998243324214425,0.7501231274559782,-5.100202142733542,245.9
,,0.0017875812829233424,0.0060955142770524485,0.00024292276147660293,0.008126018321452395,0.2932617662225781,0.21998243324214425,0.7501231274559782,-5.100202142733542,246.0
,,0.0017875812829233424,0.0060955142770524485,0.00024292276147660293,0.008126018321452395,0.2932617662225781,0.21998243324214425,0.7501231274559782,-5.100202142733542,246.1
,,0.001955989326533551,0.011434238321324825,0.00016096940514928018,0.013551197053007656,0.17106424333360587,0.1443407042848236,0.8437806842154231,-4.471143063142179,246.2
,,0.001955989326533551,0.011434238321324825,0.00016096940514928018,0.013551197053007656,0.17106424333360587,0.1443407042848236,0.8437806842154231,-4.471143063142179,246.3
,,0.001955989326533551,0.011434238321324825,0.00016096940514928018,0.013551197053007656,0.17106424333360587,0.1443407042848236,0.8437806842154231,-4.471143063142179,246.4
,,0.001955989326533551,0.011434238321324825,0.00016096940514928018,0.013551197053007656,0.17106424333360587,0.1443407042848236,0.8437806842154231,-4.471143063142179,246.5
,,0.001955989326533551,0.011434238321324825,0.00016096940514928018,0.013551197053007656,0.17106424333360587,0.1443407042848236,0.8437806842154231,-4.471143063142179,246.6
,,0.001955989326533551,0.011434238321324825,0.00016096940514928018,0.013551197053007656,0.17106424333360587,0.1443407042848236,0.8437806842154231,-4.471143063142179,246.7
,,0.0014382550359705202,0.005538539978731778,0.00021233347123871023,0.007189128485941008,0.2596812592295946,0.20005972056044877,0.7704049231506843,-5.196024354701339,246.8
,,0.0018854707300336119,0.011660764539040372,0.00014078005438869663,0.01368701532346268,0.1616935770996005,0.13775616418003733,0.8519581708256839,-4.451525530823402,246.9
,,0.0018854707300336119,0.011660764539040372,0.00014078005438869663,0.01368701532346268,0.1616935770996005,0.13775616418003733,0.8519581708256839,-4.451525530823402,247.0
,,0.0018854707300336119,0.011660764539040372,0.00014078005438869663,0.01368701532346268,0.1616935770996005,0.13775616418003733,0.8519581708256839,-4.451525530823402,247.1
,,0.0018854707300336119,0.011660764539040372,0.00014078005438869663,0.01368701532346268,0.1616935770996005,0.13775616418003733,0.8519581708256839,-4.451525530823402,247.2
,,0.0018854707300336119,0.011660764539040372,0.00014078005438869663,0.01368701532346268,0.1616935770996005,0.13775616418003733,0.8519581708256839,-4.451525530823402,247.3
,,0.0018854707300336119,0.011660764539040372,0.00014078005438869663,0.01368701532346268,0.1616935770996005,0.13775616418003733,0.8519581708256839,-4.451525530823402,247.4
,,0.0018854707300336119,0.011660764539040372,0.00014078005438869663,0.01368701532346268,0.1616935770996005,0.13775616418003733,0.8519581708256839,-4.451525530823402,247.5
,,0.0019493125354206606,0.011687040623701277,0.0001439080835076715,0.01378026124262961,0.1667926550599526,0.1414568636326291,0.8481000771993423,-4.449274690063746,247.6
,,0.0019493125354206606,0.011687040623701277,0.0001439080835076715,0.01378026124262961,0.1667926550599526,0.1414568636326291,0.8481000771993423,-4.449274690063746,247.7
,,0.0012034134660304189,0.0051868578440352146,0.00019221847706980024,0.006582489787135434,0.23201203931476952,0.18282040761875912,0.7879781073374715,-5.261627190189469,247.8
,,0.0012034134660304189,0.0051868578440352146,0.00019221847706980024,0.006582489787135434,0.23201203931476952,0.18282040761875912,0.7879781073374715,-5.261627190189469,247.9
,,0.0012034134660304189,0.0051868578440352146,0.00019221847706980024,0.006582489787135434,0.23201203931476952,0.18282040761875912,0.7879781073374715,-5.261627190189469,248.0
,,0.0012034134660304189,0.0051868578440352146,0.00019221847706980024,0.006582489787135434,0.23201203931476952,0.18282040761875912,0.7879781073374715,-5.261627190189469,248.1
,,0.0012034134660304189,0.0051868578440352146,0.00019221847706980024,0.006582489787135434,0.23201203931476952,0.18282040761875912,0.7879781073374715,-5.261627190189469,248.2
,,0.002089552632413752,0.011943693058402574,0.0001274689623490204,0.014160714653165348,0.17495029570805315,0.14755982897704065,0.843438579968335,-4.42755191746774,248.3
,,0.002089552632413752,0.011943693058402574,0.0001274689623490204,0.014160714653165348,0.17495029570805315,0.14755982897704065,0.843438579968335,-4.42755191746774,248.4
,,0.002089552632413752,0.011943693058402574,0.0001274689623490204,0.014160714653165348,0.17495029570805315,0.14755982897704065,0.843438579968335,-4.42755191746774,248.5
,,0.002089552632413752,0.011943693058402574,0.0001274689623490204,0.014160714653165348,0.17495029570805315,0.14755982897704065,0.843438579968335,-4.42755191746774,248.6
,,0.002089552632413752,0.011943693058402574,0.0001274689623490204,0.014160714653165348,0.17495029570805315,0.14755982897704065,0.843438579968335,-4.42755191746774,248.7
,,0.0021510457192307074,0.011985198190456226,0.00010396192817914722,0.014240205837866081,0.17947518973391513,0.1510543979294786,0.8416450103962984,-4.4240828746904866,248.8
,,0.0021510457192307074,0.011985198190456226,0.00010396192817914722,0.014240205837866081,0.17947518973391513,0.1510543979294786,0.8416450103962984,-4.4240828746904866,248.9
,,0.0012344276319180502,0.005395703400938496,0.0001716129867177189,0.006801744019574265,0.2287797419894024,0.18148692870028288,0.7932823383841816,-5.222152308615372,249.0
,,0.0012344276319180502,0.005395703400938496,0.0001716129867177189,0.006801744019574265,0.2287797419894024,0.18148692870028288,0.7932823383841816,-5.222152308615372,249.1
,,0.0012344276319180502,0.005395703400938496,0.0001716129867177189,0.006801744019574265,0.2287797419894024,0.18148692870028288,0.7932823383841816,-5.222152308615372,249.2
,,0.0012344276319180502,0.005395703400938496,0.0001716129867177189,0.006801744019574265,0.2287797419894024,0.18148692870028288,0.7932823383841816,-5.222152308615372,249.3
,,0.0012344276319180502,0.005395703400938496,0.0001716129867177189,0.006801744019574265,0.2287797419894024,0.18148692870028288,0.7932823383841816,-5.222152308615372,249.4
,,0.0012344276319180502,0.005395703400938496,0.0001716129867177189,0.006801744019574265,0.2287797419894024,0.18148692870028288,0.7932823383841816,-5.222152308615372,249.5
,,0.0012344276319180502,0.005395703400938496,0.0001716129867177189,0.006801744019574265,0.2287797419894024,0.18148692870028288,0.7932823383841816,-5.222152308615372,249.6
,,0.0026747928531604456,0.012384126505287106,0.0001122229193711742,0.015171142277818727,0.21598558864999537,0.17630794070603242,0.8162949287868434,-4.391339746966729,249.7
,,0.0026747928531604456,0.012384126505287106,0.0001122229193711742,0.015171142277818727,0.21598558864999537,0.17630794070603242,0.8162949287868434,-4.391339746966729,249.8
,,0.0026747928531604456,0.012384126505287106,0.0001122229193711742,0.015171142277818727,0.21598558864999537,0.17630794070603242,0.8162949287868434,-4.391339746966729,249.9
,,0.0026747928531604456,0.012384126505287106,0.0001122229193711742,0.015171142277818727,0.21598558864999537,0.17630794070603242,0.8162949287868434,-4.391339746966729,250.0
,,0.002821604075956079,0.012334065099638115,8.579246553250821e-05,0.015241461641126702,0.22876513567606072,0.18512686921984053,0.809244243764428,-4.39539032436303,250.1
,,0.002821604075956079,0.012334065099638115,8.579246553250821e-05,0.015241461641126702,0.22876513567606072,0.18512686921984053,0.809244243764428,-4.39539032436303,250.2
,,0.002821604075956079,0.012334065099638115,8.579246553250821e-05,0.015241461641126702,0.22876513567606072,0.18512686921984053,0.809244243764428,-4.39539032436303,250.3
,,0.0026845579821323986,0.006460422349955121,0.0001525863570063188,0.00661300870696144,0.229985896474384,,0.9769263335695153,-5.042060584074738,250.4
,,0.0025475118883087184,0.006460422349955121,0.0001525863570063188,0.00661300870696144,0.23120665727270728,,0.9769263335695153,-5.042060584074738,250.5
,,0.002410465794485038,0.006460422349955121,0.0001525863570063188,0.00661300870696144,0.23242741807103057,,0.9769263335695153,-5.042060584074738,250.6
,,0.002273419700661358,0.006460422349955121,0.0001525863570063188,0.00661300870696144,0.23364817886935385,,0.9769263335695153,-5.042060584074738,250.7
,,0.0021363736068376778,0.006460422349955121,0.0001525863570063188,0.00661300870696144,0.2348689396676771,,0.9769263335695153,-5.042060584074738,250.8
,,0.0019993275130139976,0.006460422349955121,0.0001525863570063188,0.00661300870696144,0.2360897004660004,,0.9769263335695153,-5.042060584074738,250.9
,,0.0018622814191903174,0.006460422349955121,0.0001525863570063188,0.00661300870696144,0.23731046126432367,,0.9769263335695153,-5.042060584074738,251.0
,,0.0017252353253666372,0.007232744252295524,0.0001756137004808764,0.009133593278143037,0.23853122206264696,0.18888900269899,0.7918837671044208,-4.929136750195044,251.1
,,0.0017252353253666372,0.007232744252295524,0.0001756137004808764,0.009133593278143037,0.23853122206264696,0.18888900269899,0.7918837671044208,-4.929136750195044,251.2
,,0.0017252353253666372,0.007232744252295524,0.0001756137004808764,0.009133593278143037,0.23853122206264696,0.18888900269899,0.7918837671044208,-4.929136750195044,251.3
,,0.0037545006514706804,0.0131238665393099,8.634905326508797e-05,0.01696471624404567,0.2860818982138251,0.22131231654336964,0.7735977631760363,-4.333322833143317,251.4
,,0.0037545006514706804,0.0131238665393099,8.634905326508797e-05,0.01696471624404567,0.2860818982138251,0.22131231654336964,0.7735977631760363,-4.333322833143317,251.5
,,0.0037545006514706804,0.0131238665393099,8.634905326508797e-05,0.01696471624404567,0.2860818982138251,0.22131231654336964,0.7735977631760363,-4.333322833143317,251.6
,,0.0037545006514706804,0.0131238665393099,8.634905326508797e-05,0.01696471624404567,0.2860818982138251,0.22131231654336964,0.7735977631760363,-4.333322833143317,251.7
,,0.004324516481436849,0.013734997547191721,0.00010258753147637085,0.01816210156010494,0.3148538226219812,0.23810661266954516,0.756244947851308,-4.287808138015788,251.8
,,0.004324516481436849,0.013734997547191721,0.00010258753147637085,0.01816210156010494,0.3148538226219812,0.23810661266954516,0.756244947851308,-4.287808138015788,251.9
,,0.004324516481436849,0.013734997547191721,0.00010258753147637085,0.01816210156010494,0.3148538226219812,0.23810661266954516,0.756244947851308,-4.287808138015788,252.0
,,0.004324516481436849,0.013734997547191721,0.00010258753147637085,0.01816210156010494,0.3148538226219812,0.23810661266954516,0.756244947851308,-4.287808138015788,252.1
,,0.004324516481436849,0.013734997547191721,0.00010258753147637085,0.01816210156010494,0.3148538226219812,0.23810661266954516,0.756244947851308,-4.287808138015788,252.2
,,0.004324516481436849,0.013734997547191721,0.00010258753147637085,0.01816210156010494,0.3148538226219812,0.23810661266954516,0.756244947851308,-4.287808138015788,252.3
,,0.004245836544151218,0.013946380163548247,9.152532203896426e-05,0.01828374202973843,0.3044400406672257,0.2322192326519037,0.7627749363814321,-4.272535290871202,252.4
,,0.004245836544151218,0.013946380163548247,9.152532203896426e-05,0.01828374202973843,0.3044400406672257,0.2322192326519037,0.7627749363814321,-4.272535290871202,252.5
,,0.004879834541776487,0.014655892771384344,0.00011103813824079485,0.019646765451401624,0.3329605789218363,0.24837852082304743,0.7459697530179846,-4.222912787440095,252.6
,,0.004879834541776487,0.014655892771384344,0.00011103813824079485,0.019646765451401624,0.3329605789218363,0.24837852082304743,0.7459697530179846,-4.222912787440095,252.7
,,0.004879834541776487,0.014655892771384344,0.00011103813824079485,0.019646765451401624,0.3329605789218363,0.24837852082304743,0.7459697530179846,-4.222912787440095,252.8
,,0.004879834541776487,0.014655892771384344,0.00011103813824079485,0.019646765451401624,0.3329605789218363,0.24837852082304743,0.7459697530179846,-4.222912787440095,252.9
,,0.004879834541776487,0.014655892771384344,0.00011103813824079485,0.019646765451401624,0.3329605789218363,0.24837852082304743,0.7459697530179846,-4.222912787440095,253.0
,,0.004879834541776487,0.014655892771384344,0.00011103813824079485,0.019646765451401624,0.3329605789218363,0.24837852082304743,0.7459697530179846,-4.222912787440095,253.1
,,0.004879834541776487,0.014655892771384344,0.00011103813824079485,0.019646765451401624,0.3329605789218363,0.24837852082304743,0.7459697530179846,-4.222912787440095,253.2
,,0.0030594645334416012,0.013852281142378403,0.00023039575628130184,0.017142141432101306,0.2208635893247759,0.1784762157960196,0.8080834706239134,-4.279305356490085,253.3
,,0.005604508820905856,0.015473938280603054,0.00013557871312926893,0.021214025814638177,0.3621902013097234,0.2641888376056662,0.729420168326828,-4.1685980714499395,253.4
,,0.005300664220069045,0.015919369788097354,0.00012854659612438523,0.021348580604290783,0.3329694762183527,0.2482911776815589,0.7456875041564951,-4.140218685524243,253.5
,,0.005300664220069045,0.015919369788097354,0.00012854659612438523,0.021348580604290783,0.3329694762183527,0.2482911776815589,0.7456875041564951,-4.140218685524243,253.6
,,0.005300664220069045,0.015919369788097354,0.00012854659612438523,0.021348580604290783,0.3329694762183527,0.2482911776815589,0.7456875041564951,-4.140218685524243,253.7
,,0.005300664220069045,0.015919369788097354,0.00012854659612438523,0.021348580604290783,0.3329694762183527,0.2482911776815589,0.7456875041564951,-4.140218685524243,253.8
,,0.005300664220069045,0.015919369788097354,0.00012854659612438523,0.021348580604290783,0.3329694762183527,0.2482911776815589,0.7456875041564951,-4.140218685524243,253.9
,,0.005300664220069045,0.015919369788097354,0.00012854659612438523,0.021348580604290783,0.3329694762183527,0.2482911776815589,0.7456875041564951,-4.140218685524243,254.0
,,0.006046390418501797,0.016825864177875616,0.00015572488021891651,0.023027979476596332,0.35935095841628245,0.2625671272916858,0.7306704522199173,-4.084838042043732,254.1
,,0.006046390418501797,0.016825864177875616,0.00015572488021891651,0.023027979476596332,0.35935095841628245,0.2625671272916858,0.7306704522199173,-4.084838042043732,254.2
,,0.006046390418501797,0.016825864177875616,0.00015572488021891651,0.023027979476596332,0.35935095841628245,0.2625671272916858,0.7306704522199173,-4.084838042043732,254.3
,,0.005584693100238283,0.01750965117853053,0.0001512211751766261,0.023245565453945443,0.31894942071067395,0.2402476769731751,0.7532469456688841,-4.0450030541546225,254.4
,,0.006046390418501797,0.016825864177875616,0.00015572488021891651,0.023027979476596332,0.35935095841628245,0.2625671272916858,0.7306704522199173,-4.084838042043732,254.5
,,0.006116281754268775,0.01771929955648326,0.0002780654273921493,0.01799736498387541,0.35095647645956773,,0.9845496589283331,-4.0331008630016365,254.6
,,0.006186173090035753,0.01771929955648326,0.0002780654273921493,0.01799736498387541,0.34256199450285296,,0.9845496589283331,-4.0331008630016365,254.7
,,0.006256064425802731,0.018721342413377067,0.0001782462708419674,0.025155653110021766,0.33416751254613825,0.24869417615360487,0.7442200896751382,-3.9780911003874424,254.8
,,0.006256064425802731,0.018721342413377067,0.0001782462708419674,0.025155653110021766,0.33416751254613825,0.24869417615360487,0.7442200896751382,-3.9780911003874424,254.9
,,0.006256064425802731,0.018721342413377067,0.0001782462708419674,0.025155653110021766,0.33416751254613825,0.24869417615360487,0.7442200896751382,-3.9780911003874424,255.0
,,0.006256064425802731,0.018721342413377067,0.0001782462708419674,0.025155653110021766,0.33416751254613825,0.24869417615360487,0.7442200896751382,-3.9780911003874424,255.1
,,0.006256064425802731,0.018721342413377067,0.0001782462708419674,0.025155653110021766,0.33416751254613825,0.24869417615360487,0.7442200896751382,-3.9780911003874424,255.2
,,0.006256064425802731,0.018721342413377067,0.0001782462708419674,0.025155653110021766,0.33416751254613825,0.24869417615360487,0.7442200896751382,-3.9780911003874424,255.3
,,0.006256064425802731,0.018721342413377067,0.0001782462708419674,0.025155653110021766,0.33416751254613825,0.24869417615360487,0.7442200896751382,-3.9780911003874424,255.4
,,0.006256064425802731,0.018721342413377067,0.0001782462708419674,0.025155653110021766,0.33416751254613825,0.24869417615360487,0.7442200896751382,-3.9780911003874424,255.5
,,0.007006139116488936,0.019783939507024707,0.00020511009971333323,0.026995188723226978,0.35413265967585766,0.2595328815190231,0.7328690941879719,-3.9228848064393147,255.6
,,0.007006139116488936,0.019783939507024707,0.00020511009971333323,0.026995188723226978,0.35413265967585766,0.2595328815190231,0.7328690941879719,-3.9228848064393147,255.7
,,0.006213930644006107,0.021540145362271404,0.00020280345912025472,0.027956879465397762,0.2884813699953067,0.22226839199622012,0.7704774557879984,-3.837836858796099,255.8
,,0.006213930644006107,0.021540145362271404,0.00020280345912025472,0.027956879465397762,0.2884813699953067,0.22226839199622012,0.7704774557879984,-3.837836858796099,255.9
,,0.006213930644006107,0.021540145362271404,0.00020280345912025472,0.027956879465397762,0.2884813699953067,0.22226839199622012,0.7704774557879984,-3.837836858796099,256.0
,,0.006213930644006107,0.021540145362271404,0.00020280345912025472,0.027956879465397762,0.2884813699953067,0.22226839199622012,0.7704774557879984,-3.837836858796099,256.1
,,0.006213930644006107,0.021540145362271404,0.00020280345912025472,0.027956879465397762,0.2884813699953067,0.22226839199622012,0.7704774557879984,-3.837836858796099,256.2
,,0.00687202162210164,0.022852477631081797,0.0002270464283728043,0.02995154568155624,0.3007123224466025,0.2294379627403783,0.7629815794499729,-3.7786957372757772,256.3
,,0.00687202162210164,0.022852477631081797,0.0002270464283728043,0.02995154568155624,0.3007123224466025,0.2294379627403783,0.7629815794499729,-3.7786957372757772,256.4
,,0.00687202162210164,0.022852477631081797,0.0002270464283728043,0.02995154568155624,0.3007123224466025,0.2294379627403783,0.7629815794499729,-3.7786957372757772,256.5
,,0.00687202162210164,0.022852477631081797,0.0002270464283728043,0.02995154568155624,0.3007123224466025,0.2294379627403783,0.7629815794499729,-3.7786957372757772,256.6
,,0.00687202162210164,0.022852477631081797,0.0002270464283728043,0.02995154568155624,0.3007123224466025,0.2294379627403783,0.7629815794499729,-3.7786957372757772,256.7
,,0.00687202162210164,0.022852477631081797,0.0002270464283728043,0.02995154568155624,0.3007123224466025,0.2294379627403783,0.7629815794499729,-3.7786957372757772,256.8
,,0.005736151447713929,0.029896988274890398,0.0004256040913938301,0.03605874381399816,0.19186385581625806,0.15907796115424108,0.8291189629097467,-3.5099975302510544,256.9
,,0.006670724221188147,0.02655300818916019,0.00024794750654192764,0.03347167991689026,0.25122291883717174,0.19929457492875968,0.7932977446931543,-3.6286122349192382,257.0
,,0.006670724221188147,0.02655300818916019,0.00024794750654192764,0.03347167991689026,0.25122291883717174,0.19929457492875968,0.7932977446931543,-3.6286122349192382,257.1
,,0.006670724221188147,0.02655300818916019,0.00024794750654192764,0.03347167991689026,0.25122291883717174,0.19929457492875968,0.7932977446931543,-3.6286122349192382,257.2
,,0.006670724221188147,0.02655300818916019,0.00024794750654192764,0.03347167991689026,0.25122291883717174,0.19929457492875968,0.7932977446931543,-3.6286122349192382,257.3
,,0.006670724221188147,0.02655300818916019,0.00024794750654192764,0.03347167991689026,0.25122291883717174,0.19929457492875968,0.7932977446931543,-3.6286122349192382,257.4
,,0.006670724221188147,0.02655300818916019,0.00024794750654192764,0.03347167991689026,0.25122291883717174,0.19929457492875968,0.7932977446931543,-3.6286122349192382,257.5
,,0.006670724221188147,0.02655300818916019,0.00024794750654192764,0.03347167991689026,0.25122291883717174,0.19929457492875968,0.7932977446931543,-3.6286122349192382,257.6
,,0.006670724221188147,0.02655300818916019,0.00024794750654192764,0.03347167991689026,0.25122291883717174,0.19929457492875968,0.7932977446931543,-3.6286122349192382,257.7
,,0.007274132981944988,0.028204909441907483,0.00027005352129330813,0.035749095945145776,0.257903078785884,0.20347739683002286,0.7889684674875621,-3.5682592225059535,257.8
,,0.006369627227448883,0.030000416548474036,0.00026151679607563027,0.03663156057199855,0.21231795955756064,0.17388358912336033,0.818977299356626,-3.5065440124672422,257.9
,,0.006369627227448883,0.030000416548474036,0.00026151679607563027,0.03663156057199855,0.21231795955756064,0.17388358912336033,0.818977299356626,-3.5065440124672422,258.0
,,0.006369627227448883,0.030000416548474036,0.00026151679607563027,0.03663156057199855,0.21231795955756064,0.17388358912336033,0.818977299356626,-3.5065440124672422,258.1
,,0.006369627227448883,0.030000416548474036,0.00026151679607563027,0.03663156057199855,0.21231795955756064,0.17388358912336033,0.818977299356626,-3.5065440124672422,258.2
,,0.006369627227448883,0.030000416548474036,0.00026151679607563027,0.03663156057199855,0.21231795955756064,0.17388358912336033,0.818977299356626,-3.5065440124672422,258.3
,,0.006369627227448883,0.030000416548474036,0.00026151679607563027,0.03663156057199855,0.21231795955756064,0.17388358912336033,0.818977299356626,-3.5065440124672422,258.4
,,0.00722252320926757,0.04276245292775953,0.0005791952585146681,0.050564171395541764,0.1688987117148984,0.14283875340839422,0.8457065892219859,-3.1520948294621935,258.5
,,0.00722252320926757,0.04276245292775953,0.0005791952585146681,0.050564171395541764,0.1688987117148984,0.14283875340839422,0.8457065892219859,-3.1520948294621935,258.6
,,0.00722252320926757,0.04276245292775953,0.0005791952585146681,0.050564171395541764,0.1688987117148984,0.14283875340839422,0.8457065892219859,-3.1520948294621935,258.7
,,0.00722252320926757,0.04276245292775953,0.0005791952585146681,0.050564171395541764,0.1688987117148984,0.14283875340839422,0.8457065892219859,-3.1520948294621935,258.8
,,0.005912743752443796,0.03331963666256676,0.00026441358195222406,0.03949679399696278,0.17745522894871543,0.1497018657488624,0.8436035761568134,-3.4016083662277405,258.9
,,0.005912743752443796,0.03331963666256676,0.00026441358195222406,0.03949679399696278,0.17745522894871543,0.1497018657488624,0.8436035761568134,-3.4016083662277405,259.0
,,0.005912743752443796,0.03331963666256676,0.00026441358195222406,0.03949679399696278,0.17745522894871543,0.1497018657488624,0.8436035761568134,-3.4016083662277405,259.1
,,0.005924486645173889,0.047437145209891896,0.0005682754732452523,0.04800542068313715,0.1745942119664736,,0.9881622644868338,-3.0483497029606204,259.2
,,0.005936229537903981,0.047437145209891896,0.0005682754732452523,0.04800542068313715,0.17173319498423176,,0.9881622644868338,-3.0483497029606204,259.3
,,0.005947972430634074,0.047437145209891896,0.0005682754732452523,0.04800542068313715,0.16887217800198992,,0.9881622644868338,-3.0483497029606204,259.4
,,0.005959715323364166,0.047437145209891896,0.0005682754732452523,0.04800542068313715,0.16601116101974805,,0.9881622644868338,-3.0483497029606204,259.5
,,0.005971458216094258,0.047437145209891896,0.0005682754732452523,0.04800542068313715,0.16315014403750622,,0.9881622644868338,-3.0483497029606204,259.6
,,0.00598320110882435,0.047437145209891896,0.0005682754732452523,0.04800542068313715,0.16028912705526438,,0.9881622644868338,-3.0483497029606204,259.7
,,0.005994944001554443,0.047437145209891896,0.0005682754732452523,0.04800542068313715,0.15742811007302254,,0.9881622644868338,-3.0483497029606204,259.8
,,0.006006686894284535,0.03886135641275646,0.00028039939762616655,0.04514844270466716,0.1545670930907807,0.13304305828611895,0.8607463310963596,-3.2477549305273326,259.9
,,0.006006686894284535,0.03886135641275646,0.00028039939762616655,0.04514844270466716,0.1545670930907807,0.13304305828611895,0.8607463310963596,-3.2477549305273326,260.0
,,0.006006686894284535,0.03886135641275646,0.00028039939762616655,0.04514844270466716,0.1545670930907807,0.13304305828611895,0.8607463310963596,-3.2477549305273326,260.1
,,0.006006686894284535,0.03886135641275646,0.00028039939762616655,0.04514844270466716,0.1545670930907807,0.13304305828611895,0.8607463310963596,-3.2477549305273326,260.2
,,0.006006686894284535,0.03886135641275646,0.00028039939762616655,0.04514844270466716,0.1545670930907807,0.13304305828611895,0.8607463310963596,-3.2477549305273326,260.3
,,0.006006686894284535,0.03886135641275646,0.00028039939762616655,0.04514844270466716,0.1545670930907807,0.13304305828611895,0.8607463310963596,-3.2477549305273326,260.4
,,0.006006686894284535,0.03886135641275646,0.00028039939762616655,0.04514844270466716,0.1545670930907807,0.13304305828611895,0.8607463310963596,-3.2477549305273326,260.5
,,0.008779097708526766,0.050914552320432786,0.0005274320544496358,0.060221082083409185,0.1724280644416779,0.1457811351906178,0.8454606021511472,-2.977606496082369,260.6
,,0.008779097708526766,0.050914552320432786,0.0005274320544496358,0.060221082083409185,0.1724280644416779,0.1457811351906178,0.8454606021511472,-2.977606496082369,260.7
,,0.008779097708526766,0.050914552320432786,0.0005274320544496358,0.060221082083409185,0.1724280644416779,0.1457811351906178,0.8454606021511472,-2.977606496082369,260.8
,,0.008776267990823523,0.05089767858892251,0.0005272392638098128,0.06020118584355585,0.17242963204089254,0.14578231089384705,0.8454597343180206,-2.977937963756028,260.9
,,0.005828262579464338,0.042766619465829846,0.0002710049465184111,0.048865886991812595,0.13628064720245353,0.11927057786633147,0.8751835298312569,-3.1519973997121213,261.0
,,0.008779097708526766,0.050914552320432786,0.0005274320544496358,0.060221082083409185,0.1724280644416779,0.1457811351906178,0.8454606021511472,-2.977606496082369,261.1
,,0.0058057633193478436,0.04335014106318356,0.0002696093031729467,0.04942551368570435,0.13392720708534364,0.11746490600515662,0.8770802330724584,-3.1384453217082036,261.2
,,0.009195220855231013,0.050043007287669194,0.00040802660874795756,0.05964625475164817,0.18374636844610165,0.15416258562281193,0.8389966393704943,-2.9948724975139758,261.3
,,0.009195220855231013,0.050043007287669194,0.00040802660874795756,0.05964625475164817,0.18374636844610165,0.15416258562281193,0.8389966393704943,-2.9948724975139758,261.4
,,0.009195220855231013,0.050043007287669194,0.00040802660874795756,0.05964625475164817,0.18374636844610165,0.15416258562281193,0.8389966393704943,-2.9948724975139758,261.5
,,0.009195220855231013,0.050043007287669194,0.00040802660874795756,0.05964625475164817,0.18374636844610165,0.15416258562281193,0.8389966393704943,-2.9948724975139758,261.6
,,0.009195220855231013,0.050043007287669194,0.00040802660874795756,0.05964625475164817,0.18374636844610165,0.15416258562281193,0.8389966393704943,-2.9948724975139758,261.7
,,0.009195220855231013,0.050043007287669194,0.00040802660874795756,0.05964625475164817,0.18374636844610165,0.15416258562281193,0.8389966393704943,-2.9948724975139758,261.8
,,0.009195220855231013,0.050043007287669194,0.00040802660874795756,0.05964625475164817,0.18374636844610165,0.15416258562281193,0.8389966393704943,-2.9948724975139758,261.9
,,0.007436032346199791,0.04782574565517092,0.00029199720281087113,0.05555377520418159,0.15548178589445175,0.13385287172418975,0.8608910101859474,-3.04019117245126,262.0
,,0.007436032346199791,0.04782574565517092,0.00029199720281087113,0.05555377520418159,0.15548178589445175,0.13385287172418975,0.8608910101859474,-3.04019117245126,262.1
,,0.007436032346199791,0.04782574565517092,0.00029199720281087113,0.05555377520418159,0.15548178589445175,0.13385287172418975,0.8608910101859474,-3.04019117245126,262.2
,,0.007147840475324485,0.050726047729110046,0.00026098030239036433,0.058134868506824894,0.1409106523239454,0.12295272456813669,0.8725580539182768,-2.9813157384000815,262.3
,,0.007436032346199791,0.04782574565517092,0.00029199720281087113,0.05555377520418159,0.15548178589445175,0.13385287172418975,0.8608910101859474,-3.04019117245126,262.4
,,0.007742272074653826,0.04767413334689169,0.00028745970966914165,0.04796159305656083,0.15531191016954238,,0.9940064603498441,-3.043366306016589,262.5
,,0.008048511803107863,0.04767413334689169,0.00028745970966914165,0.04796159305656083,0.15514203444463304,,0.9940064603498441,-3.043366306016589,262.6
,,0.008354751531561897,0.05391130639582792,0.0002808173778000428,0.06254687530518986,0.15497215871972367,0.13357584197125602,0.8619344472889215,-2.9204150569086673,262.7
,,0.008354751531561897,0.05391130639582792,0.0002808173778000428,0.06254687530518986,0.15497215871972367,0.13357584197125602,0.8619344472889215,-2.9204150569086673,262.8
,,0.008354751531561897,0.05391130639582792,0.0002808173778000428,0.06254687530518986,0.15497215871972367,0.13357584197125602,0.8619344472889215,-2.9204150569086673,262.9
,,0.008354751531561897,0.05391130639582792,0.0002808173778000428,0.06254687530518986,0.15497215871972367,0.13357584197125602,0.8619344472889215,-2.9204150569086673,263.0
,,0.008354751531561897,0.05391130639582792,0.0002808173778000428,0.06254687530518986,0.15497215871972367,0.13357584197125602,0.8619344472889215,-2.9204150569086673,263.1
,,0.008354751531561897,0.05391130639582792,0.0002808173778000428,0.06254687530518986,0.15497215871972367,0.13357584197125602,0.8619344472889215,-2.9204150569086673,263.2
,,0.008354751531561897,0.05391130639582792,0.0002808173778000428,0.06254687530518986,0.15497215871972367,0.13357584197125602,0.8619344472889215,-2.9204150569086673,263.3
,,0.009736038006050671,0.05644775076484244,0.00030456738125286473,0.06648835615214597,0.17247875910256116,0.1464322261746342,0.8489870111342877,-2.874439833912929,263.4
,,0.009717408501590957,0.05880119025338687,0.0002873391862623282,0.06880593794124015,0.16525870411324278,0.14122921352935502,0.8545947052360906,-2.833593181877892,263.5
,,0.009736038006050671,0.05644775076484244,0.00030456738125286473,0.06648835615214597,0.17247875910256116,0.1464322261746342,0.8489870111342877,-2.874439833912929,263.6
,,0.012030857737169132,0.047029553002360974,0.0002269212124601177,0.05928733195199022,0.2558148434148451,0.20292459351875536,0.793247924201491,-3.056979087591697,263.7
,,0.012030857737169132,0.047029553002360974,0.0002269212124601177,0.05928733195199022,0.2558148434148451,0.20292459351875536,0.793247924201491,-3.056979087591697,263.8
,,0.012030857737169132,0.047029553002360974,0.0002269212124601177,0.05928733195199022,0.2558148434148451,0.20292459351875536,0.793247924201491,-3.056979087591697,263.9
,,0.012030857737169132,0.047029553002360974,0.0002269212124601177,0.05928733195199022,0.2558148434148451,0.20292459351875536,0.793247924201491,-3.056979087591697,264.0
,,0.011360101099262089,0.06251681340028337,0.00031431620410917843,0.07419123070365463,0.18171273424519424,0.15311918931009855,0.8426442425520219,-2.772319744013134,264.1
,,0.011360101099262089,0.06251681340028337,0.00031431620410917843,0.07419123070365463,0.18171273424519424,0.15311918931009855,0.8426442425520219,-2.772319744013134,264.2
,,0.011360101099262089,0.06251681340028337,0.00031431620410917843,0.07419123070365463,0.18171273424519424,0.15311918931009855,0.8426442425520219,-2.772319744013134,264.3
,,0.011360101099262089,0.06251681340028337,0.00031431620410917843,0.07419123070365463,0.18171273424519424,0.15311918931009855,0.8426442425520219,-2.772319744013134,264.4
,,0.011360101099262089,0.06251681340028337,0.00031431620410917843,0.07419123070365463,0.18171273424519424,0.15311918931009855,0.8426442425520219,-2.772319744013134,264.5
,,0.011360101099262089,0.06251681340028337,0.00031431620410917843,0.07419123070365463,0.18171273424519424,0.15311918931009855,0.8426442425520219,-2.772319744013134,264.6
,,0.011340288675169344,0.06476126551232571,0.00030419020883907296,0.07640574439633412,0.17510912712184415,0.14842193822946959,0.8475968138782102,-2.7370476087897377,264.7
,,0.015215403467340386,0.04969835184448903,0.00019559630908737985,0.06510935162091679,0.30615509172116734,0.23368998597817925,0.7633058939650555,-3.0017835085121436,264.8
,,0.015215403467340386,0.04969835184448903,0.00019559630908737985,0.06510935162091679,0.30615509172116734,0.23368998597817925,0.7633058939650555,-3.0017835085121436,264.9
,,0.015215403467340386,0.04969835184448903,0.00019559630908737985,0.06510935162091679,0.30615509172116734,0.23368998597817925,0.7633058939650555,-3.0017835085121436,265.0
,,0.015215403467340386,0.04969835184448903,0.00019559630908737985,0.06510935162091679,0.30615509172116734,0.23368998597817925,0.7633058939650555,-3.0017835085121436,265.1
,,0.015215403467340386,0.04969835184448903,0.00019559630908737985,0.06510935162091679,0.30615509172116734,0.23368998597817925,0.7633058939650555,-3.0017835085121436,265.2
,,0.015215403467340386,0.04969835184448903,0.00019559630908737985,0.06510935162091679,0.30615509172116734,0.23368998597817925,0.7633058939650555,-3.0017835085121436,265.3
,,0.015215403467340386,0.04969835184448903,0.00019559630908737985,0.06510935162091679,0.30615509172116734,0.23368998597817925,0.7633058939650555,-3.0017835085121436,265.4
,,0.015215403467340386,0.04969835184448903,0.00019559630908737985,0.06510935162091679,0.30615509172116734,0.23368998597817925,0.7633058939650555,-3.0017835085121436,265.5
,,0.015550624334820417,0.07383446326444466,0.00040065448558179473,0.08978574208484688,0.2106147136077157,0.1731970352277669,0.8223406250256485,-2.6059296744747815,265.6
,,0.015550624334820417,0.05477565369095278,0.00019495195195836713,0.05497060564291115,0.2106147136077157,,0.9964535236663614,-2.904509459460402,265.7
,,0.015550624334820417,0.07383446326444466,0.00040065448558179473,0.08978574208484688,0.2106147136077157,0.1731970352277669,0.8223406250256485,-2.6059296744747815,265.8
,,0.015394471143644246,0.07793122108091807,0.00041578032828550006,0.09374147255284782,0.19753920097902425,0.16422262979670432,0.8313419765940147,-2.551928622303985,265.9
,,0.015394471143644246,0.07793122108091807,0.00041578032828550006,0.09374147255284782,0.19753920097902425,0.16422262979670432,0.8313419765940147,-2.551928622303985,266.0
,,0.015394471143644246,0.07793122108091807,0.00041578032828550006,0.09374147255284782,0.19753920097902425,0.16422262979670432,0.8313419765940147,-2.551928622303985,266.1
,,0.015394471143644246,0.07793122108091807,0.00041578032828550006,0.09374147255284782,0.19753920097902425,0.16422262979670432,0.8313419765940147,-2.551928622303985,266.2
,,0.01851082028082408,0.08602432654731436,0.0004970907023288103,0.10503223753046725,0.21518122865679068,0.176239416735786,0.8190278391656736,-2.4531251558986713,266.3
,,0.01851082028082408,0.08602432654731436,0.0004970907023288103,0.10503223753046725,0.21518122865679068,0.176239416735786,0.8190278391656736,-2.4531251558986713,266.4
,,0.01851082028082408,0.08602432654731436,0.0004970907023288103,0.10503223753046725,0.21518122865679068,0.176239416735786,0.8190278391656736,-2.4531251558986713,266.5
,,0.01851082028082408,0.08602432654731436,0.0004970907023288103,0.10503223753046725,0.21518122865679068,0.176239416735786,0.8190278391656736,-2.4531251558986713,266.6
,,0.01851082028082408,0.08602432654731436,0.0004970907023288103,0.10503223753046725,0.21518122865679068,0.176239416735786,0.8190278391656736,-2.4531251558986713,266.7
,,0.01851082028082408,0.08602432654731436,0.0004970907023288103,0.10503223753046725,0.21518122865679068,0.176239416735786,0.8190278391656736,-2.4531251558986713,266.8
,,0.01851082028082408,0.08602432654731436,0.0004970907023288103,0.10503223753046725,0.21518122865679068,0.176239416735786,0.8190278391656736,-2.4531251558986713,266.9
,,0.023038180463807987,0.09779971397360819,0.0003962572853031947,0.12123415172271937,0.23556490635570745,0.19003045046662884,0.8067010209902797,-2.324833626550875,267.0
,,0.022980884180940138,0.10377433335173976,0.0006248512572889192,0.10439918460902868,0.23383817608171084,,0.9940147879542454,-2.265536609041122,267.1
,,0.022923587898072292,0.10377433335173976,0.0006248512572889192,0.10439918460902868,0.2321114458077142,,0.9940147879542454,-2.265536609041122,267.2
,,0.022866291615204443,0.10377433335173976,0.0006248512572889192,0.10439918460902868,0.2303847155337176,,0.9940147879542454,-2.265536609041122,267.3
,,0.022808995332336594,0.10377433335173976,0.0006248512572889192,0.10439918460902868,0.22865798525972097,,0.9940147879542454,-2.265536609041122,267.4
,,0.02275169904946875,0.10377433335173976,0.0006248512572889192,0.10439918460902868,0.22693125498572433,,0.9940147879542454,-2.265536609041122,267.5
,,0.0226944027666009,0.10377433335173976,0.0006248512572889192,0.10439918460902868,0.22520452471172772,,0.9940147879542454,-2.265536609041122,267.6
,,0.022637106483733054,0.10377433335173976,0.0006248512572889192,0.10439918460902868,0.22347779443773108,,0.9940147879542454,-2.265536609041122,267.7
,,0.022579810200865205,0.10182503649314141,0.0006193205064135739,0.1250241672004202,0.22175106416373447,0.18060356414667098,0.8144428295203968,-2.2844992670569426,267.8
,,0.022579810200865205,0.10182503649314141,0.0006193205064135739,0.1250241672004202,0.22175106416373447,0.18060356414667098,0.8144428295203968,-2.2844992670569426,267.9
,,0.022579810200865205,0.10182503649314141,0.0006193205064135739,0.1250241672004202,0.22175106416373447,0.18060356414667098,0.8144428295203968,-2.2844992670569426,268.0
,,0.022579810200865205,0.10182503649314141,0.0006193205064135739,0.1250241672004202,0.22175106416373447,0.18060356414667098,0.8144428295203968,-2.2844992670569426,268.1
,,0.022579810200865205,0.10182503649314141,0.0006193205064135739,0.1250241672004202,0.22175106416373447,0.18060356414667098,0.8144428295203968,-2.2844992670569426,268.2
,,0.019689929845237857,0.10164996981865407,0.0005954048575091494,0.12193530452140108,0.19370325323622972,0.1614784981472043,0.8336385447810425,-2.286220035822198,268.3
,,0.019689929845237857,0.10164996981865407,0.0005954048575091494,0.12193530452140108,0.19370325323622972,0.1614784981472043,0.8336385447810425,-2.286220035822198,268.4
,,0.019689929845237857,0.10164996981865407,0.0005954048575091494,0.12193530452140108,0.19370325323622972,0.1614784981472043,0.8336385447810425,-2.286220035822198,268.5
,,0.019689929845237857,0.10164996981865407,0.0005954048575091494,0.12193530452140108,0.19370325323622972,0.1614784981472043,0.8336385447810425,-2.286220035822198,268.6
,,0.019689929845237857,0.10164996981865407,0.0005954048575091494,0.12193530452140108,0.19370325323622972,0.1614784981472043,0.8336385447810425,-2.286220035822198,268.7
,,0.019689929845237857,0.10164996981865407,0.0005954048575091494,0.12193530452140108,0.19370325323622972,0.1614784981472043,0.8336385447810425,-2.286220035822198,268.8
,,0.018540742039342802,0.06717986411072699,0.0001726536046060268,0.08589325975467582,0.2759865963524969,0.2158579391712222,0.7821319659144719,-2.70038171756385,268.9
,,0.018540742039342802,0.06717986411072699,0.0001726536046060268,0.08589325975467582,0.2759865963524969,0.2158579391712222,0.7821319659144719,-2.70038171756385,269.0
,,0.018540742039342802,0.06717986411072699,0.0001726536046060268,0.08589325975467582,0.2759865963524969,0.2158579391712222,0.7821319659144719,-2.70038171756385,269.1
,,0.017004508526673245,0.09590775093102427,0.0005225355946978891,0.11343479505239541,0.17730067029621713,0.1499055780796261,0.8454879376890009,-2.3443684773032327,269.2
,,0.017004508526673245,0.09590775093102427,0.0005225355946978891,0.11343479505239541,0.17730067029621713,0.1499055780796261,0.8454879376890009,-2.3443684773032327,269.3
,,0.017004508526673245,0.09590775093102427,0.0005225355946978891,0.11343479505239541,0.17730067029621713,0.1499055780796261,0.8454879376890009,-2.3443684773032327,269.4
,,0.017004508526673245,0.09590775093102427,0.0005225355946978891,0.11343479505239541,0.17730067029621713,0.1499055780796261,0.8454879376890009,-2.3443684773032327,269.5
,,0.017004508526673245,0.09590775093102427,0.0005225355946978891,0.11343479505239541,0.17730067029621713,0.1499055780796261,0.8454879376890009,-2.3443684773032327,269.6
,,0.017004508526673245,0.09590775093102427,0.0005225355946978891,0.11343479505239541,0.17730067029621713,0.1499055780796261,0.8454879376890009,-2.3443684773032327,269.7
,,0.016730344146785987,0.09138242639858075,0.00047267086214259637,0.10858544140750935,0.18308054191747555,0.15407538920433012,0.8415716252018762,-2.3927020903588585,269.8
,,0.016730344146785987,0.09138242639858075,0.00047267086214259637,0.10858544140750935,0.18308054191747555,0.15407538920433012,0.8415716252018762,-2.3927020903588585,269.9
,,0.016730344146785987,0.09138242639858075,0.00047267086214259637,0.10858544140750935,0.18308054191747555,0.15407538920433012,0.8415716252018762,-2.3927020903588585,270.0
,,0.015018708909059148,0.07797875969495865,0.00018812627887709768,0.0931855948828949,0.19259999733017183,0.16116985600545833,0.8368113096552479,-2.5513188009791765,270.1
,,0.015018708909059148,0.07797875969495865,0.00018812627887709768,0.0931855948828949,0.19259999733017183,0.16116985600545833,0.8368113096552479,-2.5513188009791765,270.2
,,0.015018708909059148,0.07797875969495865,0.00018812627887709768,0.0931855948828949,0.19259999733017183,0.16116985600545833,0.8368113096552479,-2.5513188009791765,270.3
,,0.015018708909059148,0.07797875969495865,0.00018812627887709768,0.0931855948828949,0.19259999733017183,0.16116985600545833,0.8368113096552479,-2.5513188009791765,270.4
,,0.015018708909059148,0.07797875969495865,0.00018812627887709768,0.0931855948828949,0.19259999733017183,0.16116985600545833,0.8368113096552479,-2.5513188009791765,270.5
,,0.015018708909059148,0.07797875969495865,0.00018812627887709768,0.0931855948828949,0.19259999733017183,0.16116985600545833,0.8368113096552479,-2.5513188009791765,270.6
,,0.015018708909059148,0.07797875969495865,0.00018812627887709768,0.0931855948828949,0.19259999733017183,0.16116985600545833,0.8368113096552479,-2.5513188009791765,270.7
,,0.014875587715612535,0.08897369487137766,0.0004139036157186144,0.1042631862027088,0.16719085047684054,0.14267344263478934,0.8533567610181674,-2.419414516180369,270.8
,,0.014875587715612535,0.08897369487137766,0.0004139036157186144,0.1042631862027088,0.16719085047684054,0.14267344263478934,0.8533567610181674,-2.419414516180369,270.9
,,0.014875587715612535,0.08897369487137766,0.0004139036157186144,0.1042631862027088,0.16719085047684054,0.14267344263478934,0.8533567610181674,-2.419414516180369,271.0
,,0.014875587715612535,0.08897369487137766,0.0004139036157186144,0.1042631862027088,0.16719085047684054,0.14267344263478934,0.8533567610181674,-2.419414516180369,271.1
,,0.014661882029933055,0.08016174677099051,0.00019070339758445925,0.08035245016857498,0.1647538302577084,,0.9976266635655244,-2.523708850827733,271.2
,,0.014448176344253575,0.08016174677099051,0.00019070339758445925,0.08035245016857498,0.1623168100385763,,0.9976266635655244,-2.523708850827733,271.3
,,0.014234470658574097,0.08016174677099051,0.00019070339758445925,0.08035245016857498,0.15987978981944417,,0.9976266635655244,-2.523708850827733,271.4
,,0.014020764972894617,0.08016174677099051,0.00019070339758445925,0.08035245016857498,0.15744276960031203,,0.9976266635655244,-2.523708850827733,271.5
,,0.013807059287215137,0.08016174677099051,0.00019070339758445925,0.08035245016857498,0.1550057493811799,,0.9976266635655244,-2.523708850827733,271.6
,,0.013593353601535657,0.08909659060670128,0.0003658922749502411,0.10305583648318717,0.15256872916204778,0.13190280206743377,0.8645467704416406,-2.4180342100332104,271.7
,,0.013593353601535657,0.08909659060670128,0.0003658922749502411,0.10305583648318717,0.15256872916204778,0.13190280206743377,0.8645467704416406,-2.4180342100332104,271.8
,,0.013593353601535657,0.08909659060670128,0.0003658922749502411,0.10305583648318717,0.15256872916204778,0.13190280206743377,0.8645467704416406,-2.4180342100332104,271.9
,,0.013593353601535657,0.08909659060670128,0.0003658922749502411,0.10305583648318717,0.15256872916204778,0.13190280206743377,0.8645467704416406,-2.4180342100332104,272.0
,,0.013593353601535657,0.08909659060670128,0.0003658922749502411,0.10305583648318717,0.15256872916204778,0.13190280206743377,0.8645467704416406,-2.4180342100332104,272.1
,,0.013593353601535657,0.08909659060670128,0.0003658922749502411,0.10305583648318717,0.15256872916204778,0.13190280206743377,0.8645467704416406,-2.4180342100332104,272.2
,,0.013593353601535657,0.08909659060670128,0.0003658922749502411,0.10305583648318717,0.15256872916204778,0.13190280206743377,0.8645467704416406,-2.4180342100332104,272.3
,,0.013593353601535657,0.08909659060670128,0.0003658922749502411,0.10305583648318717,0.15256872916204778,0.13190280206743377,0.8645467704416406,-2.4180342100332104,272.4
,,0.014213738581888685,0.08593027727356947,0.00023891965150766084,0.10038293550696581,0.16541013287595385,0.14159516764582322,0.8560247500194549,-2.454219040924524,272.5
,,0.014213738581888685,0.08593027727356947,0.00023891965150766084,0.10038293550696581,0.16541013287595385,0.14159516764582322,0.8560247500194549,-2.454219040924524,272.6
,,0.01225399298339579,0.08409670610720374,0.00020520983063872009,0.09655590892123825,0.14571311470600048,0.12691085527858798,0.8709638493051977,-2.4757878791530907,272.7
,,0.01225399298339579,0.08409670610720374,0.00020520983063872009,0.09655590892123825,0.14571311470600048,0.12691085527858798,0.8709638493051977,-2.4757878791530907,272.8
,,0.01225399298339579,0.08409670610720374,0.00020520983063872009,0.09655590892123825,0.14571311470600048,0.12691085527858798,0.8709638493051977,-2.4757878791530907,272.9
,,0.01225399298339579,0.08409670610720374,0.00020520983063872009,0.09655590892123825,0.14571311470600048,0.12691085527858798,0.8709638493051977,-2.4757878791530907,273.0
,,0.01225399298339579,0.08409670610720374,0.00020520983063872009,0.09655590892123825,0.14571311470600048,0.12691085527858798,0.8709638493051977,-2.4757878791530907,273.1
,,0.01225399298339579,0.08409670610720374,0.00020520983063872009,0.09655590892123825,0.14571311470600048,0.12691085527858798,0.8709638493051977,-2.4757878791530907,273.2
,,0.01225399298339579,0.08409670610720374,0.00020520983063872009,0.09655590892123825,0.14571311470600048,0.12691085527858798,0.8709638493051977,-2.4757878791530907,273.3
,,0.01378688612933679,0.08334425879091378,0.00021777185202233808,0.0973489167722729,0.16542094595770573,0.1416234159193397,0.856139560195415,-2.484775552890609,273.4
,,0.01378688612933679,0.08334425879091378,0.00021777185202233808,0.0973489167722729,0.16542094595770573,0.1416234159193397,0.856139560195415,-2.484775552890609,273.5
,,0.01378688612933679,0.08334425879091378,0.00021777185202233808,0.0973489167722729,0.16542094595770573,0.1416234159193397,0.856139560195415,-2.484775552890609,273.6
,,0.01378688612933679,0.08334425879091378,0.00021777185202233808,0.0973489167722729,0.16542094595770573,0.1416234159193397,0.856139560195415,-2.484775552890609,273.7
,,0.01378688612933679,0.08334425879091378,0.00021777185202233808,0.0973489167722729,0.16542094595770573,0.1416234159193397,0.856139560195415,-2.484775552890609,273.8
,,0.013706325552004323,0.09907065433017981,0.0003145999678732118,0.11309157985005734,0.13834899592289235,0.121196693601565,0.8760214903844548,-2.3119220032932617,273.9
,,0.013706325552004323,0.09907065433017981,0.0003145999678732118,0.11309157985005734,0.13834899592289235,0.121196693601565,0.8760214903844548,-2.3119220032932617,274.0
,,0.013706325552004323,0.09907065433017981,0.0003145999678732118,0.11309157985005734,0.13834899592289235,0.121196693601565,0.8760214903844548,-2.3119220032932617,274.1
,,0.013706325552004323,0.09907065433017981,0.0003145999678732118,0.11309157985005734,0.13834899592289235,0.121196693601565,0.8760214903844548,-2.3119220032932617,274.2
,,0.015646438872536392,0.10014075154436283,0.00031309627909354153,0.11610028669599276,0.1562444722177359,0.13476658256242216,0.8625366430539506,-2.3011785671717835,274.3
,,0.015646438872536392,0.10014075154436283,0.00031309627909354153,0.11610028669599276,0.1562444722177359,0.13476658256242216,0.8625366430539506,-2.3011785671717835,274.4
,,0.015646438872536392,0.10014075154436283,0.00031309627909354153,0.11610028669599276,0.1562444722177359,0.13476658256242216,0.8625366430539506,-2.3011785671717835,274.5
,,0.015646438872536392,0.10014075154436283,0.00031309627909354153,0.11610028669599276,0.1562444722177359,0.13476658256242216,0.8625366430539506,-2.3011785671717835,274.6
,,0.015646438872536392,0.10014075154436283,0.00031309627909354153,0.11610028669599276,0.1562444722177359,0.13476658256242216,0.8625366430539506,-2.3011785671717835,274.7
,,0.015646438872536392,0.10014075154436283,0.00031309627909354153,0.11610028669599276,0.1562444722177359,0.13476658256242216,0.8625366430539506,-2.3011785671717835,274.8
,,0.015010511959754894,0.10157245893673769,0.0003069696011442066,0.11688994049763679,0.14778131903948374,0.12841577210023788,0.8689580857369948,-2.286982854042112,274.9
,,0.015010511959754894,0.10157245893673769,0.0003069696011442066,0.11688994049763679,0.14778131903948374,0.12841577210023788,0.8689580857369948,-2.286982854042112,275.0
,,0.015010511959754894,0.10157245893673769,0.0003069696011442066,0.11688994049763679,0.14778131903948374,0.12841577210023788,0.8689580857369948,-2.286982854042112,275.1
,,0.015010511959754894,0.10157245893673769,0.0003069696011442066,0.11688994049763679,0.14778131903948374,0.12841577210023788,0.8689580857369948,-2.286982854042112,275.2
,,0.01712125682938557,0.10162466314451793,0.00031097000048894595,0.11905688997439244,0.1684754103936153,0.1438073582559407,0.8535806971471878,-2.2864690258107463,275.3
,,0.01712125682938557,0.10162466314451793,0.00031097000048894595,0.11905688997439244,0.1684754103936153,0.1438073582559407,0.8535806971471878,-2.2864690258107463,275.4
,,0.01712125682938557,0.10162466314451793,0.00031097000048894595,0.11905688997439244,0.1684754103936153,0.1438073582559407,0.8535806971471878,-2.2864690258107463,275.5
,,0.01712125682938557,0.10162466314451793,0.00031097000048894595,0.11905688997439244,0.1684754103936153,0.1438073582559407,0.8535806971471878,-2.2864690258107463,275.6
,,0.01712125682938557,0.10162466314451793,0.00031097000048894595,0.11905688997439244,0.1684754103936153,0.1438073582559407,0.8535806971471878,-2.2864690258107463,275.7
,,0.01712125682938557,0.10162466314451793,0.00031097000048894595,0.11905688997439244,0.1684754103936153,0.1438073582559407,0.8535806971471878,-2.2864690258107463,275.8
,,0.016883820162593523,0.0951091835690263,0.00028335289361717413,0.11227635662523701,0.17752039844122883,0.15037734274678494,0.8470989478798964,-2.3527297465954855,275.9
,,0.016883820162593523,0.0951091835690263,0.00028335289361717413,0.11227635662523701,0.17752039844122883,0.15037734274678494,0.8470989478798964,-2.3527297465954855,276.0
,,0.016883820162593523,0.0951091835690263,0.00028335289361717413,0.11227635662523701,0.17752039844122883,0.15037734274678494,0.8470989478798964,-2.3527297465954855,276.1
,,0.019015617362223472,0.10357196375050488,0.00035577607053111787,0.12294335718325948,0.18359811549031074,0.15466974221208857,0.8424364367740538,-2.267488605949872,276.2
,,0.019015617362223472,0.10357196375050488,0.00035577607053111787,0.12294335718325948,0.18359811549031074,0.15466974221208857,0.8424364367740538,-2.267488605949872,276.3
,,0.019015617362223472,0.10357196375050488,0.00035577607053111787,0.12294335718325948,0.18359811549031074,0.15466974221208857,0.8424364367740538,-2.267488605949872,276.4
,,0.019015617362223472,0.10357196375050488,0.00035577607053111787,0.12294335718325948,0.18359811549031074,0.15466974221208857,0.8424364367740538,-2.267488605949872,276.5
,,0.019015617362223472,0.10357196375050488,0.00035577607053111787,0.12294335718325948,0.18359811549031074,0.15466974221208857,0.8424364367740538,-2.267488605949872,276.6
,,0.019015617362223472,0.10357196375050488,0.00035577607053111787,0.12294335718325948,0.18359811549031074,0.15466974221208857,0.8424364367740538,-2.267488605949872,276.7
,,0.018456752765355876,0.10671119748104446,0.00042729243057703823,0.1255952426769774,0.17295985052210122,0.14695423466655833,0.849643626673811,-2.2376291825907026,276.8
,,0.018456752765355876,0.10671119748104446,0.00042729243057703823,0.1255952426769774,0.17295985052210122,0.14695423466655833,0.849643626673811,-2.2376291825907026,276.9
,,0.020719554314907122,0.10564770587666376,0.0004638670716888742,0.12683112726325976,0.19611930181518317,0.16336332225369354,0.8329793179033552,-2.2476452495272112,277.0
,,0.020719554314907122,0.10564770587666376,0.0004638670716888742,0.12683112726325976,0.19611930181518317,0.16336332225369354,0.8329793179033552,-2.2476452495272112,277.1
,,0.020719554314907122,0.10564770587666376,0.0004638670716888742,0.12683112726325976,0.19611930181518317,0.16336332225369354,0.8329793179033552,-2.2476452495272112,277.2
,,0.020719554314907122,0.10564770587666376,0.0004638670716888742,0.12683112726325976,0.19611930181518317,0.16336332225369354,0.8329793179033552,-2.2476452495272112,277.3
,,0.020719554314907122,0.10564770587666376,0.0004638670716888742,0.12683112726325976,0.19611930181518317,0.16336332225369354,0.8329793179033552,-2.2476452495272112,277.4
,,0.020719554314907122,0.10564770587666376,0.0004638670716888742,0.12683112726325976,0.19611930181518317,0.16336332225369354,0.8329793179033552,-2.2476452495272112,277.5
,,0.020719554314907122,0.10564770587666376,0.0004638670716888742,0.12683112726325976,0.19611930181518317,0.16336332225369354,0.8329793179033552,-2.2476452495272112,277.6
,,0.01895540688936592,0.10467625061717685,0.0005606707309692384,0.12419232823751201,0.18108603219549624,0.1526294510971289,0.8428560129494346,-2.2568830195277925,277.7
,,0.01895540688936592,0.10467625061717685,0.0005606707309692384,0.12419232823751201,0.18108603219549624,0.1526294510971289,0.8428560129494346,-2.2568830195277925,277.8
,,0.01895540688936592,0.10467625061717685,0.0005606707309692384,0.12419232823751201,0.18108603219549624,0.1526294510971289,0.8428560129494346,-2.2568830195277925,277.9
,,0.0211389893502357,0.1069389706697415,0.0006220006569297146,0.12869996067690692,0.19767339462728714,0.16425016168655862,0.830916886899484,-2.235496974814201,278.0
,,0.0211389893502357,0.1069389706697415,0.0006220006569297146,0.12869996067690692,0.19767339462728714,0.16425016168655862,0.830916886899484,-2.235496974814201,278.1
,,0.0211389893502357,0.1069389706697415,0.0006220006569297146,0.12869996067690692,0.19767339462728714,0.16425016168655862,0.830916886899484,-2.235496974814201,278.2
,,0.0211389893502357,0.1069389706697415,0.0006220006569297146,0.12869996067690692,0.19767339462728714,0.16425016168655862,0.830916886899484,-2.235496974814201,278.3
,,0.0211389893502357,0.1069389706697415,0.0006220006569297146,0.12869996067690692,0.19767339462728714,0.16425016168655862,0.830916886899484,-2.235496974814201,278.4
,,0.0211389893502357,0.1069389706697415,0.0006220006569297146,0.12869996067690692,0.19767339462728714,0.16425016168655862,0.830916886899484,-2.235496974814201,278.5
,,0.02194141241538724,0.08921277222115265,0.0005272018019731929,0.11168138643851308,0.2459447438870738,0.19646436272947979,0.7988150493660761,-2.416731063310566,278.6
,,0.02194141241538724,0.08921277222115265,0.0005272018019731929,0.11168138643851308,0.2459447438870738,0.19646436272947979,0.7988150493660761,-2.416731063310566,278.7
,,0.02194141241538724,0.08921277222115265,0.0005272018019731929,0.11168138643851308,0.2459447438870738,0.19646436272947979,0.7988150493660761,-2.416731063310566,278.8
,,0.02194141241538724,0.08921277222115265,0.0005272018019731929,0.11168138643851308,0.2459447438870738,0.19646436272947979,0.7988150493660761,-2.416731063310566,278.9
,,0.020050693691963117,0.10751131671188566,0.0007916490357706251,0.12835365943961938,0.1864984478396446,0.15621442956517684,0.8376178535249441,-2.230159165216629,279.0
,,0.020050693691963117,0.10751131671188566,0.0007916490357706251,0.12835365943961938,0.1864984478396446,0.15621442956517684,0.8376178535249441,-2.230159165216629,279.1
,,0.020050693691963117,0.10751131671188566,0.0007916490357706251,0.12835365943961938,0.1864984478396446,0.15621442956517684,0.8376178535249441,-2.230159165216629,279.2
,,0.020050693691963117,0.10751131671188566,0.0007916490357706251,0.12835365943961938,0.1864984478396446,0.15621442956517684,0.8376178535249441,-2.230159165216629,279.3
,,0.019822095753651063,0.1110070713860443,0.00095823266442417,0.11196530405046848,0.18436478498892397,,0.9914416999752687,-2.198161373518376,279.4
,,0.01959349781533901,0.1110070713860443,0.00095823266442417,0.11196530405046848,0.1822311221382034,,0.9914416999752687,-2.198161373518376,279.5
,,0.019364899877026956,0.1110070713860443,0.00095823266442417,0.11196530405046848,0.18009745928748278,,0.9914416999752687,-2.198161373518376,279.6
,,0.019136301938714902,0.1110070713860443,0.00095823266442417,0.11196530405046848,0.1779637964367622,,0.9914416999752687,-2.198161373518376,279.7
,,0.01890770400040285,0.1110070713860443,0.00095823266442417,0.11196530405046848,0.17583013358604158,,0.9914416999752687,-2.198161373518376,279.8
,,0.018679106062090795,0.1110070713860443,0.00095823266442417,0.11196530405046848,0.17369647073532096,,0.9914416999752687,-2.198161373518376,279.9
,,0.01845050812377874,0.1110070713860443,0.00095823266442417,0.11196530405046848,0.17156280788460038,,0.9914416999752687,-2.198161373518376,280.0
,,0.018221910185466688,0.10754885283652325,0.0009281297054706363,0.12669889272746057,0.16942914503387976,0.14382059537539504,0.8488539285648645,-2.229810089652357,280.1
,,0.018221910185466688,0.10754885283652325,0.0009281297054706363,0.12669889272746057,0.16942914503387976,0.14382059537539504,0.8488539285648645,-2.229810089652357,280.2
,,0.018221910185466688,0.10754885283652325,0.0009281297054706363,0.12669889272746057,0.16942914503387976,0.14382059537539504,0.8488539285648645,-2.229810089652357,280.3
,,0.01707769471013652,0.11258852855201928,0.001115277965873489,0.13078150122802928,0.15168236879697838,0.13058188313926775,0.8608903208391153,-2.18401544633484,280.4
,,0.01707769471013652,0.11258852855201928,0.001115277965873489,0.13078150122802928,0.15168236879697838,0.13058188313926775,0.8608903208391153,-2.18401544633484,280.5
,,0.01707769471013652,0.11258852855201928,0.001115277965873489,0.13078150122802928,0.15168236879697838,0.13058188313926775,0.8608903208391153,-2.18401544633484,280.6
,,0.01707769471013652,0.11258852855201928,0.001115277965873489,0.13078150122802928,0.15168236879697838,0.13058188313926775,0.8608903208391153,-2.18401544633484,280.7
,,0.01707769471013652,0.11258852855201928,0.001115277965873489,0.13078150122802928,0.15168236879697838,0.13058188313926775,0.8608903208391153,-2.18401544633484,280.8
,,0.01707769471013652,0.11258852855201928,0.001115277965873489,0.13078150122802928,0.15168236879697838,0.13058188313926775,0.8608903208391153,-2.18401544633484,280.9
,,0.016287979407733254,0.10841994176288779,0.0010429244389267072,0.12575084560954775,0.15023047552778376,0.129525804210549,0.8621806178506994,-2.221743242293718,281.0
,,0.016287979407733254,0.10841994176288779,0.0010429244389267072,0.12575084560954775,0.15023047552778376,0.129525804210549,0.8621806178506994,-2.221743242293718,281.1
,,0.016287979407733254,0.10841994176288779,0.0010429244389267072,0.12575084560954775,0.15023047552778376,0.129525804210549,0.8621806178506994,-2.221743242293718,281.2
,,0.016287979407733254,0.10841994176288779,0.0010429244389267072,0.12575084560954775,0.15023047552778376,0.129525804210549,0.8621806178506994,-2.221743242293718,281.3
,,0.016287979407733254,0.10841994176288779,0.0010429244389267072,0.12575084560954775,0.15023047552778376,0.129525804210549,0.8621806178506994,-2.221743242293718,281.4
,,0.015490084364616612,0.1139066840435397,0.0012561170645847275,0.13065288547274104,0.13598924852114633,0.11855906824077306,0.8718267769700715,-2.172375726813232,281.5
,,0.015490084364616612,0.1139066840435397,0.0012561170645847275,0.13065288547274104,0.13598924852114633,0.11855906824077306,0.8718267769700715,-2.172375726813232,281.6
,,0.015490084364616612,0.1139066840435397,0.0012561170645847275,0.13065288547274104,0.13598924852114633,0.11855906824077306,0.8718267769700715,-2.172375726813232,281.7
,,0.015490084364616612,0.1139066840435397,0.0012561170645847275,0.13065288547274104,0.13598924852114633,0.11855906824077306,0.8718267769700715,-2.172375726813232,281.8
,,0.015490084364616612,0.1139066840435397,0.0012561170645847275,0.13065288547274104,0.13598924852114633,0.11855906824077306,0.8718267769700715,-2.172375726813232,281.9
,,0.014966333309647218,0.11026562845360285,0.0011565504267528354,0.1263885121900029,0.1357298146261842,0.11841529780133789,0.8724339462738343,-2.204863020020222,282.0
,,0.014966333309647218,0.11026562845360285,0.0011565504267528354,0.1263885121900029,0.1357298146261842,0.11841529780133789,0.8724339462738343,-2.204863020020222,282.1
,,0.014966333309647218,0.11026562845360285,0.0011565504267528354,0.1263885121900029,0.1357298146261842,0.11841529780133789,0.8724339462738343,-2.204863020020222,282.2
,,0.014966333309647218,0.11026562845360285,0.0011565504267528354,0.1263885121900029,0.1357298146261842,0.11841529780133789,0.8724339462738343,-2.204863020020222,282.3
,,0.014966333309647218,0.11026562845360285,0.0011565504267528354,0.1263885121900029,0.1357298146261842,0.11841529780133789,0.8724339462738343,-2.204863020020222,282.4
,,0.014966333309647218,0.11026562845360285,0.0011565504267528354,0.1263885121900029,0.1357298146261842,0.11841529780133789,0.8724339462738343,-2.204863020020222,282.5
,,0.014911892583056774,0.11475905707585615,0.0013414945932940067,0.13101244425220693,0.1299408775483399,0.11382042880102651,0.875940127145006,-2.1649205043905626,282.6
,,0.014911892583056774,0.11475905707585615,0.0013414945932940067,0.13101244425220693,0.1299408775483399,0.11382042880102651,0.875940127145006,-2.1649205043905626,282.7
,,0.014911892583056774,0.11475905707585615,0.0013414945932940067,0.13101244425220693,0.1299408775483399,0.11382042880102651,0.875940127145006,-2.1649205043905626,282.8
,,0.014911892583056774,0.11475905707585615,0.0013414945932940067,0.13101244425220693,0.1299408775483399,0.11382042880102651,0.875940127145006,-2.1649205043905626,282.9
,,0.014739578571675151,0.1101517513281881,0.0009144730757673312,0.12580580297563057,0.1338115680772046,0.11716135681380538,0.8755697171578423,-2.205896306375949,283.0
,,0.014739578571675151,0.1101517513281881,0.0009144730757673312,0.12580580297563057,0.1338115680772046,0.11716135681380538,0.8755697171578423,-2.205896306375949,283.1
,,0.014739578571675151,0.1101517513281881,0.0009144730757673312,0.12580580297563057,0.1338115680772046,0.11716135681380538,0.8755697171578423,-2.205896306375949,283.2
,,0.014739578571675151,0.1101517513281881,0.0009144730757673312,0.12580580297563057,0.1338115680772046,0.11716135681380538,0.8755697171578423,-2.205896306375949,283.3
,,0.014739578571675151,0.1101517513281881,0.0009144730757673312,0.12580580297563057,0.1338115680772046,0.11716135681380538,0.8755697171578423,-2.205896306375949,283.4
,,0.014739578571675151,0.1101517513281881,0.0009144730757673312,0.12580580297563057,0.1338115680772046,0.11716135681380538,0.8755697171578423,-2.205896306375949,283.5
,,0.015327249575571788,0.11418778652817416,0.001385264657756343,0.1309003007615023,0.13422844983329293,0.11709101878610444,0.872326387822607,-2.169910935569125,283.6
,,0.015327249575571788,0.11418778652817416,0.001385264657756343,0.1309003007615023,0.13422844983329293,0.11709101878610444,0.872326387822607,-2.169910935569125,283.7
,,0.015327249575571788,0.11418778652817416,0.001385264657756343,0.1309003007615023,0.13422844983329293,0.11709101878610444,0.872326387822607,-2.169910935569125,283.8
,,0.015327249575571788,0.11418778652817416,0.001385264657756343,0.1309003007615023,0.13422844983329293,0.11709101878610444,0.872326387822607,-2.169910935569125,283.9
,,0.015327249575571788,0.11418778652817416,0.001385264657756343,0.1309003007615023,0.13422844983329293,0.11709101878610444,0.872326387822607,-2.169910935569125,284.0
,,0.015531433710722905,0.11211291911088343,0.000986418300787514,0.11309933741167094,0.1358290093792377,,0.9912783016827319,-2.188248709238539,284.1
,,0.01573561784587402,0.11211291911088343,0.000986418300787514,0.11309933741167094,0.13742956892518246,,0.9912783016827319,-2.188248709238539,284.2
,,0.01593980198102514,0.11211291911088343,0.000986418300787514,0.11309933741167094,0.13903012847112725,,0.9912783016827319,-2.188248709238539,284.3
,,0.016143986116176255,0.11211291911088343,0.000986418300787514,0.11309933741167094,0.14063068801707201,,0.9912783016827319,-2.188248709238539,284.4
,,0.01634817025132737,0.11211291911088343,0.000986418300787514,0.11309933741167094,0.14223124756301678,,0.9912783016827319,-2.188248709238539,284.5
,,0.01655235438647849,0.09376850993185497,0.00043826305951640443,0.09420677299137137,0.14383180710896154,,0.9953478603968683,-2.3669261943470654,284.6
,,0.016756538521629605,0.09376850993185497,0.00043826305951640443,0.09420677299137137,0.14543236665490633,,0.9953478603968683,-2.3669261943470654,284.7
,,0.016960722656780725,0.09376850993185497,0.00043826305951640443,0.09420677299137137,0.1470329262008511,,0.9953478603968683,-2.3669261943470654,284.8
,,0.01716490679193184,0.09376850993185497,0.00043826305951640443,0.09420677299137137,0.14863348574679586,,0.9953478603968683,-2.3669261943470654,284.9
,,0.017369090927082956,0.09376850993185497,0.00043826305951640443,0.09420677299137137,0.15023404529274062,,0.9953478603968683,-2.3669261943470654,285.0
,,0.017573275062234075,0.09376850993185497,0.00043826305951640443,0.09420677299137137,0.15183460483868538,,0.9953478603968683,-2.3669261943470654,285.1
,,0.01777745919738519,0.09376850993185497,0.00043826305951640443,0.09420677299137137,0.15343516438463017,,0.9953478603968683,-2.3669261943470654,285.2
,,0.01798164333253631,0.09376850993185497,0.00043826305951640443,0.09420677299137137,0.15503572393057494,,0.9953478603968683,-2.3669261943470654,285.3
,,0.018185827467687425,0.11610226611648086,0.0010991060871581456,0.13538719967132645,0.1566362834765197,0.13432457065244247,0.8575571870777831,-2.153283871808305,285.4
,,0.018185827467687425,0.11610226611648086,0.0010991060871581456,0.13538719967132645,0.1566362834765197,0.13432457065244247,0.8575571870777831,-2.153283871808305,285.5
,,0.018185827467687425,0.11610226611648086,0.0010991060871581456,0.13538719967132645,0.1566362834765197,0.13432457065244247,0.8575571870777831,-2.153283871808305,285.6
,,0.018185827467687425,0.11610226611648086,0.0010991060871581456,0.13538719967132645,0.1566362834765197,0.13432457065244247,0.8575571870777831,-2.153283871808305,285.7
,,0.00946387619346274,0.09152332412652789,0.00039065859156248823,0.10137785891155311,0.10340398235950492,0.09335249624594535,0.9027940134973378,-2.391161430697666,285.8
,,0.00946387619346274,0.09152332412652789,0.00039065859156248823,0.10137785891155311,0.10340398235950492,0.09335249624594535,0.9027940134973378,-2.391161430697666,285.9
,,0.00946387619346274,0.09152332412652789,0.00039065859156248823,0.10137785891155311,0.10340398235950492,0.09335249624594535,0.9027940134973378,-2.391161430697666,286.0
,,0.00946387619346274,0.09152332412652789,0.00039065859156248823,0.10137785891155311,0.10340398235950492,0.09335249624594535,0.9027940134973378,-2.391161430697666,286.1
,,0.00946387619346274,0.09152332412652789,0.00039065859156248823,0.10137785891155311,0.10340398235950492,0.09335249624594535,0.9027940134973378,-2.391161430697666,286.2
,,0.00946387619346274,0.09152332412652789,0.00039065859156248823,0.10137785891155311,0.10340398235950492,0.09335249624594535,0.9027940134973378,-2.391161430697666,286.3
,,0.00946387619346274,0.09152332412652789,0.00039065859156248823,0.10137785891155311,0.10340398235950492,0.09335249624594535,0.9027940134973378,-2.391161430697666,286.4
,,0.008964652911288326,0.08851848593579001,0.00036745865071912467,0.09785059749779745,0.10127435886997832,0.09161571968418603,0.9046289772301339,-2.424543868150379,286.5
,,0.008964652911288326,0.08851848593579001,0.00036745865071912467,0.09785059749779745,0.10127435886997832,0.09161571968418603,0.9046289772301339,-2.424543868150379,286.6
,,0.008964652911288326,0.08851848593579001,0.00036745865071912467,0.09785059749779745,0.10127435886997832,0.09161571968418603,0.9046289772301339,-2.424543868150379,286.7
,,0.023007557764521486,0.12450941358740612,0.0017118200101522564,0.14922879136207984,0.1847856889019085,0.15417639957089327,0.8343524895628479,-2.083373954791929,286.8
,,0.023007557764521486,0.12450941358740612,0.0017118200101522564,0.14922879136207984,0.1847856889019085,0.15417639957089327,0.8343524895628479,-2.083373954791929,286.9
,,0.023007557764521486,0.12450941358740612,0.0017118200101522564,0.14922879136207984,0.1847856889019085,0.15417639957089327,0.8343524895628479,-2.083373954791929,287.0
,,0.023007557764521486,0.12450941358740612,0.0017118200101522564,0.14922879136207984,0.1847856889019085,0.15417639957089327,0.8343524895628479,-2.083373954791929,287.1
,,0.023007557764521486,0.12450941358740612,0.0017118200101522564,0.14922879136207984,0.1847856889019085,0.15417639957089327,0.8343524895628479,-2.083373954791929,287.2
,,0.023007557764521486,0.12450941358740612,0.0017118200101522564,0.14922879136207984,0.1847856889019085,0.15417639957089327,0.8343524895628479,-2.083373954791929,287.3
,,0.023007557764521486,0.12450941358740612,0.0017118200101522564,0.14922879136207984,0.1847856889019085,0.15417639957089327,0.8343524895628479,-2.083373954791929,287.4
,,0.023927298666685356,0.1211051553004486,0.0016740051992809462,0.14670645916641492,0.19757456738587514,0.16309642262951543,0.8254930013890817,-2.1110960587226812,287.5
,,0.023927298666685356,0.1211051553004486,0.0016740051992809462,0.14670645916641492,0.19757456738587514,0.16309642262951543,0.8254930013890817,-2.1110960587226812,287.6
,,0.02375557510740263,0.11713543141271307,0.0016419843567927468,0.14253299087690846,0.20280435066399868,0.16666720428197535,0.821812765536305,-2.144424480167685,287.7
,,0.02375557510740263,0.11713543141271307,0.0016419843567927468,0.14253299087690846,0.20280435066399868,0.16666720428197535,0.821812765536305,-2.144424480167685,287.8
,,0.02375557510740263,0.11713543141271307,0.0016419843567927468,0.14253299087690846,0.20280435066399868,0.16666720428197535,0.821812765536305,-2.144424480167685,287.9
,,0.02375557510740263,0.11713543141271307,0.0016419843567927468,0.14253299087690846,0.20280435066399868,0.16666720428197535,0.821812765536305,-2.144424480167685,288.0
,,0.02375557510740263,0.11713543141271307,0.0016419843567927468,0.14253299087690846,0.20280435066399868,0.16666720428197535,0.821812765536305,-2.144424480167685,288.1
,,0.02375557510740263,0.11713543141271307,0.0016419843567927468,0.14253299087690846,0.20280435066399868,0.16666720428197535,0.821812765536305,-2.144424480167685,288.2
,,0.02375557510740263,0.11713543141271307,0.0016419843567927468,0.14253299087690846,0.20280435066399868,0.16666720428197535,0.821812765536305,-2.144424480167685,288.3
,,0.0076966828894556106,0.08529068722780199,0.00040397349737257093,0.09339134361463018,0.09024060116784641,0.08241323651167483,0.9132611645437427,-2.4616900071410552,288.4
,,0.0076966828894556106,0.08529068722780199,0.00040397349737257093,0.09339134361463018,0.09024060116784641,0.08241323651167483,0.9132611645437427,-2.4616900071410552,288.5
,,0.0076966828894556106,0.08529068722780199,0.00040397349737257093,0.09339134361463018,0.09024060116784641,0.08241323651167483,0.9132611645437427,-2.4616900071410552,288.6
,,0.023140075582595374,0.10814880882468413,0.0015573037419835286,0.13284618814926305,0.21396514519273957,0.17418697446249415,0.8140904178836543,-2.2242471407474316,288.7
,,0.023140075582595374,0.10814880882468413,0.0015573037419835286,0.13284618814926305,0.21396514519273957,0.17418697446249415,0.8140904178836543,-2.2242471407474316,288.8
,,0.023140075582595374,0.10814880882468413,0.0015573037419835286,0.13284618814926305,0.21396514519273957,0.17418697446249415,0.8140904178836543,-2.2242471407474316,288.9
,,0.023140075582595374,0.10814880882468413,0.0015573037419835286,0.13284618814926305,0.21396514519273957,0.17418697446249415,0.8140904178836543,-2.2242471407474316,289.0
,,0.023140075582595374,0.10814880882468413,0.0015573037419835286,0.13284618814926305,0.21396514519273957,0.17418697446249415,0.8140904178836543,-2.2242471407474316,289.1
,,0.023140075582595374,0.10814880882468413,0.0015573037419835286,0.13284618814926305,0.21396514519273957,0.17418697446249415,0.8140904178836543,-2.2242471407474316,289.2
,,0.023611352354253098,0.10725596326398279,0.0011819759294025877,0.13204929154763848,0.22014022937018304,0.17880711117435263,0.8122418682215257,-2.232537121190741,289.3
,,0.023611352354253098,0.10725596326398279,0.0011819759294025877,0.13204929154763848,0.22014022937018304,0.17880711117435263,0.8122418682215257,-2.232537121190741,289.4
,,0.023611352354253098,0.10725596326398279,0.0011819759294025877,0.13204929154763848,0.22014022937018304,0.17880711117435263,0.8122418682215257,-2.232537121190741,289.5
,,0.023611352354253098,0.10725596326398279,0.0011819759294025877,0.13204929154763848,0.22014022937018304,0.17880711117435263,0.8122418682215257,-2.232537121190741,289.6
,,0.023611352354253098,0.10725596326398279,0.0011819759294025877,0.13204929154763848,0.22014022937018304,0.17880711117435263,0.8122418682215257,-2.232537121190741,289.7
,,0.02318188541291894,0.07834622251685533,0.0005752556338787849,0.07892147815073411,0.21678922173724005,,0.9927110382704682,-2.5466175242733984,289.8
,,0.02275241847158478,0.07834622251685533,0.0005752556338787849,0.07892147815073411,0.21343821410429706,,0.9927110382704682,-2.5466175242733984,289.9
,,0.022322951530250625,0.07834622251685533,0.0005752556338787849,0.07892147815073411,0.21008720647135407,,0.9927110382704682,-2.5466175242733984,290.0
,,0.021893484588916465,0.07834622251685533,0.0005752556338787849,0.07892147815073411,0.20673619883841107,,0.9927110382704682,-2.5466175242733984,290.1
,,0.02146401764758231,0.07834622251685533,0.0005752556338787849,0.07892147815073411,0.20338519120546805,,0.9927110382704682,-2.5466175242733984,290.2
,,0.02103455070624815,0.07834622251685533,0.0005752556338787849,0.07892147815073411,0.20003418357252506,,0.9927110382704682,-2.5466175242733984,290.3
,,0.020605083764913993,0.08693662057929202,0.0005204619303210948,0.08745708250961312,0.19668317593958207,,0.9940489447465403,-2.4425759249005563,290.4
,,0.020175616823579837,0.08693662057929202,0.0005204619303210948,0.08745708250961312,0.19333216830663907,,0.9940489447465403,-2.4425759249005563,290.5
,,0.019746149882245677,0.08693662057929202,0.0005204619303210948,0.08745708250961312,0.18998116067369608,,0.9940489447465403,-2.4425759249005563,290.6
,,0.01931668294091152,0.10350247602644078,0.001545459280223117,0.12436461824757541,0.1866301530407531,0.15532297861806135,0.8322501808383803,-2.2681597436020824,290.7
,,0.019141171689371794,0.08693662057929202,0.0005204619303210948,0.08745708250961312,0.18520228569238964,,0.9940489447465403,-2.4425759249005563,290.8
,,0.018965660437832065,0.10320076433232561,0.001551130205680589,0.12371755497583828,0.1837744183440262,0.1532980541163783,0.8341642732309126,-2.2710790196411166,290.9
,,0.018965660437832065,0.10320076433232561,0.001551130205680589,0.12371755497583828,0.1837744183440262,0.1532980541163783,0.8341642732309126,-2.2710790196411166,291.0
,,0.018965660437832065,0.10320076433232561,0.001551130205680589,0.12371755497583828,0.1837744183440262,0.1532980541163783,0.8341642732309126,-2.2710790196411166,291.1
,,0.018965660437832065,0.10320076433232561,0.001551130205680589,0.12371755497583828,0.1837744183440262,0.1532980541163783,0.8341642732309126,-2.2710790196411166,291.2
,,0.018965660437832065,0.10320076433232561,0.001551130205680589,0.12371755497583828,0.1837744183440262,0.1532980541163783,0.8341642732309126,-2.2710790196411166,291.3
,,0.018965660437832065,0.10320076433232561,0.001551130205680589,0.12371755497583828,0.1837744183440262,0.1532980541163783,0.8341642732309126,-2.2710790196411166,291.4
,,0.018965660437832065,0.10320076433232561,0.001551130205680589,0.12371755497583828,0.1837744183440262,0.1532980541163783,0.8341642732309126,-2.2710790196411166,291.5
,,0.0190556756478536,0.10879482232210613,0.0012090038369058681,0.1290595018068656,0.17515241296535175,0.1476503115312653,0.8429818866410544,-2.218291534643915,291.6
,,0.0190556756478536,0.10879482232210613,0.0012090038369058681,0.1290595018068656,0.17515241296535175,0.1476503115312653,0.8429818866410544,-2.218291534643915,291.7
,,0.0190556756478536,0.10879482232210613,0.0012090038369058681,0.1290595018068656,0.17515241296535175,0.1476503115312653,0.8429818866410544,-2.218291534643915,291.8
,,0.017259482187734532,0.11062878149029827,0.0016094898025975361,0.12949775348063033,0.15601258510876867,0.13328016682788343,0.8542911248792097,-2.2015749932751194,291.9
,,0.017259482187734532,0.11062878149029827,0.0016094898025975361,0.12949775348063033,0.15601258510876867,0.13328016682788343,0.8542911248792097,-2.2015749932751194,292.0
,,0.017259482187734532,0.11062878149029827,0.0016094898025975361,0.12949775348063033,0.15601258510876867,0.13328016682788343,0.8542911248792097,-2.2015749932751194,292.1
,,0.017259482187734532,0.11062878149029827,0.0016094898025975361,0.12949775348063033,0.15601258510876867,0.13328016682788343,0.8542911248792097,-2.2015749932751194,292.2
,,0.017259482187734532,0.11062878149029827,0.0016094898025975361,0.12949775348063033,0.15601258510876867,0.13328016682788343,0.8542911248792097,-2.2015749932751194,292.3
,,0.017259482187734532,0.11062878149029827,0.0016094898025975361,0.12949775348063033,0.15601258510876867,0.13328016682788343,0.8542911248792097,-2.2015749932751194,292.4
,,0.017259482187734532,0.11062878149029827,0.0016094898025975361,0.12949775348063033,0.15601258510876867,0.13328016682788343,0.8542911248792097,-2.2015749932751194,292.5
,,0.017259482187734532,0.11062878149029827,0.0016094898025975361,0.12949775348063033,0.15601258510876867,0.13328016682788343,0.8542911248792097,-2.2015749932751194,292.6
,,0.017259482187734532,0.11062878149029827,0.0016094898025975361,0.12949775348063033,0.15601258510876867,0.13328016682788343,0.8542911248792097,-2.2015749932751194,292.7
,,0.017259482187734532,0.11062878149029827,0.0016094898025975361,0.12949775348063033,0.15601258510876867,0.13328016682788343,0.8542911248792097,-2.2015749932751194,292.8
,,0.015990539539690152,0.11561444374989238,0.0016202714180271142,0.13322525470760965,0.13830918543605444,0.12002633866067432,0.8678117673982472,-2.157494384615628,292.9
,,0.008950722439534459,0.09555665102053909,0.0008069988785392634,0.10531437233861281,0.09366927727103555,0.08499051212835018,0.9073467267439991,-2.3480360029680836,293.0
,,0.015891533340657994,0.11639316250873469,0.001642711585690145,0.13392740743508283,0.13653322066461954,0.11865781354993318,0.8690765000073094,-2.150781486744034,293.1
,,0.015891533340657994,0.11639316250873469,0.001642711585690145,0.13392740743508283,0.13653322066461954,0.11865781354993318,0.8690765000073094,-2.150781486744034,293.2
,,0.015891533340657994,0.11639316250873469,0.001642711585690145,0.13392740743508283,0.13653322066461954,0.11865781354993318,0.8690765000073094,-2.150781486744034,293.3
,,0.015891533340657994,0.11639316250873469,0.001642711585690145,0.13392740743508283,0.13653322066461954,0.11865781354993318,0.8690765000073094,-2.150781486744034,293.4
,,0.015891533340657994,0.11639316250873469,0.001642711585690145,0.13392740743508283,0.13653322066461954,0.11865781354993318,0.8690765000073094,-2.150781486744034,293.5
,,0.015891533340657994,0.11639316250873469,0.001642711585690145,0.13392740743508283,0.13653322066461954,0.11865781354993318,0.8690765000073094,-2.150781486744034,293.6
,,0.015891533340657994,0.11639316250873469,0.001642711585690145,0.13392740743508283,0.13653322066461954,0.11865781354993318,0.8690765000073094,-2.150781486744034,293.7
,,0.015891533340657994,0.11639316250873469,0.001642711585690145,0.13392740743508283,0.13653322066461954,0.11865781354993318,0.8690765000073094,-2.150781486744034,293.8
,,0.015891533340657994,0.11639316250873469,0.001642711585690145,0.13392740743508283,0.13653322066461954,0.11865781354993318,0.8690765000073094,-2.150781486744034,293.9
,,0.015891533340657994,0.11639316250873469,0.001642711585690145,0.13392740743508283,0.13653322066461954,0.11865781354993318,0.8690765000073094,-2.150781486744034,294.0
,,0.015891533340657994,0.11639316250873469,0.001642711585690145,0.13392740743508283,0.13653322066461954,0.11865781354993318,0.8690765000073094,-2.150781486744034,294.1
,,0.016281842936894282,0.11572632550141343,0.0011643475473011883,0.1331725159856089,0.1406926459156903,0.12226128504363286,0.8689955629727626,-2.156527138240457,294.2
,,0.01606076881024112,0.12214188379030075,0.001717401281531264,0.13992005388207313,0.131492722331146,0.11478532465244327,0.8729405142542604,-2.1025719281007405,294.3
,,0.01606076881024112,0.12214188379030075,0.001717401281531264,0.13992005388207313,0.131492722331146,0.11478532465244327,0.8729405142542604,-2.1025719281007405,294.4
,,0.01606076881024112,0.12214188379030075,0.001717401281531264,0.13992005388207313,0.131492722331146,0.11478532465244327,0.8729405142542604,-2.1025719281007405,294.5
,,0.01606076881024112,0.12214188379030075,0.001717401281531264,0.13992005388207313,0.131492722331146,0.11478532465244327,0.8729405142542604,-2.1025719281007405,294.6
,,0.01606076881024112,0.12214188379030075,0.001717401281531264,0.13992005388207313,0.131492722331146,0.11478532465244327,0.8729405142542604,-2.1025719281007405,294.7
,,0.01606076881024112,0.12214188379030075,0.001717401281531264,0.13992005388207313,0.131492722331146,0.11478532465244327,0.8729405142542604,-2.1025719281007405,294.8
,,0.01606076881024112,0.12214188379030075,0.001717401281531264,0.13992005388207313,0.131492722331146,0.11478532465244327,0.8729405142542604,-2.1025719281007405,294.9
,,0.01606076881024112,0.12214188379030075,0.001717401281531264,0.13992005388207313,0.131492722331146,0.11478532465244327,0.8729405142542604,-2.1025719281007405,295.0
,,0.01606076881024112,0.12214188379030075,0.001717401281531264,0.13992005388207313,0.131492722331146,0.11478532465244327,0.8729405142542604,-2.1025719281007405,295.1
,,0.01606076881024112,0.12214188379030075,0.001717401281531264,0.13992005388207313,0.131492722331146,0.11478532465244327,0.8729405142542604,-2.1025719281007405,295.2
,,0.016409170066603616,0.12897014080339658,0.00194520117485518,0.1473245120448554,0.12723231877072946,0.11138112618766097,0.8754153603721389,-2.048174368053339,295.3
,,0.015000846633607526,0.11636412056624194,0.0016866415817641874,0.13305160878161365,0.12891298933564388,0.11274457160626597,0.8745788317166313,-2.1510310337593603,295.4
,,0.015000846633607526,0.11636412056624194,0.0016866415817641874,0.13305160878161365,0.12891298933564388,0.11274457160626597,0.8745788317166313,-2.1510310337593603,295.5
,,0.015000846633607526,0.11636412056624194,0.0016866415817641874,0.13305160878161365,0.12891298933564388,0.11274457160626597,0.8745788317166313,-2.1510310337593603,295.6
,,0.015000846633607526,0.11636412056624194,0.0016866415817641874,0.13305160878161365,0.12891298933564388,0.11274457160626597,0.8745788317166313,-2.1510310337593603,295.7
,,0.015000846633607526,0.11636412056624194,0.0016866415817641874,0.13305160878161365,0.12891298933564388,0.11274457160626597,0.8745788317166313,-2.1510310337593603,295.8
,,0.015000846633607526,0.11636412056624194,0.0016866415817641874,0.13305160878161365,0.12891298933564388,0.11274457160626597,0.8745788317166313,-2.1510310337593603,295.9
,,0.015000846633607526,0.11636412056624194,0.0016866415817641874,0.13305160878161365,0.12891298933564388,0.11274457160626597,0.8745788317166313,-2.1510310337593603,296.0
,,0.015000846633607526,0.11636412056624194,0.0016866415817641874,0.13305160878161365,0.12891298933564388,0.11274457160626597,0.8745788317166313,-2.1510310337593603,296.1
,,0.015000846633607526,0.11636412056624194,0.0016866415817641874,0.13305160878161365,0.12891298933564388,0.11274457160626597,0.8745788317166313,-2.1510310337593603,296.2
,,0.01833903539853497,0.1181200499783921,0.0012622405999130754,0.11938229057830517,0.14372732701373056,,0.989426902484459,-2.136053798991096,296.3
,,0.021677224163462412,0.1367288794753095,0.0020470247253197584,0.16045312836409167,0.15854166469181724,0.13510004064410394,0.852142185505113,-1.9897552958581186,296.4
,,0.021677224163462412,0.1367288794753095,0.0020470247253197584,0.16045312836409167,0.15854166469181724,0.13510004064410394,0.852142185505113,-1.9897552958581186,296.5
,,0.021677224163462412,0.1367288794753095,0.0020470247253197584,0.16045312836409167,0.15854166469181724,0.13510004064410394,0.852142185505113,-1.9897552958581186,296.6
,,0.021677224163462412,0.1367288794753095,0.0020470247253197584,0.16045312836409167,0.15854166469181724,0.13510004064410394,0.852142185505113,-1.9897552958581186,296.7
,,0.021677224163462412,0.1367288794753095,0.0020470247253197584,0.16045312836409167,0.15854166469181724,0.13510004064410394,0.852142185505113,-1.9897552958581186,296.8
,,0.021677224163462412,0.1367288794753095,0.0020470247253197584,0.16045312836409167,0.15854166469181724,0.13510004064410394,0.852142185505113,-1.9897552958581186,296.9
,,0.021677224163462412,0.1367288794753095,0.0020470247253197584,0.16045312836409167,0.15854166469181724,0.13510004064410394,0.852142185505113,-1.9897552958581186,297.0
,,0.021677224163462412,0.1367288794753095,0.0020470247253197584,0.16045312836409167,0.15854166469181724,0.13510004064410394,0.852142185505113,-1.9897552958581186,297.1
,,0.021677224163462412,0.1367288794753095,0.0020470247253197584,0.16045312836409167,0.15854166469181724,0.13510004064410394,0.852142185505113,-1.9897552958581186,297.2
,,0.025552618767662457,0.13636871796242464,0.0015163982270545381,0.16343773495714164,0.18737888827775948,0.15634467018502876,0.8343771895650944,-1.9923929003267504,297.3
,,0.025552618767662457,0.13636871796242464,0.0015163982270545381,0.16343773495714164,0.18737888827775948,0.15634467018502876,0.8343771895650944,-1.9923929003267504,297.4
,,0.025313329836864084,0.13108800528037753,0.0020899242379202407,0.15849125935516184,0.19310180044865796,0.15971435863311326,0.8270992723114367,-2.0318863853015126,297.5
,,0.025552618767662457,0.13636871796242464,0.0015163982270545381,0.16343773495714164,0.18737888827775948,0.15634467018502876,0.8343771895650944,-1.9923929003267504,297.6
,,0.02526869608884669,0.13046894486714936,0.002093227410018933,0.15783086836601498,0.19367594422240988,0.16009983566869665,0.8266376927267964,-2.0366200509055012,297.7
,,0.02526869608884669,0.13046894486714936,0.002093227410018933,0.15783086836601498,0.19367594422240988,0.16009983566869665,0.8266376927267964,-2.0366200509055012,297.8
,,0.02526869608884669,0.13046894486714936,0.002093227410018933,0.15783086836601498,0.19367594422240988,0.16009983566869665,0.8266376927267964,-2.0366200509055012,297.9
,,0.02526869608884669,0.13046894486714936,0.002093227410018933,0.15783086836601498,0.19367594422240988,0.16009983566869665,0.8266376927267964,-2.0366200509055012,298.0
,,0.02526869608884669,0.13046894486714936,0.002093227410018933,0.15783086836601498,0.19367594422240988,0.16009983566869665,0.8266376927267964,-2.0366200509055012,298.1
,,0.02526869608884669,0.13046894486714936,0.002093227410018933,0.15783086836601498,0.19367594422240988,0.16009983566869665,0.8266376927267964,-2.0366200509055012,298.2
,,0.02526869608884669,0.13046894486714936,0.002093227410018933,0.15783086836601498,0.19367594422240988,0.16009983566869665,0.8266376927267964,-2.0366200509055012,298.3
,,0.027380226303694567,0.11985176253852961,0.0014285616128826106,0.1486605504551068,0.22845076053756364,0.18417950303475417,0.8062109427929436,-2.121499612006044,298.4
,,0.027380226303694567,0.11985176253852961,0.0014285616128826106,0.1486605504551068,0.22845076053756364,0.18417950303475417,0.8062109427929436,-2.121499612006044,298.5
,,0.027380226303694567,0.11985176253852961,0.0014285616128826106,0.1486605504551068,0.22845076053756364,0.18417950303475417,0.8062109427929436,-2.121499612006044,298.6
,,0.027380226303694567,0.11985176253852961,0.0014285616128826106,0.1486605504551068,0.22845076053756364,0.18417950303475417,0.8062109427929436,-2.121499612006044,298.7
,,0.027212182939384127,0.110381829990729,0.0019048461675876627,0.1394988590977008,0.24652773868370986,0.1950710071422558,0.7912740699436179,-2.2038097421017886,298.8
,,0.027212182939384127,0.110381829990729,0.0019048461675876627,0.1394988590977008,0.24652773868370986,0.1950710071422558,0.7912740699436179,-2.2038097421017886,298.9
,,0.027212182939384127,0.110381829990729,0.0019048461675876627,0.1394988590977008,0.24652773868370986,0.1950710071422558,0.7912740699436179,-2.2038097421017886,299.0
,,0.027212182939384127,0.110381829990729,0.0019048461675876627,0.1394988590977008,0.24652773868370986,0.1950710071422558,0.7912740699436179,-2.2038097421017886,299.1
,,0.027212182939384127,0.110381829990729,0.0019048461675876627,0.1394988590977008,0.24652773868370986,0.1950710071422558,0.7912740699436179,-2.2038097421017886,299.2
,,0.027212182939384127,0.110381829990729,0.0019048461675876627,0.1394988590977008,0.24652773868370986,0.1950710071422558,0.7912740699436179,-2.2038097421017886,299.3
,,0.027212182939384127,0.110381829990729,0.0019048461675876627,0.1394988590977008,0.24652773868370986,0.1950710071422558,0.7912740699436179,-2.2038097421017886,299.4
,,0.027212182939384127,0.110381829990729,0.0019048461675876627,0.1394988590977008,0.24652773868370986,0.1950710071422558,0.7912740699436179,-2.2038097421017886,299.5
,,0.027095806902164562,0.10336840285770202,0.0012821289251415124,0.1317463386850081,0.26212852431767686,0.20566648889536004,0.7846017118156521,-2.2694559452543763,299.6
,,0.027095806902164562,0.10336840285770202,0.0012821289251415124,0.1317463386850081,0.26212852431767686,0.20566648889536004,0.7846017118156521,-2.2694559452543763,299.7
,,0.02643708154444398,0.09460966645379915,0.0016623371518801411,0.12270908515012327,0.27943319679024586,0.21544518494372805,0.7710078380753383,-2.357995625757686,299.8
,,0.02643708154444398,0.09460966645379915,0.0016623371518801411,0.12270908515012327,0.27943319679024586,0.21544518494372805,0.7710078380753383,-2.357995625757686,299.9
,,0.02643708154444398,0.09460966645379915,0.0016623371518801411,0.12270908515012327,0.27943319679024586,0.21544518494372805,0.7710078380753383,-2.357995625757686,300.0
,,0.02643708154444398,0.09460966645379915,0.0016623371518801411,0.12270908515012327,0.27943319679024586,0.21544518494372805,0.7710078380753383,-2.357995625757686,300.1
,,0.02643708154444398,0.09460966645379915,0.0016623371518801411,0.12270908515012327,0.27943319679024586,0.21544518494372805,0.7710078380753383,-2.357995625757686,300.2
,,0.02643708154444398,0.09460966645379915,0.0016623371518801411,0.12270908515012327,0.27943319679024586,0.21544518494372805,0.7710078380753383,-2.357995625757686,300.3
,,0.02643708154444398,0.09460966645379915,0.0016623371518801411,0.12270908515012327,0.27943319679024586,0.21544518494372805,0.7710078380753383,-2.357995625757686,300.4
,,0.02643708154444398,0.09460966645379915,0.0016623371518801411,0.12270908515012327,0.27943319679024586,0.21544518494372805,0.7710078380753383,-2.357995625757686,300.5
,,0.02643708154444398,0.09460966645379915,0.0016623371518801411,0.12270908515012327,0.27943319679024586,0.21544518494372805,0.7710078380753383,-2.357995625757686,300.6
,,0.02643708154444398,0.09460966645379915,0.0016623371518801411,0.12270908515012327,0.27943319679024586,0.21544518494372805,0.7710078380753383,-2.357995625757686,300.7
,,0.0261067853963358,0.10129422139007915,0.0017593866408873702,0.12916039342730232,0.2577322283351173,0.20212686492806292,0.7842514156407584,-2.2897259138750425,300.8
,,0.025768280933031237,0.09655596929930993,0.0016194351035006744,0.12394368533584184,0.26687403295753975,0.2079031365188849,0.7790309690863132,-2.3376324460290157,300.9
,,0.025768280933031237,0.09655596929930993,0.0016194351035006744,0.12394368533584184,0.26687403295753975,0.2079031365188849,0.7790309690863132,-2.3376324460290157,301.0
,,0.025768280933031237,0.09655596929930993,0.0016194351035006744,0.12394368533584184,0.26687403295753975,0.2079031365188849,0.7790309690863132,-2.3376324460290157,301.1
,,0.025768280933031237,0.09655596929930993,0.0016194351035006744,0.12394368533584184,0.26687403295753975,0.2079031365188849,0.7790309690863132,-2.3376324460290157,301.2
,,0.025768280933031237,0.09655596929930993,0.0016194351035006744,0.12394368533584184,0.26687403295753975,0.2079031365188849,0.7790309690863132,-2.3376324460290157,301.3
,,0.025768280933031237,0.09655596929930993,0.0016194351035006744,0.12394368533584184,0.26687403295753975,0.2079031365188849,0.7790309690863132,-2.3376324460290157,301.4
,,0.025768280933031237,0.09655596929930993,0.0016194351035006744,0.12394368533584184,0.26687403295753975,0.2079031365188849,0.7790309690863132,-2.3376324460290157,301.5
,,0.025768280933031237,0.09655596929930993,0.0016194351035006744,0.12394368533584184,0.26687403295753975,0.2079031365188849,0.7790309690863132,-2.3376324460290157,301.6
,,0.025768280933031237,0.09655596929930993,0.0016194351035006744,0.12394368533584184,0.26687403295753975,0.2079031365188849,0.7790309690863132,-2.3376324460290157,301.7
,,0.025768280933031237,0.09655596929930993,0.0016194351035006744,0.12394368533584184,0.26687403295753975,0.2079031365188849,0.7790309690863132,-2.3376324460290157,301.8
,,0.02564303446382717,0.101337287097681,0.001765995405054326,0.1287463169665625,0.2530463879411864,0.1991748973330793,0.7871082411157434,-2.2893008495938587,301.9
,,0.025699293083270777,0.09817056528472504,0.0016901426147810207,0.09986070789950606,0.2514211748123164,,0.9830749986623178,-2.3210488510715592,302.0
,,0.025755551702714385,0.09817056528472504,0.0016901426147810207,0.09986070789950606,0.24979596168344645,,0.9830749986623178,-2.3210488510715592,302.1
,,0.025811810322157992,0.09817056528472504,0.0016901426147810207,0.09986070789950606,0.2481707485545765,,0.9830749986623178,-2.3210488510715592,302.2
,,0.0258680689416016,0.09817056528472504,0.0016901426147810207,0.09986070789950606,0.24654553542570654,,0.9830749986623178,-2.3210488510715592,302.3
,,0.025924327561045207,0.09817056528472504,0.0016901426147810207,0.09986070789950606,0.24492032229683655,,0.9830749986623178,-2.3210488510715592,302.4
,,0.02598058618048881,0.09817056528472504,0.0016901426147810207,0.09986070789950606,0.2432951091679666,,0.9830749986623178,-2.3210488510715592,302.5
,,0.02603684479993242,0.09817056528472504,0.0016901426147810207,0.09986070789950606,0.2416698960390966,,0.9830749986623178,-2.3210488510715592,302.6
,,0.026093103419376026,0.09817056528472504,0.0016901426147810207,0.09986070789950606,0.24004468291022665,,0.9830749986623178,-2.3210488510715592,302.7
,,0.026149362038819634,0.09817056528472504,0.0016901426147810207,0.09986070789950606,0.2384194697813567,,0.9830749986623178,-2.3210488510715592,302.8
,,0.02620562065826324,0.09817056528472504,0.0016901426147810207,0.09986070789950606,0.2367942566524867,,0.9830749986623178,-2.3210488510715592,302.9
,,0.02626187927770685,0.11167234804469284,0.001420597696470949,0.13935482501887064,0.23516904352361676,0.18845331888688185,0.8013525762711897,-2.192186159107248,303.0
,,0.025504224378808154,0.13154593797477296,0.00208994517575967,0.15914010752934077,0.19388074441112116,0.16026270671022338,0.8266045563059566,-2.0283991501575023,303.1
,,0.025504224378808154,0.13154593797477296,0.00208994517575967,0.15914010752934077,0.19388074441112116,0.16026270671022338,0.8266045563059566,-2.0283991501575023,303.2
,,0.025504224378808154,0.13154593797477296,0.00208994517575967,0.15914010752934077,0.19388074441112116,0.16026270671022338,0.8266045563059566,-2.0283991501575023,303.3
,,0.025504224378808154,0.13154593797477296,0.00208994517575967,0.15914010752934077,0.19388074441112116,0.16026270671022338,0.8266045563059566,-2.0283991501575023,303.4
,,0.025504224378808154,0.13154593797477296,0.00208994517575967,0.15914010752934077,0.19388074441112116,0.16026270671022338,0.8266045563059566,-2.0283991501575023,303.5
,,0.025504224378808154,0.13154593797477296,0.00208994517575967,0.15914010752934077,0.19388074441112116,0.16026270671022338,0.8266045563059566,-2.0283991501575023,303.6
,,0.025504224378808154,0.13154593797477296,0.00208994517575967,0.15914010752934077,0.19388074441112116,0.16026270671022338,0.8266045563059566,-2.0283991501575023,303.7
,,0.025504224378808154,0.13154593797477296,0.00208994517575967,0.15914010752934077,0.19388074441112116,0.16026270671022338,0.8266045563059566,-2.0283991501575023,303.8
,,0.025504224378808154,0.13154593797477296,0.00208994517575967,0.15914010752934077,0.19388074441112116,0.16026270671022338,0.8266045563059566,-2.0283991501575023,303.9
,,0.025504224378808154,0.13154593797477296,0.00208994517575967,0.15914010752934077,0.19388074441112116,0.16026270671022338,0.8266045563059566,-2.0283991501575023,304.0
,,0.023705065926263875,0.13829972295913007,0.0015660438352025552,0.1635708327205965,0.171403567693835,0.1449223283392809,0.8455035696698244,-1.9783320435012106,304.1
,,0.02130270406345144,0.13728041925634665,0.0020701863243797547,0.16065330964417784,0.15517656617636377,0.13260046811754844,0.8545134834781897,-1.9857295892236442,304.2
,,0.02130270406345144,0.13728041925634665,0.0020701863243797547,0.16065330964417784,0.15517656617636377,0.13260046811754844,0.8545134834781897,-1.9857295892236442,304.3
,,0.02130270406345144,0.13728041925634665,0.0020701863243797547,0.16065330964417784,0.15517656617636377,0.13260046811754844,0.8545134834781897,-1.9857295892236442,304.4
,,0.02130270406345144,0.13728041925634665,0.0020701863243797547,0.16065330964417784,0.15517656617636377,0.13260046811754844,0.8545134834781897,-1.9857295892236442,304.5
,,0.02130270406345144,0.13728041925634665,0.0020701863243797547,0.16065330964417784,0.15517656617636377,0.13260046811754844,0.8545134834781897,-1.9857295892236442,304.6
,,0.02130270406345144,0.13728041925634665,0.0020701863243797547,0.16065330964417784,0.15517656617636377,0.13260046811754844,0.8545134834781897,-1.9857295892236442,304.7
,,0.02130270406345144,0.13728041925634665,0.0020701863243797547,0.16065330964417784,0.15517656617636377,0.13260046811754844,0.8545134834781897,-1.9857295892236442,304.8
,,0.02130270406345144,0.13728041925634665,0.0020701863243797547,0.16065330964417784,0.15517656617636377,0.13260046811754844,0.8545134834781897,-1.9857295892236442,304.9
,,0.02130270406345144,0.13728041925634665,0.0020701863243797547,0.16065330964417784,0.15517656617636377,0.13260046811754844,0.8545134834781897,-1.9857295892236442,305.0
,,0.02130270406345144,0.13728041925634665,0.0020701863243797547,0.16065330964417784,0.15517656617636377,0.13260046811754844,0.8545134834781897,-1.9857295892236442,305.1
,,0.01927053164077624,0.1370416180393092,0.0022105953342073524,0.1585227450142928,0.14061809774639888,0.12156319674529205,0.8644918306641307,-1.9874706179773851,305.2
,,0.01927053164077624,0.1370416180393092,0.0022105953342073524,0.1585227450142928,0.14061809774639888,0.12156319674529205,0.8644918306641307,-1.9874706179773851,305.3
,,0.01913761558752003,0.13138645817528605,0.0021035314458234394,0.13348998962110947,0.13890870781773113,,0.9842420285461556,-2.029612236269213,305.4
,,0.019004699534263817,0.13138645817528605,0.0021035314458234394,0.13348998962110947,0.13719931788906337,,0.9842420285461556,-2.029612236269213,305.5
,,0.018871783481007605,0.13138645817528605,0.0021035314458234394,0.13348998962110947,0.1354899279603956,,0.9842420285461556,-2.029612236269213,305.6
,,0.018738867427751393,0.13138645817528605,0.0021035314458234394,0.13348998962110947,0.13378053803172787,,0.9842420285461556,-2.029612236269213,305.7
,,0.01860595137449518,0.13138645817528605,0.0021035314458234394,0.13348998962110947,0.13207114810306012,,0.9842420285461556,-2.029612236269213,305.8
,,0.018473035321238965,0.13138645817528605,0.0021035314458234394,0.13348998962110947,0.13036175817439236,,0.9842420285461556,-2.029612236269213,305.9
,,0.018340119267982753,0.13138645817528605,0.0021035314458234394,0.13348998962110947,0.1286523682457246,,0.9842420285461556,-2.029612236269213,306.0
,,0.01820720321472654,0.13138645817528605,0.0021035314458234394,0.13348998962110947,0.12694297831705684,,0.9842420285461556,-2.029612236269213,306.1
,,0.018074287161470328,0.13138645817528605,0.0021035314458234394,0.13348998962110947,0.12523358838838908,,0.9842420285461556,-2.029612236269213,306.2
,,0.017941371108214116,0.1452458006765729,0.0022954816411332635,0.16548265342592028,0.12352419845972133,0.1084184398592915,0.8777101265275119,-1.9293277946727092,306.3
,,0.01884233360561982,0.13138645817528605,0.0021035314458234394,0.13348998962110947,0.13043424737471881,,0.9842420285461556,-2.029612236269213,306.4
,,0.01974329610302553,0.14375038961486028,0.0023925709869022276,0.16588625670478804,0.1373442962897163,0.11901706925704394,0.8665599698875546,-1.9396768889441047,306.5
,,0.01974329610302553,0.14375038961486028,0.0023925709869022276,0.16588625670478804,0.1373442962897163,0.11901706925704394,0.8665599698875546,-1.9396768889441047,306.6
,,0.01974329610302553,0.14375038961486028,0.0023925709869022276,0.16588625670478804,0.1373442962897163,0.11901706925704394,0.8665599698875546,-1.9396768889441047,306.7
,,0.01974329610302553,0.14375038961486028,0.0023925709869022276,0.16588625670478804,0.1373442962897163,0.11901706925704394,0.8665599698875546,-1.9396768889441047,306.8
,,0.01974329610302553,0.14375038961486028,0.0023925709869022276,0.16588625670478804,0.1373442962897163,0.11901706925704394,0.8665599698875546,-1.9396768889441047,306.9
,,0.01974329610302553,0.14375038961486028,0.0023925709869022276,0.16588625670478804,0.1373442962897163,0.11901706925704394,0.8665599698875546,-1.9396768889441047,307.0
,,0.01974329610302553,0.14375038961486028,0.0023925709869022276,0.16588625670478804,0.1373442962897163,0.11901706925704394,0.8665599698875546,-1.9396768889441047,307.1
,,0.01974329610302553,0.14375038961486028,0.0023925709869022276,0.16588625670478804,0.1373442962897163,0.11901706925704394,0.8665599698875546,-1.9396768889441047,307.2
,,0.01974329610302553,0.14375038961486028,0.0023925709869022276,0.16588625670478804,0.1373442962897163,0.11901706925704394,0.8665599698875546,-1.9396768889441047,307.3
,,0.0218828950139554,0.15981740359207608,0.0017287213714127871,0.18342901997744426,0.13692435568412886,0.1192989801539924,0.8712765494343717,-1.833723342993864,307.4
,,0.0218828950139554,0.15981740359207608,0.0017287213714127871,0.18342901997744426,0.13692435568412886,0.1192989801539924,0.8712765494343717,-1.833723342993864,307.5
,,0.0218828950139554,0.15981740359207608,0.0017287213714127871,0.18342901997744426,0.13692435568412886,0.1192989801539924,0.8712765494343717,-1.833723342993864,307.6
,,0.0218828950139554,0.15981740359207608,0.0017287213714127871,0.18342901997744426,0.13692435568412886,0.1192989801539924,0.8712765494343717,-1.833723342993864,307.7
,,0.02145541030270497,0.16091053038428274,0.0024945910044745032,0.18486053169146222,0.13333751527302573,0.1160626884840659,0.8704428625838168,-1.8269067803616243,307.8
,,0.02145541030270497,0.16091053038428274,0.0024945910044745032,0.18486053169146222,0.13333751527302573,0.1160626884840659,0.8704428625838168,-1.8269067803616243,307.9
,,0.02145541030270497,0.16091053038428274,0.0024945910044745032,0.18486053169146222,0.13333751527302573,0.1160626884840659,0.8704428625838168,-1.8269067803616243,308.0
,,0.02145541030270497,0.16091053038428274,0.0024945910044745032,0.18486053169146222,0.13333751527302573,0.1160626884840659,0.8704428625838168,-1.8269067803616243,308.1
,,0.02145541030270497,0.16091053038428274,0.0024945910044745032,0.18486053169146222,0.13333751527302573,0.1160626884840659,0.8704428625838168,-1.8269067803616243,308.2
,,0.02145541030270497,0.16091053038428274,0.0024945910044745032,0.18486053169146222,0.13333751527302573,0.1160626884840659,0.8704428625838168,-1.8269067803616243,308.3
,,0.024009086492578508,0.12694361319384617,0.0017583544336019666,0.15271105412002667,0.18913189792318275,0.15721904763821504,0.8312666946432836,-2.0640122817161926,308.4
,,0.024009086492578508,0.12694361319384617,0.0017583544336019666,0.15271105412002667,0.18913189792318275,0.15721904763821504,0.8312666946432836,-2.0640122817161926,308.5
,,0.024009086492578508,0.12694361319384617,0.0017583544336019666,0.15271105412002667,0.18913189792318275,0.15721904763821504,0.8312666946432836,-2.0640122817161926,308.6
,,0.024009086492578508,0.12694361319384617,0.0017583544336019666,0.15271105412002667,0.18913189792318275,0.15721904763821504,0.8312666946432836,-2.0640122817161926,308.7
,,0.024009086492578508,0.12694361319384617,0.0017583544336019666,0.15271105412002667,0.18913189792318275,0.15721904763821504,0.8312666946432836,-2.0640122817161926,308.8
,,0.024026939180525664,0.14858755158117118,0.0024749509197961707,0.175089441681493,0.1617022349776058,0.13722665941349743,0.8486379884143346,-1.9065809215320464,308.9
,,0.024026939180525664,0.14858755158117118,0.0024749509197961707,0.175089441681493,0.1617022349776058,0.13722665941349743,0.8486379884143346,-1.9065809215320464,309.0
,,0.024026939180525664,0.14858755158117118,0.0024749509197961707,0.175089441681493,0.1617022349776058,0.13722665941349743,0.8486379884143346,-1.9065809215320464,309.1
,,0.024026939180525664,0.14858755158117118,0.0024749509197961707,0.175089441681493,0.1617022349776058,0.13722665941349743,0.8486379884143346,-1.9065809215320464,309.2
,,0.024026939180525664,0.14858755158117118,0.0024749509197961707,0.175089441681493,0.1617022349776058,0.13722665941349743,0.8486379884143346,-1.9065809215320464,309.3
,,0.02615617069539485,0.12644485025926577,0.0016193430917219734,0.15422036404638262,0.20685833105708587,0.16960257393458258,0.8198972362770249,-2.0679490322054273,309.4
,,0.02615617069539485,0.12644485025926577,0.0016193430917219734,0.15422036404638262,0.20685833105708587,0.16960257393458258,0.8198972362770249,-2.0679490322054273,309.5
,,0.02615617069539485,0.12644485025926577,0.0016193430917219734,0.15422036404638262,0.20685833105708587,0.16960257393458258,0.8198972362770249,-2.0679490322054273,309.6
,,0.02615617069539485,0.12644485025926577,0.0016193430917219734,0.15422036404638262,0.20685833105708587,0.16960257393458258,0.8198972362770249,-2.0679490322054273,309.7
,,0.02615617069539485,0.12644485025926577,0.0016193430917219734,0.15422036404638262,0.20685833105708587,0.16960257393458258,0.8198972362770249,-2.0679490322054273,309.8
,,0.02552549239304278,0.1235775269404012,0.0022422754494298845,0.15134529478287387,0.2065544846625162,0.16865732383463056,0.816527049074704,-2.0908865713605054,309.9
,,0.02552549239304278,0.1235775269404012,0.0022422754494298845,0.15134529478287387,0.2065544846625162,0.16865732383463056,0.816527049074704,-2.0908865713605054,310.0
,,0.02552549239304278,0.1235775269404012,0.0022422754494298845,0.15134529478287387,0.2065544846625162,0.16865732383463056,0.816527049074704,-2.0908865713605054,310.1
,,0.02552549239304278,0.1235775269404012,0.0022422754494298845,0.15134529478287387,0.2065544846625162,0.16865732383463056,0.816527049074704,-2.0908865713605054,310.2
,,0.02552549239304278,0.1235775269404012,0.0022422754494298845,0.15134529478287387,0.2065544846625162,0.16865732383463056,0.816527049074704,-2.0908865713605054,310.3
,,0.02552549239304278,0.1235775269404012,0.0022422754494298845,0.15134529478287387,0.2065544846625162,0.16865732383463056,0.816527049074704,-2.0908865713605054,310.4
,,0.02552549239304278,0.1235775269404012,0.0022422754494298845,0.15134529478287387,0.2065544846625162,0.16865732383463056,0.816527049074704,-2.0908865713605054,310.5
,,0.02552549239304278,0.1235775269404012,0.0022422754494298845,0.15134529478287387,0.2065544846625162,0.16865732383463056,0.816527049074704,-2.0908865713605054,310.6
,,0.027625051210443095,0.10830939317812158,0.00152309638109811,0.13745754076966277,0.25505683671417095,0.200971522229794,0.7879479915882922,-2.2227633957896322,310.7
,,0.027625051210443095,0.10830939317812158,0.00152309638109811,0.13745754076966277,0.25505683671417095,0.200971522229794,0.7879479915882922,-2.2227633957896322,310.8
,,0.027625051210443095,0.10830939317812158,0.00152309638109811,0.13745754076966277,0.25505683671417095,0.200971522229794,0.7879479915882922,-2.2227633957896322,310.9
,,0.027560153711925647,0.08365783803176796,0.0020793870641183606,0.08573722509588633,0.25848036823774895,,0.9757469749949006,-2.4810201556189053,311.0
,,0.027495256213408203,0.08365783803176796,0.0020793870641183606,0.08573722509588633,0.2619038997613269,,0.9757469749949006,-2.4810201556189053,311.1
,,0.027430358714890756,0.08365783803176796,0.0020793870641183606,0.08573722509588633,0.2653274312849049,,0.9757469749949006,-2.4810201556189053,311.2
,,0.02736546121637331,0.08365783803176796,0.0020793870641183606,0.08573722509588633,0.2687509628084829,,0.9757469749949006,-2.4810201556189053,311.3
,,0.027300563717855865,0.08365783803176796,0.0020793870641183606,0.08573722509588633,0.27217449433206087,,0.9757469749949006,-2.4810201556189053,311.4
,,0.027235666219338418,0.08365783803176796,0.0020793870641183606,0.08573722509588633,0.2755980258556388,,0.9757469749949006,-2.4810201556189053,311.5
,,0.027170768720820974,0.08365783803176796,0.0020793870641183606,0.08573722509588633,0.2790215573792168,,0.9757469749949006,-2.4810201556189053,311.6
,,0.027105871222303526,0.08365783803176796,0.0020793870641183606,0.08573722509588633,0.2824450889027948,,0.9757469749949006,-2.4810201556189053,311.7
,,0.02704097372378608,0.08365783803176796,0.0020793870641183606,0.08573722509588633,0.2858686204263728,,0.9757469749949006,-2.4810201556189053,311.8
,,0.026976076225268635,0.08365783803176796,0.0020793870641183606,0.08573722509588633,0.2892921519499507,,0.9757469749949006,-2.4810201556189053,311.9
,,0.026911178726751188,0.09193623794737618,0.0019067165024674489,0.12075413317659482,0.2927156834735287,0.22285927627334623,0.7613506513514167,-2.386660008003607,312.0
,,0.027323841982379596,0.09228362652626461,0.0014080337591856466,0.12101550226782985,0.29608548136762947,0.22578794840603844,0.7625768996274853,-2.382888547291162,312.1
,,0.026868080406358765,0.07126682414161552,0.001925481230134721,0.10006038577810901,0.37700684336611867,0.2685186569832005,0.712238150866765,-2.6413243594039013,312.2
,,0.026868080406358765,0.07126682414161552,0.001925481230134721,0.10006038577810901,0.37700684336611867,0.2685186569832005,0.712238150866765,-2.6413243594039013,312.3
,,0.026868080406358765,0.07126682414161552,0.001925481230134721,0.10006038577810901,0.37700684336611867,0.2685186569832005,0.712238150866765,-2.6413243594039013,312.4
,,0.026868080406358765,0.07126682414161552,0.001925481230134721,0.10006038577810901,0.37700684336611867,0.2685186569832005,0.712238150866765,-2.6413243594039013,312.5
,,0.026868080406358765,0.07126682414161552,0.001925481230134721,0.10006038577810901,0.37700684336611867,0.2685186569832005,0.712238150866765,-2.6413243594039013,312.6
,,0.026868080406358765,0.07126682414161552,0.001925481230134721,0.10006038577810901,0.37700684336611867,0.2685186569832005,0.712238150866765,-2.6413243594039013,312.7
,,0.026868080406358765,0.07126682414161552,0.001925481230134721,0.10006038577810901,0.37700684336611867,0.2685186569832005,0.712238150866765,-2.6413243594039013,312.8
,,0.026868080406358765,0.07126682414161552,0.001925481230134721,0.10006038577810901,0.37700684336611867,0.2685186569832005,0.712238150866765,-2.6413243594039013,312.9
,,0.026868080406358765,0.07126682414161552,0.001925481230134721,0.10006038577810901,0.37700684336611867,0.2685186569832005,0.712238150866765,-2.6413243594039013,313.0
,,0.026868080406358765,0.07126682414161552,0.001925481230134721,0.10006038577810901,0.37700684336611867,0.2685186569832005,0.712238150866765,-2.6413243594039013,313.1
,,0.026277836178153133,0.08102766289297687,0.001289405700630246,0.10859490477176025,0.32430697418561216,0.2419803786686187,0.7461460835872279,-2.512964665416177,313.2
,,0.026277836178153133,0.08102766289297687,0.001289405700630246,0.10859490477176025,0.32430697418561216,0.2419803786686187,0.7461460835872279,-2.512964665416177,313.3
,,0.025789700992697548,0.061655347555695475,0.0017358649779034736,0.08918091352629649,0.4182881455562438,0.2891840862909867,0.6913513790987952,-2.7861953125707473,313.4
,,0.025789700992697548,0.061655347555695475,0.0017358649779034736,0.08918091352629649,0.4182881455562438,0.2891840862909867,0.6913513790987952,-2.7861953125707473,313.5
,,0.025789700992697548,0.061655347555695475,0.0017358649779034736,0.08918091352629649,0.4182881455562438,0.2891840862909867,0.6913513790987952,-2.7861953125707473,313.6
,,0.025789700992697548,0.061655347555695475,0.0017358649779034736,0.08918091352629649,0.4182881455562438,0.2891840862909867,0.6913513790987952,-2.7861953125707473,313.7
,,0.025789700992697548,0.061655347555695475,0.0017358649779034736,0.08918091352629649,0.4182881455562438,0.2891840862909867,0.6913513790987952,-2.7861953125707473,313.8
,,0.025789700992697548,0.061655347555695475,0.0017358649779034736,0.08918091352629649,0.4182881455562438,0.2891840862909867,0.6913513790987952,-2.7861953125707473,313.9
,,0.025789700992697548,0.061655347555695475,0.0017358649779034736,0.08918091352629649,0.4182881455562438,0.2891840862909867,0.6913513790987952,-2.7861953125707473,314.0
,,0.025789700992697548,0.061655347555695475,0.0017358649779034736,0.08918091352629649,0.4182881455562438,0.2891840862909867,0.6913513790987952,-2.7861953125707473,314.1
,,0.025789700992697548,0.061655347555695475,0.0017358649779034736,0.08918091352629649,0.4182881455562438,0.2891840862909867,0.6913513790987952,-2.7861953125707473,314.2
,,0.02555697286714138,0.08267091126886814,0.0016592997933258871,0.10988718392933541,0.30914105668949504,0.23257464568002917,0.7523253241436316,-2.4928874768090523,314.3
,,0.02555697286714138,0.08267091126886814,0.0016592997933258871,0.10988718392933541,0.30914105668949504,0.23257464568002917,0.7523253241436316,-2.4928874768090523,314.4
,,0.02555697286714138,0.08267091126886814,0.0016592997933258871,0.10988718392933541,0.30914105668949504,0.23257464568002917,0.7523253241436316,-2.4928874768090523,314.5
,,0.02555697286714138,0.08267091126886814,0.0016592997933258871,0.10988718392933541,0.30914105668949504,0.23257464568002917,0.7523253241436316,-2.4928874768090523,314.6
,,0.02555697286714138,0.08267091126886814,0.0016592997933258871,0.10988718392933541,0.30914105668949504,0.23257464568002917,0.7523253241436316,-2.4928874768090523,314.7
,,0.02555697286714138,0.08267091126886814,0.0016592997933258871,0.10988718392933541,0.30914105668949504,0.23257464568002917,0.7523253241436316,-2.4928874768090523,314.8
,,0.02555697286714138,0.08267091126886814,0.0016592997933258871,0.10988718392933541,0.30914105668949504,0.23257464568002917,0.7523253241436316,-2.4928874768090523,314.9
,,0.02555697286714138,0.08267091126886814,0.0016592997933258871,0.10988718392933541,0.30914105668949504,0.23257464568002917,0.7523253241436316,-2.4928874768090523,315.0
,,0.02555697286714138,0.08267091126886814,0.0016592997933258871,0.10988718392933541,0.30914105668949504,0.23257464568002917,0.7523253241436316,-2.4928874768090523,315.1
,,0.02555697286714138,0.08267091126886814,0.0016592997933258871,0.10988718392933541,0.30914105668949504,0.23257464568002917,0.7523253241436316,-2.4928874768090523,315.2
,,0.02555697286714138,0.08267091126886814,0.0016592997933258871,0.10988718392933541,0.30914105668949504,0.23257464568002917,0.7523253241436316,-2.4928874768090523,315.3
,,0.025364433827506718,0.09476355974732811,0.0016368225112520208,0.12176481608608686,0.26766020498952264,0.20830675594807488,0.7782507525025205,-2.356370334469231,315.4
,,0.025364433827506718,0.09476355974732811,0.0016368225112520208,0.12176481608608686,0.26766020498952264,0.20830675594807488,0.7782507525025205,-2.356370334469231,315.5
,,0.025364433827506718,0.09476355974732811,0.0016368225112520208,0.12176481608608686,0.26766020498952264,0.20830675594807488,0.7782507525025205,-2.356370334469231,315.6
,,0.025364433827506718,0.09476355974732811,0.0016368225112520208,0.12176481608608686,0.26766020498952264,0.20830675594807488,0.7782507525025205,-2.356370334469231,315.7
,,0.025364433827506718,0.09476355974732811,0.0016368225112520208,0.12176481608608686,0.26766020498952264,0.20830675594807488,0.7782507525025205,-2.356370334469231,315.8
,,0.025364433827506718,0.09476355974732811,0.0016368225112520208,0.12176481608608686,0.26766020498952264,0.20830675594807488,0.7782507525025205,-2.356370334469231,315.9
,,0.025364433827506718,0.09476355974732811,0.0016368225112520208,0.12176481608608686,0.26766020498952264,0.20830675594807488,0.7782507525025205,-2.356370334469231,316.0
,,0.025364433827506718,0.09476355974732811,0.0016368225112520208,0.12176481608608686,0.26766020498952264,0.20830675594807488,0.7782507525025205,-2.356370334469231,316.1
,,0.025364433827506718,0.09476355974732811,0.0016368225112520208,0.12176481608608686,0.26766020498952264,0.20830675594807488,0.7782507525025205,-2.356370334469231,316.2
,,0.025364433827506718,0.09476355974732811,0.0016368225112520208,0.12176481608608686,0.26766020498952264,0.20830675594807488,0.7782507525025205,-2.356370334469231,316.3
,,0.025364433827506718,0.09476355974732811,0.0016368225112520208,0.12176481608608686,0.26766020498952264,0.20830675594807488,0.7782507525025205,-2.356370334469231,316.4
,,0.025141093940318167,0.10119026490368976,0.0017974683296095582,0.12812882717361748,0.2484536824194185,0.1962173110837221,0.7897540868502188,-2.290752723359818,316.5
,,0.025141093940318167,0.10119026490368976,0.0017974683296095582,0.12812882717361748,0.2484536824194185,0.1962173110837221,0.7897540868502188,-2.290752723359818,316.6
,,0.021483803679112297,0.09902575989674431,0.0013982629578081828,0.12190782653366478,0.2169516669350863,0.1762298967177432,0.8123002658028556,-2.3123752617167352,316.7
,,0.021483803679112297,0.09902575989674431,0.0013982629578081828,0.12190782653366478,0.2169516669350863,0.1762298967177432,0.8123002658028556,-2.3123752617167352,316.8
,,0.021483803679112297,0.09902575989674431,0.0013982629578081828,0.12190782653366478,0.2169516669350863,0.1762298967177432,0.8123002658028556,-2.3123752617167352,316.9
,,0.021483803679112297,0.09902575989674431,0.0013982629578081828,0.12190782653366478,0.2169516669350863,0.1762298967177432,0.8123002658028556,-2.3123752617167352,317.0
,,0.021483803679112297,0.09902575989674431,0.0013982629578081828,0.12190782653366478,0.2169516669350863,0.1762298967177432,0.8123002658028556,-2.3123752617167352,317.1
,,0.021483803679112297,0.09902575989674431,0.0013982629578081828,0.12190782653366478,0.2169516669350863,0.1762298967177432,0.8123002658028556,-2.3123752617167352,317.2
,,0.021483803679112297,0.09902575989674431,0.0013982629578081828,0.12190782653366478,0.2169516669350863,0.1762298967177432,0.8123002658028556,-2.3123752617167352,317.3
,,0.021483803679112297,0.09902575989674431,0.0013982629578081828,0.12190782653366478,0.2169516669350863,0.1762298967177432,0.8123002658028556,-2.3123752617167352,317.4
,,0.021483803679112297,0.09902575989674431,0.0013982629578081828,0.12190782653366478,0.2169516669350863,0.1762298967177432,0.8123002658028556,-2.3123752617167352,317.5
,,0.021483803679112297,0.09902575989674431,0.0013982629578081828,0.12190782653366478,0.2169516669350863,0.1762298967177432,0.8123002658028556,-2.3123752617167352,317.6
,,0.021483803679112297,0.09902575989674431,0.0013982629578081828,0.12190782653366478,0.2169516669350863,0.1762298967177432,0.8123002658028556,-2.3123752617167352,317.7
,,0.01680925425196955,0.1002250741908855,0.0011322343800800661,0.11816656282293511,0.16771505920719176,0.14225051360051083,0.8481678048050381,-2.3003368802105326,317.8
,,0.01680925425196955,0.1002250741908855,0.0011322343800800661,0.11816656282293511,0.16771505920719176,0.14225051360051083,0.8481678048050381,-2.3003368802105326,317.9
,,0.01680925425196955,0.1002250741908855,0.0011322343800800661,0.11816656282293511,0.16771505920719176,0.14225051360051083,0.8481678048050381,-2.3003368802105326,318.0
,,0.01680925425196955,0.1002250741908855,0.0011322343800800661,0.11816656282293511,0.16771505920719176,0.14225051360051083,0.8481678048050381,-2.3003368802105326,318.1
,,0.01680925425196955,0.1002250741908855,0.0011322343800800661,0.11816656282293511,0.16771505920719176,0.14225051360051083,0.8481678048050381,-2.3003368802105326,318.2
,,0.01680925425196955,0.1002250741908855,0.0011322343800800661,0.11816656282293511,0.16771505920719176,0.14225051360051083,0.8481678048050381,-2.3003368802105326,318.3
,,0.01680925425196955,0.1002250741908855,0.0011322343800800661,0.11816656282293511,0.16771505920719176,0.14225051360051083,0.8481678048050381,-2.3003368802105326,318.4
,,0.01680925425196955,0.1002250741908855,0.0011322343800800661,0.11816656282293511,0.16771505920719176,0.14225051360051083,0.8481678048050381,-2.3003368802105326,318.5
,,0.01680925425196955,0.1002250741908855,0.0011322343800800661,0.11816656282293511,0.16771505920719176,0.14225051360051083,0.8481678048050381,-2.3003368802105326,318.6
,,0.01680925425196955,0.1002250741908855,0.0011322343800800661,0.11816656282293511,0.16771505920719176,0.14225051360051083,0.8481678048050381,-2.3003368802105326,318.7
,,0.01397341379175957,0.10773674341740311,0.0009323159095604547,0.12264247311872313,0.12969961174362352,0.11393617102154088,0.878461928218859,-2.2280645884961787,318.8
,,0.014710915880672163,0.10595267136134268,0.0006635119775206187,0.12132709921953547,0.13884421875973113,0.12125004203762821,0.8732811716665746,-2.2447627811704605,318.9
,,0.01375238982248416,0.10690858940401639,0.0009455555810988856,0.12160653480759943,0.12863690278909903,0.11308923360280425,0.8791352337533711,-2.2357811142817643,319.0
,,0.01375238982248416,0.10690858940401639,0.0009455555810988856,0.12160653480759943,0.12863690278909903,0.11308923360280425,0.8791352337533711,-2.2357811142817643,319.1
,,0.01375238982248416,0.10690858940401639,0.0009455555810988856,0.12160653480759943,0.12863690278909903,0.11308923360280425,0.8791352337533711,-2.2357811142817643,319.2
,,0.01375238982248416,0.10690858940401639,0.0009455555810988856,0.12160653480759943,0.12863690278909903,0.11308923360280425,0.8791352337533711,-2.2357811142817643,319.3
,,0.01375238982248416,0.10690858940401639,0.0009455555810988856,0.12160653480759943,0.12863690278909903,0.11308923360280425,0.8791352337533711,-2.2357811142817643,319.4
,,0.01375238982248416,0.10690858940401639,0.0009455555810988856,0.12160653480759943,0.12863690278909903,0.11308923360280425,0.8791352337533711,-2.2357811142817643,319.5
,,0.01375238982248416,0.10690858940401639,0.0009455555810988856,0.12160653480759943,0.12863690278909903,0.11308923360280425,0.8791352337533711,-2.2357811142817643,319.6
,,0.012059664794288164,0.1182332946847032,0.0005072557417635269,0.13080021522075488,0.10199888979198361,0.0921991204214363,0.9039227839584043,-2.1350955327551064,319.7
,,0.012059664794288164,0.1182332946847032,0.0005072557417635269,0.13080021522075488,0.10199888979198361,0.0921991204214363,0.9039227839584043,-2.1350955327551064,319.8
,,0.012059664794288164,0.1182332946847032,0.0005072557417635269,0.13080021522075488,0.10199888979198361,0.0921991204214363,0.9039227839584043,-2.1350955327551064,319.9
,,0.011519580922421852,0.1179910867193655,0.0008097972039322508,0.13032046484571963,0.09763094181699049,0.08839425899884068,0.9053918496918323,-2.137146193646044,320.0
,,0.011519580922421852,0.1179910867193655,0.0008097972039322508,0.13032046484571963,0.09763094181699049,0.08839425899884068,0.9053918496918323,-2.137146193646044,320.1
,,0.011519580922421852,0.1179910867193655,0.0008097972039322508,0.13032046484571963,0.09763094181699049,0.08839425899884068,0.9053918496918323,-2.137146193646044,320.2
,,0.011519580922421852,0.1179910867193655,0.0008097972039322508,0.13032046484571963,0.09763094181699049,0.08839425899884068,0.9053918496918323,-2.137146193646044,320.3
,,0.011519580922421852,0.1179910867193655,0.0008097972039322508,0.13032046484571963,0.09763094181699049,0.08839425899884068,0.9053918496918323,-2.137146193646044,320.4
,,0.011519580922421852,0.1179910867193655,0.0008097972039322508,0.13032046484571963,0.09763094181699049,0.08839425899884068,0.9053918496918323,-2.137146193646044,320.5
,,0.011519580922421852,0.1179910867193655,0.0008097972039322508,0.13032046484571963,0.09763094181699049,0.08839425899884068,0.9053918496918323,-2.137146193646044,320.6
,,0.009502877406702508,0.11082902470620445,0.0003934929290495623,0.12072539504195653,0.08574358054574233,0.07871481723791343,0.9180257779872021,-2.199766583141222,320.7
,,0.009502877406702508,0.11082902470620445,0.0003934929290495623,0.12072539504195653,0.08574358054574233,0.07871481723791343,0.9180257779872021,-2.199766583141222,320.8
,,0.009502877406702508,0.11082902470620445,0.0003934929290495623,0.12072539504195653,0.08574358054574233,0.07871481723791343,0.9180257779872021,-2.199766583141222,320.9
,,0.009502877406702508,0.11082902470620445,0.0003934929290495623,0.12072539504195653,0.08574358054574233,0.07871481723791343,0.9180257779872021,-2.199766583141222,321.0
,,0.010071939211308924,0.11615050591473265,0.0008500541330600457,0.12707249925910163,0.0867145530877226,0.07926136079823358,0.9140491183533034,-2.1528684640736753,321.1
,,0.010071939211308924,0.11615050591473265,0.0008500541330600457,0.12707249925910163,0.0867145530877226,0.07926136079823358,0.9140491183533034,-2.1528684640736753,321.2
,,0.010071939211308924,0.11615050591473265,0.0008500541330600457,0.12707249925910163,0.0867145530877226,0.07926136079823358,0.9140491183533034,-2.1528684640736753,321.3
,,0.010071939211308924,0.11615050591473265,0.0008500541330600457,0.12707249925910163,0.0867145530877226,0.07926136079823358,0.9140491183533034,-2.1528684640736753,321.4
,,0.010071939211308924,0.11615050591473265,0.0008500541330600457,0.12707249925910163,0.0867145530877226,0.07926136079823358,0.9140491183533034,-2.1528684640736753,321.5
,,0.010071939211308924,0.11615050591473265,0.0008500541330600457,0.12707249925910163,0.0867145530877226,0.07926136079823358,0.9140491183533034,-2.1528684640736753,321.6
,,0.010071939211308924,0.11615050591473265,0.0008500541330600457,0.12707249925910163,0.0867145530877226,0.07926136079823358,0.9140491183533034,-2.1528684640736753,321.7
,,0.010071939211308924,0.11615050591473265,0.0008500541330600457,0.12707249925910163,0.0867145530877226,0.07926136079823358,0.9140491183533034,-2.1528684640736753,321.8
,,0.010071939211308924,0.11615050591473265,0.0008500541330600457,0.12707249925910163,0.0867145530877226,0.07926136079823358,0.9140491183533034,-2.1528684640736753,321.9
,,0.010071939211308924,0.11615050591473265,0.0008500541330600457,0.12707249925910163,0.0867145530877226,0.07926136079823358,0.9140491183533034,-2.1528684640736753,322.0
,,0.010071939211308924,0.11615050591473265,0.0008500541330600457,0.12707249925910163,0.0867145530877226,0.07926136079823358,0.9140491183533034,-2.1528684640736753,322.1
,,0.009766582540414067,0.11752499709245373,0.0005799154425485327,0.11810491253500226,0.0891591135893669,,0.9950898279326301,-2.141104226811754,322.2
,,0.00946122586951921,0.10328434927314355,0.0007196003694619404,0.11346517551212469,0.0916036740910112,0.08338440254303577,0.9102735602088481,-2.2702694218553594,322.3
,,0.00946122586951921,0.10328434927314355,0.0007196003694619404,0.11346517551212469,0.0916036740910112,0.08338440254303577,0.9102735602088481,-2.2702694218553594,322.4
,,0.00946122586951921,0.10328434927314355,0.0007196003694619404,0.11346517551212469,0.0916036740910112,0.08338440254303577,0.9102735602088481,-2.2702694218553594,322.5
,,0.00946122586951921,0.10328434927314355,0.0007196003694619404,0.11346517551212469,0.0916036740910112,0.08338440254303577,0.9102735602088481,-2.2702694218553594,322.6
,,0.00946122586951921,0.10328434927314355,0.0007196003694619404,0.11346517551212469,0.0916036740910112,0.08338440254303577,0.9102735602088481,-2.2702694218553594,322.7
,,0.00946122586951921,0.10328434927314355,0.0007196003694619404,0.11346517551212469,0.0916036740910112,0.08338440254303577,0.9102735602088481,-2.2702694218553594,322.8
,,0.00946122586951921,0.10328434927314355,0.0007196003694619404,0.11346517551212469,0.0916036740910112,0.08338440254303577,0.9102735602088481,-2.2702694218553594,322.9
,,0.00946122586951921,0.10328434927314355,0.0007196003694619404,0.11346517551212469,0.0916036740910112,0.08338440254303577,0.9102735602088481,-2.2702694218553594,323.0
,,0.00946122586951921,0.10328434927314355,0.0007196003694619404,0.11346517551212469,0.0916036740910112,0.08338440254303577,0.9102735602088481,-2.2702694218553594,323.1
,,0.00946122586951921,0.10328434927314355,0.0007196003694619404,0.11346517551212469,0.0916036740910112,0.08338440254303577,0.9102735602088481,-2.2702694218553594,323.2
,,0.00946122586951921,0.10328434927314355,0.0007196003694619404,0.11346517551212469,0.0916036740910112,0.08338440254303577,0.9102735602088481,-2.2702694218553594,323.3
,,0.00946122586951921,0.10328434927314355,0.0007196003694619404,0.11346517551212469,0.0916036740910112,0.08338440254303577,0.9102735602088481,-2.2702694218553594,323.4
,,0.009745316891144239,0.11194395762213308,0.0011806160787203725,0.1228698905919977,0.08705531855537539,0.07931411710542317,0.9110772141390984,-2.18975691129189,323.5
,,0.009745316891144239,0.11194395762213308,0.0011806160787203725,0.1228698905919977,0.08705531855537539,0.07931411710542317,0.9110772141390984,-2.18975691129189,323.6
,,0.009745316891144239,0.11194395762213308,0.0011806160787203725,0.1228698905919977,0.08705531855537539,0.07931411710542317,0.9110772141390984,-2.18975691129189,323.7
,,0.009745316891144239,0.11194395762213308,0.0011806160787203725,0.1228698905919977,0.08705531855537539,0.07931411710542317,0.9110772141390984,-2.18975691129189,323.8
,,0.009745316891144239,0.11194395762213308,0.0011806160787203725,0.1228698905919977,0.08705531855537539,0.07931411710542317,0.9110772141390984,-2.18975691129189,323.9
,,0.009745316891144239,0.11194395762213308,0.0011806160787203725,0.1228698905919977,0.08705531855537539,0.07931411710542317,0.9110772141390984,-2.18975691129189,324.0
,,0.009745316891144239,0.11194395762213308,0.0011806160787203725,0.1228698905919977,0.08705531855537539,0.07931411710542317,0.9110772141390984,-2.18975691129189,324.1
,,0.009745316891144239,0.11194395762213308,0.0011806160787203725,0.1228698905919977,0.08705531855537539,0.07931411710542317,0.9110772141390984,-2.18975691129189,324.2
,,0.009745316891144239,0.11194395762213308,0.0011806160787203725,0.1228698905919977,0.08705531855537539,0.07931411710542317,0.9110772141390984,-2.18975691129189,324.3
,,0.010731937448003749,0.10534894667928521,0.0005551779157940631,0.11663606204308302,0.10187038206157947,0.09201217239347112,0.9032279111101283,-2.2504771370801167,324.4
,,0.010731937448003749,0.10534894667928521,0.0005551779157940631,0.11663606204308302,0.10187038206157947,0.09201217239347112,0.9032279111101283,-2.2504771370801167,324.5
,,0.010666786177573877,0.102081626250073,0.0008823455661942754,0.10296397181626728,0.10064436091917654,,0.991430540696616,-2.2819825283793964,324.6
,,0.010601634907144004,0.102081626250073,0.0008823455661942754,0.10296397181626728,0.0994183397767736,,0.991430540696616,-2.2819825283793964,324.7
,,0.010536483636714132,0.102081626250073,0.0008823455661942754,0.10296397181626728,0.09819231863437067,,0.991430540696616,-2.2819825283793964,324.8
,,0.01047133236628426,0.102081626250073,0.0008823455661942754,0.10296397181626728,0.09696629749196774,,0.991430540696616,-2.2819825283793964,324.9
,,0.010406181095854387,0.102081626250073,0.0008823455661942754,0.10296397181626728,0.09574027634956479,,0.991430540696616,-2.2819825283793964,325.0
,,0.010341029825424515,0.102081626250073,0.0008823455661942754,0.10296397181626728,0.09451425520716186,,0.991430540696616,-2.2819825283793964,325.1
,,0.010275878554994643,0.102081626250073,0.0008823455661942754,0.10296397181626728,0.09328823406475893,,0.991430540696616,-2.2819825283793964,325.2
,,0.01021072728456477,0.102081626250073,0.0008823455661942754,0.10296397181626728,0.09206221292235599,,0.991430540696616,-2.2819825283793964,325.3
,,0.010145576014134898,0.11169090001826738,0.0014431183075642182,0.12327959433996649,0.09083619177995306,0.08229728584405119,0.9059966543226844,-2.1920200442805866,325.4
,,0.010145576014134898,0.11169090001826738,0.0014431183075642182,0.12327959433996649,0.09083619177995306,0.08229728584405119,0.9059966543226844,-2.1920200442805866,325.5
,,0.010145576014134898,0.11169090001826738,0.0014431183075642182,0.12327959433996649,0.09083619177995306,0.08229728584405119,0.9059966543226844,-2.1920200442805866,325.6
,,0.010145576014134898,0.11169090001826738,0.0014431183075642182,0.12327959433996649,0.09083619177995306,0.08229728584405119,0.9059966543226844,-2.1920200442805866,325.7
,,0.012297678468644794,0.10299550480725966,0.000976873338119999,0.11627005661402445,0.11940014752738985,0.10576823325603725,0.8858300047893534,-2.2730699343528338,325.8
,,0.012297678468644794,0.10299550480725966,0.000976873338119999,0.11627005661402445,0.11940014752738985,0.10576823325603725,0.8858300047893534,-2.2730699343528338,325.9
,,0.012297678468644794,0.10299550480725966,0.000976873338119999,0.11627005661402445,0.11940014752738985,0.10576823325603725,0.8858300047893534,-2.2730699343528338,326.0
,,0.012297678468644794,0.10299550480725966,0.000976873338119999,0.11627005661402445,0.11940014752738985,0.10576823325603725,0.8858300047893534,-2.2730699343528338,326.1
,,0.012297678468644794,0.10299550480725966,0.000976873338119999,0.11627005661402445,0.11940014752738985,0.10576823325603725,0.8858300047893534,-2.2730699343528338,326.2
,,0.012297678468644794,0.10299550480725966,0.000976873338119999,0.11627005661402445,0.11940014752738985,0.10576823325603725,0.8858300047893534,-2.2730699343528338,326.3
,,0.010157541644306012,0.10975991170425825,0.001539809038294569,0.12145726238685883,0.09254327455797269,0.08363058284611077,0.9036916323262512,-2.2094599194485967,326.4
,,0.010157541644306012,0.10975991170425825,0.001539809038294569,0.12145726238685883,0.09254327455797269,0.08363058284611077,0.9036916323262512,-2.2094599194485967,326.5
,,0.010157541644306012,0.10975991170425825,0.001539809038294569,0.12145726238685883,0.09254327455797269,0.08363058284611077,0.9036916323262512,-2.2094599194485967,326.6
,,0.010157541644306012,0.10975991170425825,0.001539809038294569,0.12145726238685883,0.09254327455797269,0.08363058284611077,0.9036916323262512,-2.2094599194485967,326.7
,,0.010157541644306012,0.10975991170425825,0.001539809038294569,0.12145726238685883,0.09254327455797269,0.08363058284611077,0.9036916323262512,-2.2094599194485967,326.8
,,0.010157541644306012,0.10975991170425825,0.001539809038294569,0.12145726238685883,0.09254327455797269,0.08363058284611077,0.9036916323262512,-2.2094599194485967,326.9
,,0.010157541644306012,0.10975991170425825,0.001539809038294569,0.12145726238685883,0.09254327455797269,0.08363058284611077,0.9036916323262512,-2.2094599194485967,327.0
,,0.010136416446798892,0.10405154063035812,0.0010503372126960788,0.1051018778430542,0.09226787873051165,,0.9900064848102474,-2.2628689196172416,327.1
,,0.010115291249291773,0.10405154063035812,0.0010503372126960788,0.1051018778430542,0.0919924829030506,,0.9900064848102474,-2.2628689196172416,327.2
,,0.010094166051784653,0.10640330645098715,0.001052048283060944,0.1074553547340481,0.09171708707558958,,0.9902094382763449,-2.240518626890259,327.3
,,0.010073040854277533,0.10640330645098715,0.001052048283060944,0.1074553547340481,0.09144169124812854,,0.9902094382763449,-2.240518626890259,327.4
,,0.010051915656770414,0.10640330645098715,0.001052048283060944,0.1074553547340481,0.0911662954206675,,0.9902094382763449,-2.240518626890259,327.5
,,0.010030790459263294,0.10640330645098715,0.001052048283060944,0.1074553547340481,0.09089089959320645,,0.9902094382763449,-2.240518626890259,327.6
,,0.010009665261756175,0.10640330645098715,0.001052048283060944,0.1074553547340481,0.09061550376574541,,0.9902094382763449,-2.240518626890259,327.7
,,0.009988540064249055,0.10640330645098715,0.001052048283060944,0.1074553547340481,0.09034010793828437,,0.9902094382763449,-2.240518626890259,327.8
,,0.009967414866741934,0.10640330645098715,0.001052048283060944,0.1074553547340481,0.09006471211082334,,0.9902094382763449,-2.240518626890259,327.9
,,0.009946289669234816,0.10640330645098715,0.001052048283060944,0.1074553547340481,0.0897893162833623,,0.9902094382763449,-2.240518626890259,328.0
,,0.009925164471727695,0.11087844685137319,0.001074326091603862,0.12187793741470475,0.08951392045590126,0.0814352842053447,0.909749944931342,-2.199320751111835,328.1
,,0.00944470847541846,0.10993597591352851,0.00147190227498499,0.12085258666393196,0.0859109895276439,0.07815065226268095,0.9096700281578542,-2.2078571197888373,328.2
,,0.00944470847541846,0.10993597591352851,0.00147190227498499,0.12085258666393196,0.0859109895276439,0.07815065226268095,0.9096700281578542,-2.2078571197888373,328.3
,,0.00944470847541846,0.10993597591352851,0.00147190227498499,0.12085258666393196,0.0859109895276439,0.07815065226268095,0.9096700281578542,-2.2078571197888373,328.4
,,0.00944470847541846,0.10993597591352851,0.00147190227498499,0.12085258666393196,0.0859109895276439,0.07815065226268095,0.9096700281578542,-2.2078571197888373,328.5
,,0.00944470847541846,0.10993597591352851,0.00147190227498499,0.12085258666393196,0.0859109895276439,0.07815065226268095,0.9096700281578542,-2.2078571197888373,328.6
,,0.00944470847541846,0.10993597591352851,0.00147190227498499,0.12085258666393196,0.0859109895276439,0.07815065226268095,0.9096700281578542,-2.2078571197888373,328.7
,,0.00944470847541846,0.10993597591352851,0.00147190227498499,0.12085258666393196,0.0859109895276439,0.07815065226268095,0.9096700281578542,-2.2078571197888373,328.8
,,0.00944470847541846,0.10993597591352851,0.00147190227498499,0.12085258666393196,0.0859109895276439,0.07815065226268095,0.9096700281578542,-2.2078571197888373,328.9
,,0.00919305803373189,0.11119178047917283,0.000990298925903123,0.12137513743880783,0.08267749643107683,0.0757408661091456,0.9161001406505593,-2.1964988164518195,329.0
,,0.00919305803373189,0.11119178047917283,0.000990298925903123,0.12137513743880783,0.08267749643107683,0.0757408661091456,0.9161001406505593,-2.1964988164518195,329.1
,,0.00919305803373189,0.11119178047917283,0.000990298925903123,0.12137513743880783,0.08267749643107683,0.0757408661091456,0.9161001406505593,-2.1964988164518195,329.2
,,0.00919305803373189,0.11119178047917283,0.000990298925903123,0.12137513743880783,0.08267749643107683,0.0757408661091456,0.9161001406505593,-2.1964988164518195,329.3
,,0.008581966830252795,0.10963595925314609,0.0013235580141089344,0.11954148409750782,0.07827693476405213,0.07179070006569971,0.9171373442521261,-2.2105898629043192,329.4
,,0.008581966830252795,0.10963595925314609,0.0013235580141089344,0.11954148409750782,0.07827693476405213,0.07179070006569971,0.9171373442521261,-2.2105898629043192,329.5
,,0.008581966830252795,0.10963595925314609,0.0013235580141089344,0.11954148409750782,0.07827693476405213,0.07179070006569971,0.9171373442521261,-2.2105898629043192,329.6
,,0.008581966830252795,0.10963595925314609,0.0013235580141089344,0.11954148409750782,0.07827693476405213,0.07179070006569971,0.9171373442521261,-2.2105898629043192,329.7
,,0.008581966830252795,0.10963595925314609,0.0013235580141089344,0.11954148409750782,0.07827693476405213,0.07179070006569971,0.9171373442521261,-2.2105898629043192,329.8
,,0.008153709013657544,0.11069485612096541,0.0008774036798555404,0.1197259688144785,0.07365933069868498,0.06810309487904109,0.9245684726301338,-2.200977907185777,329.9
,,0.008153709013657544,0.11069485612096541,0.0008774036798555404,0.1197259688144785,0.07365933069868498,0.06810309487904109,0.9245684726301338,-2.200977907185777,330.0
,,0.008153709013657544,0.11069485612096541,0.0008774036798555404,0.1197259688144785,0.07365933069868498,0.06810309487904109,0.9245684726301338,-2.200977907185777,330.1
,,0.008153709013657544,0.11069485612096541,0.0008774036798555404,0.1197259688144785,0.07365933069868498,0.06810309487904109,0.9245684726301338,-2.200977907185777,330.2
,,0.008153709013657544,0.11069485612096541,0.0008774036798555404,0.1197259688144785,0.07365933069868498,0.06810309487904109,0.9245684726301338,-2.200977907185777,330.3
,,0.008153709013657544,0.11069485612096541,0.0008774036798555404,0.1197259688144785,0.07365933069868498,0.06810309487904109,0.9245684726301338,-2.200977907185777,330.4
,,0.008153709013657544,0.11069485612096541,0.0008774036798555404,0.1197259688144785,0.07365933069868498,0.06810309487904109,0.9245684726301338,-2.200977907185777,330.5
,,0.010336007100924615,0.10864636383676823,0.0008264781231078929,0.11980884906080073,0.09513440428115544,0.08627081540261927,0.9068308784239489,-2.2196570395974935,330.6
,,0.010336007100924615,0.10864636383676823,0.0008264781231078929,0.11980884906080073,0.09513440428115544,0.08627081540261927,0.9068308784239489,-2.2196570395974935,330.7
,,0.010336007100924615,0.10864636383676823,0.0008264781231078929,0.11980884906080073,0.09513440428115544,0.08627081540261927,0.9068308784239489,-2.2196570395974935,330.8
,,0.010336007100924615,0.10864636383676823,0.0008264781231078929,0.11980884906080073,0.09513440428115544,0.08627081540261927,0.9068308784239489,-2.2196570395974935,330.9
,,0.010336007100924615,0.10864636383676823,0.0008264781231078929,0.11980884906080073,0.09513440428115544,0.08627081540261927,0.9068308784239489,-2.2196570395974935,331.0
,,0.009246004806235334,0.107693160789845,0.0006303695404094215,0.11756953513648975,0.08585507880373396,0.07864286267272716,0.9159954631514109,-2.2284691992517103,331.1
,,0.009246004806235334,0.107693160789845,0.0006303695404094215,0.11756953513648975,0.08585507880373396,0.07864286267272716,0.9159954631514109,-2.2284691992517103,331.2
,,0.009246004806235334,0.107693160789845,0.0006303695404094215,0.11756953513648975,0.08585507880373396,0.07864286267272716,0.9159954631514109,-2.2284691992517103,331.3
,,0.009246004806235334,0.107693160789845,0.0006303695404094215,0.11756953513648975,0.08585507880373396,0.07864286267272716,0.9159954631514109,-2.2284691992517103,331.4
,,0.009246004806235334,0.107693160789845,0.0006303695404094215,0.11756953513648975,0.08585507880373396,0.07864286267272716,0.9159954631514109,-2.2284691992517103,331.5
,,0.009246004806235334,0.107693160789845,0.0006303695404094215,0.11756953513648975,0.08585507880373396,0.07864286267272716,0.9159954631514109,-2.2284691992517103,331.6
,,0.009246004806235334,0.107693160789845,0.0006303695404094215,0.11756953513648975,0.08585507880373396,0.07864286267272716,0.9159954631514109,-2.2284691992517103,331.7
,,0.009246004806235334,0.107693160789845,0.0006303695404094215,0.11756953513648975,0.08585507880373396,0.07864286267272716,0.9159954631514109,-2.2284691992517103,331.8
,,0.006949366845386,0.10709592925791311,0.0010541127016311905,0.1150994088049303,0.06488917826792678,0.06037708549106225,0.9304646337447186,-2.2340303110471162,331.9
,,0.006949366845386,0.10709592925791311,0.0010541127016311905,0.1150994088049303,0.06488917826792678,0.06037708549106225,0.9304646337447186,-2.2340303110471162,332.0
,,0.006570820101983486,0.10678622954421496,0.0008535354702686295,0.11421058511646708,0.06153246659264086,0.057532496618267426,0.9349941551855192,-2.236926297621033,332.1
,,0.006570820101983486,0.10678622954421496,0.0008535354702686295,0.11421058511646708,0.06153246659264086,0.057532496618267426,0.9349941551855192,-2.236926297621033,332.2
,,0.006570820101983486,0.10678622954421496,0.0008535354702686295,0.11421058511646708,0.06153246659264086,0.057532496618267426,0.9349941551855192,-2.236926297621033,332.3
,,0.006570820101983486,0.10678622954421496,0.0008535354702686295,0.11421058511646708,0.06153246659264086,0.057532496618267426,0.9349941551855192,-2.236926297621033,332.4
,,0.006570820101983486,0.10678622954421496,0.0008535354702686295,0.11421058511646708,0.06153246659264086,0.057532496618267426,0.9349941551855192,-2.236926297621033,332.5
,,0.006570820101983486,0.10678622954421496,0.0008535354702686295,0.11421058511646708,0.06153246659264086,0.057532496618267426,0.9349941551855192,-2.236926297621033,332.6
,,0.006570820101983486,0.10678622954421496,0.0008535354702686295,0.11421058511646708,0.06153246659264086,0.057532496618267426,0.9349941551855192,-2.236926297621033,332.7
,,0.006570820101983486,0.10678622954421496,0.0008535354702686295,0.11421058511646708,0.06153246659264086,0.057532496618267426,0.9349941551855192,-2.236926297621033,332.8
,,0.006570820101983486,0.10678622954421496,0.0008535354702686295,0.11421058511646708,0.06153246659264086,0.057532496618267426,0.9349941551855192,-2.236926297621033,332.9
,,0.00782414697087794,0.10318517524978488,0.0007718025679544446,0.11178112478861726,0.07582627012007959,0.06999524280752878,0.9231001695940376,-2.271230086933801,333.0
,,0.006334686051268596,0.1035326436637159,0.000784541555983285,0.11065187127096777,0.06118539841254583,0.05724879279950014,0.9356610283632882,-2.267868318287056,333.1
,,0.006334686051268596,0.1035326436637159,0.000784541555983285,0.11065187127096777,0.06118539841254583,0.05724879279950014,0.9356610283632882,-2.267868318287056,333.2
,,0.006334686051268596,0.1035326436637159,0.000784541555983285,0.11065187127096777,0.06118539841254583,0.05724879279950014,0.9356610283632882,-2.267868318287056,333.3
,,0.006334686051268596,0.1035326436637159,0.000784541555983285,0.11065187127096777,0.06118539841254583,0.05724879279950014,0.9356610283632882,-2.267868318287056,333.4
,,0.006334686051268596,0.1035326436637159,0.000784541555983285,0.11065187127096777,0.06118539841254583,0.05724879279950014,0.9356610283632882,-2.267868318287056,333.5
,,0.006334686051268596,0.1035326436637159,0.000784541555983285,0.11065187127096777,0.06118539841254583,0.05724879279950014,0.9356610283632882,-2.267868318287056,333.6
,,0.006334686051268596,0.1035326436637159,0.000784541555983285,0.11065187127096777,0.06118539841254583,0.05724879279950014,0.9356610283632882,-2.267868318287056,333.7
,,0.006334686051268596,0.1035326436637159,0.000784541555983285,0.11065187127096777,0.06118539841254583,0.05724879279950014,0.9356610283632882,-2.267868318287056,333.8
,,0.006334686051268596,0.1035326436637159,0.000784541555983285,0.11065187127096777,0.06118539841254583,0.05724879279950014,0.9356610283632882,-2.267868318287056,333.9
,,0.006334686051268596,0.1035326436637159,0.000784541555983285,0.11065187127096777,0.06118539841254583,0.05724879279950014,0.9356610283632882,-2.267868318287056,334.0
,,0.0072323521294175505,0.09908697860820523,0.0008059047715805237,0.1071252355092033,0.07298993501471697,0.06751305698456278,0.9249639278477246,-2.3117572427657938,334.1
,,0.006351414499729413,0.09936261825502432,0.0008128416529677771,0.1065268744077215,0.06392156941182707,0.059622649543062504,0.9327469599335406,-2.3089793099462455,334.2
,,0.006351414499729413,0.09936261825502432,0.0008128416529677771,0.1065268744077215,0.06392156941182707,0.059622649543062504,0.9327469599335406,-2.3089793099462455,334.3
,,0.006351414499729413,0.09936261825502432,0.0008128416529677771,0.1065268744077215,0.06392156941182707,0.059622649543062504,0.9327469599335406,-2.3089793099462455,334.4
,,0.006351414499729413,0.09936261825502432,0.0008128416529677771,0.1065268744077215,0.06392156941182707,0.059622649543062504,0.9327469599335406,-2.3089793099462455,334.5
,,0.006351414499729413,0.09936261825502432,0.0008128416529677771,0.1065268744077215,0.06392156941182707,0.059622649543062504,0.9327469599335406,-2.3089793099462455,334.6
,,0.006351414499729413,0.09936261825502432,0.0008128416529677771,0.1065268744077215,0.06392156941182707,0.059622649543062504,0.9327469599335406,-2.3089793099462455,334.7
,,0.006351414499729413,0.09936261825502432,0.0008128416529677771,0.1065268744077215,0.06392156941182707,0.059622649543062504,0.9327469599335406,-2.3089793099462455,334.8
,,0.006351414499729413,0.09936261825502432,0.0008128416529677771,0.1065268744077215,0.06392156941182707,0.059622649543062504,0.9327469599335406,-2.3089793099462455,334.9
,,0.006351414499729413,0.09936261825502432,0.0008128416529677771,0.1065268744077215,0.06392156941182707,0.059622649543062504,0.9327469599335406,-2.3089793099462455,335.0
,,0.006351414499729413,0.09936261825502432,0.0008128416529677771,0.1065268744077215,0.06392156941182707,0.059622649543062504,0.9327469599335406,-2.3089793099462455,335.1
,,0.006426151493042756,0.09744307652396639,0.0008841931435776989,0.10475342116058683,0.06594774839095137,0.06134550472763534,0.9302137862837558,-2.328486901997161,335.2
,,0.006581011933345686,0.10017121312080952,0.0006339241130707291,0.10738614916722594,0.0656976363599469,0.06128361976270771,0.9328131597755588,-2.300874425811756,335.3
,,0.007153797037930527,0.09504556385730767,0.0009621397876225994,0.10316150068286079,0.07526702717730786,0.06934560849325698,0.9213278522333332,-2.3533988828116827,335.4
,,0.007153797037930527,0.09504556385730767,0.0009621397876225994,0.10316150068286079,0.07526702717730786,0.06934560849325698,0.9213278522333332,-2.3533988828116827,335.5
,,0.007153797037930527,0.09504556385730767,0.0009621397876225994,0.10316150068286079,0.07526702717730786,0.06934560849325698,0.9213278522333332,-2.3533988828116827,335.6
,,0.007153797037930527,0.09504556385730767,0.0009621397876225994,0.10316150068286079,0.07526702717730786,0.06934560849325698,0.9213278522333332,-2.3533988828116827,335.7
,,0.007153797037930527,0.09504556385730767,0.0009621397876225994,0.10316150068286079,0.07526702717730786,0.06934560849325698,0.9213278522333332,-2.3533988828116827,335.8
,,0.007153797037930527,0.09504556385730767,0.0009621397876225994,0.10316150068286079,0.07526702717730786,0.06934560849325698,0.9213278522333332,-2.3533988828116827,335.9
,,0.007153797037930527,0.09504556385730767,0.0009621397876225994,0.10316150068286079,0.07526702717730786,0.06934560849325698,0.9213278522333332,-2.3533988828116827,336.0
,,0.007153797037930527,0.09504556385730767,0.0009621397876225994,0.10316150068286079,0.07526702717730786,0.06934560849325698,0.9213278522333332,-2.3533988828116827,336.1
,,0.007153797037930527,0.09504556385730767,0.0009621397876225994,0.10316150068286079,0.07526702717730786,0.06934560849325698,0.9213278522333332,-2.3533988828116827,336.2
,,0.006826341247976464,0.09625527908981799,0.0007299426798115071,0.10381156301760595,0.07091913620245857,0.06575704140798601,0.92721153879066,-2.3407514596319023,336.3
,,0.006826341247976464,0.09625527908981799,0.0007299426798115071,0.10381156301760595,0.07091913620245857,0.06575704140798601,0.92721153879066,-2.3407514596319023,336.4
,,0.006712152798222821,0.09329437495207143,0.001019692710130339,0.10102622046042459,0.07194595388704933,0.06643971008350451,0.9234669428083576,-2.3719954628491196,336.5
,,0.006712152798222821,0.09329437495207143,0.001019692710130339,0.10102622046042459,0.07194595388704933,0.06643971008350451,0.9234669428083576,-2.3719954628491196,336.6
,,0.006712152798222821,0.09329437495207143,0.001019692710130339,0.10102622046042459,0.07194595388704933,0.06643971008350451,0.9234669428083576,-2.3719954628491196,336.7
,,0.006712152798222821,0.09329437495207143,0.001019692710130339,0.10102622046042459,0.07194595388704933,0.06643971008350451,0.9234669428083576,-2.3719954628491196,336.8
,,0.006712152798222821,0.09329437495207143,0.001019692710130339,0.10102622046042459,0.07194595388704933,0.06643971008350451,0.9234669428083576,-2.3719954628491196,336.9
,,0.006712152798222821,0.09329437495207143,0.001019692710130339,0.10102622046042459,0.07194595388704933,0.06643971008350451,0.9234669428083576,-2.3719954628491196,337.0
,,0.006712152798222821,0.09329437495207143,0.001019692710130339,0.10102622046042459,0.07194595388704933,0.06643971008350451,0.9234669428083576,-2.3719954628491196,337.1
,,0.006712152798222821,0.09329437495207143,0.001019692710130339,0.10102622046042459,0.07194595388704933,0.06643971008350451,0.9234669428083576,-2.3719954628491196,337.2
,,0.008095946561140755,0.09620412624240476,0.0009340158284993746,0.10523408863204489,0.08415383910604274,0.07693273792153557,0.9141916606394175,-2.341283029897636,337.3
,,0.008095946561140755,0.09620412624240476,0.0009340158284993746,0.10523408863204489,0.08415383910604274,0.07693273792153557,0.9141916606394175,-2.341283029897636,337.4
,,0.008095946561140755,0.09620412624240476,0.0009340158284993746,0.10523408863204489,0.08415383910604274,0.07693273792153557,0.9141916606394175,-2.341283029897636,337.5
,,0.006939694420972893,0.0925896704124477,0.0011319467654513013,0.1006613115988719,0.07495106516806356,0.06894102918733144,0.9198138683252101,-2.3795776941737516,337.6
,,0.006939694420972893,0.0925896704124477,0.0011319467654513013,0.1006613115988719,0.07495106516806356,0.06894102918733144,0.9198138683252101,-2.3795776941737516,337.7
,,0.006939694420972893,0.0925896704124477,0.0011319467654513013,0.1006613115988719,0.07495106516806356,0.06894102918733144,0.9198138683252101,-2.3795776941737516,337.8
,,0.006939694420972893,0.0925896704124477,0.0011319467654513013,0.1006613115988719,0.07495106516806356,0.06894102918733144,0.9198138683252101,-2.3795776941737516,337.9
,,0.006939694420972893,0.0925896704124477,0.0011319467654513013,0.1006613115988719,0.07495106516806356,0.06894102918733144,0.9198138683252101,-2.3795776941737516,338.0
,,0.006939694420972893,0.0925896704124477,0.0011319467654513013,0.1006613115988719,0.07495106516806356,0.06894102918733144,0.9198138683252101,-2.3795776941737516,338.1
,,0.006939694420972893,0.0925896704124477,0.0011319467654513013,0.1006613115988719,0.07495106516806356,0.06894102918733144,0.9198138683252101,-2.3795776941737516,338.2
,,0.008538090030152,0.096141786672717,0.0010185890753610118,0.10569846577823001,0.08880727439793804,0.08077780474189751,0.9095854510739613,-2.341931232616641,338.3
,,0.008538090030152,0.096141786672717,0.0010185890753610118,0.10569846577823001,0.08880727439793804,0.08077780474189751,0.9095854510739613,-2.341931232616641,338.4
,,0.008538090030152,0.096141786672717,0.0010185890753610118,0.10569846577823001,0.08880727439793804,0.08077780474189751,0.9095854510739613,-2.341931232616641,338.5
,,0.00702655364487658,0.09327787565312466,0.001201613451886658,0.10150604274988789,0.07532926318998133,0.06922300835025252,0.9189391402338722,-2.3721723305123037,338.6
,,0.008538090030152,0.096141786672717,0.0010185890753610118,0.10569846577823001,0.08880727439793804,0.08077780474189751,0.9095854510739613,-2.341931232616641,338.7
,,0.00837560160836975,0.09323645410868933,0.0011896590430494822,0.09442611315173881,0.0870889373427255,,0.9874011647483811,-2.3726164952600657,338.8
,,0.0082131131865875,0.09323645410868933,0.0011896590430494822,0.09442611315173881,0.08537060028751299,,0.9874011647483811,-2.3726164952600657,338.9
,,0.00805062476480525,0.09323645410868933,0.0011896590430494822,0.09442611315173881,0.08365226323230046,,0.9874011647483811,-2.3726164952600657,339.0
,,0.007888136343023,0.09323645410868933,0.0011896590430494822,0.09442611315173881,0.08193392617708793,,0.9874011647483811,-2.3726164952600657,339.1
,,0.00772564792124075,0.09323645410868933,0.0011896590430494822,0.09442611315173881,0.0802155891218754,,0.9874011647483811,-2.3726164952600657,339.2
,,0.0075631594994585,0.09323645410868933,0.0011896590430494822,0.09442611315173881,0.07849725206666289,,0.9874011647483811,-2.3726164952600657,339.3
,,0.007400671077676249,0.09638936779156826,0.0013005028176786791,0.1050905416869232,0.07677891501145036,0.07042185679966993,0.9172030731245374,-2.3393593760669016,339.4
,,0.007400671077676249,0.09638936779156826,0.0013005028176786791,0.1050905416869232,0.07677891501145036,0.07042185679966993,0.9172030731245374,-2.3393593760669016,339.5
,,0.007400671077676249,0.09638936779156826,0.0013005028176786791,0.1050905416869232,0.07677891501145036,0.07042185679966993,0.9172030731245374,-2.3393593760669016,339.6
,,0.007400671077676249,0.09638936779156826,0.0013005028176786791,0.1050905416869232,0.07677891501145036,0.07042185679966993,0.9172030731245374,-2.3393593760669016,339.7
,,0.007400671077676249,0.09638936779156826,0.0013005028176786791,0.1050905416869232,0.07677891501145036,0.07042185679966993,0.9172030731245374,-2.3393593760669016,339.8
,,0.008078526288753787,0.09346515245458462,0.0013631179609719117,0.10290679670431031,0.08643356455957422,0.07850333065916348,0.9082505281273591,-2.370166613178268,339.9
,,0.008078526288753787,0.09346515245458462,0.0013631179609719117,0.10290679670431031,0.08643356455957422,0.07850333065916348,0.9082505281273591,-2.370166613178268,340.0
,,0.008078526288753787,0.09346515245458462,0.0013631179609719117,0.10290679670431031,0.08643356455957422,0.07850333065916348,0.9082505281273591,-2.370166613178268,340.1
,,0.008078526288753787,0.09346515245458462,0.0013631179609719117,0.10290679670431031,0.08643356455957422,0.07850333065916348,0.9082505281273591,-2.370166613178268,340.2
,,0.008078526288753787,0.09346515245458462,0.0013631179609719117,0.10290679670431031,0.08643356455957422,0.07850333065916348,0.9082505281273591,-2.370166613178268,340.3
,,0.007248342555374732,0.09953182106262808,0.0012262795781778216,0.10800644319618063,0.07282437393377823,0.06711027917296558,0.9215359576450506,-2.3072778762711494,340.4
,,0.007248342555374732,0.09953182106262808,0.0012262795781778216,0.10800644319618063,0.07282437393377823,0.06711027917296558,0.9215359576450506,-2.3072778762711494,340.5
,,0.007248342555374732,0.09953182106262808,0.0012262795781778216,0.10800644319618063,0.07282437393377823,0.06711027917296558,0.9215359576450506,-2.3072778762711494,340.6
,,0.007248342555374732,0.09953182106262808,0.0012262795781778216,0.10800644319618063,0.07282437393377823,0.06711027917296558,0.9215359576450506,-2.3072778762711494,340.7
,,0.007248342555374732,0.09953182106262808,0.0012262795781778216,0.10800644319618063,0.07282437393377823,0.06711027917296558,0.9215359576450506,-2.3072778762711494,340.8
,,0.0067096917522228424,0.09733108669527035,0.0011566852050308844,0.10519746365252408,0.06893678042689406,0.0637818776162276,0.9252227507762257,-2.3296368475462637,340.9
,,0.0067096917522228424,0.09733108669527035,0.0011566852050308844,0.10519746365252408,0.06893678042689406,0.0637818776162276,0.9252227507762257,-2.3296368475462637,341.0
,,0.0067096917522228424,0.09733108669527035,0.0011566852050308844,0.10519746365252408,0.06893678042689406,0.0637818776162276,0.9252227507762257,-2.3296368475462637,341.1
,,0.0067096917522228424,0.09733108669527035,0.0011566852050308844,0.10519746365252408,0.06893678042689406,0.0637818776162276,0.9252227507762257,-2.3296368475462637,341.2
,,0.0067096917522228424,0.09733108669527035,0.0011566852050308844,0.10519746365252408,0.06893678042689406,0.0637818776162276,0.9252227507762257,-2.3296368475462637,341.3
,,0.00688423185629378,0.10315055224366593,0.0008222018599870543,0.11085698595994675,0.06673965099121913,0.062100117522418403,0.9304831026249875,-2.271565685687003,341.4
,,0.00688423185629378,0.10315055224366593,0.0008222018599870543,0.11085698595994675,0.06673965099121913,0.062100117522418403,0.9304831026249875,-2.271565685687003,341.5
,,0.00688423185629378,0.10315055224366593,0.0008222018599870543,0.11085698595994675,0.06673965099121913,0.062100117522418403,0.9304831026249875,-2.271565685687003,341.6
,,0.00688423185629378,0.10315055224366593,0.0008222018599870543,0.11085698595994675,0.06673965099121913,0.062100117522418403,0.9304831026249875,-2.271565685687003,341.7
,,0.00688423185629378,0.10315055224366593,0.0008222018599870543,0.11085698595994675,0.06673965099121913,0.062100117522418403,0.9304831026249875,-2.271565685687003,341.8
,,0.006361589450985238,0.1002358497057976,0.001088840786854194,0.10768627994363704,0.06346620964113288,0.05907520859959961,0.9308135610057382,-2.3002293728249237,341.9
,,0.006361589450985238,0.1002358497057976,0.001088840786854194,0.10768627994363704,0.06346620964113288,0.05907520859959961,0.9308135610057382,-2.3002293728249237,342.0
,,0.006361589450985238,0.1002358497057976,0.001088840786854194,0.10768627994363704,0.06346620964113288,0.05907520859959961,0.9308135610057382,-2.3002293728249237,342.1
,,0.006361589450985238,0.1002358497057976,0.001088840786854194,0.10768627994363704,0.06346620964113288,0.05907520859959961,0.9308135610057382,-2.3002293728249237,342.2
,,0.006361589450985238,0.1002358497057976,0.001088840786854194,0.10768627994363704,0.06346620964113288,0.05907520859959961,0.9308135610057382,-2.3002293728249237,342.3
,,0.006361589450985238,0.1002358497057976,0.001088840786854194,0.10768627994363704,0.06346620964113288,0.05907520859959961,0.9308135610057382,-2.3002293728249237,342.4
,,0.006361589450985238,0.1002358497057976,0.001088840786854194,0.10768627994363704,0.06346620964113288,0.05907520859959961,0.9308135610057382,-2.3002293728249237,342.5
,,0.00639924498124084,0.10599342927920005,0.000785042232899741,0.11317771649334063,0.060373978130138825,0.05654156294642481,0.9365220695669072,-2.2443781747234763,342.6
,,0.00639924498124084,0.10599342927920005,0.000785042232899741,0.11317771649334063,0.060373978130138825,0.05654156294642481,0.9365220695669072,-2.2443781747234763,342.7
,,0.005956836357261613,0.10274842044768182,0.0010167659495678486,0.10972202275451128,0.057974967705656924,0.05429025283820421,0.936443002673839,-2.2754717984959085,342.8
,,0.005956836357261613,0.10274842044768182,0.0010167659495678486,0.10972202275451128,0.057974967705656924,0.05429025283820421,0.936443002673839,-2.2754717984959085,342.9
,,0.005956836357261613,0.10274842044768182,0.0010167659495678486,0.10972202275451128,0.057974967705656924,0.05429025283820421,0.936443002673839,-2.2754717984959085,343.0
,,0.005956836357261613,0.10274842044768182,0.0010167659495678486,0.10972202275451128,0.057974967705656924,0.05429025283820421,0.936443002673839,-2.2754717984959085,343.1
,,0.005956836357261613,0.10274842044768182,0.0010167659495678486,0.10972202275451128,0.057974967705656924,0.05429025283820421,0.936443002673839,-2.2754717984959085,343.2
,,0.005956836357261613,0.10274842044768182,0.0010167659495678486,0.10972202275451128,0.057974967705656924,0.05429025283820421,0.936443002673839,-2.2754717984959085,343.3
,,0.005956836357261613,0.10274842044768182,0.0010167659495678486,0.10972202275451128,0.057974967705656924,0.05429025283820421,0.936443002673839,-2.2754717984959085,343.4
,,0.005956836357261613,0.10274842044768182,0.0010167659495678486,0.10972202275451128,0.057974967705656924,0.05429025283820421,0.936443002673839,-2.2754717984959085,343.5
,,0.005956836357261613,0.10274842044768182,0.0010167659495678486,0.10972202275451128,0.057974967705656924,0.05429025283820421,0.936443002673839,-2.2754717984959085,343.6
,,0.005956836357261613,0.10274842044768182,0.0010167659495678486,0.10972202275451128,0.057974967705656924,0.05429025283820421,0.936443002673839,-2.2754717984959085,343.7
,,0.007207913818896029,0.10748402210530392,0.0008315765052176692,0.11552351242941762,0.06706032838847725,0.06239347875870645,0.9304081900294915,-2.2304130740397556,343.8
,,0.00551667290387337,0.10426641160844277,0.0009537883355972678,0.1107368728479134,0.05290939640840836,0.049817849845281405,0.9415690449525589,-2.26080600519267,343.9
,,0.00551667290387337,0.10426641160844277,0.0009537883355972678,0.1107368728479134,0.05290939640840836,0.049817849845281405,0.9415690449525589,-2.26080600519267,344.0
,,0.00551667290387337,0.10426641160844277,0.0009537883355972678,0.1107368728479134,0.05290939640840836,0.049817849845281405,0.9415690449525589,-2.26080600519267,344.1
,,0.00551667290387337,0.10426641160844277,0.0009537883355972678,0.1107368728479134,0.05290939640840836,0.049817849845281405,0.9415690449525589,-2.26080600519267,344.2
,,0.00551667290387337,0.10426641160844277,0.0009537883355972678,0.1107368728479134,0.05290939640840836,0.049817849845281405,0.9415690449525589,-2.26080600519267,344.3
,,0.00551667290387337,0.10426641160844277,0.0009537883355972678,0.1107368728479134,0.05290939640840836,0.049817849845281405,0.9415690449525589,-2.26080600519267,344.4
,,0.00551667290387337,0.10426641160844277,0.0009537883355972678,0.1107368728479134,0.05290939640840836,0.049817849845281405,0.9415690449525589,-2.26080600519267,344.5
,,0.00551667290387337,0.10426641160844277,0.0009537883355972678,0.1107368728479134,0.05290939640840836,0.049817849845281405,0.9415690449525589,-2.26080600519267,344.6
,,0.00551667290387337,0.10426641160844277,0.0009537883355972678,0.1107368728479134,0.05290939640840836,0.049817849845281405,0.9415690449525589,-2.26080600519267,344.7
,,0.00551667290387337,0.10426641160844277,0.0009537883355972678,0.1107368728479134,0.05290939640840836,0.049817849845281405,0.9415690449525589,-2.26080600519267,344.8
,,0.006594343309363226,0.10563844040643683,0.0007575839460374212,0.11299036766183748,0.062423709437510924,0.0583619953260004,0.9349331504309835,-2.2477329549484693,344.9
,,0.006594343309363226,0.10563844040643683,0.0007575839460374212,0.11299036766183748,0.062423709437510924,0.0583619953260004,0.9349331504309835,-2.2477329549484693,345.0
,,0.006594343309363226,0.10563844040643683,0.0007575839460374212,0.11299036766183748,0.062423709437510924,0.0583619953260004,0.9349331504309835,-2.2477329549484693,345.1
,,0.005158759136002243,0.104459435408252,0.0009075925837977546,0.11052578712805201,0.049385286411328964,0.04667471067204844,0.9451136981022202,-2.2589564608492836,345.2
,,0.005158759136002243,0.104459435408252,0.0009075925837977546,0.11052578712805201,0.049385286411328964,0.04667471067204844,0.9451136981022202,-2.2589564608492836,345.3
,,0.005158759136002243,0.104459435408252,0.0009075925837977546,0.11052578712805201,0.049385286411328964,0.04667471067204844,0.9451136981022202,-2.2589564608492836,345.4
,,0.005158759136002243,0.104459435408252,0.0009075925837977546,0.11052578712805201,0.049385286411328964,0.04667471067204844,0.9451136981022202,-2.2589564608492836,345.5
,,0.005158759136002243,0.104459435408252,0.0009075925837977546,0.11052578712805201,0.049385286411328964,0.04667471067204844,0.9451136981022202,-2.2589564608492836,345.6
,,0.005158759136002243,0.104459435408252,0.0009075925837977546,0.11052578712805201,0.049385286411328964,0.04667471067204844,0.9451136981022202,-2.2589564608492836,345.7
,,0.005158759136002243,0.104459435408252,0.0009075925837977546,0.11052578712805201,0.049385286411328964,0.04667471067204844,0.9451136981022202,-2.2589564608492836,345.8
,,0.005158759136002243,0.104459435408252,0.0009075925837977546,0.11052578712805201,0.049385286411328964,0.04667471067204844,0.9451136981022202,-2.2589564608492836,345.9
,,0.005056188494023934,0.10662255983872179,0.0006747568255539328,0.11235350515829966,0.047421375942126774,0.045002498915365875,0.9489918422081867,-2.2384601588837825,346.0
,,0.005056188494023934,0.10662255983872179,0.0006747568255539328,0.11235350515829966,0.047421375942126774,0.045002498915365875,0.9489918422081867,-2.2384601588837825,346.1
,,0.005056188494023934,0.10662255983872179,0.0006747568255539328,0.11235350515829966,0.047421375942126774,0.045002498915365875,0.9489918422081867,-2.2384601588837825,346.2
,,0.005056188494023934,0.10662255983872179,0.0006747568255539328,0.11235350515829966,0.047421375942126774,0.045002498915365875,0.9489918422081867,-2.2384601588837825,346.3
,,0.00509855273247529,0.10332945594479546,0.0009302823320894719,0.10935829100936023,0.049342684386136995,0.04662246168458222,0.9448708002939736,-2.269832793989947,346.4
,,0.005056188494023934,0.10662255983872179,0.0006747568255539328,0.11235350515829966,0.047421375942126774,0.045002498915365875,0.9489918422081867,-2.2384601588837825,346.5
,,0.00514393524885805,0.10329043289183784,0.0009430343437542972,0.10937740248445019,0.049800694070520554,0.04702923210842702,0.9443489289894436,-2.270210521938997,346.6
,,0.00514393524885805,0.10329043289183784,0.0009430343437542972,0.10937740248445019,0.049800694070520554,0.04702923210842702,0.9443489289894436,-2.270210521938997,346.7
,,0.00514393524885805,0.10329043289183784,0.0009430343437542972,0.10937740248445019,0.049800694070520554,0.04702923210842702,0.9443489289894436,-2.270210521938997,346.8
,,0.00514393524885805,0.10329043289183784,0.0009430343437542972,0.10937740248445019,0.049800694070520554,0.04702923210842702,0.9443489289894436,-2.270210521938997,346.9
,,0.00514393524885805,0.10329043289183784,0.0009430343437542972,0.10937740248445019,0.049800694070520554,0.04702923210842702,0.9443489289894436,-2.270210521938997,347.0
,,0.00514393524885805,0.10329043289183784,0.0009430343437542972,0.10937740248445019,0.049800694070520554,0.04702923210842702,0.9443489289894436,-2.270210521938997,347.1
,,0.00498211527999233,0.10338914037803133,0.0007363666941716989,0.10910762235219536,0.04818799403666341,0.04566239436425667,0.9475886115847619,-2.269255347780888,347.2
,,0.00498211527999233,0.10338914037803133,0.0007363666941716989,0.10910762235219536,0.04818799403666341,0.04566239436425667,0.9475886115847619,-2.269255347780888,347.3
,,0.00498211527999233,0.10338914037803133,0.0007363666941716989,0.10910762235219536,0.04818799403666341,0.04566239436425667,0.9475886115847619,-2.269255347780888,347.4
,,0.00498211527999233,0.10338914037803133,0.0007363666941716989,0.10910762235219536,0.04818799403666341,0.04566239436425667,0.9475886115847619,-2.269255347780888,347.5
,,0.00498211527999233,0.09664014529174611,0.0011930097262436317,0.09783315501798974,0.04818799403666341,,0.9878056705211617,-2.336761041363959,347.6
,,0.00498211527999233,0.10338914037803133,0.0007363666941716989,0.10910762235219536,0.04818799403666341,0.04566239436425667,0.9475886115847619,-2.269255347780888,347.7
,,0.005700471916796568,0.10280096245350556,0.0010066114669167465,0.10950804583721888,0.05545154228857299,0.05205527934696401,0.9387525972869315,-2.274960563616713,347.8
,,0.005700471916796568,0.10280096245350556,0.0010066114669167465,0.10950804583721888,0.05545154228857299,0.05205527934696401,0.9387525972869315,-2.274960563616713,347.9
,,0.005700471916796568,0.10280096245350556,0.0010066114669167465,0.10950804583721888,0.05545154228857299,0.05205527934696401,0.9387525972869315,-2.274960563616713,348.0
,,0.005700471916796568,0.10280096245350556,0.0010066114669167465,0.10950804583721888,0.05545154228857299,0.05205527934696401,0.9387525972869315,-2.274960563616713,348.1
,,0.005700471916796568,0.10280096245350556,0.0010066114669167465,0.10950804583721888,0.05545154228857299,0.05205527934696401,0.9387525972869315,-2.274960563616713,348.2
,,0.005700471916796568,0.10280096245350556,0.0010066114669167465,0.10950804583721888,0.05545154228857299,0.05205527934696401,0.9387525972869315,-2.274960563616713,348.3
,,0.005587850291025477,0.10260328545425776,0.0010634407595603254,0.10925457650484356,0.054460734529954535,0.0511452286008152,0.9391211676126818,-2.276885324786837,348.4
,,0.005587850291025477,0.10260328545425776,0.0010634407595603254,0.10925457650484356,0.054460734529954535,0.0511452286008152,0.9391211676126818,-2.276885324786837,348.5
,,0.005587850291025477,0.10260328545425776,0.0010634407595603254,0.10925457650484356,0.054460734529954535,0.0511452286008152,0.9391211676126818,-2.276885324786837,348.6
,,0.005587850291025477,0.10260328545425776,0.0010634407595603254,0.10925457650484356,0.054460734529954535,0.0511452286008152,0.9391211676126818,-2.276885324786837,348.7
,,0.005023114895383289,0.09541473724812619,0.0013006820506400079,0.10173853419414948,0.05264506343837294,0.049372786183429655,0.9378426571985451,-2.349522233966581,348.8
,,0.005023114895383289,0.09541473724812619,0.0013006820506400079,0.10173853419414948,0.05264506343837294,0.049372786183429655,0.9378426571985451,-2.349522233966581,348.9
,,0.005023114895383289,0.09541473724812619,0.0013006820506400079,0.10173853419414948,0.05264506343837294,0.049372786183429655,0.9378426571985451,-2.349522233966581,349.0
,,0.005023114895383289,0.09541473724812619,0.0013006820506400079,0.10173853419414948,0.05264506343837294,0.049372786183429655,0.9378426571985451,-2.349522233966581,349.1
,,0.005023114895383289,0.09541473724812619,0.0013006820506400079,0.10173853419414948,0.05264506343837294,0.049372786183429655,0.9378426571985451,-2.349522233966581,349.2
,,0.005023114895383289,0.09541473724812619,0.0013006820506400079,0.10173853419414948,0.05264506343837294,0.049372786183429655,0.9378426571985451,-2.349522233966581,349.3
,,0.007027752229961753,0.10520374207438787,0.001160543394941356,0.11339203769929099,0.06680135222749531,0.061977475425557996,0.9277877372076336,-2.251856408261848,349.4
,,0.007027752229961753,0.10520374207438787,0.001160543394941356,0.11339203769929099,0.06680135222749531,0.061977475425557996,0.9277877372076336,-2.251856408261848,349.5
,,0.007027752229961753,0.10520374207438787,0.001160543394941356,0.11339203769929099,0.06680135222749531,0.061977475425557996,0.9277877372076336,-2.251856408261848,349.6
,,0.007027752229961753,0.10520374207438787,0.001160543394941356,0.11339203769929099,0.06680135222749531,0.061977475425557996,0.9277877372076336,-2.251856408261848,349.7
,,0.007027752229961753,0.10520374207438787,0.001160543394941356,0.11339203769929099,0.06680135222749531,0.061977475425557996,0.9277877372076336,-2.251856408261848,349.8
,,0.004308076642564109,0.09652055042146998,0.0014161452301544902,0.10224477229418857,0.04463377616219875,0.042134933120771136,0.9440145276450095,-2.3379993355740365,349.9
,,0.004308076642564109,0.09652055042146998,0.0014161452301544902,0.10224477229418857,0.04463377616219875,0.042134933120771136,0.9440145276450095,-2.3379993355740365,350.0
,,0.004308076642564109,0.09652055042146998,0.0014161452301544902,0.10224477229418857,0.04463377616219875,0.042134933120771136,0.9440145276450095,-2.3379993355740365,350.1
,,0.004308076642564109,0.09652055042146998,0.0014161452301544902,0.10224477229418857,0.04463377616219875,0.042134933120771136,0.9440145276450095,-2.3379993355740365,350.2
,,0.004308076642564109,0.09652055042146998,0.0014161452301544902,0.10224477229418857,0.04463377616219875,0.042134933120771136,0.9440145276450095,-2.3379993355740365,350.3
,,0.009757391694043542,0.11203972366281634,0.0012290022877827287,0.12302611764464262,0.087088680470227,0.0793115468556643,0.9106986858387244,-2.188901795008691,350.4
,,0.009757391694043542,0.11203972366281634,0.0012290022877827287,0.12302611764464262,0.087088680470227,0.0793115468556643,0.9106986858387244,-2.188901795008691,350.5
,,0.009757391694043542,0.11203972366281634,0.0012290022877827287,0.12302611764464262,0.087088680470227,0.0793115468556643,0.9106986858387244,-2.188901795008691,350.6
,,0.009757391694043542,0.11203972366281634,0.0012290022877827287,0.12302611764464262,0.087088680470227,0.0793115468556643,0.9106986858387244,-2.188901795008691,350.7
,,0.009757391694043542,0.11203972366281634,0.0012290022877827287,0.12302611764464262,0.087088680470227,0.0793115468556643,0.9106986858387244,-2.188901795008691,350.8
,,0.009757391694043542,0.11203972366281634,0.0012290022877827287,0.12302611764464262,0.087088680470227,0.0793115468556643,0.9106986858387244,-2.188901795008691,350.9
,,0.01038925047216125,0.11647307923690185,0.0011512269146057514,0.11762430615150761,0.09108552260664883,,0.9902126783802414,-2.150095112190938,351.0
,,0.011021109250278958,0.11647307923690185,0.0011512269146057514,0.11762430615150761,0.09508236474307066,,0.9902126783802414,-2.150095112190938,351.1
,,0.011652968028396667,0.11647307923690185,0.0011512269146057514,0.11762430615150761,0.09907920687949251,,0.9902126783802414,-2.150095112190938,351.2
,,0.012284826806514373,0.11647307923690185,0.0011512269146057514,0.11762430615150761,0.10307604901591434,,0.9902126783802414,-2.150095112190938,351.3
,,0.012916685584632081,0.11647307923690185,0.0011512269146057514,0.11762430615150761,0.10707289115233617,,0.9902126783802414,-2.150095112190938,351.4
,,0.01354854436274979,0.12198232553171273,0.0012292946400555057,0.13676016453451803,0.11106973328875801,0.09906791505307205,0.8919433955559816,-2.1038791174348215,351.5
,,0.01354854436274979,0.12198232553171273,0.0012292946400555057,0.13676016453451803,0.11106973328875801,0.09906791505307205,0.8919433955559816,-2.1038791174348215,351.6
,,0.01354854436274979,0.12198232553171273,0.0012292946400555057,0.13676016453451803,0.11106973328875801,0.09906791505307205,0.8919433955559816,-2.1038791174348215,351.7
,,0.01354854436274979,0.12198232553171273,0.0012292946400555057,0.13676016453451803,0.11106973328875801,0.09906791505307205,0.8919433955559816,-2.1038791174348215,351.8
,,0.01354854436274979,0.12198232553171273,0.0012292946400555057,0.13676016453451803,0.11106973328875801,0.09906791505307205,0.8919433955559816,-2.1038791174348215,351.9
,,0.01354854436274979,0.12198232553171273,0.0012292946400555057,0.13676016453451803,0.11106973328875801,0.09906791505307205,0.8919433955559816,-2.1038791174348215,352.0
,,0.01610475409807543,0.12750248952541102,0.0011716452139425436,0.144778888837429,0.12630933057088098,0.11123689529182201,0.8806704523653479,-2.059619388884782,352.1
,,0.01610475409807543,0.12750248952541102,0.0011716452139425436,0.144778888837429,0.12630933057088098,0.11123689529182201,0.8806704523653479,-2.059619388884782,352.2
,,0.01610475409807543,0.12750248952541102,0.0011716452139425436,0.144778888837429,0.12630933057088098,0.11123689529182201,0.8806704523653479,-2.059619388884782,352.3
,,0.01610475409807543,0.12750248952541102,0.0011716452139425436,0.144778888837429,0.12630933057088098,0.11123689529182201,0.8806704523653479,-2.059619388884782,352.4
,,0.01610475409807543,0.12750248952541102,0.0011716452139425436,0.144778888837429,0.12630933057088098,0.11123689529182201,0.8806704523653479,-2.059619388884782,352.5
,,0.0025047288937768493,0.10722826240647305,0.0015007598528913755,0.11123375115314128,0.02335884996701808,0.02251770589241802,0.9639903473078628,-2.2327954232414133,352.6
,,0.0025047288937768493,0.10722826240647305,0.0015007598528913755,0.11123375115314128,0.02335884996701808,0.02251770589241802,0.9639903473078628,-2.2327954232414133,352.7
,,0.0025047288937768493,0.10722826240647305,0.0015007598528913755,0.11123375115314128,0.02335884996701808,0.02251770589241802,0.9639903473078628,-2.2327954232414133,352.8
,,0.0025047288937768493,0.10722826240647305,0.0015007598528913755,0.11123375115314128,0.02335884996701808,0.02251770589241802,0.9639903473078628,-2.2327954232414133,352.9
,,0.0025047288937768493,0.10722826240647305,0.0015007598528913755,0.11123375115314128,0.02335884996701808,0.02251770589241802,0.9639903473078628,-2.2327954232414133,353.0
,,0.0025047288937768493,0.10722826240647305,0.0015007598528913755,0.11123375115314128,0.02335884996701808,0.02251770589241802,0.9639903473078628,-2.2327954232414133,353.1
,,0.020433988935511203,0.14016100175062818,0.001210149132626772,0.16180513981876615,0.14578940418724298,0.12628763807131713,0.866233309446282,-1.964963504626188,353.2
,,0.020433988935511203,0.14016100175062818,0.001210149132626772,0.16180513981876615,0.14578940418724298,0.12628763807131713,0.866233309446282,-1.964963504626188,353.3
,,0.020433988935511203,0.14016100175062818,0.001210149132626772,0.16180513981876615,0.14578940418724298,0.12628763807131713,0.866233309446282,-1.964963504626188,353.4
,,0.020433988935511203,0.14016100175062818,0.001210149132626772,0.16180513981876615,0.14578940418724298,0.12628763807131713,0.866233309446282,-1.964963504626188,353.5
,,0.020433988935511203,0.14016100175062818,0.001210149132626772,0.16180513981876615,0.14578940418724298,0.12628763807131713,0.866233309446282,-1.964963504626188,353.6
,,0.023248058121399313,0.14287174969995503,0.0008139902779758876,0.16693379809933023,0.16271976909516794,0.1392651361563467,0.8558587375753733,-1.9458079063825884,353.7
,,0.023248058121399313,0.14287174969995503,0.0008139902779758876,0.16693379809933023,0.16271976909516794,0.1392651361563467,0.8558587375753733,-1.9458079063825884,353.8
,,0.023248058121399313,0.14287174969995503,0.0008139902779758876,0.16693379809933023,0.16271976909516794,0.1392651361563467,0.8558587375753733,-1.9458079063825884,353.9
,,0.023248058121399313,0.14287174969995503,0.0008139902779758876,0.16693379809933023,0.16271976909516794,0.1392651361563467,0.8558587375753733,-1.9458079063825884,354.0
,,0.024795447439128773,0.14834439296935287,0.0012045646009505083,0.17434440500943213,0.16714785737976207,0.14222106776404625,0.8508698226440209,-1.9082187289194643,354.1
,,0.023248058121399313,0.14287174969995503,0.0008139902779758876,0.16693379809933023,0.16271976909516794,0.1392651361563467,0.8558587375753733,-1.9458079063825884,354.2
,,0.024624461000859493,0.1469065190685359,0.0011936449436110784,0.17272462501300648,0.16761993379865947,0.14256485431075752,0.8505244637669561,-1.917958819193116,354.3
,,0.024624461000859493,0.1469065190685359,0.0011936449436110784,0.17272462501300648,0.16761993379865947,0.14256485431075752,0.8505244637669561,-1.917958819193116,354.4
,,0.024624461000859493,0.1469065190685359,0.0011936449436110784,0.17272462501300648,0.16761993379865947,0.14256485431075752,0.8505244637669561,-1.917958819193116,354.5
,,0.024624461000859493,0.1469065190685359,0.0011936449436110784,0.17272462501300648,0.16761993379865947,0.14256485431075752,0.8505244637669561,-1.917958819193116,354.6
,,0.024624461000859493,0.1469065190685359,0.0011936449436110784,0.17272462501300648,0.16761993379865947,0.14256485431075752,0.8505244637669561,-1.917958819193116,354.7
,,0.025581999494840805,0.13505115829678602,0.0007143085400237732,0.1613474663316506,0.18942451007063751,0.15855222320167622,0.837020632348745,-2.002101621980693,354.8
,,0.025581999494840805,0.13505115829678602,0.0007143085400237732,0.1613474663316506,0.18942451007063751,0.15855222320167622,0.837020632348745,-2.002101621980693,354.9
,,0.025581999494840805,0.13505115829678602,0.0007143085400237732,0.1613474663316506,0.18942451007063751,0.15855222320167622,0.837020632348745,-2.002101621980693,355.0
,,0.025581999494840805,0.13505115829678602,0.0007143085400237732,0.1613474663316506,0.18942451007063751,0.15855222320167622,0.837020632348745,-2.002101621980693,355.1
,,0.025581999494840805,0.13505115829678602,0.0007143085400237732,0.1613474663316506,0.18942451007063751,0.15855222320167622,0.837020632348745,-2.002101621980693,355.2
,,0.024379992512262468,0.1292347970594044,0.00097739453709756,0.15459218410876444,0.18864882420990606,0.15770520775558583,0.8359723863431565,-2.046124396810491,355.3
,,0.025581999494840805,0.13505115829678602,0.0007143085400237732,0.1613474663316506,0.18942451007063751,0.15855222320167622,0.837020632348745,-2.002101621980693,355.4
,,0.02422020518058386,0.12869028274621266,0.0009818066639705528,0.15389229459076706,0.18820539254193733,0.15738413183707883,0.8362360382527793,-2.050346670367992,355.5
,,0.02422020518058386,0.12869028274621266,0.0009818066639705528,0.15389229459076706,0.18820539254193733,0.15738413183707883,0.8362360382527793,-2.050346670367992,355.6
,,0.02422020518058386,0.12869028274621266,0.0009818066639705528,0.15389229459076706,0.18820539254193733,0.15738413183707883,0.8362360382527793,-2.050346670367992,355.7
,,0.02422020518058386,0.12869028274621266,0.0009818066639705528,0.15389229459076706,0.18820539254193733,0.15738413183707883,0.8362360382527793,-2.050346670367992,355.8
,,0.02422020518058386,0.12869028274621266,0.0009818066639705528,0.15389229459076706,0.18820539254193733,0.15738413183707883,0.8362360382527793,-2.050346670367992,355.9
,,0.025230431816421928,0.11974366119116714,0.0005812151328396897,0.14555530814042875,0.2107036945875766,0.17333913918192614,0.822667772965318,-2.122401977777601,356.0
,,0.025230431816421928,0.11974366119116714,0.0005812151328396897,0.14555530814042875,0.2107036945875766,0.17333913918192614,0.822667772965318,-2.122401977777601,356.1
,,0.025230431816421928,0.11974366119116714,0.0005812151328396897,0.14555530814042875,0.2107036945875766,0.17333913918192614,0.822667772965318,-2.122401977777601,356.2
,,0.025230431816421928,0.11974366119116714,0.0005812151328396897,0.14555530814042875,0.2107036945875766,0.17333913918192614,0.822667772965318,-2.122401977777601,356.3
,,0.025230431816421928,0.11974366119116714,0.0005812151328396897,0.14555530814042875,0.2107036945875766,0.17333913918192614,0.822667772965318,-2.122401977777601,356.4
,,0.025230431816421928,0.11974366119116714,0.0005812151328396897,0.14555530814042875,0.2107036945875766,0.17333913918192614,0.822667772965318,-2.122401977777601,356.5
,,0.025230431816421928,0.11974366119116714,0.0005812151328396897,0.14555530814042875,0.2107036945875766,0.17333913918192614,0.822667772965318,-2.122401977777601,356.6
,,0.02438194315952683,0.11936454690888547,0.0008665623071063041,0.1446130523755186,0.20426453072484158,0.1686012621890721,0.8254064550060806,-2.125573049176464,356.7
,,0.02438194315952683,0.11936454690888547,0.0008665623071063041,0.1446130523755186,0.20426453072484158,0.1686012621890721,0.8254064550060806,-2.125573049176464,356.8
,,0.02438194315952683,0.11936454690888547,0.0008665623071063041,0.1446130523755186,0.20426453072484158,0.1686012621890721,0.8254064550060806,-2.125573049176464,356.9
,,0.02438194315952683,0.11936454690888547,0.0008665623071063041,0.1446130523755186,0.20426453072484158,0.1686012621890721,0.8254064550060806,-2.125573049176464,357.0
,,0.02438194315952683,0.11936454690888547,0.0008665623071063041,0.1446130523755186,0.20426453072484158,0.1686012621890721,0.8254064550060806,-2.125573049176464,357.1
,,0.02438194315952683,0.11936454690888547,0.0008665623071063041,0.1446130523755186,0.20426453072484158,0.1686012621890721,0.8254064550060806,-2.125573049176464,357.2
,,0.025206955775957593,0.11097596778859217,0.0005163423719337955,0.13669926593648354,0.2271388686961174,0.18439715534149134,0.8118256307254529,-2.1984416075197784,357.3
,,0.025206955775957593,0.11097596778859217,0.0005163423719337955,0.13669926593648354,0.2271388686961174,0.18439715534149134,0.8118256307254529,-2.1984416075197784,357.4
,,0.025206955775957593,0.11097596778859217,0.0005163423719337955,0.13669926593648354,0.2271388686961174,0.18439715534149134,0.8118256307254529,-2.1984416075197784,357.5
,,0.025206955775957593,0.11097596778859217,0.0005163423719337955,0.13669926593648354,0.2271388686961174,0.18439715534149134,0.8118256307254529,-2.1984416075197784,357.6
,,0.024508253158980895,0.11254675993869216,0.0008075943372873504,0.13786260743496043,0.21776062831423426,0.17777302790782612,0.8163690070332411,-2.184386499794174,357.7
,,0.024508253158980895,0.11254675993869216,0.0008075943372873504,0.13786260743496043,0.21776062831423426,0.17777302790782612,0.8163690070332411,-2.184386499794174,357.8
,,0.024508253158980895,0.11254675993869216,0.0008075943372873504,0.13786260743496043,0.21776062831423426,0.17777302790782612,0.8163690070332411,-2.184386499794174,357.9
,,0.024508253158980895,0.11254675993869216,0.0008075943372873504,0.13786260743496043,0.21776062831423426,0.17777302790782612,0.8163690070332411,-2.184386499794174,358.0
,,0.024508253158980895,0.11254675993869216,0.0008075943372873504,0.13786260743496043,0.21776062831423426,0.17777302790782612,0.8163690070332411,-2.184386499794174,358.1
,,0.024508253158980895,0.11254675993869216,0.0008075943372873504,0.13786260743496043,0.21776062831423426,0.17777302790782612,0.8163690070332411,-2.184386499794174,358.2
,,0.024508253158980895,0.11254675993869216,0.0008075943372873504,0.13786260743496043,0.21776062831423426,0.17777302790782612,0.8163690070332411,-2.184386499794174,358.3
,,0.025535311848632263,0.1055167393278518,0.0005005993498102852,0.13155265052629433,0.24200247289002474,0.19410716353091148,0.8020875208953805,-2.248885672037523,358.4
,,0.025535311848632263,0.1055167393278518,0.0005005993498102852,0.13155265052629433,0.24200247289002474,0.19410716353091148,0.8020875208953805,-2.248885672037523,358.5
,,0.025535311848632263,0.1055167393278518,0.0005005993498102852,0.13155265052629433,0.24200247289002474,0.19410716353091148,0.8020875208953805,-2.248885672037523,358.6
,,0.025535311848632263,0.1055167393278518,0.0005005993498102852,0.13155265052629433,0.24200247289002474,0.19410716353091148,0.8020875208953805,-2.248885672037523,358.7
,,0.025535311848632263,0.1055167393278518,0.0005005993498102852,0.13155265052629433,0.24200247289002474,0.19410716353091148,0.8020875208953805,-2.248885672037523,358.8
,,0.02565349206252324,0.10940017430598814,0.0008218650829681474,0.11022203938895629,0.2434228087584359,,0.9925435503867978,-2.2127427957049575,358.9
,,0.025771672276414213,0.10940017430598814,0.0008218650829681474,0.11022203938895629,0.24484314462684703,,0.9925435503867978,-2.2127427957049575,359.0
,,0.02588985249030519,0.10940017430598814,0.0008218650829681474,0.11022203938895629,0.24626348049525817,,0.9925435503867978,-2.2127427957049575,359.1
,,0.026008032704196164,0.10940017430598814,0.0008218650829681474,0.11022203938895629,0.24768381636366935,,0.9925435503867978,-2.2127427957049575,359.2
,,0.02612621291808714,0.10940017430598814,0.0008218650829681474,0.11022203938895629,0.2491041522320805,,0.9925435503867978,-2.2127427957049575,359.3
,,0.026244393131978114,0.10940017430598814,0.0008218650829681474,0.11022203938895629,0.2505244881004916,,0.9925435503867978,-2.2127427957049575,359.4
,,0.02636257334586909,0.10463629667233405,0.0005411558593099149,0.13154002587751307,0.2519448239689028,0.20041484080607747,0.7954711577278302,-2.257264783027835,359.5
,,0.02636257334586909,0.10463629667233405,0.0005411558593099149,0.13154002587751307,0.2519448239689028,0.20041484080607747,0.7954711577278302,-2.257264783027835,359.6
,,0.02636257334586909,0.10463629667233405,0.0005411558593099149,0.13154002587751307,0.2519448239689028,0.20041484080607747,0.7954711577278302,-2.257264783027835,359.7
,,0.02636257334586909,0.10463629667233405,0.0005411558593099149,0.13154002587751307,0.2519448239689028,0.20041484080607747,0.7954711577278302,-2.257264783027835,359.8
,,0.02636257334586909,0.10463629667233405,0.0005411558593099149,0.13154002587751307,0.2519448239689028,0.20041484080607747,0.7954711577278302,-2.257264783027835,359.9
,,0.02636257334586909,0.10463629667233405,0.0005411558593099149,0.13154002587751307,0.2519448239689028,0.20041484080607747,0.7954711577278302,-2.257264783027835,360.0
,,0.02636257334586909,0.10463629667233405,0.0005411558593099149,0.13154002587751307,0.2519448239689028,0.20041484080607747,0.7954711577278302,-2.257264783027835,360.1
,,0.025956543856450576,0.11121342352109709,0.000866206515544572,0.13803617389309222,0.23339398280034643,0.1880416062281883,0.8056831798832014,-2.196304189333359,360.2
,,0.025956543856450576,0.11121342352109709,0.000866206515544572,0.13803617389309222,0.23339398280034643,0.1880416062281883,0.8056831798832014,-2.196304189333359,360.3
,,0.025956543856450576,0.11121342352109709,0.000866206515544572,0.13803617389309222,0.23339398280034643,0.1880416062281883,0.8056831798832014,-2.196304189333359,360.4
,,0.027446713810249938,0.11008965768706545,0.0008571884967683557,0.13839355999408376,0.24931237308656543,0.1983236345059934,0.7954825187802939,-2.2064601752963804,360.5
,,0.027446713810249938,0.11008965768706545,0.0008571884967683557,0.13839355999408376,0.24931237308656543,0.1983236345059934,0.7954825187802939,-2.2064601752963804,360.6
,,0.027446713810249938,0.11008965768706545,0.0008571884967683557,0.13839355999408376,0.24931237308656543,0.1983236345059934,0.7954825187802939,-2.2064601752963804,360.7
,,0.027446713810249938,0.11008965768706545,0.0008571884967683557,0.13839355999408376,0.24931237308656543,0.1983236345059934,0.7954825187802939,-2.2064601752963804,360.8
,,0.027446713810249938,0.11008965768706545,0.0008571884967683557,0.13839355999408376,0.24931237308656543,0.1983236345059934,0.7954825187802939,-2.2064601752963804,360.9
,,0.027446713810249938,0.11008965768706545,0.0008571884967683557,0.13839355999408376,0.24931237308656543,0.1983236345059934,0.7954825187802939,-2.2064601752963804,361.0
,,0.027446713810249938,0.11008965768706545,0.0008571884967683557,0.13839355999408376,0.24931237308656543,0.1983236345059934,0.7954825187802939,-2.2064601752963804,361.1
,,0.027446713810249938,0.11008965768706545,0.0008571884967683557,0.13839355999408376,0.24931237308656543,0.1983236345059934,0.7954825187802939,-2.2064601752963804,361.2
,,0.027446713810249938,0.11008965768706545,0.0008571884967683557,0.13839355999408376,0.24931237308656543,0.1983236345059934,0.7954825187802939,-2.2064601752963804,361.3
,,0.02675078570325254,0.11556748380483496,0.0008481955716943861,0.1431664650797819,0.23147329008588638,0.18685091992978395,0.8072245392133769,-2.1579006442761473,361.4
,,0.02675078570325254,0.11556748380483496,0.0008481955716943861,0.1431664650797819,0.23147329008588638,0.18685091992978395,0.8072245392133769,-2.1579006442761473,361.5
,,0.02675078570325254,0.11556748380483496,0.0008481955716943861,0.1431664650797819,0.23147329008588638,0.18685091992978395,0.8072245392133769,-2.1579006442761473,361.6
,,0.01199920750616403,0.11053639659364968,0.0003239511821800245,0.12285955528199373,0.10855435744187616,0.0976660503012795,0.8996971895262091,-2.202410431320316,361.7
,,0.01199920750616403,0.11053639659364968,0.0003239511821800245,0.12285955528199373,0.10855435744187616,0.0976660503012795,0.8996971895262091,-2.202410431320316,361.8
,,0.01199920750616403,0.11053639659364968,0.0003239511821800245,0.12285955528199373,0.10855435744187616,0.0976660503012795,0.8996971895262091,-2.202410431320316,361.9
,,0.01199920750616403,0.11053639659364968,0.0003239511821800245,0.12285955528199373,0.10855435744187616,0.0976660503012795,0.8996971895262091,-2.202410431320316,362.0
,,0.01199920750616403,0.11053639659364968,0.0003239511821800245,0.12285955528199373,0.10855435744187616,0.0976660503012795,0.8996971895262091,-2.202410431320316,362.1
,,0.01199920750616403,0.11053639659364968,0.0003239511821800245,0.12285955528199373,0.10855435744187616,0.0976660503012795,0.8996971895262091,-2.202410431320316,362.2
,,0.01199920750616403,0.11053639659364968,0.0003239511821800245,0.12285955528199373,0.10855435744187616,0.0976660503012795,0.8996971895262091,-2.202410431320316,362.3
,,0.01199920750616403,0.11053639659364968,0.0003239511821800245,0.12285955528199373,0.10855435744187616,0.0976660503012795,0.8996971895262091,-2.202410431320316,362.4
,,0.025556729996524186,0.11371627638313168,0.0007154030879750732,0.13998840946763094,0.22474117874224725,0.1825631857216978,0.8123263691300523,-2.1740487364644823,362.5
,,0.025556729996524186,0.11371627638313168,0.0007154030879750732,0.13998840946763094,0.22474117874224725,0.1825631857216978,0.8123263691300523,-2.1740487364644823,362.6
,,0.025556729996524186,0.11371627638313168,0.0007154030879750732,0.13998840946763094,0.22474117874224725,0.1825631857216978,0.8123263691300523,-2.1740487364644823,362.7
,,0.025556729996524186,0.11371627638313168,0.0007154030879750732,0.13998840946763094,0.22474117874224725,0.1825631857216978,0.8123263691300523,-2.1740487364644823,362.8
,,0.025904922547362784,0.11125807293263956,0.0007264679436075796,0.13788946342360994,0.23283634045186763,0.1878673098304859,0.8068642097100912,-2.195902794881902,362.9
,,0.025904922547362784,0.11125807293263956,0.0007264679436075796,0.13788946342360994,0.23283634045186763,0.1878673098304859,0.8068642097100912,-2.195902794881902,363.0
,,0.025904922547362784,0.11125807293263956,0.0007264679436075796,0.13788946342360994,0.23283634045186763,0.1878673098304859,0.8068642097100912,-2.195902794881902,363.1
,,0.025904922547362784,0.11125807293263956,0.0007264679436075796,0.13788946342360994,0.23283634045186763,0.1878673098304859,0.8068642097100912,-2.195902794881902,363.2
,,0.025904922547362784,0.11125807293263956,0.0007264679436075796,0.13788946342360994,0.23283634045186763,0.1878673098304859,0.8068642097100912,-2.195902794881902,363.3
,,0.025244380279432804,0.11412184596428143,0.0005967284045381444,0.13996295464825237,0.22120550247087614,0.1803647282445249,0.8153717978524141,-2.1704885771255182,363.4
,,0.025904922547362784,0.11125807293263956,0.0007264679436075796,0.13788946342360994,0.23283634045186763,0.1878673098304859,0.8068642097100912,-2.195902794881902,363.5
,,0.025156119044014005,0.11459914101967704,0.0005784964712572132,0.14033375653494826,0.21951402794279776,0.1792592150681095,0.8166184947178953,-2.166314970194885,363.6
,,0.025156119044014005,0.11459914101967704,0.0005784964712572132,0.14033375653494826,0.21951402794279776,0.1792592150681095,0.8166184947178953,-2.166314970194885,363.7
,,0.025156119044014005,0.11459914101967704,0.0005784964712572132,0.14033375653494826,0.21951402794279776,0.1792592150681095,0.8166184947178953,-2.166314970194885,363.8
,,0.025912097920262923,0.11263964560231243,0.0006062491361115097,0.13915799265868686,0.23004420674181314,0.1862063214997473,0.809437125746589,-2.183561532863643,363.9
,,0.025912097920262923,0.11263964560231243,0.0006062491361115097,0.13915799265868686,0.23004420674181314,0.1862063214997473,0.809437125746589,-2.183561532863643,364.0
,,0.025912097920262923,0.11263964560231243,0.0006062491361115097,0.13915799265868686,0.23004420674181314,0.1862063214997473,0.809437125746589,-2.183561532863643,364.1
,,0.025912097920262923,0.11263964560231243,0.0006062491361115097,0.13915799265868686,0.23004420674181314,0.1862063214997473,0.809437125746589,-2.183561532863643,364.2
,,0.025912097920262923,0.11263964560231243,0.0006062491361115097,0.13915799265868686,0.23004420674181314,0.1862063214997473,0.809437125746589,-2.183561532863643,364.3
,,0.025912097920262923,0.11263964560231243,0.0006062491361115097,0.13915799265868686,0.23004420674181314,0.1862063214997473,0.809437125746589,-2.183561532863643,364.4
,,0.025912097920262923,0.11263964560231243,0.0006062491361115097,0.13915799265868686,0.23004420674181314,0.1862063214997473,0.809437125746589,-2.183561532863643,364.5
,,0.025912097920262923,0.11263964560231243,0.0006062491361115097,0.13915799265868686,0.23004420674181314,0.1862063214997473,0.809437125746589,-2.183561532863643,364.6
,,0.025912097920262923,0.11263964560231243,0.0006062491361115097,0.13915799265868686,0.23004420674181314,0.1862063214997473,0.809437125746589,-2.183561532863643,364.7
,,0.02563469682383606,0.11708265333835147,0.0004956666023660991,0.14321301676455364,0.21894530139964966,0.17899697529575992,0.8175419803553104,-2.1448751548054785,364.8
,,0.02673131025732534,0.11397945363420649,0.0005346966220182,0.14124546051355003,0.23452744687752197,0.18925429645762626,0.8069601190706739,-2.171737078110141,364.9
,,0.02673131025732534,0.11397945363420649,0.0005346966220182,0.14124546051355003,0.23452744687752197,0.18925429645762626,0.8069601190706739,-2.171737078110141,365.0
,,0.02673131025732534,0.11397945363420649,0.0005346966220182,0.14124546051355003,0.23452744687752197,0.18925429645762626,0.8069601190706739,-2.171737078110141,365.1
,,0.02673131025732534,0.11397945363420649,0.0005346966220182,0.14124546051355003,0.23452744687752197,0.18925429645762626,0.8069601190706739,-2.171737078110141,365.2
,,0.02673131025732534,0.11397945363420649,0.0005346966220182,0.14124546051355003,0.23452744687752197,0.18925429645762626,0.8069601190706739,-2.171737078110141,365.3
,,0.02673131025732534,0.11397945363420649,0.0005346966220182,0.14124546051355003,0.23452744687752197,0.18925429645762626,0.8069601190706739,-2.171737078110141,365.4
,,0.02673131025732534,0.11397945363420649,0.0005346966220182,0.14124546051355003,0.23452744687752197,0.18925429645762626,0.8069601190706739,-2.171737078110141,365.5
,,0.02673131025732534,0.11397945363420649,0.0005346966220182,0.14124546051355003,0.23452744687752197,0.18925429645762626,0.8069601190706739,-2.171737078110141,365.6
,,0.02673131025732534,0.11397945363420649,0.0005346966220182,0.14124546051355003,0.23452744687752197,0.18925429645762626,0.8069601190706739,-2.171737078110141,365.7
,,0.02676216674620809,0.1189355761294641,0.0004944277600174472,0.14619217063568965,0.22501397493611885,0.1830615595201696,0.8135564005397465,-2.129173309531409,365.8
,,0.02676216674620809,0.1189355761294641,0.0004944277600174472,0.14619217063568965,0.22501397493611885,0.1830615595201696,0.8135564005397465,-2.129173309531409,365.9
,,0.02676216674620809,0.1189355761294641,0.0004944277600174472,0.14619217063568965,0.22501397493611885,0.1830615595201696,0.8135564005397465,-2.129173309531409,366.0
,,0.027743707792831074,0.11521626549784517,0.0005203151143471638,0.14348028840502342,0.2407967978562016,0.19336250366680846,0.8030111089030353,-2.1609443471295346,366.1
,,0.027743707792831074,0.11521626549784517,0.0005203151143471638,0.14348028840502342,0.2407967978562016,0.19336250366680846,0.8030111089030353,-2.1609443471295346,366.2
,,0.027743707792831074,0.11521626549784517,0.0005203151143471638,0.14348028840502342,0.2407967978562016,0.19336250366680846,0.8030111089030353,-2.1609443471295346,366.3
,,0.027743707792831074,0.11521626549784517,0.0005203151143471638,0.14348028840502342,0.2407967978562016,0.19336250366680846,0.8030111089030353,-2.1609443471295346,366.4
,,0.027743707792831074,0.11521626549784517,0.0005203151143471638,0.14348028840502342,0.2407967978562016,0.19336250366680846,0.8030111089030353,-2.1609443471295346,366.5
,,0.027743707792831074,0.11521626549784517,0.0005203151143471638,0.14348028840502342,0.2407967978562016,0.19336250366680846,0.8030111089030353,-2.1609443471295346,366.6
,,0.027743707792831074,0.11521626549784517,0.0005203151143471638,0.14348028840502342,0.2407967978562016,0.19336250366680846,0.8030111089030353,-2.1609443471295346,366.7
,,0.02763291499557797,0.11521795690043807,0.000503265383556592,0.11572122228399466,0.24162902003026038,,0.9956510536820851,-2.1609296669958695,366.8
,,0.027522122198324863,0.11521795690043807,0.000503265383556592,0.11572122228399466,0.24246124220431914,,0.9956510536820851,-2.1609296669958695,366.9
,,0.027411329401071757,0.11521795690043807,0.000503265383556592,0.11572122228399466,0.2432934643783779,,0.9956510536820851,-2.1609296669958695,367.0
,,0.02730053660381865,0.11521795690043807,0.000503265383556592,0.11572122228399466,0.2441256865524367,,0.9956510536820851,-2.1609296669958695,367.1
,,0.027189743806565546,0.11521795690043807,0.000503265383556592,0.11572122228399466,0.24495790872649548,,0.9956510536820851,-2.1609296669958695,367.2
,,0.02707895100931244,0.11017102643664925,0.00031939127730729397,0.13756936872326897,0.24579013090055424,0.19683852052693335,0.8008398051041905,-2.205721334830057,367.3
,,0.02707895100931244,0.11017102643664925,0.00031939127730729397,0.13756936872326897,0.24579013090055424,0.19683852052693335,0.8008398051041905,-2.205721334830057,367.4
,,0.02707895100931244,0.11017102643664925,0.00031939127730729397,0.13756936872326897,0.24579013090055424,0.19683852052693335,0.8008398051041905,-2.205721334830057,367.5
,,0.02707895100931244,0.11017102643664925,0.00031939127730729397,0.13756936872326897,0.24579013090055424,0.19683852052693335,0.8008398051041905,-2.205721334830057,367.6
,,0.02707895100931244,0.11017102643664925,0.00031939127730729397,0.13756936872326897,0.24579013090055424,0.19683852052693335,0.8008398051041905,-2.205721334830057,367.7
,,0.026190067621929033,0.1112979000988367,0.0005095311763376178,0.13799749889710333,0.2353150203074027,0.18978653838833293,0.8065211397912728,-2.1955448879151302,367.8
,,0.026190067621929033,0.1112979000988367,0.0005095311763376178,0.13799749889710333,0.2353150203074027,0.18978653838833293,0.8065211397912728,-2.1955448879151302,367.9
,,0.026190067621929033,0.1112979000988367,0.0005095311763376178,0.13799749889710333,0.2353150203074027,0.18978653838833293,0.8065211397912728,-2.1955448879151302,368.0
,,0.026190067621929033,0.1112979000988367,0.0005095311763376178,0.13799749889710333,0.2353150203074027,0.18978653838833293,0.8065211397912728,-2.1955448879151302,368.1
,,0.026190067621929033,0.1112979000988367,0.0005095311763376178,0.13799749889710333,0.2353150203074027,0.18978653838833293,0.8065211397912728,-2.1955448879151302,368.2
,,0.026190067621929033,0.1112979000988367,0.0005095311763376178,0.13799749889710333,0.2353150203074027,0.18978653838833293,0.8065211397912728,-2.1955448879151302,368.3
,,0.026190067621929033,0.1112979000988367,0.0005095311763376178,0.13799749889710333,0.2353150203074027,0.18978653838833293,0.8065211397912728,-2.1955448879151302,368.4
,,0.026157630773282082,0.10637106517408343,0.0003185468168437073,0.10668961199092714,0.2372563113460294,,0.9970142658605714,-2.240821682910627,368.5
,,0.02612519392463513,0.10637106517408343,0.0003185468168437073,0.10668961199092714,0.23919760238465607,,0.9970142658605714,-2.240821682910627,368.6
,,0.02609275707598818,0.10820633994610857,0.0005252336328601078,0.13482433065495686,0.24113889342328276,0.19353151578230268,0.8025727954328273,-2.2237153195903456,368.7
,,0.02609275707598818,0.10820633994610857,0.0005252336328601078,0.13482433065495686,0.24113889342328276,0.19353151578230268,0.8025727954328273,-2.2237153195903456,368.8
,,0.02609275707598818,0.10820633994610857,0.0005252336328601078,0.13482433065495686,0.24113889342328276,0.19353151578230268,0.8025727954328273,-2.2237153195903456,368.9
,,0.02609275707598818,0.10820633994610857,0.0005252336328601078,0.13482433065495686,0.24113889342328276,0.19353151578230268,0.8025727954328273,-2.2237153195903456,369.0
,,0.02609275707598818,0.10820633994610857,0.0005252336328601078,0.13482433065495686,0.24113889342328276,0.19353151578230268,0.8025727954328273,-2.2237153195903456,369.1
,,0.02609275707598818,0.10820633994610857,0.0005252336328601078,0.13482433065495686,0.24113889342328276,0.19353151578230268,0.8025727954328273,-2.2237153195903456,369.2
,,0.02609275707598818,0.10820633994610857,0.0005252336328601078,0.13482433065495686,0.24113889342328276,0.19353151578230268,0.8025727954328273,-2.2237153195903456,369.3
,,0.02609275707598818,0.10820633994610857,0.0005252336328601078,0.13482433065495686,0.24113889342328276,0.19353151578230268,0.8025727954328273,-2.2237153195903456,369.4
,,0.026982642054119113,0.10374039378341293,0.0003362546689846712,0.1310592905065167,0.26009774081302334,0.20588118514785828,0.7915531465375559,-2.265863714197445,369.5
,,0.026982642054119113,0.10374039378341293,0.0003362546689846712,0.1310592905065167,0.26009774081302334,0.20588118514785828,0.7915531465375559,-2.265863714197445,369.6
,,0.026982642054119113,0.10374039378341293,0.0003362546689846712,0.1310592905065167,0.26009774081302334,0.20588118514785828,0.7915531465375559,-2.265863714197445,369.7
,,0.025225553521955473,0.086993160418302,0.0005550856255767563,0.11277379956583423,0.28997168743680235,0.22368274917641212,0.7713951356894542,-2.4419257792995297,369.8
,,0.025225553521955473,0.086993160418302,0.0005550856255767563,0.11277379956583423,0.28997168743680235,0.22368274917641212,0.7713951356894542,-2.4419257792995297,369.9
,,0.025225553521955473,0.086993160418302,0.0005550856255767563,0.11277379956583423,0.28997168743680235,0.22368274917641212,0.7713951356894542,-2.4419257792995297,370.0
,,0.025225553521955473,0.086993160418302,0.0005550856255767563,0.11277379956583423,0.28997168743680235,0.22368274917641212,0.7713951356894542,-2.4419257792995297,370.1
,,0.025225553521955473,0.086993160418302,0.0005550856255767563,0.11277379956583423,0.28997168743680235,0.22368274917641212,0.7713951356894542,-2.4419257792995297,370.2
,,0.025225553521955473,0.086993160418302,0.0005550856255767563,0.11277379956583423,0.28997168743680235,0.22368274917641212,0.7713951356894542,-2.4419257792995297,370.3
,,0.025225553521955473,0.086993160418302,0.0005550856255767563,0.11277379956583423,0.28997168743680235,0.22368274917641212,0.7713951356894542,-2.4419257792995297,370.4
,,0.025225553521955473,0.086993160418302,0.0005550856255767563,0.11277379956583423,0.28997168743680235,0.22368274917641212,0.7713951356894542,-2.4419257792995297,370.5
,,0.025225553521955473,0.086993160418302,0.0005550856255767563,0.11277379956583423,0.28997168743680235,0.22368274917641212,0.7713951356894542,-2.4419257792995297,370.6
,,0.026390186904225715,0.08306888445760725,0.0003945933281624508,0.10985366468999543,0.31769039727135717,0.2402303735491959,0.7561776358761064,-2.4880850821655027,370.7
,,0.026390186904225715,0.08306888445760725,0.0003945933281624508,0.10985366468999543,0.31769039727135717,0.2402303735491959,0.7561776358761064,-2.4880850821655027,370.8
,,0.025719730575224743,0.08573102654885299,0.0006489081188482264,0.11209966524292596,0.3000049294938584,0.22943628350261985,0.764775045162439,-2.456540482155149,370.9
,,0.025719730575224743,0.08573102654885299,0.0006489081188482264,0.11209966524292596,0.3000049294938584,0.22943628350261985,0.764775045162439,-2.456540482155149,371.0
,,0.025719730575224743,0.08573102654885299,0.0006489081188482264,0.11209966524292596,0.3000049294938584,0.22943628350261985,0.764775045162439,-2.456540482155149,371.1
,,0.025719730575224743,0.08573102654885299,0.0006489081188482264,0.11209966524292596,0.3000049294938584,0.22943628350261985,0.764775045162439,-2.456540482155149,371.2
,,0.025719730575224743,0.08573102654885299,0.0006489081188482264,0.11209966524292596,0.3000049294938584,0.22943628350261985,0.764775045162439,-2.456540482155149,371.3
,,0.025719730575224743,0.08573102654885299,0.0006489081188482264,0.11209966524292596,0.3000049294938584,0.22943628350261985,0.764775045162439,-2.456540482155149,371.4
,,0.025719730575224743,0.08573102654885299,0.0006489081188482264,0.11209966524292596,0.3000049294938584,0.22943628350261985,0.764775045162439,-2.456540482155149,371.5
,,0.025719730575224743,0.08573102654885299,0.0006489081188482264,0.11209966524292596,0.3000049294938584,0.22943628350261985,0.764775045162439,-2.456540482155149,371.6
,,0.025719730575224743,0.08573102654885299,0.0006489081188482264,0.11209966524292596,0.3000049294938584,0.22943628350261985,0.764775045162439,-2.456540482155149,371.7
,,0.025719730575224743,0.08573102654885299,0.0006489081188482264,0.11209966524292596,0.3000049294938584,0.22943628350261985,0.764775045162439,-2.456540482155149,371.8
,,0.026630157652913624,0.08695345904337848,0.0007335589189065571,0.11431717561519866,0.30625759970777744,0.2329497515102455,0.7606333744289766,-2.442382256990626,371.9
,,0.026630157652913624,0.08695345904337848,0.0007335589189065571,0.11431717561519866,0.30625759970777744,0.2329497515102455,0.7606333744289766,-2.442382256990626,372.0
,,0.026630157652913624,0.08695345904337848,0.0007335589189065571,0.11431717561519866,0.30625759970777744,0.2329497515102455,0.7606333744289766,-2.442382256990626,372.1
,,0.026630157652913624,0.08695345904337848,0.0007335589189065571,0.11431717561519866,0.30625759970777744,0.2329497515102455,0.7606333744289766,-2.442382256990626,372.2
,,0.026630157652913624,0.08695345904337848,0.0007335589189065571,0.11431717561519866,0.30625759970777744,0.2329497515102455,0.7606333744289766,-2.442382256990626,372.3
,,0.026630157652913624,0.08695345904337848,0.0007335589189065571,0.11431717561519866,0.30625759970777744,0.2329497515102455,0.7606333744289766,-2.442382256990626,372.4
,,0.026630157652913624,0.08695345904337848,0.0007335589189065571,0.11431717561519866,0.30625759970777744,0.2329497515102455,0.7606333744289766,-2.442382256990626,372.5
,,0.026630157652913624,0.08695345904337848,0.0007335589189065571,0.11431717561519866,0.30625759970777744,0.2329497515102455,0.7606333744289766,-2.442382256990626,372.6
,,0.026630157652913624,0.08695345904337848,0.0007335589189065571,0.11431717561519866,0.30625759970777744,0.2329497515102455,0.7606333744289766,-2.442382256990626,372.7
,,0.026630157652913624,0.08695345904337848,0.0007335589189065571,0.11431717561519866,0.30625759970777744,0.2329497515102455,0.7606333744289766,-2.442382256990626,372.8
,,0.025730211968306625,0.09952575234517233,0.0007095608430165927,0.12596552515649556,0.25852818353052837,0.20426392011893912,0.7901031033810616,-2.307338850765651,372.9
,,0.02559101738485081,0.09442974902896065,0.0006547153814869881,0.12067548179529845,0.2710058815999003,0.21206476248639136,0.7825098157813168,-2.3598991174575867,373.0
,,0.02559101738485081,0.09442974902896065,0.0006547153814869881,0.12067548179529845,0.2710058815999003,0.21206476248639136,0.7825098157813168,-2.3598991174575867,373.1
,,0.02559101738485081,0.09442974902896065,0.0006547153814869881,0.12067548179529845,0.2710058815999003,0.21206476248639136,0.7825098157813168,-2.3598991174575867,373.2
,,0.02559101738485081,0.09442974902896065,0.0006547153814869881,0.12067548179529845,0.2710058815999003,0.21206476248639136,0.7825098157813168,-2.3598991174575867,373.3
,,0.02559101738485081,0.09442974902896065,0.0006547153814869881,0.12067548179529845,0.2710058815999003,0.21206476248639136,0.7825098157813168,-2.3598991174575867,373.4
,,0.02559101738485081,0.09442974902896065,0.0006547153814869881,0.12067548179529845,0.2710058815999003,0.21206476248639136,0.7825098157813168,-2.3598991174575867,373.5
,,0.02559101738485081,0.09442974902896065,0.0006547153814869881,0.12067548179529845,0.2710058815999003,0.21206476248639136,0.7825098157813168,-2.3598991174575867,373.6
,,0.02559101738485081,0.09442974902896065,0.0006547153814869881,0.12067548179529845,0.2710058815999003,0.21206476248639136,0.7825098157813168,-2.3598991174575867,373.7
,,0.0247381187823786,0.0922640943725756,0.0006309073557095281,0.11763312051066373,0.26812292420584044,0.21029892495401437,0.7843377270962699,-2.383100223205303,373.8
,,0.0247381187823786,0.0922640943725756,0.0006309073557095281,0.11763312051066373,0.26812292420584044,0.21029892495401437,0.7843377270962699,-2.383100223205303,373.9
,,0.0247381187823786,0.0922640943725756,0.0006309073557095281,0.11763312051066373,0.26812292420584044,0.21029892495401437,0.7843377270962699,-2.383100223205303,374.0
,,0.0247381187823786,0.0922640943725756,0.0006309073557095281,0.11763312051066373,0.26812292420584044,0.21029892495401437,0.7843377270962699,-2.383100223205303,374.1
,,0.024994849755805428,0.0886361336475997,0.0003806458233323299,0.11401162922673747,0.28199390843445593,0.2192307041424486,0.7774306379862974,-2.423215675531056,374.2
,,0.024994849755805428,0.0886361336475997,0.0003806458233323299,0.11401162922673747,0.28199390843445593,0.2192307041424486,0.7774306379862974,-2.423215675531056,374.3
,,0.024994849755805428,0.0886361336475997,0.0003806458233323299,0.11401162922673747,0.28199390843445593,0.2192307041424486,0.7774306379862974,-2.423215675531056,374.4
,,0.024994849755805428,0.0886361336475997,0.0003806458233323299,0.11401162922673747,0.28199390843445593,0.2192307041424486,0.7774306379862974,-2.423215675531056,374.5
,,0.024994849755805428,0.0886361336475997,0.0003806458233323299,0.11401162922673747,0.28199390843445593,0.2192307041424486,0.7774306379862974,-2.423215675531056,374.6
,,0.024994849755805428,0.0886361336475997,0.0003806458233323299,0.11401162922673747,0.28199390843445593,0.2192307041424486,0.7774306379862974,-2.423215675531056,374.7
,,0.025017099513448958,0.08884285467442657,0.0005800262546978984,0.08942288092912447,0.2835275017994563,,0.9935136706772216,-2.4208861477118395,374.8
,,0.025039349271092484,0.08884285467442657,0.0005800262546978984,0.08942288092912447,0.2850610951644567,,0.9935136706772216,-2.4208861477118395,374.9
,,0.025061599028736014,0.08884285467442657,0.0005800262546978984,0.08942288092912447,0.2865946885294571,,0.9935136706772216,-2.4208861477118395,375.0
,,0.025083848786379544,0.08884285467442657,0.0005800262546978984,0.08942288092912447,0.2881282818944575,,0.9935136706772216,-2.4208861477118395,375.1
,,0.025106098544023073,0.08884285467442657,0.0005800262546978984,0.08942288092912447,0.28966187525945786,,0.9935136706772216,-2.4208861477118395,375.2
,,0.0251283483016666,0.08884285467442657,0.0005800262546978984,0.08942288092912447,0.2911954686244583,,0.9935136706772216,-2.4208861477118395,375.3
,,0.02515059805931013,0.08591766696610334,0.000313641702827101,0.11138190672824058,0.29272906198945864,0.2258050593502119,0.7713790281551999,-2.454365802150497,375.4
,,0.02515059805931013,0.08591766696610334,0.000313641702827101,0.11138190672824058,0.29272906198945864,0.2258050593502119,0.7713790281551999,-2.454365802150497,375.5
,,0.02515059805931013,0.08591766696610334,0.000313641702827101,0.11138190672824058,0.29272906198945864,0.2258050593502119,0.7713790281551999,-2.454365802150497,375.6
,,0.02515059805931013,0.08591766696610334,0.000313641702827101,0.11138190672824058,0.29272906198945864,0.2258050593502119,0.7713790281551999,-2.454365802150497,375.7
,,0.02625101122255017,0.08934432925288661,0.0004726747593956763,0.11606801523483247,0.29381843752217807,0.22616920922993553,0.7697583961621326,-2.415257506062461,375.8
,,0.02625101122255017,0.08934432925288661,0.0004726747593956763,0.11606801523483247,0.29381843752217807,0.22616920922993553,0.7697583961621326,-2.415257506062461,375.9
,,0.02625101122255017,0.08934432925288661,0.0004726747593956763,0.11606801523483247,0.29381843752217807,0.22616920922993553,0.7697583961621326,-2.415257506062461,376.0
,,0.02625101122255017,0.08934432925288661,0.0004726747593956763,0.11606801523483247,0.29381843752217807,0.22616920922993553,0.7697583961621326,-2.415257506062461,376.1
,,0.02625101122255017,0.08934432925288661,0.0004726747593956763,0.11606801523483247,0.29381843752217807,0.22616920922993553,0.7697583961621326,-2.415257506062461,376.2
,,0.02625101122255017,0.08934432925288661,0.0004726747593956763,0.11606801523483247,0.29381843752217807,0.22616920922993553,0.7697583961621326,-2.415257506062461,376.3
,,0.02625101122255017,0.08934432925288661,0.0004726747593956763,0.11606801523483247,0.29381843752217807,0.22616920922993553,0.7697583961621326,-2.415257506062461,376.4
,,0.02625101122255017,0.08934432925288661,0.0004726747593956763,0.11606801523483247,0.29381843752217807,0.22616920922993553,0.7697583961621326,-2.415257506062461,376.5
,,0.02592108761982647,0.08575037043402209,0.0002789380806328006,0.11195039613448136,0.30228543023928545,0.23154082982152688,0.7659675480827574,-2.456314873015132,376.6
,,0.025897337126134026,0.08958228916872615,0.0004645474226204927,0.11594417371748067,0.2890899235378658,0.22336040092223744,0.7726329516738797,-2.4125976440672674,376.7
,,0.025897337126134026,0.08958228916872615,0.0004645474226204927,0.11594417371748067,0.2890899235378658,0.22336040092223744,0.7726329516738797,-2.4125976440672674,376.8
,,0.025897337126134026,0.08958228916872615,0.0004645474226204927,0.11594417371748067,0.2890899235378658,0.22336040092223744,0.7726329516738797,-2.4125976440672674,376.9
,,0.025897337126134026,0.08958228916872615,0.0004645474226204927,0.11594417371748067,0.2890899235378658,0.22336040092223744,0.7726329516738797,-2.4125976440672674,377.0
,,0.025897337126134026,0.08958228916872615,0.0004645474226204927,0.11594417371748067,0.2890899235378658,0.22336040092223744,0.7726329516738797,-2.4125976440672674,377.1
,,0.025897337126134026,0.08958228916872615,0.0004645474226204927,0.11594417371748067,0.2890899235378658,0.22336040092223744,0.7726329516738797,-2.4125976440672674,377.2
,,0.025897337126134026,0.08958228916872615,0.0004645474226204927,0.11594417371748067,0.2890899235378658,0.22336040092223744,0.7726329516738797,-2.4125976440672674,377.3
,,0.025897337126134026,0.08958228916872615,0.0004645474226204927,0.11594417371748067,0.2890899235378658,0.22336040092223744,0.7726329516738797,-2.4125976440672674,377.4
,,0.025897337126134026,0.08958228916872615,0.0004645474226204927,0.11594417371748067,0.2890899235378658,0.22336040092223744,0.7726329516738797,-2.4125976440672674,377.5
,,0.025897337126134026,0.08958228916872615,0.0004645474226204927,0.11594417371748067,0.2890899235378658,0.22336040092223744,0.7726329516738797,-2.4125976440672674,377.6
,,0.02599950845077593,0.09514017192766491,0.000535575891194655,0.1216752562696355,0.2732758194986589,0.21367950434524133,0.7819188127850073,-2.352403980877838,377.7
,,0.02734902878272556,0.09367978174630316,0.0005028371170817537,0.12153164764611048,0.29194163642257653,0.22503627090092235,0.7708262297166454,-2.3678728894743903,377.8
,,0.02734902878272556,0.09367978174630316,0.0005028371170817537,0.12153164764611048,0.29194163642257653,0.22503627090092235,0.7708262297166454,-2.3678728894743903,377.9
,,0.02734902878272556,0.09367978174630316,0.0005028371170817537,0.12153164764611048,0.29194163642257653,0.22503627090092235,0.7708262297166454,-2.3678728894743903,378.0
,,0.02734902878272556,0.09367978174630316,0.0005028371170817537,0.12153164764611048,0.29194163642257653,0.22503627090092235,0.7708262297166454,-2.3678728894743903,378.1
,,0.02734902878272556,0.09367978174630316,0.0005028371170817537,0.12153164764611048,0.29194163642257653,0.22503627090092235,0.7708262297166454,-2.3678728894743903,378.2
,,0.02734902878272556,0.09367978174630316,0.0005028371170817537,0.12153164764611048,0.29194163642257653,0.22503627090092235,0.7708262297166454,-2.3678728894743903,378.3
,,0.02734902878272556,0.09367978174630316,0.0005028371170817537,0.12153164764611048,0.29194163642257653,0.22503627090092235,0.7708262297166454,-2.3678728894743903,378.4
,,0.026819134363080185,0.09716268783207525,0.0005690751667903701,0.12455089736194581,0.27602297714768115,0.21532670523555994,0.7801042777694309,-2.3313685112530864,378.5
,,0.02734902878272556,0.09367978174630316,0.0005028371170817537,0.12153164764611048,0.29194163642257653,0.22503627090092235,0.7708262297166454,-2.3678728894743903,378.6
,,0.02662720804058711,0.09753833915994486,0.000584548676169685,0.12475009587670165,0.27299222305726784,0.213444389388722,0.7818698532813003,-2.3275097561166245,378.7
,,0.02662720804058711,0.09753833915994486,0.000584548676169685,0.12475009587670165,0.27299222305726784,0.213444389388722,0.7818698532813003,-2.3275097561166245,378.8
,,0.0267967865118072,0.08524328620268468,0.00024842331619486657,0.11228849603068675,0.31435656349629626,0.23864231385273915,0.7591453195649621,-2.462245920140495,378.9
,,0.0267967865118072,0.08524328620268468,0.00024842331619486657,0.11228849603068675,0.31435656349629626,0.23864231385273915,0.7591453195649621,-2.462245920140495,379.0
,,0.0267967865118072,0.08524328620268468,0.00024842331619486657,0.11228849603068675,0.31435656349629626,0.23864231385273915,0.7591453195649621,-2.462245920140495,379.1
,,0.0267967865118072,0.08524328620268468,0.00024842331619486657,0.11228849603068675,0.31435656349629626,0.23864231385273915,0.7591453195649621,-2.462245920140495,379.2
,,0.0267967865118072,0.08524328620268468,0.00024842331619486657,0.11228849603068675,0.31435656349629626,0.23864231385273915,0.7591453195649621,-2.462245920140495,379.3
,,0.0267967865118072,0.08524328620268468,0.00024842331619486657,0.11228849603068675,0.31435656349629626,0.23864231385273915,0.7591453195649621,-2.462245920140495,379.4
,,0.026056563148829207,0.09481807530976208,0.0006025776919072556,0.12147721615049854,0.27480586442727056,0.21449753274348698,0.780542049895938,-2.355795220071466,379.5
,,0.0267967865118072,0.08524328620268468,0.00024842331619486657,0.11228849603068675,0.31435656349629626,0.23864231385273915,0.7591453195649621,-2.462245920140495,379.6
,,0.025894616088667298,0.09525419844751815,0.0006179933877005037,0.12176680792388596,0.2718475039494911,0.21265742717714597,0.7822673524221779,-2.3512061877575747,379.7
,,0.025894616088667298,0.09525419844751815,0.0006179933877005037,0.12176680792388596,0.2718475039494911,0.21265742717714597,0.7822673524221779,-2.3512061877575747,379.8
,,0.025894616088667298,0.09525419844751815,0.0006179933877005037,0.12176680792388596,0.2718475039494911,0.21265742717714597,0.7822673524221779,-2.3512061877575747,379.9
,,0.025894616088667298,0.09525419844751815,0.0006179933877005037,0.12176680792388596,0.2718475039494911,0.21265742717714597,0.7822673524221779,-2.3512061877575747,380.0
,,0.025894616088667298,0.09525419844751815,0.0006179933877005037,0.12176680792388596,0.2718475039494911,0.21265742717714597,0.7822673524221779,-2.3512061877575747,380.1
,,0.02657409165922569,0.09154816566396905,0.0004128526555602931,0.11853510997875502,0.2902744305851729,0.22418751426466427,0.7723295290347069,-2.3908900445017918,380.2
,,0.02657409165922569,0.09154816566396905,0.0004128526555602931,0.11853510997875502,0.2902744305851729,0.22418751426466427,0.7723295290347069,-2.3908900445017918,380.3
,,0.02657409165922569,0.09154816566396905,0.0004128526555602931,0.11853510997875502,0.2902744305851729,0.22418751426466427,0.7723295290347069,-2.3908900445017918,380.4
,,0.02657409165922569,0.09154816566396905,0.0004128526555602931,0.11853510997875502,0.2902744305851729,0.22418751426466427,0.7723295290347069,-2.3908900445017918,380.5
,,0.02657409165922569,0.09154816566396905,0.0004128526555602931,0.11853510997875502,0.2902744305851729,0.22418751426466427,0.7723295290347069,-2.3908900445017918,380.6
,,0.023046892121222594,0.08446019416182327,0.0005926782990632541,0.10809976458210913,0.27287282902837545,0.21320020640486143,0.781317096187291,-2.471474930617707,380.7
,,0.023046892121222594,0.08446019416182327,0.0005926782990632541,0.10809976458210913,0.27287282902837545,0.21320020640486143,0.781317096187291,-2.471474930617707,380.8
,,0.023046892121222594,0.08446019416182327,0.0005926782990632541,0.10809976458210913,0.27287282902837545,0.21320020640486143,0.781317096187291,-2.471474930617707,380.9
,,0.023046892121222594,0.08446019416182327,0.0005926782990632541,0.10809976458210913,0.27287282902837545,0.21320020640486143,0.781317096187291,-2.471474930617707,381.0
,,0.023046892121222594,0.08446019416182327,0.0005926782990632541,0.10809976458210913,0.27287282902837545,0.21320020640486143,0.781317096187291,-2.471474930617707,381.1
,,0.023046892121222594,0.08446019416182327,0.0005926782990632541,0.10809976458210913,0.27287282902837545,0.21320020640486143,0.781317096187291,-2.471474930617707,381.2
,,0.023046892121222594,0.08446019416182327,0.0005926782990632541,0.10809976458210913,0.27287282902837545,0.21320020640486143,0.781317096187291,-2.471474930617707,381.3
,,0.021236400641907714,0.08250566961739197,0.0003109210859942724,0.08281659070338625,0.2753959940820045,,0.9962456666791819,-2.4948882653677398,381.4
,,0.019425909162592833,0.08250566961739197,0.0003109210859942724,0.08281659070338625,0.2779191591356335,,0.9962456666791819,-2.4948882653677398,381.5
,,0.017615417683277953,0.0628129785124367,0.0004904788530978562,0.08091887504881251,0.2804423241892625,0.21769232052042053,0.7762463142813857,-2.767593562649315,381.6
,,0.017615417683277953,0.0628129785124367,0.0004904788530978562,0.08091887504881251,0.2804423241892625,0.21769232052042053,0.7762463142813857,-2.767593562649315,381.7
,,0.017615417683277953,0.0628129785124367,0.0004904788530978562,0.08091887504881251,0.2804423241892625,0.21769232052042053,0.7762463142813857,-2.767593562649315,381.8
,,0.017615417683277953,0.0628129785124367,0.0004904788530978562,0.08091887504881251,0.2804423241892625,0.21769232052042053,0.7762463142813857,-2.767593562649315,381.9
,,0.017615417683277953,0.0628129785124367,0.0004904788530978562,0.08091887504881251,0.2804423241892625,0.21769232052042053,0.7762463142813857,-2.767593562649315,382.0
,,0.017615417683277953,0.0628129785124367,0.0004904788530978562,0.08091887504881251,0.2804423241892625,0.21769232052042053,0.7762463142813857,-2.767593562649315,382.1
,,0.017615417683277953,0.0628129785124367,0.0004904788530978562,0.08091887504881251,0.2804423241892625,0.21769232052042053,0.7762463142813857,-2.767593562649315,382.2
,,0.017615417683277953,0.0628129785124367,0.0004904788530978562,0.08091887504881251,0.2804423241892625,0.21769232052042053,0.7762463142813857,-2.767593562649315,382.3
,,0.017615417683277953,0.0628129785124367,0.0004904788530978562,0.08091887504881251,0.2804423241892625,0.21769232052042053,0.7762463142813857,-2.767593562649315,382.4
,,0.017615417683277953,0.0628129785124367,0.0004904788530978562,0.08091887504881251,0.2804423241892625,0.21769232052042053,0.7762463142813857,-2.767593562649315,382.5
,,0.013668217463224417,0.04598469499773427,0.0004187951346074756,0.06007170759556617,0.29723405719876733,0.2275316952074333,0.765496717811437,-3.0794466552963295,382.6
,,0.013668217463224417,0.04598469499773427,0.0004187951346074756,0.06007170759556617,0.29723405719876733,0.2275316952074333,0.765496717811437,-3.0794466552963295,382.7
,,0.013668217463224417,0.04598469499773427,0.0004187951346074756,0.06007170759556617,0.29723405719876733,0.2275316952074333,0.765496717811437,-3.0794466552963295,382.8
,,0.013668217463224417,0.04598469499773427,0.0004187951346074756,0.06007170759556617,0.29723405719876733,0.2275316952074333,0.765496717811437,-3.0794466552963295,382.9
,,0.013668217463224417,0.04598469499773427,0.0004187951346074756,0.06007170759556617,0.29723405719876733,0.2275316952074333,0.765496717811437,-3.0794466552963295,383.0
,,0.013668217463224417,0.04598469499773427,0.0004187951346074756,0.06007170759556617,0.29723405719876733,0.2275316952074333,0.765496717811437,-3.0794466552963295,383.1
,,0.013668217463224417,0.04598469499773427,0.0004187951346074756,0.06007170759556617,0.29723405719876733,0.2275316952074333,0.765496717811437,-3.0794466552963295,383.2
,,0.013668217463224417,0.04598469499773427,0.0004187951346074756,0.06007170759556617,0.29723405719876733,0.2275316952074333,0.765496717811437,-3.0794466552963295,383.3
,,0.013668217463224417,0.04598469499773427,0.0004187951346074756,0.06007170759556617,0.29723405719876733,0.2275316952074333,0.765496717811437,-3.0794466552963295,383.4
,,0.013668217463224417,0.04598469499773427,0.0004187951346074756,0.06007170759556617,0.29723405719876733,0.2275316952074333,0.765496717811437,-3.0794466552963295,383.5
,,0.013668217463224417,0.04598469499773427,0.0004187951346074756,0.06007170759556617,0.29723405719876733,0.2275316952074333,0.765496717811437,-3.0794466552963295,383.6
,,0.017967375661067594,0.04960625043069937,0.00046180906868266945,0.06803543516044963,0.3621998337924829,0.2640884947482836,0.7291237325624762,-3.0036384364427273,383.7
,,0.017967375661067594,0.04960625043069937,0.00046180906868266945,0.06803543516044963,0.3621998337924829,0.2640884947482836,0.7291237325624762,-3.0036384364427273,383.8
,,0.017967375661067594,0.04960625043069937,0.00046180906868266945,0.06803543516044963,0.3621998337924829,0.2640884947482836,0.7291237325624762,-3.0036384364427273,383.9
,,0.017967375661067594,0.04960625043069937,0.00046180906868266945,0.06803543516044963,0.3621998337924829,0.2640884947482836,0.7291237325624762,-3.0036384364427273,384.0
,,0.017967375661067594,0.04960625043069937,0.00046180906868266945,0.06803543516044963,0.3621998337924829,0.2640884947482836,0.7291237325624762,-3.0036384364427273,384.1
,,0.017967375661067594,0.04960625043069937,0.00046180906868266945,0.06803543516044963,0.3621998337924829,0.2640884947482836,0.7291237325624762,-3.0036384364427273,384.2
,,0.017967375661067594,0.04960625043069937,0.00046180906868266945,0.06803543516044963,0.3621998337924829,0.2640884947482836,0.7291237325624762,-3.0036384364427273,384.3
,,0.017967375661067594,0.04960625043069937,0.00046180906868266945,0.06803543516044963,0.3621998337924829,0.2640884947482836,0.7291237325624762,-3.0036384364427273,384.4
,,0.017967375661067594,0.04960625043069937,0.00046180906868266945,0.06803543516044963,0.3621998337924829,0.2640884947482836,0.7291237325624762,-3.0036384364427273,384.5
,,0.017967375661067594,0.04960625043069937,0.00046180906868266945,0.06803543516044963,0.3621998337924829,0.2640884947482836,0.7291237325624762,-3.0036384364427273,384.6
,,0.010332398978612104,0.03259414102145145,0.0003465995231588051,0.04327313952322236,0.3170017265315247,0.23877165124724223,0.7532187722122619,-3.4236227300299973,384.7
,,0.010332398978612104,0.03259414102145145,0.0003465995231588051,0.04327313952322236,0.3170017265315247,0.23877165124724223,0.7532187722122619,-3.4236227300299973,384.8
,,0.009545555438213504,0.028525749597772584,0.00032558971788143246,0.03839689475386752,0.33462943385574917,0.24860227628829362,0.7429181391002806,-3.556948104954469,384.9
,,0.009545555438213504,0.028525749597772584,0.00032558971788143246,0.03839689475386752,0.33462943385574917,0.24860227628829362,0.7429181391002806,-3.556948104954469,385.0
,,0.009545555438213504,0.028525749597772584,0.00032558971788143246,0.03839689475386752,0.33462943385574917,0.24860227628829362,0.7429181391002806,-3.556948104954469,385.1
,,0.009545555438213504,0.028525749597772584,0.00032558971788143246,0.03839689475386752,0.33462943385574917,0.24860227628829362,0.7429181391002806,-3.556948104954469,385.2
,,0.009545555438213504,0.028525749597772584,0.00032558971788143246,0.03839689475386752,0.33462943385574917,0.24860227628829362,0.7429181391002806,-3.556948104954469,385.3
,,0.009545555438213504,0.028525749597772584,0.00032558971788143246,0.03839689475386752,0.33462943385574917,0.24860227628829362,0.7429181391002806,-3.556948104954469,385.4
,,0.009545555438213504,0.028525749597772584,0.00032558971788143246,0.03839689475386752,0.33462943385574917,0.24860227628829362,0.7429181391002806,-3.556948104954469,385.5
,,0.009545555438213504,0.028525749597772584,0.00032558971788143246,0.03839689475386752,0.33462943385574917,0.24860227628829362,0.7429181391002806,-3.556948104954469,385.6
,,0.009082590875273825,0.026968602945353703,0.000303602358322607,0.036354796178950134,0.3367838850858466,0.24983198449432525,0.7418169204581829,-3.613081943492771,385.7
,,0.009082590875273825,0.026968602945353703,0.000303602358322607,0.036354796178950134,0.3367838850858466,0.24983198449432525,0.7418169204581829,-3.613081943492771,385.8
,,0.009082590875273825,0.026968602945353703,0.000303602358322607,0.036354796178950134,0.3367838850858466,0.24983198449432525,0.7418169204581829,-3.613081943492771,385.9
,,0.009082590875273825,0.026968602945353703,0.000303602358322607,0.036354796178950134,0.3367838850858466,0.24983198449432525,0.7418169204581829,-3.613081943492771,386.0
,,0.008137317877817475,0.02415873430280598,0.000279843611254607,0.03257589579187806,0.33682716055502726,0.24979567499249863,0.7416138133898784,-3.7231092954167204,386.1
,,0.008137317877817475,0.02415873430280598,0.000279843611254607,0.03257589579187806,0.33682716055502726,0.24979567499249863,0.7416138133898784,-3.7231092954167204,386.2
,,0.008137317877817475,0.02415873430280598,0.000279843611254607,0.03257589579187806,0.33682716055502726,0.24979567499249863,0.7416138133898784,-3.7231092954167204,386.3
,,0.008137317877817475,0.02415873430280598,0.000279843611254607,0.03257589579187806,0.33682716055502726,0.24979567499249863,0.7416138133898784,-3.7231092954167204,386.4
,,0.008137317877817475,0.02415873430280598,0.000279843611254607,0.03257589579187806,0.33682716055502726,0.24979567499249863,0.7416138133898784,-3.7231092954167204,386.5
,,0.008137317877817475,0.02415873430280598,0.000279843611254607,0.03257589579187806,0.33682716055502726,0.24979567499249863,0.7416138133898784,-3.7231092954167204,386.6
,,0.007818515284300175,0.023114812447297857,0.0002600751052004249,0.031193402836798455,0.33824697051410285,0.25064643717154106,0.7410160593325718,-3.7672816354706975,386.7
,,0.007818515284300175,0.023114812447297857,0.0002600751052004249,0.031193402836798455,0.33824697051410285,0.25064643717154106,0.7410160593325718,-3.7672816354706975,386.8
,,0.007818515284300175,0.023114812447297857,0.0002600751052004249,0.031193402836798455,0.33824697051410285,0.25064643717154106,0.7410160593325718,-3.7672816354706975,386.9
,,0.007818515284300175,0.023114812447297857,0.0002600751052004249,0.031193402836798455,0.33824697051410285,0.25064643717154106,0.7410160593325718,-3.7672816354706975,387.0
,,0.007818515284300175,0.023114812447297857,0.0002600751052004249,0.031193402836798455,0.33824697051410285,0.25064643717154106,0.7410160593325718,-3.7672816354706975,387.1
,,0.00681003928595723,0.02186620814051838,0.0001579448166278716,0.028834192243103483,0.3114412541120074,0.236179298124297,0.7583430101374976,-3.8228128411036706,387.2
,,0.00681003928595723,0.02186620814051838,0.0001579448166278716,0.028834192243103483,0.3114412541120074,0.236179298124297,0.7583430101374976,-3.8228128411036706,387.3
,,0.00681003928595723,0.02186620814051838,0.0001579448166278716,0.028834192243103483,0.3114412541120074,0.236179298124297,0.7583430101374976,-3.8228128411036706,387.4
,,0.00681003928595723,0.02186620814051838,0.0001579448166278716,0.028834192243103483,0.3114412541120074,0.236179298124297,0.7583430101374976,-3.8228128411036706,387.5
,,0.00681003928595723,0.02186620814051838,0.0001579448166278716,0.028834192243103483,0.3114412541120074,0.236179298124297,0.7583430101374976,-3.8228128411036706,387.6
,,0.00681003928595723,0.02186620814051838,0.0001579448166278716,0.028834192243103483,0.3114412541120074,0.236179298124297,0.7583430101374976,-3.8228128411036706,387.7
,,0.006574826614152041,0.021437388245540104,0.00022219644329929817,0.028234411302991442,0.30669905022221566,0.23286572344631942,0.75926457312991,-3.8426187671055962,387.8
,,0.006574826614152041,0.021437388245540104,0.00022219644329929817,0.028234411302991442,0.30669905022221566,0.23286572344631942,0.75926457312991,-3.8426187671055962,387.9
,,0.006574826614152041,0.021437388245540104,0.00022219644329929817,0.028234411302991442,0.30669905022221566,0.23286572344631942,0.75926457312991,-3.8426187671055962,388.0
,,0.006574826614152041,0.021437388245540104,0.00022219644329929817,0.028234411302991442,0.30669905022221566,0.23286572344631942,0.75926457312991,-3.8426187671055962,388.1
,,0.006574826614152041,0.021437388245540104,0.00022219644329929817,0.028234411302991442,0.30669905022221566,0.23286572344631942,0.75926457312991,-3.8426187671055962,388.2
,,0.012433715184951703,0.04341370570097647,0.000401179220057715,0.05624860010598589,0.2864006880820598,0.22104932676588562,0.771818420710464,-3.136980088168294,388.3
,,0.012433715184951703,0.04341370570097647,0.000401179220057715,0.05624860010598589,0.2864006880820598,0.22104932676588562,0.771818420710464,-3.136980088168294,388.4
,,0.012433715184951703,0.04341370570097647,0.000401179220057715,0.05624860010598589,0.2864006880820598,0.22104932676588562,0.771818420710464,-3.136980088168294,388.5
,,0.012433715184951703,0.04341370570097647,0.000401179220057715,0.05624860010598589,0.2864006880820598,0.22104932676588562,0.771818420710464,-3.136980088168294,388.6
,,0.012433715184951703,0.04341370570097647,0.000401179220057715,0.05624860010598589,0.2864006880820598,0.22104932676588562,0.771818420710464,-3.136980088168294,388.7
,,0.012433715184951703,0.04341370570097647,0.000401179220057715,0.05624860010598589,0.2864006880820598,0.22104932676588562,0.771818420710464,-3.136980088168294,388.8
,,0.005455885716669228,0.021397505487023374,0.00020736942021725569,0.027060760623909857,0.25497765241738,0.2016161257436576,0.7907207703584411,-3.844480929775624,388.9
,,0.005455885716669228,0.021397505487023374,0.00020736942021725569,0.027060760623909857,0.25497765241738,0.2016161257436576,0.7907207703584411,-3.844480929775624,389.0
,,0.005455885716669228,0.021397505487023374,0.00020736942021725569,0.027060760623909857,0.25497765241738,0.2016161257436576,0.7907207703584411,-3.844480929775624,389.1
,,0.005455885716669228,0.021397505487023374,0.00020736942021725569,0.027060760623909857,0.25497765241738,0.2016161257436576,0.7907207703584411,-3.844480929775624,389.2
,,0.005455885716669228,0.021397505487023374,0.00020736942021725569,0.027060760623909857,0.25497765241738,0.2016161257436576,0.7907207703584411,-3.844480929775624,389.3
,,0.005455885716669228,0.021397505487023374,0.00020736942021725569,0.027060760623909857,0.25497765241738,0.2016161257436576,0.7907207703584411,-3.844480929775624,389.4
,,0.004633233280670163,0.021630990145683034,0.0001729876214818551,0.026437211047835054,0.21419423010531174,0.17525423813755797,0.8182024233397494,-3.833628263565435,389.5
,,0.004633233280670163,0.021630990145683034,0.0001729876214818551,0.026437211047835054,0.21419423010531174,0.17525423813755797,0.8182024233397494,-3.833628263565435,389.6
,,0.004633233280670163,0.021630990145683034,0.0001729876214818551,0.026437211047835054,0.21419423010531174,0.17525423813755797,0.8182024233397494,-3.833628263565435,389.7
,,0.004633233280670163,0.021630990145683034,0.0001729876214818551,0.026437211047835054,0.21419423010531174,0.17525423813755797,0.8182024233397494,-3.833628263565435,389.8
,,0.004368474665404845,0.02175338178696784,0.00020672682682424884,0.026328583279196936,0.20081818579683733,0.16592137218627018,0.8262268256627348,-3.827986049075608,389.9
,,0.004368474665404845,0.02175338178696784,0.00020672682682424884,0.026328583279196936,0.20081818579683733,0.16592137218627018,0.8262268256627348,-3.827986049075608,390.0
,,0.004368474665404845,0.02175338178696784,0.00020672682682424884,0.026328583279196936,0.20081818579683733,0.16592137218627018,0.8262268256627348,-3.827986049075608,390.1
,,0.004368474665404845,0.02175338178696784,0.00020672682682424884,0.026328583279196936,0.20081818579683733,0.16592137218627018,0.8262268256627348,-3.827986049075608,390.2
,,0.004368474665404845,0.02175338178696784,0.00020672682682424884,0.026328583279196936,0.20081818579683733,0.16592137218627018,0.8262268256627348,-3.827986049075608,390.3
,,0.004368474665404845,0.02175338178696784,0.00020672682682424884,0.026328583279196936,0.20081818579683733,0.16592137218627018,0.8262268256627348,-3.827986049075608,390.4
,,0.0035206202481579568,0.021580498805568657,0.00016509437188926256,0.02526621342561588,0.16313896540933948,0.13934103179024895,0.8541247729542845,-3.8359652051667923,390.5
,,0.0035206202481579568,0.021580498805568657,0.00016509437188926256,0.02526621342561588,0.16313896540933948,0.13934103179024895,0.8541247729542845,-3.8359652051667923,390.6
,,0.0035206202481579568,0.021580498805568657,0.00016509437188926256,0.02526621342561588,0.16313896540933948,0.13934103179024895,0.8541247729542845,-3.8359652051667923,390.7
,,0.0035206202481579568,0.021580498805568657,0.00016509437188926256,0.02526621342561588,0.16313896540933948,0.13934103179024895,0.8541247729542845,-3.8359652051667923,390.8
,,0.0032922578619678246,0.021986514805655787,0.0002164198881281193,0.02549519255575173,0.14973986969144049,0.12913249644098448,0.8623788487800857,-3.8173259769419596,390.9
,,0.0032922578619678246,0.021986514805655787,0.0002164198881281193,0.02549519255575173,0.14973986969144049,0.12913249644098448,0.8623788487800857,-3.8173259769419596,391.0
,,0.0032922578619678246,0.021986514805655787,0.0002164198881281193,0.02549519255575173,0.14973986969144049,0.12913249644098448,0.8623788487800857,-3.8173259769419596,391.1
,,0.0032922578619678246,0.021986514805655787,0.0002164198881281193,0.02549519255575173,0.14973986969144049,0.12913249644098448,0.8623788487800857,-3.8173259769419596,391.2
,,0.0032922578619678246,0.021986514805655787,0.0002164198881281193,0.02549519255575173,0.14973986969144049,0.12913249644098448,0.8623788487800857,-3.8173259769419596,391.3
,,0.0024802352192605597,0.021932628270522773,0.00016164574017571984,0.024574509229959053,0.11308426827230598,0.10092715162900905,0.8924950673596552,-3.819779875556506,391.4
,,0.0024802352192605597,0.021932628270522773,0.00016164574017571984,0.024574509229959053,0.11308426827230598,0.10092715162900905,0.8924950673596552,-3.819779875556506,391.5
,,0.0024802352192605597,0.021932628270522773,0.00016164574017571984,0.024574509229959053,0.11308426827230598,0.10092715162900905,0.8924950673596552,-3.819779875556506,391.6
,,0.0024802352192605597,0.021932628270522773,0.00016164574017571984,0.024574509229959053,0.11308426827230598,0.10092715162900905,0.8924950673596552,-3.819779875556506,391.7
,,0.0024802352192605597,0.021932628270522773,0.00016164574017571984,0.024574509229959053,0.11308426827230598,0.10092715162900905,0.8924950673596552,-3.819779875556506,391.8
,,0.002294303883171829,0.022110692064254416,0.00021125010861992893,0.024616246056046173,0.10376445370884389,0.09320283352498862,0.8982154311389673,-3.811693983641344,391.9
,,0.002294303883171829,0.022110692064254416,0.00021125010861992893,0.024616246056046173,0.10376445370884389,0.09320283352498862,0.8982154311389673,-3.811693983641344,392.0
,,0.002294303883171829,0.022110692064254416,0.00021125010861992893,0.024616246056046173,0.10376445370884389,0.09320283352498862,0.8982154311389673,-3.811693983641344,392.1
,,0.002294303883171829,0.022110692064254416,0.00021125010861992893,0.024616246056046173,0.10376445370884389,0.09320283352498862,0.8982154311389673,-3.811693983641344,392.2
,,0.001798501538254532,0.022422293402722965,0.00012885406250549226,0.02434964900348299,0.08021041853087703,0.073861497469523,0.9208466783038912,-3.7976995738523174,392.3
,,0.001798501538254532,0.022422293402722965,0.00012885406250549226,0.02434964900348299,0.08021041853087703,0.073861497469523,0.9208466783038912,-3.7976995738523174,392.4
,,0.001798501538254532,0.022422293402722965,0.00012885406250549226,0.02434964900348299,0.08021041853087703,0.073861497469523,0.9208466783038912,-3.7976995738523174,392.5
,,0.001798501538254532,0.022422293402722965,0.00012885406250549226,0.02434964900348299,0.08021041853087703,0.073861497469523,0.9208466783038912,-3.7976995738523174,392.6
,,0.001798501538254532,0.022422293402722965,0.00012885406250549226,0.02434964900348299,0.08021041853087703,0.073861497469523,0.9208466783038912,-3.7976995738523174,392.7
,,0.001798501538254532,0.022422293402722965,0.00012885406250549226,0.02434964900348299,0.08021041853087703,0.073861497469523,0.9208466783038912,-3.7976995738523174,392.8
,,0.001798501538254532,0.022422293402722965,0.00012885406250549226,0.02434964900348299,0.08021041853087703,0.073861497469523,0.9208466783038912,-3.7976995738523174,392.9
,,0.0017564289011066637,0.03237901176135421,0.0002976543119204897,0.0326766660732747,0.07828564378500166,,0.9908909216364661,-3.430244851230691,393.0
,,0.0017143562639587954,0.03237901176135421,0.0002976543119204897,0.0326766660732747,0.07636086903912631,,0.9908909216364661,-3.430244851230691,393.1
,,0.001672283626810927,0.03237901176135421,0.0002976543119204897,0.0326766660732747,0.07443609429325096,,0.9908909216364661,-3.430244851230691,393.2
,,0.0016302109896630587,0.03237901176135421,0.0002976543119204897,0.0326766660732747,0.0725113195473756,,0.9908909216364661,-3.430244851230691,393.3
,,0.0015881383525151904,0.03237901176135421,0.0002976543119204897,0.0326766660732747,0.07058654480150023,,0.9908909216364661,-3.430244851230691,393.4
,,0.0015460657153673221,0.02251712582001323,0.00012077511680039228,0.024183966652180946,0.06866177005562488,0.06392936847801581,0.9310766155056124,-3.7934791117415148,393.5
,,0.0015460657153673221,0.02251712582001323,0.00012077511680039228,0.024183966652180946,0.06866177005562488,0.06392936847801581,0.9310766155056124,-3.7934791117415148,393.6
,,0.0015460657153673221,0.02251712582001323,0.00012077511680039228,0.024183966652180946,0.06866177005562488,0.06392936847801581,0.9310766155056124,-3.7934791117415148,393.7
,,0.0015460657153673221,0.02251712582001323,0.00012077511680039228,0.024183966652180946,0.06866177005562488,0.06392936847801581,0.9310766155056124,-3.7934791117415148,393.8
,,0.0015460657153673221,0.02251712582001323,0.00012077511680039228,0.024183966652180946,0.06866177005562488,0.06392936847801581,0.9310766155056124,-3.7934791117415148,393.9
,,0.0015767381358492716,0.022456834147737557,0.00017389045677515205,0.02420746274036198,0.07021195086877917,0.06513438243241904,0.9276822766846384,-3.7961602947388466,394.0
,,0.0015767381358492716,0.022456834147737557,0.00017389045677515205,0.02420746274036198,0.07021195086877917,0.06513438243241904,0.9276822766846384,-3.7961602947388466,394.1
,,0.0015767381358492716,0.022456834147737557,0.00017389045677515205,0.02420746274036198,0.07021195086877917,0.06513438243241904,0.9276822766846384,-3.7961602947388466,394.2
,,0.0015767381358492716,0.022456834147737557,0.00017389045677515205,0.02420746274036198,0.07021195086877917,0.06513438243241904,0.9276822766846384,-3.7961602947388466,394.3
,,0.0015767381358492716,0.022456834147737557,0.00017389045677515205,0.02420746274036198,0.07021195086877917,0.06513438243241904,0.9276822766846384,-3.7961602947388466,394.4
,,0.0015767381358492716,0.022456834147737557,0.00017389045677515205,0.02420746274036198,0.07021195086877917,0.06513438243241904,0.9276822766846384,-3.7961602947388466,394.5
,,0.0015767381358492716,0.022456834147737557,0.00017389045677515205,0.02420746274036198,0.07021195086877917,0.06513438243241904,0.9276822766846384,-3.7961602947388466,394.6
,,0.0015767381358492716,0.022456834147737557,0.00017389045677515205,0.02420746274036198,0.07021195086877917,0.06513438243241904,0.9276822766846384,-3.7961602947388466,394.7
,,0.0016176045504523047,0.02210108945706306,0.00011578594651835822,0.02383447995403372,0.07319116795553945,0.06786825446042691,0.9272738276516369,-3.812128374973786,394.8
,,0.0016176045504523047,0.02210108945706306,0.00011578594651835822,0.02383447995403372,0.07319116795553945,0.06786825446042691,0.9272738276516369,-3.812128374973786,394.9
,,0.0017341659823200716,0.02199528175440966,0.00015918411237522136,0.023888631849104953,0.07884263551079096,0.07259377570361136,0.9207426316142826,-3.816927314333532,395.0
,,0.0017341659823200716,0.02199528175440966,0.00015918411237522136,0.023888631849104953,0.07884263551079096,0.07259377570361136,0.9207426316142826,-3.816927314333532,395.1
,,0.0017341659823200716,0.02199528175440966,0.00015918411237522136,0.023888631849104953,0.07884263551079096,0.07259377570361136,0.9207426316142826,-3.816927314333532,395.2
,,0.0017341659823200716,0.02199528175440966,0.00015918411237522136,0.023888631849104953,0.07884263551079096,0.07259377570361136,0.9207426316142826,-3.816927314333532,395.3
,,0.0017341659823200716,0.02199528175440966,0.00015918411237522136,0.023888631849104953,0.07884263551079096,0.07259377570361136,0.9207426316142826,-3.816927314333532,395.4
,,0.0017341659823200716,0.02199528175440966,0.00015918411237522136,0.023888631849104953,0.07884263551079096,0.07259377570361136,0.9207426316142826,-3.816927314333532,395.5
,,0.0017341659823200716,0.02199528175440966,0.00015918411237522136,0.023888631849104953,0.07884263551079096,0.07259377570361136,0.9207426316142826,-3.816927314333532,395.6
,,0.0017341659823200716,0.02199528175440966,0.00015918411237522136,0.023888631849104953,0.07884263551079096,0.07259377570361136,0.9207426316142826,-3.816927314333532,395.7
,,0.0017341659823200716,0.02199528175440966,0.00015918411237522136,0.023888631849104953,0.07884263551079096,0.07259377570361136,0.9207426316142826,-3.816927314333532,395.8
,,0.0017341659823200716,0.02199528175440966,0.00015918411237522136,0.023888631849104953,0.07884263551079096,0.07259377570361136,0.9207426316142826,-3.816927314333532,395.9
,,0.0018794029793422992,0.021765058432000224,0.00018046272906678144,0.023824924140409307,0.08634954898991193,0.07888390192834467,0.9135415627655512,-3.8274494193042354,396.0
,,0.0021082910412955546,0.02155577835889955,0.00014070811274729823,0.023804777512942403,0.09780630539955068,0.08856587885139021,0.9055232021042794,-3.8371113610708387,396.1
,,0.0021082910412955546,0.02155577835889955,0.00014070811274729823,0.023804777512942403,0.09780630539955068,0.08856587885139021,0.9055232021042794,-3.8371113610708387,396.2
,,0.0021082910412955546,0.02155577835889955,0.00014070811274729823,0.023804777512942403,0.09780630539955068,0.08856587885139021,0.9055232021042794,-3.8371113610708387,396.3
,,0.0021082910412955546,0.02155577835889955,0.00014070811274729823,0.023804777512942403,0.09780630539955068,0.08856587885139021,0.9055232021042794,-3.8371113610708387,396.4
,,0.0021082910412955546,0.02155577835889955,0.00014070811274729823,0.023804777512942403,0.09780630539955068,0.08856587885139021,0.9055232021042794,-3.8371113610708387,396.5
,,0.0021082910412955546,0.02155577835889955,0.00014070811274729823,0.023804777512942403,0.09780630539955068,0.08856587885139021,0.9055232021042794,-3.8371113610708387,396.6
,,0.0021082910412955546,0.02155577835889955,0.00014070811274729823,0.023804777512942403,0.09780630539955068,0.08856587885139021,0.9055232021042794,-3.8371113610708387,396.7
,,0.0021082910412955546,0.02155577835889955,0.00014070811274729823,0.023804777512942403,0.09780630539955068,0.08856587885139021,0.9055232021042794,-3.8371113610708387,396.8
,,0.0021082910412955546,0.02155577835889955,0.00014070811274729823,0.023804777512942403,0.09780630539955068,0.08856587885139021,0.9055232021042794,-3.8371113610708387,396.9
,,0.0021082910412955546,0.02155577835889955,0.00014070811274729823,0.023804777512942403,0.09780630539955068,0.08856587885139021,0.9055232021042794,-3.8371113610708387,397.0
,,0.0022937900979384876,0.01869938797797225,0.00013342285248547355,0.018832810830457722,0.10639288120931367,,0.9929154042013902,-3.9792644841078655,397.1
,,0.00247928915458142,0.01869938797797225,0.00013342285248547355,0.018832810830457722,0.11497945701907665,,0.9929154042013902,-3.9792644841078655,397.2
,,0.002664788211224353,0.02156570175653002,0.00012744284976599112,0.024357932817520363,0.12356603282883964,0.10940124645173516,0.8853666654757366,-3.8366511079543373,397.3
,,0.002664788211224353,0.02156570175653002,0.00012744284976599112,0.024357932817520363,0.12356603282883964,0.10940124645173516,0.8853666654757366,-3.8366511079543373,397.4
,,0.002664788211224353,0.02156570175653002,0.00012744284976599112,0.024357932817520363,0.12356603282883964,0.10940124645173516,0.8853666654757366,-3.8366511079543373,397.5
,,0.002664788211224353,0.02156570175653002,0.00012744284976599112,0.024357932817520363,0.12356603282883964,0.10940124645173516,0.8853666654757366,-3.8366511079543373,397.6
,,0.002664788211224353,0.02156570175653002,0.00012744284976599112,0.024357932817520363,0.12356603282883964,0.10940124645173516,0.8853666654757366,-3.8366511079543373,397.7
,,0.002664788211224353,0.02156570175653002,0.00012744284976599112,0.024357932817520363,0.12356603282883964,0.10940124645173516,0.8853666654757366,-3.8366511079543373,397.8
,,0.002664788211224353,0.02156570175653002,0.00012744284976599112,0.024357932817520363,0.12356603282883964,0.10940124645173516,0.8853666654757366,-3.8366511079543373,397.9
,,0.002664788211224353,0.02156570175653002,0.00012744284976599112,0.024357932817520363,0.12356603282883964,0.10940124645173516,0.8853666654757366,-3.8366511079543373,398.0
,,0.002835128746563597,0.021514754971805897,0.00014463134934031318,0.024494515067709808,0.13177601837803424,0.11574545316477973,0.8783499045534477,-3.839016301471002,398.1
,,0.002835128746563597,0.021514754971805897,0.00014463134934031318,0.024494515067709808,0.13177601837803424,0.11574545316477973,0.8783499045534477,-3.839016301471002,398.2
,,0.002835128746563597,0.021514754971805897,0.00014463134934031318,0.024494515067709808,0.13177601837803424,0.11574545316477973,0.8783499045534477,-3.839016301471002,398.3
,,0.0033284946656768817,0.017903455868639777,9.749489416031953e-05,0.02132944542847698,0.1859135292146122,0.1560516271666868,0.8393774666422805,-4.0227615194829935,398.4
,,0.0033284946656768817,0.017903455868639777,9.749489416031953e-05,0.02132944542847698,0.1859135292146122,0.1560516271666868,0.8393774666422805,-4.0227615194829935,398.5
,,0.0033284946656768817,0.017903455868639777,9.749489416031953e-05,0.02132944542847698,0.1859135292146122,0.1560516271666868,0.8393774666422805,-4.0227615194829935,398.6
,,0.0033284946656768817,0.017903455868639777,9.749489416031953e-05,0.02132944542847698,0.1859135292146122,0.1560516271666868,0.8393774666422805,-4.0227615194829935,398.7
,,0.0033284946656768817,0.017903455868639777,9.749489416031953e-05,0.02132944542847698,0.1859135292146122,0.1560516271666868,0.8393774666422805,-4.0227615194829935,398.8
,,0.0033284946656768817,0.017903455868639777,9.749489416031953e-05,0.02132944542847698,0.1859135292146122,0.1560516271666868,0.8393774666422805,-4.0227615194829935,398.9
,,0.0034323992369352184,0.022794979737674956,0.00014583883403054677,0.02637321780864072,0.15057698126672328,0.13014715389832535,0.8643230379800898,-3.781214954210527,399.0
,,0.0034323992369352184,0.022794979737674956,0.00014583883403054677,0.02637321780864072,0.15057698126672328,0.13014715389832535,0.8643230379800898,-3.781214954210527,399.1
,,0.0034323992369352184,0.022794979737674956,0.00014583883403054677,0.02637321780864072,0.15057698126672328,0.13014715389832535,0.8643230379800898,-3.781214954210527,399.2
,,0.0034323992369352184,0.022794979737674956,0.00014583883403054677,0.02637321780864072,0.15057698126672328,0.13014715389832535,0.8643230379800898,-3.781214954210527,399.3
,,0.0034323992369352184,0.022794979737674956,0.00014583883403054677,0.02637321780864072,0.15057698126672328,0.13014715389832535,0.8643230379800898,-3.781214954210527,399.4
,,0.003925959827294084,0.024921954543108957,0.0001341578329739999,0.028982072203377042,0.15753017366688163,0.13546166746615942,0.8599093387188859,-3.692006155429542,399.5
,,0.003925959827294084,0.024921954543108957,0.0001341578329739999,0.028982072203377042,0.15753017366688163,0.13546166746615942,0.8599093387188859,-3.692006155429542,399.6
,,0.003925959827294084,0.024921954543108957,0.0001341578329739999,0.028982072203377042,0.15753017366688163,0.13546166746615942,0.8599093387188859,-3.692006155429542,399.7
,,0.003925959827294084,0.024921954543108957,0.0001341578329739999,0.028982072203377042,0.15753017366688163,0.13546166746615942,0.8599093387188859,-3.692006155429542,399.8
,,0.003925959827294084,0.024921954543108957,0.0001341578329739999,0.028982072203377042,0.15753017366688163,0.13546166746615942,0.8599093387188859,-3.692006155429542,399.9
,,0.004001828780349548,0.02565473079925447,0.00017101226834473815,0.029827571847948754,0.15598794669347463,0.13416542254091507,0.8601012154135084,-3.6630272877535925,400.0
,,0.004001828780349548,0.02565473079925447,0.00017101226834473815,0.029827571847948754,0.15598794669347463,0.13416542254091507,0.8601012154135084,-3.6630272877535925,400.1
,,0.004001828780349548,0.02565473079925447,0.00017101226834473815,0.029827571847948754,0.15598794669347463,0.13416542254091507,0.8601012154135084,-3.6630272877535925,400.2
,,0.004001828780349548,0.02565473079925447,0.00017101226834473815,0.029827571847948754,0.15598794669347463,0.13416542254091507,0.8601012154135084,-3.6630272877535925,400.3
,,0.004001828780349548,0.02565473079925447,0.00017101226834473815,0.029827571847948754,0.15598794669347463,0.13416542254091507,0.8601012154135084,-3.6630272877535925,400.4
,,0.004001828780349548,0.02565473079925447,0.00017101226834473815,0.029827571847948754,0.15598794669347463,0.13416542254091507,0.8601012154135084,-3.6630272877535925,400.5
,,0.004359357463757345,0.028856053895171506,0.00017281971027689253,0.03338823106920574,0.1510725437232011,0.1305656910880199,0.8642582422339139,-3.5454354676542157,400.6
,,0.004359357463757345,0.028856053895171506,0.00017281971027689253,0.03338823106920574,0.1510725437232011,0.1305656910880199,0.8642582422339139,-3.5454354676542157,400.7
,,0.004413420882313707,0.030211388309693027,0.00022619290661502218,0.034851002098621756,0.1460846763171656,0.12663684303322353,0.866872872814403,-3.49953632933682,400.8
,,0.004359357463757345,0.028856053895171506,0.00017281971027689253,0.03338823106920574,0.1510725437232011,0.1305656910880199,0.8642582422339139,-3.5454354676542157,400.9
,,0.004381882056047888,0.0301875094126385,0.00023604592874580427,0.030423555341384304,0.14832060506977912,,0.9922413430614168,-3.500327035763564,401.0
,,0.004404406648338429,0.0301875094126385,0.00023604592874580427,0.030423555341384304,0.14556866641635713,,0.9922413430614168,-3.500327035763564,401.1
,,0.004426931240628972,0.0301875094126385,0.00023604592874580427,0.030423555341384304,0.14281672776293514,,0.9922413430614168,-3.500327035763564,401.2
,,0.004449455832919514,0.0301875094126385,0.00023604592874580427,0.030423555341384304,0.14006478910951314,,0.9922413430614168,-3.500327035763564,401.3
,,0.004471980425210057,0.0301875094126385,0.00023604592874580427,0.030423555341384304,0.13731285045609115,,0.9922413430614168,-3.500327035763564,401.4
,,0.004494505017500599,0.0301875094126385,0.00023604592874580427,0.030423555341384304,0.13456091180266916,,0.9922413430614168,-3.500327035763564,401.5
,,0.004517029609791141,0.0301875094126385,0.00023604592874580427,0.030423555341384304,0.13180897314924717,,0.9922413430614168,-3.500327035763564,401.6
,,0.004539554202081683,0.03517479089625705,0.00019743550265863779,0.03991178060099738,0.12905703449582517,0.11373970626527853,0.881313496080354,-3.347425620668663,401.7
,,0.004539554202081683,0.03517479089625705,0.00019743550265863779,0.03991178060099738,0.12905703449582517,0.11373970626527853,0.881313496080354,-3.347425620668663,401.8
,,0.004539554202081683,0.03517479089625705,0.00019743550265863779,0.03991178060099738,0.12905703449582517,0.11373970626527853,0.881313496080354,-3.347425620668663,401.9
,,0.0045136076639668106,0.03731344582797819,0.0003444414321622232,0.04217149492410722,0.1209646432756537,0.10702982363062068,0.8848025400837298,-3.2884015393270563,402.0
,,0.0045136076639668106,0.03731344582797819,0.0003444414321622232,0.04217149492410722,0.1209646432756537,0.10702982363062068,0.8848025400837298,-3.2884015393270563,402.1
,,0.0045136076639668106,0.03731344582797819,0.0003444414321622232,0.04217149492410722,0.1209646432756537,0.10702982363062068,0.8848025400837298,-3.2884015393270563,402.2
,,0.0045136076639668106,0.03731344582797819,0.0003444414321622232,0.04217149492410722,0.1209646432756537,0.10702982363062068,0.8848025400837298,-3.2884015393270563,402.3
,,0.0045136076639668106,0.03731344582797819,0.0003444414321622232,0.04217149492410722,0.1209646432756537,0.10702982363062068,0.8848025400837298,-3.2884015393270563,402.4
,,0.0045136076639668106,0.03731344582797819,0.0003444414321622232,0.04217149492410722,0.1209646432756537,0.10702982363062068,0.8848025400837298,-3.2884015393270563,402.5
,,0.0045136076639668106,0.03731344582797819,0.0003444414321622232,0.04217149492410722,0.1209646432756537,0.10702982363062068,0.8848025400837298,-3.2884015393270563,402.6
,,0.004674959014716194,0.04783257786289719,0.000323815801493819,0.052831352679107206,0.09773587842403261,0.08848834598484476,0.9053824185314332,-3.0400483263823217,402.7
,,0.004674959014716194,0.04783257786289719,0.000323815801493819,0.052831352679107206,0.09773587842403261,0.08848834598484476,0.9053824185314332,-3.0400483263823217,402.8
,,0.004648276339553483,0.051475416448193055,0.0005451563556916019,0.05666884914343814,0.0903008981817893,0.08202524684748644,0.9083547173845078,-2.9666509358009994,402.9
,,0.004648276339553483,0.051475416448193055,0.0005451563556916019,0.05666884914343814,0.0903008981817893,0.08202524684748644,0.9083547173845078,-2.9666509358009994,403.0
,,0.004648276339553483,0.051475416448193055,0.0005451563556916019,0.05666884914343814,0.0903008981817893,0.08202524684748644,0.9083547173845078,-2.9666509358009994,403.1
,,0.004648276339553483,0.051475416448193055,0.0005451563556916019,0.05666884914343814,0.0903008981817893,0.08202524684748644,0.9083547173845078,-2.9666509358009994,403.2
,,0.004648276339553483,0.051475416448193055,0.0005451563556916019,0.05666884914343814,0.0903008981817893,0.08202524684748644,0.9083547173845078,-2.9666509358009994,403.3
,,0.004648276339553483,0.051475416448193055,0.0005451563556916019,0.05666884914343814,0.0903008981817893,0.08202524684748644,0.9083547173845078,-2.9666509358009994,403.4
,,0.004648276339553483,0.051475416448193055,0.0005451563556916019,0.05666884914343814,0.0903008981817893,0.08202524684748644,0.9083547173845078,-2.9666509358009994,403.5
,,0.004648276339553483,0.051475416448193055,0.0005451563556916019,0.05666884914343814,0.0903008981817893,0.08202524684748644,0.9083547173845078,-2.9666509358009994,403.6
,,0.004648276339553483,0.051475416448193055,0.0005451563556916019,0.05666884914343814,0.0903008981817893,0.08202524684748644,0.9083547173845078,-2.9666509358009994,403.7
,,0.00483907171804681,0.07390327699402292,0.000863718119907784,0.0796060668319775,0.06547844581287214,0.06078772524034525,0.9283623715515136,-2.604998108384298,403.8
,,0.00483907171804681,0.07390327699402292,0.000863718119907784,0.0796060668319775,0.06547844581287214,0.06078772524034525,0.9283623715515136,-2.604998108384298,403.9
,,0.00483907171804681,0.07390327699402292,0.000863718119907784,0.0796060668319775,0.06547844581287214,0.06078772524034525,0.9283623715515136,-2.604998108384298,404.0
,,0.00483907171804681,0.07390327699402292,0.000863718119907784,0.0796060668319775,0.06547844581287214,0.06078772524034525,0.9283623715515136,-2.604998108384298,404.1
,,0.00483907171804681,0.07390327699402292,0.000863718119907784,0.0796060668319775,0.06547844581287214,0.06078772524034525,0.9283623715515136,-2.604998108384298,404.2
,,0.00483907171804681,0.07390327699402292,0.000863718119907784,0.0796060668319775,0.06547844581287214,0.06078772524034525,0.9283623715515136,-2.604998108384298,404.3
,,0.00483907171804681,0.07390327699402292,0.000863718119907784,0.0796060668319775,0.06547844581287214,0.06078772524034525,0.9283623715515136,-2.604998108384298,404.4
,,0.00483907171804681,0.07390327699402292,0.000863718119907784,0.0796060668319775,0.06547844581287214,0.06078772524034525,0.9283623715515136,-2.604998108384298,404.5
,,0.00483907171804681,0.07390327699402292,0.000863718119907784,0.0796060668319775,0.06547844581287214,0.06078772524034525,0.9283623715515136,-2.604998108384298,404.6
,,0.004620016928381288,0.07549593400045121,0.0010660984562407085,0.08118204938507322,0.06119557284175961,0.056909340961165254,0.929958464615116,-2.5836764784760122,404.7
,,0.004620016928381288,0.07549593400045121,0.0010660984562407085,0.08118204938507322,0.06119557284175961,0.056909340961165254,0.929958464615116,-2.5836764784760122,404.8
,,0.004620016928381288,0.07549593400045121,0.0010660984562407085,0.08118204938507322,0.06119557284175961,0.056909340961165254,0.929958464615116,-2.5836764784760122,404.9
,,0.004847157945834422,0.09370183678780425,0.001171967590392385,0.09972096232403105,0.05172959369848023,0.04860721189276308,0.939640318384931,-2.367637487071791,405.0
,,0.004847157945834422,0.09370183678780425,0.001171967590392385,0.09972096232403105,0.05172959369848023,0.04860721189276308,0.939640318384931,-2.367637487071791,405.1
,,0.004847157945834422,0.09370183678780425,0.001171967590392385,0.09972096232403105,0.05172959369848023,0.04860721189276308,0.939640318384931,-2.367637487071791,405.2
,,0.004847157945834422,0.09370183678780425,0.001171967590392385,0.09972096232403105,0.05172959369848023,0.04860721189276308,0.939640318384931,-2.367637487071791,405.3
,,0.004847157945834422,0.09370183678780425,0.001171967590392385,0.09972096232403105,0.05172959369848023,0.04860721189276308,0.939640318384931,-2.367637487071791,405.4
,,0.004847157945834422,0.09370183678780425,0.001171967590392385,0.09972096232403105,0.05172959369848023,0.04860721189276308,0.939640318384931,-2.367637487071791,405.5
,,0.004529649200752755,0.09340993548082932,0.001418528005951022,0.0993581126875331,0.048492156401097,0.04558912280266279,0.9401339553881228,-2.3707575638070786,405.6
,,0.004529649200752755,0.09340993548082932,0.001418528005951022,0.0993581126875331,0.048492156401097,0.04558912280266279,0.9401339553881228,-2.3707575638070786,405.7
,,0.004529649200752755,0.09340993548082932,0.001418528005951022,0.0993581126875331,0.048492156401097,0.04558912280266279,0.9401339553881228,-2.3707575638070786,405.8
,,0.004529649200752755,0.09340993548082932,0.001418528005951022,0.0993581126875331,0.048492156401097,0.04558912280266279,0.9401339553881228,-2.3707575638070786,405.9
,,0.004529649200752755,0.09340993548082932,0.001418528005951022,0.0993581126875331,0.048492156401097,0.04558912280266279,0.9401339553881228,-2.3707575638070786,406.0
,,0.004529649200752755,0.09340993548082932,0.001418528005951022,0.0993581126875331,0.048492156401097,0.04558912280266279,0.9401339553881228,-2.3707575638070786,406.1
,,0.00537671574844476,0.11264370120205049,0.0012337331986887203,0.11925415014918396,0.04773205861551437,0.04508619399592067,0.9445683949878141,-2.183525528429263,406.2
,,0.00537671574844476,0.11264370120205049,0.0012337331986887203,0.11925415014918396,0.04773205861551437,0.04508619399592067,0.9445683949878141,-2.183525528429263,406.3
,,0.00537671574844476,0.11264370120205049,0.0012337331986887203,0.11925415014918396,0.04773205861551437,0.04508619399592067,0.9445683949878141,-2.183525528429263,406.4
,,0.005599894971862469,0.09965102595889799,0.0014761339946167149,0.10672705492537718,0.056195055876014754,0.05246931038974023,0.9336997636501195,-2.3060809367526702,406.5
,,0.005599894971862469,0.09965102595889799,0.0014761339946167149,0.10672705492537718,0.056195055876014754,0.05246931038974023,0.9336997636501195,-2.3060809367526702,406.6
,,0.005599894971862469,0.09965102595889799,0.0014761339946167149,0.10672705492537718,0.056195055876014754,0.05246931038974023,0.9336997636501195,-2.3060809367526702,406.7
,,0.005599894971862469,0.09965102595889799,0.0014761339946167149,0.10672705492537718,0.056195055876014754,0.05246931038974023,0.9336997636501195,-2.3060809367526702,406.8
,,0.005599894971862469,0.09965102595889799,0.0014761339946167149,0.10672705492537718,0.056195055876014754,0.05246931038974023,0.9336997636501195,-2.3060809367526702,406.9
,,0.005599894971862469,0.09965102595889799,0.0014761339946167149,0.10672705492537718,0.056195055876014754,0.05246931038974023,0.9336997636501195,-2.3060809367526702,407.0
,,0.005599894971862469,0.09965102595889799,0.0014761339946167149,0.10672705492537718,0.056195055876014754,0.05246931038974023,0.9336997636501195,-2.3060809367526702,407.1
,,0.005599894971862469,0.09965102595889799,0.0014761339946167149,0.10672705492537718,0.056195055876014754,0.05246931038974023,0.9336997636501195,-2.3060809367526702,407.2
,,0.006585527542887499,0.12039984521813009,0.0013416844009386986,0.1283270571619563,0.05469714293200632,0.05131830876925803,0.9382264962733338,-2.1169370316719465,407.3
,,0.005793873592838483,0.10909509834513123,0.0017460898834702324,0.11663506182143994,0.05310846848965745,0.049675230606972154,0.9353542291780849,-2.2155353152446984,407.4
,,0.005793873592838483,0.10909509834513123,0.0017460898834702324,0.11663506182143994,0.05310846848965745,0.049675230606972154,0.9353542291780849,-2.2155353152446984,407.5
,,0.005793873592838483,0.10909509834513123,0.0017460898834702324,0.11663506182143994,0.05310846848965745,0.049675230606972154,0.9353542291780849,-2.2155353152446984,407.6
,,0.005793873592838483,0.10909509834513123,0.0017460898834702324,0.11663506182143994,0.05310846848965745,0.049675230606972154,0.9353542291780849,-2.2155353152446984,407.7
,,0.005793873592838483,0.10909509834513123,0.0017460898834702324,0.11663506182143994,0.05310846848965745,0.049675230606972154,0.9353542291780849,-2.2155353152446984,407.8
,,0.005793873592838483,0.10909509834513123,0.0017460898834702324,0.11663506182143994,0.05310846848965745,0.049675230606972154,0.9353542291780849,-2.2155353152446984,407.9
,,0.005793873592838483,0.10909509834513123,0.0017460898834702324,0.11663506182143994,0.05310846848965745,0.049675230606972154,0.9353542291780849,-2.2155353152446984,408.0
,,0.005793873592838483,0.10909509834513123,0.0017460898834702324,0.11663506182143994,0.05310846848965745,0.049675230606972154,0.9353542291780849,-2.2155353152446984,408.1
,,0.005793873592838483,0.10909509834513123,0.0017460898834702324,0.11663506182143994,0.05310846848965745,0.049675230606972154,0.9353542291780849,-2.2155353152446984,408.2
,,0.00503481144325088,0.0968831298656816,0.0018400146272155571,0.10375795593614803,0.05196788594909272,0.048524582021924854,0.9337416971215474,-2.3342498736356796,408.3
,,0.00503481144325088,0.0968831298656816,0.0018400146272155571,0.10375795593614803,0.05196788594909272,0.048524582021924854,0.9337416971215474,-2.3342498736356796,408.4
,,0.006275082841410594,0.09498557696804703,0.0015273397426018996,0.10278799955205953,0.06606353345120512,0.06104878846515953,0.9240920864496369,-2.3540302202966084,408.5
,,0.006275082841410594,0.09498557696804703,0.0015273397426018996,0.10278799955205953,0.06606353345120512,0.06104878846515953,0.9240920864496369,-2.3540302202966084,408.6
,,0.006275082841410594,0.09498557696804703,0.0015273397426018996,0.10278799955205953,0.06606353345120512,0.06104878846515953,0.9240920864496369,-2.3540302202966084,408.7
,,0.006275082841410594,0.09498557696804703,0.0015273397426018996,0.10278799955205953,0.06606353345120512,0.06104878846515953,0.9240920864496369,-2.3540302202966084,408.8
,,0.006275082841410594,0.09498557696804703,0.0015273397426018996,0.10278799955205953,0.06606353345120512,0.06104878846515953,0.9240920864496369,-2.3540302202966084,408.9
,,0.006275082841410594,0.09498557696804703,0.0015273397426018996,0.10278799955205953,0.06606353345120512,0.06104878846515953,0.9240920864496369,-2.3540302202966084,409.0
,,0.006275082841410594,0.09498557696804703,0.0015273397426018996,0.10278799955205953,0.06606353345120512,0.06104878846515953,0.9240920864496369,-2.3540302202966084,409.1
,,0.006275082841410594,0.09498557696804703,0.0015273397426018996,0.10278799955205953,0.06606353345120512,0.06104878846515953,0.9240920864496369,-2.3540302202966084,409.2
,,0.006220751410239812,0.08263692650459592,0.001572345261217513,0.08420927176581343,0.06808702075863017,,0.9813281218534913,-2.493298646239477,409.3
,,0.006166419979069029,0.08263692650459592,0.001572345261217513,0.08420927176581343,0.0701105080660552,,0.9813281218534913,-2.493298646239477,409.4
,,0.006112088547898246,0.08263692650459592,0.001572345261217513,0.08420927176581343,0.07213399537348025,,0.9813281218534913,-2.493298646239477,409.5
,,0.006057757116727463,0.08263692650459592,0.001572345261217513,0.08420927176581343,0.07415748268090529,,0.9813281218534913,-2.493298646239477,409.6
,,0.006003425685556681,0.07880479451070663,0.0012951429604521716,0.08610336315671548,0.07618096998833034,0.06972347496612802,0.9152348017727853,-2.5407814399247273,409.7
,,0.006003425685556681,0.07880479451070663,0.0012951429604521716,0.08610336315671548,0.07618096998833034,0.06972347496612802,0.9152348017727853,-2.5407814399247273,409.8
,,0.006003425685556681,0.07880479451070663,0.0012951429604521716,0.08610336315671548,0.07618096998833034,0.06972347496612802,0.9152348017727853,-2.5407814399247273,409.9
,,0.006003425685556681,0.07880479451070663,0.0012951429604521716,0.08610336315671548,0.07618096998833034,0.06972347496612802,0.9152348017727853,-2.5407814399247273,410.0
,,0.005418275475771406,0.06961638438294189,0.0013020522312411661,0.07633671208995446,0.07783046367313276,0.07097863305124487,0.9119646691215441,-2.6647553315449426,410.1
,,0.005418275475771406,0.06961638438294189,0.0013020522312411661,0.07633671208995446,0.07783046367313276,0.07097863305124487,0.9119646691215441,-2.6647553315449426,410.2
,,0.005418275475771406,0.06961638438294189,0.0013020522312411661,0.07633671208995446,0.07783046367313276,0.07097863305124487,0.9119646691215441,-2.6647553315449426,410.3
,,0.005418275475771406,0.06961638438294189,0.0013020522312411661,0.07633671208995446,0.07783046367313276,0.07097863305124487,0.9119646691215441,-2.6647553315449426,410.4
,,0.005418275475771406,0.06961638438294189,0.0013020522312411661,0.07633671208995446,0.07783046367313276,0.07097863305124487,0.9119646691215441,-2.6647553315449426,410.5
,,0.005418275475771406,0.06961638438294189,0.0013020522312411661,0.07633671208995446,0.07783046367313276,0.07097863305124487,0.9119646691215441,-2.6647553315449426,410.6
,,0.005418275475771406,0.06961638438294189,0.0013020522312411661,0.07633671208995446,0.07783046367313276,0.07097863305124487,0.9119646691215441,-2.6647553315449426,410.7
,,0.005418275475771406,0.06961638438294189,0.0013020522312411661,0.07633671208995446,0.07783046367313276,0.07097863305124487,0.9119646691215441,-2.6647553315449426,410.8
,,0.0053278945950162564,0.07448560953534207,0.0005014493014296995,0.07498705883677177,0.07877789707828199,,0.9933128554552162,-2.5971493328539696,410.9
,,0.005237513714261107,0.07448560953534207,0.0005014493014296995,0.07498705883677177,0.07972533048343122,,0.9933128554552162,-2.5971493328539696,411.0
,,0.005147132833505957,0.07448560953534207,0.0005014493014296995,0.07498705883677177,0.08067276388858045,,0.9933128554552162,-2.5971493328539696,411.1
,,0.005056751952750808,0.07448560953534207,0.0005014493014296995,0.07498705883677177,0.08162019729372968,,0.9933128554552162,-2.5971493328539696,411.2
,,0.004966371071995658,0.07448560953534207,0.0005014493014296995,0.07498705883677177,0.0825676306988789,,0.9933128554552162,-2.5971493328539696,411.3
,,0.004875990191240509,0.07448560953534207,0.0005014493014296995,0.07498705883677177,0.08351506410402813,,0.9933128554552162,-2.5971493328539696,411.4
,,0.004785609310485359,0.07448560953534207,0.0005014493014296995,0.07498705883677177,0.08446249750917736,,0.9933128554552162,-2.5971493328539696,411.5
,,0.00469522842973021,0.07448560953534207,0.0005014493014296995,0.07498705883677177,0.0854099309143266,,0.9933128554552162,-2.5971493328539696,411.6
,,0.00460484754897506,0.07448560953534207,0.0005014493014296995,0.07498705883677177,0.08635736431947583,,0.9933128554552162,-2.5971493328539696,411.7
,,0.004514466668219911,0.05170926210102847,0.0010116407980303224,0.057235369567278704,0.08730479772462506,0.07887546987729802,0.9034494315660103,-2.962118362623059,411.8
,,0.004514466668219911,0.05170926210102847,0.0010116407980303224,0.057235369567278704,0.08730479772462506,0.07887546987729802,0.9034494315660103,-2.962118362623059,411.9
,,0.002969195748270063,0.049876928377503606,0.00024791896295291106,0.05309404308872658,0.059530445134814744,0.0559233310469157,0.9394072380992574,-2.9981967403089524,412.0
,,0.002969195748270063,0.049876928377503606,0.00024791896295291106,0.05309404308872658,0.059530445134814744,0.0559233310469157,0.9394072380992574,-2.9981967403089524,412.1
,,0.002969195748270063,0.049876928377503606,0.00024791896295291106,0.05309404308872658,0.059530445134814744,0.0559233310469157,0.9394072380992574,-2.9981967403089524,412.2
,,0.002969195748270063,0.049876928377503606,0.00024791896295291106,0.05309404308872658,0.059530445134814744,0.0559233310469157,0.9394072380992574,-2.9981967403089524,412.3
,,0.002969195748270063,0.049876928377503606,0.00024791896295291106,0.05309404308872658,0.059530445134814744,0.0559233310469157,0.9394072380992574,-2.9981967403089524,412.4
,,0.002969195748270063,0.049876928377503606,0.00024791896295291106,0.05309404308872658,0.059530445134814744,0.0559233310469157,0.9394072380992574,-2.9981967403089524,412.5
,,0.0025015028665455567,0.04404998674789437,0.0002242270764163094,0.04677571669085624,0.05678782336217458,0.05347866464726029,0.9417276711979338,-3.1224302274423463,412.6
,,0.0025015028665455567,0.04404998674789437,0.0002242270764163094,0.04677571669085624,0.05678782336217458,0.05347866464726029,0.9417276711979338,-3.1224302274423463,412.7
,,0.0025015028665455567,0.04404998674789437,0.0002242270764163094,0.04677571669085624,0.05678782336217458,0.05347866464726029,0.9417276711979338,-3.1224302274423463,412.8
,,0.0025015028665455567,0.04404998674789437,0.0002242270764163094,0.04677571669085624,0.05678782336217458,0.05347866464726029,0.9417276711979338,-3.1224302274423463,412.9
,,0.0025015028665455567,0.04404998674789437,0.0002242270764163094,0.04677571669085624,0.05678782336217458,0.05347866464726029,0.9417276711979338,-3.1224302274423463,413.0
,,0.0024599915252831736,0.03918480778743745,0.00017721831711575004,0.0393620261045532,0.06031955630782844,,0.9954977338655021,-3.23946616374805,413.1
,,0.002418480184020791,0.03918480778743745,0.00017721831711575004,0.0393620261045532,0.0638512892534823,,0.9954977338655021,-3.23946616374805,413.2
,,0.002376968842758408,0.03918480778743745,0.00017721831711575004,0.0393620261045532,0.06738302219913615,,0.9954977338655021,-3.23946616374805,413.3
,,0.0023354575014960252,0.03918480778743745,0.00017721831711575004,0.0393620261045532,0.07091475514479001,,0.9954977338655021,-3.23946616374805,413.4
,,0.002293946160233642,0.030813356265331993,0.000535882625860952,0.03364318505142659,0.07444648809044387,0.06818457160721085,0.9158870130230252,-3.4798070380211072,413.5
,,0.002293946160233642,0.030813356265331993,0.000535882625860952,0.03364318505142659,0.07444648809044387,0.06818457160721085,0.9158870130230252,-3.4798070380211072,413.6
,,0.002293946160233642,0.030813356265331993,0.000535882625860952,0.03364318505142659,0.07444648809044387,0.06818457160721085,0.9158870130230252,-3.4798070380211072,413.7
,,0.002293946160233642,0.030813356265331993,0.000535882625860952,0.03364318505142659,0.07444648809044387,0.06818457160721085,0.9158870130230252,-3.4798070380211072,413.8
,,0.002293946160233642,0.030813356265331993,0.000535882625860952,0.03364318505142659,0.07444648809044387,0.06818457160721085,0.9158870130230252,-3.4798070380211072,413.9
,,0.002293946160233642,0.030813356265331993,0.000535882625860952,0.03364318505142659,0.07444648809044387,0.06818457160721085,0.9158870130230252,-3.4798070380211072,414.0
,,0.002293946160233642,0.030813356265331993,0.000535882625860952,0.03364318505142659,0.07444648809044387,0.06818457160721085,0.9158870130230252,-3.4798070380211072,414.1
,,0.002293946160233642,0.030813356265331993,0.000535882625860952,0.03364318505142659,0.07444648809044387,0.06818457160721085,0.9158870130230252,-3.4798070380211072,414.2
,,0.0019827995022643104,0.029843127842115066,0.0003855452926617718,0.03221147263704115,0.06644074015144466,0.06155569242693415,0.9264751158193669,-3.511800688693641,414.3
,,0.0017575731465346329,0.027216706009285788,0.0004748770778586664,0.029449156233679087,0.06457699715516582,0.05968161303462442,0.924193066630541,-3.6039243027007406,414.4
,,0.0017575731465346329,0.027216706009285788,0.0004748770778586664,0.029449156233679087,0.06457699715516582,0.05968161303462442,0.924193066630541,-3.6039243027007406,414.5
,,0.0017575731465346329,0.027216706009285788,0.0004748770778586664,0.029449156233679087,0.06457699715516582,0.05968161303462442,0.924193066630541,-3.6039243027007406,414.6
,,0.0017575731465346329,0.027216706009285788,0.0004748770778586664,0.029449156233679087,0.06457699715516582,0.05968161303462442,0.924193066630541,-3.6039243027007406,414.7
,,0.0017575731465346329,0.027216706009285788,0.0004748770778586664,0.029449156233679087,0.06457699715516582,0.05968161303462442,0.924193066630541,-3.6039243027007406,414.8
,,0.0017575731465346329,0.027216706009285788,0.0004748770778586664,0.029449156233679087,0.06457699715516582,0.05968161303462442,0.924193066630541,-3.6039243027007406,414.9
,,0.0015612438451229496,0.025410115388866634,0.0004844998911747378,0.027455859125164322,0.06144182429832664,0.05686377679917549,0.9254897205375486,-3.672607940579437,415.0
,,0.0017575731465346329,0.027216706009285788,0.0004748770778586664,0.029449156233679087,0.06457699715516582,0.05968161303462442,0.924193066630541,-3.6039243027007406,415.1
,,0.0017575731465346329,0.027216706009285788,0.0004748770778586664,0.029449156233679087,0.06457699715516582,0.05968161303462442,0.924193066630541,-3.6039243027007406,415.2
,,0.0013777698420815456,0.024877550574484843,0.00045646766436968026,0.026711788080936067,0.055382053709685845,0.05157909451463663,0.9313322829271657,-3.6937894655362196,415.3
,,0.0013777698420815456,0.024877550574484843,0.00045646766436968026,0.026711788080936067,0.055382053709685845,0.05157909451463663,0.9313322829271657,-3.6937894655362196,415.4
,,0.0013777698420815456,0.024877550574484843,0.00045646766436968026,0.026711788080936067,0.055382053709685845,0.05157909451463663,0.9313322829271657,-3.6937894655362196,415.5
,,0.0013777698420815456,0.024877550574484843,0.00045646766436968026,0.026711788080936067,0.055382053709685845,0.05157909451463663,0.9313322829271657,-3.6937894655362196,415.6
,,0.0013777698420815456,0.024877550574484843,0.00045646766436968026,0.026711788080936067,0.055382053709685845,0.05157909451463663,0.9313322829271657,-3.6937894655362196,415.7
,,0.0013777698420815456,0.024877550574484843,0.00045646766436968026,0.026711788080936067,0.055382053709685845,0.05157909451463663,0.9313322829271657,-3.6937894655362196,415.8
,,0.0013777698420815456,0.024877550574484843,0.00045646766436968026,0.026711788080936067,0.055382053709685845,0.05157909451463663,0.9313322829271657,-3.6937894655362196,415.9
,,0.0013777698420815456,0.024877550574484843,0.00045646766436968026,0.026711788080936067,0.055382053709685845,0.05157909451463663,0.9313322829271657,-3.6937894655362196,416.0
,,0.0011324006488410416,0.023037735672306055,0.00048298161267960237,0.0246531179338267,0.049154164495528715,0.045933364367160535,0.9344755391242352,-3.770621726095773,416.1
,,0.0011324006488410416,0.023037735672306055,0.00048298161267960237,0.0246531179338267,0.049154164495528715,0.045933364367160535,0.9344755391242352,-3.770621726095773,416.2
,,0.0011088591004294957,0.022858189645414924,0.00045101865465709695,0.024418067400501516,0.048510364015284975,0.04541141943144612,0.9361178864198502,-3.7784458168653705,416.3
,,0.0011088591004294957,0.022858189645414924,0.00045101865465709695,0.024418067400501516,0.048510364015284975,0.04541141943144612,0.9361178864198502,-3.7784458168653705,416.4
,,0.0011088591004294957,0.022858189645414924,0.00045101865465709695,0.024418067400501516,0.048510364015284975,0.04541141943144612,0.9361178864198502,-3.7784458168653705,416.5
,,0.0011088591004294957,0.022858189645414924,0.00045101865465709695,0.024418067400501516,0.048510364015284975,0.04541141943144612,0.9361178864198502,-3.7784458168653705,416.6
,,0.0011088591004294957,0.022858189645414924,0.00045101865465709695,0.024418067400501516,0.048510364015284975,0.04541141943144612,0.9361178864198502,-3.7784458168653705,416.7
,,0.0011088591004294957,0.022858189645414924,0.00045101865465709695,0.024418067400501516,0.048510364015284975,0.04541141943144612,0.9361178864198502,-3.7784458168653705,416.8
,,0.0011088591004294957,0.022858189645414924,0.00045101865465709695,0.024418067400501516,0.048510364015284975,0.04541141943144612,0.9361178864198502,-3.7784458168653705,416.9
,,0.001065583095152713,0.0272021460134312,0.00023994177420409352,0.027442087787635294,0.047627271358027794,,0.99125643150547,-3.604459411239816,417.0
,,0.0010223070898759301,0.0272021460134312,0.00023994177420409352,0.027442087787635294,0.046744178700770606,,0.99125643150547,-3.604459411239816,417.1
,,0.0009790310845991476,0.0272021460134312,0.00023994177420409352,0.027442087787635294,0.045861086043513424,,0.99125643150547,-3.604459411239816,417.2
,,0.0009357550793223648,0.020804731578094364,0.0004613429810192202,0.02220182963843595,0.04497799338625624,0.042147656051840864,0.9370728411534642,-3.872574838428377,417.3
,,0.0009357550793223648,0.020804731578094364,0.0004613429810192202,0.02220182963843595,0.04497799338625624,0.042147656051840864,0.9370728411534642,-3.872574838428377,417.4
,,0.0009357550793223648,0.020804731578094364,0.0004613429810192202,0.02220182963843595,0.04497799338625624,0.042147656051840864,0.9370728411534642,-3.872574838428377,417.5
,,0.0009357550793223648,0.020804731578094364,0.0004613429810192202,0.02220182963843595,0.04497799338625624,0.042147656051840864,0.9370728411534642,-3.872574838428377,417.6
,,0.0009357550793223648,0.020804731578094364,0.0004613429810192202,0.02220182963843595,0.04497799338625624,0.042147656051840864,0.9370728411534642,-3.872574838428377,417.7
,,0.0007966523309545534,0.019535255844693664,0.0005184367952672691,0.020850344970915487,0.04078023534925687,0.038208112722634455,0.9369272245588136,-3.9355344538271217,417.8
,,0.0007966523309545534,0.019535255844693664,0.0005184367952672691,0.020850344970915487,0.04078023534925687,0.038208112722634455,0.9369272245588136,-3.9355344538271217,417.9
,,0.0007966523309545534,0.019535255844693664,0.0005184367952672691,0.020850344970915487,0.04078023534925687,0.038208112722634455,0.9369272245588136,-3.9355344538271217,418.0
,,0.0007966523309545534,0.019535255844693664,0.0005184367952672691,0.020850344970915487,0.04078023534925687,0.038208112722634455,0.9369272245588136,-3.9355344538271217,418.1
,,0.0007966523309545534,0.019535255844693664,0.0005184367952672691,0.020850344970915487,0.04078023534925687,0.038208112722634455,0.9369272245588136,-3.9355344538271217,418.2
,,0.0008131716390389902,0.018710050107963293,0.0004890536442572713,0.020012275391259556,0.04346175634734893,0.04063364225909795,0.9349286746341191,-3.978694460561655,418.3
,,0.0008131716390389902,0.018710050107963293,0.0004890536442572713,0.020012275391259556,0.04346175634734893,0.04063364225909795,0.9349286746341191,-3.978694460561655,418.4
,,0.0008131716390389902,0.018710050107963293,0.0004890536442572713,0.020012275391259556,0.04346175634734893,0.04063364225909795,0.9349286746341191,-3.978694460561655,418.5
,,0.0007922962671352066,0.018691946303669316,0.0002626114605138646,0.018954557764183182,0.042840974131712416,,0.9861452077235956,-3.9796625268385757,418.6
,,0.0007714208952314229,0.018691946303669316,0.0002626114605138646,0.018954557764183182,0.0422201919160759,,0.9861452077235956,-3.9796625268385757,418.7
,,0.0007505455233276393,0.018691946303669316,0.0002626114605138646,0.018954557764183182,0.041599409700439384,,0.9861452077235956,-3.9796625268385757,418.8
,,0.0007296701514238556,0.018691946303669316,0.0002626114605138646,0.018954557764183182,0.04097862748480287,,0.9861452077235956,-3.9796625268385757,418.9
,,0.000708794779520072,0.018691946303669316,0.0002626114605138646,0.018954557764183182,0.04035784526916636,,0.9861452077235956,-3.9796625268385757,419.0
,,0.0006879194076162883,0.018691946303669316,0.0002626114605138646,0.018954557764183182,0.03973706305352984,,0.9861452077235956,-3.9796625268385757,419.1
,,0.0006670440357125047,0.018691946303669316,0.0002626114605138646,0.018954557764183182,0.03911628083789333,,0.9861452077235956,-3.9796625268385757,419.2
,,0.000646168663808721,0.018691946303669316,0.0002626114605138646,0.018954557764183182,0.03849549862225681,,0.9861452077235956,-3.9796625268385757,419.3
,,0.0006252932919049374,0.016509517462568762,0.0005617154799851228,0.01769652623445882,0.037874716406620296,0.03533423925241108,0.9329241933606888,-4.103818248456698,419.4
,,0.0006252932919049374,0.016509517462568762,0.0005617154799851228,0.01769652623445882,0.037874716406620296,0.03533423925241108,0.9329241933606888,-4.103818248456698,419.5
,,0.0006252932919049374,0.016509517462568762,0.0005617154799851228,0.01769652623445882,0.037874716406620296,0.03533423925241108,0.9329241933606888,-4.103818248456698,419.6
,,0.0006252932919049374,0.016509517462568762,0.0005617154799851228,0.01769652623445882,0.037874716406620296,0.03533423925241108,0.9329241933606888,-4.103818248456698,419.7
,,0.0006252932919049374,0.016509517462568762,0.0005617154799851228,0.01769652623445882,0.037874716406620296,0.03533423925241108,0.9329241933606888,-4.103818248456698,419.8
,,0.0006252932919049374,0.016509517462568762,0.0005617154799851228,0.01769652623445882,0.037874716406620296,0.03533423925241108,0.9329241933606888,-4.103818248456698,419.9
,,0.0006252932919049374,0.016509517462568762,0.0005617154799851228,0.01769652623445882,0.037874716406620296,0.03533423925241108,0.9329241933606888,-4.103818248456698,420.0
,,0.0006252932919049374,0.016509517462568762,0.0005617154799851228,0.01769652623445882,0.037874716406620296,0.03533423925241108,0.9329241933606888,-4.103818248456698,420.1
,,0.0006252932919049374,0.016509517462568762,0.0005617154799851228,0.01769652623445882,0.037874716406620296,0.03533423925241108,0.9329241933606888,-4.103818248456698,420.2
,,0.0005340724940613733,0.01586821401391928,0.0005946590190566933,0.016996945527037347,0.03365674886870668,0.03142167474807839,0.9335920968080663,-4.143437289282153,420.3
,,0.0004456852912231948,0.014355136860566614,0.00026452785372574236,0.01506535000551555,0.031047094538505366,0.02958346743089445,0.9528578396991161,-4.243647431454794,420.4
,,0.0004456852912231948,0.014355136860566614,0.00026452785372574236,0.01506535000551555,0.031047094538505366,0.02958346743089445,0.9528578396991161,-4.243647431454794,420.5
,,0.0004456852912231948,0.014355136860566614,0.00026452785372574236,0.01506535000551555,0.031047094538505366,0.02958346743089445,0.9528578396991161,-4.243647431454794,420.6
,,0.0004456852912231948,0.014355136860566614,0.00026452785372574236,0.01506535000551555,0.031047094538505366,0.02958346743089445,0.9528578396991161,-4.243647431454794,420.7
,,0.0004456852912231948,0.014355136860566614,0.00026452785372574236,0.01506535000551555,0.031047094538505366,0.02958346743089445,0.9528578396991161,-4.243647431454794,420.8
,,0.0004456852912231948,0.014355136860566614,0.00026452785372574236,0.01506535000551555,0.031047094538505366,0.02958346743089445,0.9528578396991161,-4.243647431454794,420.9
,,0.0004456852912231948,0.014355136860566614,0.00026452785372574236,0.01506535000551555,0.031047094538505366,0.02958346743089445,0.9528578396991161,-4.243647431454794,421.0
,,0.00047024608049375436,0.015273533938129852,0.0006179471478508305,0.016361727166474434,0.030788295780048727,0.028740613732839874,0.9334915429604329,-4.181633756394487,421.1
,,0.00047024608049375436,0.015273533938129852,0.0006179471478508305,0.016361727166474434,0.030788295780048727,0.028740613732839874,0.9334915429604329,-4.181633756394487,421.2
,,0.00047024608049375436,0.015273533938129852,0.0006179471478508305,0.016361727166474434,0.030788295780048727,0.028740613732839874,0.9334915429604329,-4.181633756394487,421.3
,,0.00048870810990524,0.015151835233963622,0.0006130063151297536,0.016253549658998615,0.03225405387261442,0.030067777203035256,0.9322169957855919,-4.189633616807965,421.4
,,0.00048870810990524,0.015151835233963622,0.0006130063151297536,0.016253549658998615,0.03225405387261442,0.030067777203035256,0.9322169957855919,-4.189633616807965,421.5
,,0.00048870810990524,0.015151835233963622,0.0006130063151297536,0.016253549658998615,0.03225405387261442,0.030067777203035256,0.9322169957855919,-4.189633616807965,421.6
,,0.00048870810990524,0.015151835233963622,0.0006130063151297536,0.016253549658998615,0.03225405387261442,0.030067777203035256,0.9322169957855919,-4.189633616807965,421.7
,,0.00048870810990524,0.015151835233963622,0.0006130063151297536,0.016253549658998615,0.03225405387261442,0.030067777203035256,0.9322169957855919,-4.189633616807965,421.8
,,0.00048870810990524,0.015151835233963622,0.0006130063151297536,0.016253549658998615,0.03225405387261442,0.030067777203035256,0.9322169957855919,-4.189633616807965,421.9
,,0.00042484547133789127,0.014628852430923659,0.0006195067341493729,0.015673204636410924,0.029041613027677982,0.027106484040342275,0.9333670280128228,-4.224759506471364,422.0
,,0.00042484547133789127,0.014628852430923659,0.0006195067341493729,0.015673204636410924,0.029041613027677982,0.027106484040342275,0.9333670280128228,-4.224759506471364,422.1
,,0.00042484547133789127,0.014628852430923659,0.0006195067341493729,0.015673204636410924,0.029041613027677982,0.027106484040342275,0.9333670280128228,-4.224759506471364,422.2
,,0.00042484547133789127,0.014628852430923659,0.0006195067341493729,0.015673204636410924,0.029041613027677982,0.027106484040342275,0.9333670280128228,-4.224759506471364,422.3
,,0.00045551641349983094,0.014533141297128023,0.0006110624586675739,0.015599720169295428,0.031343286643049986,0.029200293887092506,0.9316283330346702,-4.2313236308829225,422.4
,,0.00045551641349983094,0.014533141297128023,0.0006110624586675739,0.015599720169295428,0.031343286643049986,0.029200293887092506,0.9316283330346702,-4.2313236308829225,422.5
,,0.00045551641349983094,0.014533141297128023,0.0006110624586675739,0.015599720169295428,0.031343286643049986,0.029200293887092506,0.9316283330346702,-4.2313236308829225,422.6
,,0.0004343904000785703,0.01142038286867698,0.0002711470815890584,0.01212592035034461,0.03803641305844357,0.035823293203985564,0.9418157582036585,-4.472355549162411,422.7
,,0.0004343904000785703,0.01142038286867698,0.0002711470815890584,0.01212592035034461,0.03803641305844357,0.035823293203985564,0.9418157582036585,-4.472355549162411,422.8
,,0.0004343904000785703,0.01142038286867698,0.0002711470815890584,0.01212592035034461,0.03803641305844357,0.035823293203985564,0.9418157582036585,-4.472355549162411,422.9
,,0.0004343904000785703,0.01142038286867698,0.0002711470815890584,0.01212592035034461,0.03803641305844357,0.035823293203985564,0.9418157582036585,-4.472355549162411,423.0
,,0.0004343904000785703,0.01142038286867698,0.0002711470815890584,0.01212592035034461,0.03803641305844357,0.035823293203985564,0.9418157582036585,-4.472355549162411,423.1
,,0.0004343904000785703,0.01142038286867698,0.0002711470815890584,0.01212592035034461,0.03803641305844357,0.035823293203985564,0.9418157582036585,-4.472355549162411,423.2
,,0.0004343904000785703,0.01142038286867698,0.0002711470815890584,0.01212592035034461,0.03803641305844357,0.035823293203985564,0.9418157582036585,-4.472355549162411,423.3
,,0.00046953107537051536,0.013861063138284974,0.0005946991643613539,0.014925293378016843,0.03387410263456966,0.031458750155094306,0.9286961929137452,-4.27867158265813,423.4
,,0.0004587205496913899,0.013211835716941072,0.0005857473890820376,0.014256303655714501,0.03472042489168925,0.03217668203268918,0.9267364133090161,-4.3266422059132,423.5
,,0.0004587205496913899,0.013211835716941072,0.0005857473890820376,0.014256303655714501,0.03472042489168925,0.03217668203268918,0.9267364133090161,-4.3266422059132,423.6
,,0.0004587205496913899,0.013211835716941072,0.0005857473890820376,0.014256303655714501,0.03472042489168925,0.03217668203268918,0.9267364133090161,-4.3266422059132,423.7
,,0.0004587205496913899,0.013211835716941072,0.0005857473890820376,0.014256303655714501,0.03472042489168925,0.03217668203268918,0.9267364133090161,-4.3266422059132,423.8
,,0.0004587205496913899,0.013211835716941072,0.0005857473890820376,0.014256303655714501,0.03472042489168925,0.03217668203268918,0.9267364133090161,-4.3266422059132,423.9
,,0.0004587205496913899,0.013211835716941072,0.0005857473890820376,0.014256303655714501,0.03472042489168925,0.03217668203268918,0.9267364133090161,-4.3266422059132,424.0
,,0.0004587205496913899,0.013211835716941072,0.0005857473890820376,0.014256303655714501,0.03472042489168925,0.03217668203268918,0.9267364133090161,-4.3266422059132,424.1
,,0.0004587205496913899,0.013211835716941072,0.0005857473890820376,0.014256303655714501,0.03472042489168925,0.03217668203268918,0.9267364133090161,-4.3266422059132,424.2
,,0.0005270798183286596,0.013235555610929647,0.000574418748914672,0.014337054178172978,0.03982302170174164,0.036763467012009804,0.9231712070307807,-4.324848463758865,424.3
,,0.0005276391895257863,0.012555790083819804,0.0005615053892076303,0.01364493466255322,0.04202357525917354,0.0386692353297832,0.9201795680471498,-4.377573358538186,424.4
,,0.0005276391895257863,0.012555790083819804,0.0005615053892076303,0.01364493466255322,0.04202357525917354,0.0386692353297832,0.9201795680471498,-4.377573358538186,424.5
,,0.0005276391895257863,0.012555790083819804,0.0005615053892076303,0.01364493466255322,0.04202357525917354,0.0386692353297832,0.9201795680471498,-4.377573358538186,424.6
,,0.0005276391895257863,0.012555790083819804,0.0005615053892076303,0.01364493466255322,0.04202357525917354,0.0386692353297832,0.9201795680471498,-4.377573358538186,424.7
,,0.0005276391895257863,0.012555790083819804,0.0005615053892076303,0.01364493466255322,0.04202357525917354,0.0386692353297832,0.9201795680471498,-4.377573358538186,424.8
,,0.0005276391895257863,0.012555790083819804,0.0005615053892076303,0.01364493466255322,0.04202357525917354,0.0386692353297832,0.9201795680471498,-4.377573358538186,424.9
,,0.0005276391895257863,0.012555790083819804,0.0005615053892076303,0.01364493466255322,0.04202357525917354,0.0386692353297832,0.9201795680471498,-4.377573358538186,425.0
,,0.0005276391895257863,0.012555790083819804,0.0005615053892076303,0.01364493466255322,0.04202357525917354,0.0386692353297832,0.9201795680471498,-4.377573358538186,425.1
,,0.0005276391895257863,0.012555790083819804,0.0005615053892076303,0.01364493466255322,0.04202357525917354,0.0386692353297832,0.9201795680471498,-4.377573358538186,425.2
,,0.0006024002858202195,0.011893462219578467,0.0005241281047704434,0.01301999061016913,0.05064969936412427,0.04626733642570533,0.913477019736804,-4.431766423149191,425.3
,,0.0006024002858202195,0.011893462219578467,0.0005241281047704434,0.01301999061016913,0.05064969936412427,0.04626733642570533,0.913477019736804,-4.431766423149191,425.4
,,0.0006024002858202195,0.011893462219578467,0.0005241281047704434,0.01301999061016913,0.05064969936412427,0.04626733642570533,0.913477019736804,-4.431766423149191,425.5
,,0.0006024002858202195,0.011893462219578467,0.0005241281047704434,0.01301999061016913,0.05064969936412427,0.04626733642570533,0.913477019736804,-4.431766423149191,425.6
,,0.0006024002858202195,0.011893462219578467,0.0005241281047704434,0.01301999061016913,0.05064969936412427,0.04626733642570533,0.913477019736804,-4.431766423149191,425.7
,,0.0006024002858202195,0.011893462219578467,0.0005241281047704434,0.01301999061016913,0.05064969936412427,0.04626733642570533,0.913477019736804,-4.431766423149191,425.8
,,0.0006024002858202195,0.011893462219578467,0.0005241281047704434,0.01301999061016913,0.05064969936412427,0.04626733642570533,0.913477019736804,-4.431766423149191,425.9
,,0.0006024002858202195,0.011893462219578467,0.0005241281047704434,0.01301999061016913,0.05064969936412427,0.04626733642570533,0.913477019736804,-4.431766423149191,426.0
,,0.0005783726608599844,0.01119843931896167,0.0005044130124749876,0.012281224992296641,0.05164761306342567,0.04709405301366654,0.9118340659002547,-4.491980856911996,426.1
,,0.0006480897723257781,0.011238729530189603,0.00048500684796572,0.0123718261504811,0.05766575043779388,0.052384325841870645,0.9084131472177667,-4.488389472027012,426.2
,,0.0006480897723257781,0.011238729530189603,0.00048500684796572,0.0123718261504811,0.05766575043779388,0.052384325841870645,0.9084131472177667,-4.488389472027012,426.3
,,0.0006480897723257781,0.011238729530189603,0.00048500684796572,0.0123718261504811,0.05766575043779388,0.052384325841870645,0.9084131472177667,-4.488389472027012,426.4
,,0.0006480897723257781,0.011238729530189603,0.00048500684796572,0.0123718261504811,0.05766575043779388,0.052384325841870645,0.9084131472177667,-4.488389472027012,426.5
,,0.0006480897723257781,0.011238729530189603,0.00048500684796572,0.0123718261504811,0.05766575043779388,0.052384325841870645,0.9084131472177667,-4.488389472027012,426.6
,,0.0006480897723257781,0.011238729530189603,0.00048500684796572,0.0123718261504811,0.05766575043779388,0.052384325841870645,0.9084131472177667,-4.488389472027012,426.7
,,0.0006480897723257781,0.011238729530189603,0.00048500684796572,0.0123718261504811,0.05766575043779388,0.052384325841870645,0.9084131472177667,-4.488389472027012,426.8
,,0.0005948048945059476,0.010604756483074542,0.00047384303444229374,0.011673404412022784,0.05608850099059522,0.05095384975212034,0.9084544755557676,-4.546452653692636,426.9
,,0.0005948048945059476,0.010604756483074542,0.00047384303444229374,0.011673404412022784,0.05608850099059522,0.05095384975212034,0.9084544755557676,-4.546452653692636,427.0
,,0.0005948048945059476,0.010604756483074542,0.00047384303444229374,0.011673404412022784,0.05608850099059522,0.05095384975212034,0.9084544755557676,-4.546452653692636,427.1
,,0.0006526659615397085,0.0106779965858237,0.00045046427221278685,0.011781126819576196,0.06112251079066643,0.05539928154030235,0.9063646244840119,-4.5395700486434984,427.2
,,0.0006526659615397085,0.0106779965858237,0.00045046427221278685,0.011781126819576196,0.06112251079066643,0.05539928154030235,0.9063646244840119,-4.5395700486434984,427.3
,,0.0006526659615397085,0.0106779965858237,0.00045046427221278685,0.011781126819576196,0.06112251079066643,0.05539928154030235,0.9063646244840119,-4.5395700486434984,427.4
,,0.0006526659615397085,0.0106779965858237,0.00045046427221278685,0.011781126819576196,0.06112251079066643,0.05539928154030235,0.9063646244840119,-4.5395700486434984,427.5
,,0.0006526659615397085,0.0106779965858237,0.00045046427221278685,0.011781126819576196,0.06112251079066643,0.05539928154030235,0.9063646244840119,-4.5395700486434984,427.6
,,0.0005763624014044463,0.010131219522790549,0.0004463436082871721,0.011153925532482168,0.05688973574285879,0.05167350272565286,0.908309768904829,-4.592133580722637,427.7
,,0.0005763624014044463,0.010131219522790549,0.0004463436082871721,0.011153925532482168,0.05688973574285879,0.05167350272565286,0.908309768904829,-4.592133580722637,427.8
,,0.0005763624014044463,0.010131219522790549,0.0004463436082871721,0.011153925532482168,0.05688973574285879,0.05167350272565286,0.908309768904829,-4.592133580722637,427.9
,,0.0005763624014044463,0.010131219522790549,0.0004463436082871721,0.011153925532482168,0.05688973574285879,0.05167350272565286,0.908309768904829,-4.592133580722637,428.0
,,0.0005763624014044463,0.010131219522790549,0.0004463436082871721,0.011153925532482168,0.05688973574285879,0.05167350272565286,0.908309768904829,-4.592133580722637,428.1
,,0.000617708470202303,0.010246999280517342,0.0004213909176560641,0.011286098668375709,0.060281888706360545,0.05473179779414452,0.9079310381389822,-4.5807703693785395,428.2
,,0.000617708470202303,0.010246999280517342,0.0004213909176560641,0.011286098668375709,0.060281888706360545,0.05473179779414452,0.9079310381389822,-4.5807703693785395,428.3
,,0.000617708470202303,0.010246999280517342,0.0004213909176560641,0.011286098668375709,0.060281888706360545,0.05473179779414452,0.9079310381389822,-4.5807703693785395,428.4
,,0.0005312277244454802,0.009783338881613802,0.00042438431992169106,0.010738950925980973,0.05429922553780044,0.04946737610656825,0.9110143950788304,-4.627074454260752,428.5
,,0.0005312277244454802,0.009783338881613802,0.00042438431992169106,0.010738950925980973,0.05429922553780044,0.04946737610656825,0.9110143950788304,-4.627074454260752,428.6
,,0.0005312277244454802,0.009783338881613802,0.00042438431992169106,0.010738950925980973,0.05429922553780044,0.04946737610656825,0.9110143950788304,-4.627074454260752,428.7
,,0.0005312277244454802,0.009783338881613802,0.00042438431992169106,0.010738950925980973,0.05429922553780044,0.04946737610656825,0.9110143950788304,-4.627074454260752,428.8
,,0.0005312277244454802,0.009783338881613802,0.00042438431992169106,0.010738950925980973,0.05429922553780044,0.04946737610656825,0.9110143950788304,-4.627074454260752,428.9
,,0.0005312277244454802,0.009783338881613802,0.00042438431992169106,0.010738950925980973,0.05429922553780044,0.04946737610656825,0.9110143950788304,-4.627074454260752,429.0
,,0.0005312277244454802,0.009783338881613802,0.00042438431992169106,0.010738950925980973,0.05429922553780044,0.04946737610656825,0.9110143950788304,-4.627074454260752,429.1
,,0.000502179061708977,0.010589193871119795,0.0003053245971578487,0.01139669752998662,0.0474237291167729,0.04406355967486719,0.9291458199410708,-4.547921243973517,429.2
,,0.0004769536970424712,0.009575216255800607,0.0004217182393071728,0.010473888192150251,0.04981127154736956,0.0455374058126693,0.9141988228380019,-4.648577158708271,429.3
,,0.0004769536970424712,0.009575216255800607,0.0004217182393071728,0.010473888192150251,0.04981127154736956,0.0455374058126693,0.9141988228380019,-4.648577158708271,429.4
,,0.0004769536970424712,0.009575216255800607,0.0004217182393071728,0.010473888192150251,0.04981127154736956,0.0455374058126693,0.9141988228380019,-4.648577158708271,429.5
,,0.0004769536970424712,0.009575216255800607,0.0004217182393071728,0.010473888192150251,0.04981127154736956,0.0455374058126693,0.9141988228380019,-4.648577158708271,429.6
,,0.0004769536970424712,0.009575216255800607,0.0004217182393071728,0.010473888192150251,0.04981127154736956,0.0455374058126693,0.9141988228380019,-4.648577158708271,429.7
,,0.0004769536970424712,0.009575216255800607,0.0004217182393071728,0.010473888192150251,0.04981127154736956,0.0455374058126693,0.9141988228380019,-4.648577158708271,429.8
,,0.0004769536970424712,0.009575216255800607,0.0004217182393071728,0.010473888192150251,0.04981127154736956,0.0455374058126693,0.9141988228380019,-4.648577158708271,429.9
,,0.0004769536970424712,0.009575216255800607,0.0004217182393071728,0.010473888192150251,0.04981127154736956,0.0455374058126693,0.9141988228380019,-4.648577158708271,430.0
,,0.0004769536970424712,0.009575216255800607,0.0004217182393071728,0.010473888192150251,0.04981127154736956,0.0455374058126693,0.9141988228380019,-4.648577158708271,430.1
,,0.0004331885935642824,0.00953194535287737,0.00043673121995371615,0.010401865166395368,0.04544597954849977,0.04164528059484531,0.9163688627373876,-4.653106452779556,430.2
,,0.0004331885935642824,0.00953194535287737,0.00043673121995371615,0.010401865166395368,0.04544597954849977,0.04164528059484531,0.9163688627373876,-4.653106452779556,430.3
,,0.0004331885935642824,0.00953194535287737,0.00043673121995371615,0.010401865166395368,0.04544597954849977,0.04164528059484531,0.9163688627373876,-4.653106452779556,430.4
,,0.0004331885935642824,0.00953194535287737,0.00043673121995371615,0.010401865166395368,0.04544597954849977,0.04164528059484531,0.9163688627373876,-4.653106452779556,430.5
,,0.0004331885935642824,0.00953194535287737,0.00043673121995371615,0.010401865166395368,0.04544597954849977,0.04164528059484531,0.9163688627373876,-4.653106452779556,430.6
,,0.0004331885935642824,0.00953194535287737,0.00043673121995371615,0.010401865166395368,0.04544597954849977,0.04164528059484531,0.9163688627373876,-4.653106452779556,430.7
,,0.0004331885935642824,0.00953194535287737,0.00043673121995371615,0.010401865166395368,0.04544597954849977,0.04164528059484531,0.9163688627373876,-4.653106452779556,430.8
,,0.0004331885935642824,0.00953194535287737,0.00043673121995371615,0.010401865166395368,0.04544597954849977,0.04164528059484531,0.9163688627373876,-4.653106452779556,430.9
,,0.00036757535800545447,0.009316692756035565,0.0004464851249280276,0.010130753238969047,0.03945341631742989,0.03628312222545662,0.9196446242711639,-4.675947567763017,431.0
,,0.00040856559475338625,0.00975668370711466,0.00046432572849960095,0.010629575030367648,0.04187545758559915,0.038436681954467096,0.917880882278057,-4.62980272040394,431.1
,,0.00040856559475338625,0.00975668370711466,0.00046432572849960095,0.010629575030367648,0.04187545758559915,0.038436681954467096,0.917880882278057,-4.62980272040394,431.2
,,0.00040856559475338625,0.00975668370711466,0.00046432572849960095,0.010629575030367648,0.04187545758559915,0.038436681954467096,0.917880882278057,-4.62980272040394,431.3
,,0.00040856559475338625,0.00975668370711466,0.00046432572849960095,0.010629575030367648,0.04187545758559915,0.038436681954467096,0.917880882278057,-4.62980272040394,431.4
,,0.00040856559475338625,0.00975668370711466,0.00046432572849960095,0.010629575030367648,0.04187545758559915,0.038436681954467096,0.917880882278057,-4.62980272040394,431.5
,,0.00040856559475338625,0.00975668370711466,0.00046432572849960095,0.010629575030367648,0.04187545758559915,0.038436681954467096,0.917880882278057,-4.62980272040394,431.6
,,0.00040856559475338625,0.00975668370711466,0.00046432572849960095,0.010629575030367648,0.04187545758559915,0.038436681954467096,0.917880882278057,-4.62980272040394,431.7
,,0.0003536621781196603,0.009707860642073796,0.00047420478656638016,0.010535727606759837,0.03643049598249186,0.03356789310808935,0.9214228959227388,-4.634819346178191,431.8
,,0.0003536621781196603,0.009707860642073796,0.00047420478656638016,0.010535727606759837,0.03643049598249186,0.03356789310808935,0.9214228959227388,-4.634819346178191,431.9
,,0.0003536621781196603,0.009707860642073796,0.00047420478656638016,0.010535727606759837,0.03643049598249186,0.03356789310808935,0.9214228959227388,-4.634819346178191,432.0
,,0.0004069615575462841,0.010325536660785038,0.0005103838893687968,0.011242882107700119,0.03941311438967312,0.03619726273457594,0.9184065582003389,-4.573135164654309,432.1
,,0.0004069615575462841,0.010325536660785038,0.0005103838893687968,0.011242882107700119,0.03941311438967312,0.03619726273457594,0.9184065582003389,-4.573135164654309,432.2
,,0.0004069615575462841,0.010325536660785038,0.0005103838893687968,0.011242882107700119,0.03941311438967312,0.03619726273457594,0.9184065582003389,-4.573135164654309,432.3
,,0.0004069615575462841,0.010325536660785038,0.0005103838893687968,0.011242882107700119,0.03941311438967312,0.03619726273457594,0.9184065582003389,-4.573135164654309,432.4
,,0.0004069615575462841,0.010325536660785038,0.0005103838893687968,0.011242882107700119,0.03941311438967312,0.03619726273457594,0.9184065582003389,-4.573135164654309,432.5
,,0.00035587455814493674,0.010417043378162683,0.0005212850660498883,0.011294203002357507,0.034162722110859106,0.031509488369445185,0.9223354118912392,-4.564312027818131,432.6
,,0.00035587455814493674,0.010417043378162683,0.0005212850660498883,0.011294203002357507,0.034162722110859106,0.031509488369445185,0.9223354118912392,-4.564312027818131,432.7
,,0.00035587455814493674,0.010417043378162683,0.0005212850660498883,0.011294203002357507,0.034162722110859106,0.031509488369445185,0.9223354118912392,-4.564312027818131,432.8
,,0.00035587455814493674,0.010417043378162683,0.0005212850660498883,0.011294203002357507,0.034162722110859106,0.031509488369445185,0.9223354118912392,-4.564312027818131,432.9
,,0.00035587455814493674,0.010417043378162683,0.0005212850660498883,0.011294203002357507,0.034162722110859106,0.031509488369445185,0.9223354118912392,-4.564312027818131,433.0
,,0.00035587455814493674,0.010417043378162683,0.0005212850660498883,0.011294203002357507,0.034162722110859106,0.031509488369445185,0.9223354118912392,-4.564312027818131,433.1
,,0.0004239145709357354,0.011167847214447406,0.0005697898718089981,0.012161551657192139,0.03795848589219001,0.03485694777154849,0.918291310948215,-4.494716413710482,433.2
,,0.0004239145709357354,0.011167847214447406,0.0005697898718089981,0.012161551657192139,0.03795848589219001,0.03485694777154849,0.918291310948215,-4.494716413710482,433.3
,,0.0004151145458667274,0.01413678467391206,0.0008368250613105379,0.014973609735222597,0.0370683858764444,,0.9441133383260241,-4.2589750365981125,433.4
,,0.00040631452079771947,0.01413678467391206,0.0008368250613105379,0.014973609735222597,0.03617828586069879,,0.9441133383260241,-4.2589750365981125,433.5
,,0.00039751449572871157,0.01413678467391206,0.0008368250613105379,0.014973609735222597,0.03528818584495318,,0.9441133383260241,-4.2589750365981125,433.6
,,0.0003887144706597036,0.01413678467391206,0.0008368250613105379,0.014973609735222597,0.034398085829207566,,0.9441133383260241,-4.2589750365981125,433.7
,,0.00037991444559069566,0.01413678467391206,0.0008368250613105379,0.014973609735222597,0.033507985813461955,,0.9441133383260241,-4.2589750365981125,433.8
,,0.0003711144205216877,0.01413678467391206,0.0008368250613105379,0.014973609735222597,0.032617885797716344,,0.9441133383260241,-4.2589750365981125,433.9
,,0.0003623143954526798,0.01413678467391206,0.0008368250613105379,0.014973609735222597,0.03172778578197073,,0.9441133383260241,-4.2589750365981125,434.0
,,0.00035351437038367184,0.01413678467391206,0.0008368250613105379,0.014973609735222597,0.030837685766225125,,0.9441133383260241,-4.2589750365981125,434.1
,,0.0003447143453146639,0.011510588806282803,0.0005740229447165542,0.01242932609631402,0.029947585750479514,0.02773395296281515,0.9260830971114618,-4.464487901493975,434.2
,,0.0004388328923917989,0.01255112630884319,0.0006339210857147168,0.013623880286949707,0.034963626498014676,0.032210565796893874,0.9212592921024044,-4.377944871706694,434.3
,,0.0004388328923917989,0.01255112630884319,0.0006339210857147168,0.013623880286949707,0.034963626498014676,0.032210565796893874,0.9212592921024044,-4.377944871706694,434.4
,,0.0004388328923917989,0.01255112630884319,0.0006339210857147168,0.013623880286949707,0.034963626498014676,0.032210565796893874,0.9212592921024044,-4.377944871706694,434.5
,,0.0004388328923917989,0.01255112630884319,0.0006339210857147168,0.013623880286949707,0.034963626498014676,0.032210565796893874,0.9212592921024044,-4.377944871706694,434.6
,,0.0004388328923917989,0.01255112630884319,0.0006339210857147168,0.013623880286949707,0.034963626498014676,0.032210565796893874,0.9212592921024044,-4.377944871706694,434.7
,,0.0004388328923917989,0.01255112630884319,0.0006339210857147168,0.013623880286949707,0.034963626498014676,0.032210565796893874,0.9212592921024044,-4.377944871706694,434.8
,,0.0004388328923917989,0.01255112630884319,0.0006339210857147168,0.013623880286949707,0.034963626498014676,0.032210565796893874,0.9212592921024044,-4.377944871706694,434.9
,,0.0004388328923917989,0.01255112630884319,0.0006339210857147168,0.013623880286949707,0.034963626498014676,0.032210565796893874,0.9212592921024044,-4.377944871706694,435.0
,,0.00041483243570894973,0.01271383057999555,0.0006268440050254769,0.013755507020729977,0.03262843822708033,0.03015755326821355,0.9242720432504169,-4.365064856025043,435.1
,,0.00041483243570894973,0.01271383057999555,0.0006268440050254769,0.013755507020729977,0.03262843822708033,0.03015755326821355,0.9242720432504169,-4.365064856025043,435.2
,,0.0008380346070282857,0.017522216204951535,0.0011378954099030075,0.01949814622188283,0.047826975607769794,0.04298021963173899,0.8986606216588067,-4.044285705757388,435.3
,,0.0008380346070282857,0.017522216204951535,0.0011378954099030075,0.01949814622188283,0.047826975607769794,0.04298021963173899,0.8986606216588067,-4.044285705757388,435.4
,,0.0008380346070282857,0.017522216204951535,0.0011378954099030075,0.01949814622188283,0.047826975607769794,0.04298021963173899,0.8986606216588067,-4.044285705757388,435.5
,,0.0008380346070282857,0.017522216204951535,0.0011378954099030075,0.01949814622188283,0.047826975607769794,0.04298021963173899,0.8986606216588067,-4.044285705757388,435.6
,,0.0008380346070282857,0.017522216204951535,0.0011378954099030075,0.01949814622188283,0.047826975607769794,0.04298021963173899,0.8986606216588067,-4.044285705757388,435.7
,,0.0008380346070282857,0.017522216204951535,0.0011378954099030075,0.01949814622188283,0.047826975607769794,0.04298021963173899,0.8986606216588067,-4.044285705757388,435.8
,,0.0008380346070282857,0.017522216204951535,0.0011378954099030075,0.01949814622188283,0.047826975607769794,0.04298021963173899,0.8986606216588067,-4.044285705757388,435.9
,,0.0005477061973375197,0.014111643778863448,0.0006882458661706363,0.015347595842371603,0.038812359915000066,0.03568677485143398,0.9194693373345197,-4.260755022463774,436.0
,,0.0005477061973375197,0.014111643778863448,0.0006882458661706363,0.015347595842371603,0.038812359915000066,0.03568677485143398,0.9194693373345197,-4.260755022463774,436.1
,,0.0005477061973375197,0.014111643778863448,0.0006882458661706363,0.015347595842371603,0.038812359915000066,0.03568677485143398,0.9194693373345197,-4.260755022463774,436.2
,,0.0007737178115403314,0.0157913063332697,0.0007551931124883759,0.01732021725729841,0.04899644115637441,0.04467136872745066,0.9117268045015743,-4.148295722453971,436.3
,,0.0007737178115403314,0.0157913063332697,0.0007551931124883759,0.01732021725729841,0.04899644115637441,0.04467136872745066,0.9117268045015743,-4.148295722453971,436.4
,,0.0007737178115403314,0.0157913063332697,0.0007551931124883759,0.01732021725729841,0.04899644115637441,0.04467136872745066,0.9117268045015743,-4.148295722453971,436.5
,,0.0007737178115403314,0.0157913063332697,0.0007551931124883759,0.01732021725729841,0.04899644115637441,0.04467136872745066,0.9117268045015743,-4.148295722453971,436.6
,,0.0007737178115403314,0.0157913063332697,0.0007551931124883759,0.01732021725729841,0.04899644115637441,0.04467136872745066,0.9117268045015743,-4.148295722453971,436.7
,,0.000753872436562293,0.01573604290751557,0.0007479479399077573,0.01723786328398562,0.047907370422982376,0.043733519876715705,0.9128766511412538,-4.1518014711886515,436.8
,,0.000753872436562293,0.01573604290751557,0.0007479479399077573,0.01723786328398562,0.047907370422982376,0.043733519876715705,0.9128766511412538,-4.1518014711886515,436.9
,,0.000753872436562293,0.01573604290751557,0.0007479479399077573,0.01723786328398562,0.047907370422982376,0.043733519876715705,0.9128766511412538,-4.1518014711886515,437.0
,,0.000753872436562293,0.01573604290751557,0.0007479479399077573,0.01723786328398562,0.047907370422982376,0.043733519876715705,0.9128766511412538,-4.1518014711886515,437.1
,,0.000753872436562293,0.01573604290751557,0.0007479479399077573,0.01723786328398562,0.047907370422982376,0.043733519876715705,0.9128766511412538,-4.1518014711886515,437.2
,,0.0010113170932499315,0.017337890008564987,0.0007834537125322512,0.01913266081434717,0.05832988286062126,0.052858151987493905,0.9061933505643751,-4.054860998507537,437.3
,,0.0010113170932499315,0.017337890008564987,0.0007834537125322512,0.01913266081434717,0.05832988286062126,0.052858151987493905,0.9061933505643751,-4.054860998507537,437.4
,,0.0010113170932499315,0.017337890008564987,0.0007834537125322512,0.01913266081434717,0.05832988286062126,0.052858151987493905,0.9061933505643751,-4.054860998507537,437.5
,,0.0009824786848614702,0.01724374542549799,0.0007882836159322456,0.019014507726291707,0.056975944646497634,0.05166995112384524,0.9068730925731381,-4.0603057852833535,437.6
,,0.0009824786848614702,0.01724374542549799,0.0007882836159322456,0.019014507726291707,0.056975944646497634,0.05166995112384524,0.9068730925731381,-4.0603057852833535,437.7
,,0.0009824786848614702,0.01724374542549799,0.0007882836159322456,0.019014507726291707,0.056975944646497634,0.05166995112384524,0.9068730925731381,-4.0603057852833535,437.8
,,0.0009824786848614702,0.01724374542549799,0.0007882836159322456,0.019014507726291707,0.056975944646497634,0.05166995112384524,0.9068730925731381,-4.0603057852833535,437.9
,,0.0009824786848614702,0.01724374542549799,0.0007882836159322456,0.019014507726291707,0.056975944646497634,0.05166995112384524,0.9068730925731381,-4.0603057852833535,438.0
,,0.0009824786848614702,0.01724374542549799,0.0007882836159322456,0.019014507726291707,0.056975944646497634,0.05166995112384524,0.9068730925731381,-4.0603057852833535,438.1
,,0.0009824786848614702,0.01724374542549799,0.0007882836159322456,0.019014507726291707,0.056975944646497634,0.05166995112384524,0.9068730925731381,-4.0603057852833535,438.2
,,0.0009824786848614702,0.01724374542549799,0.0007882836159322456,0.019014507726291707,0.056975944646497634,0.05166995112384524,0.9068730925731381,-4.0603057852833535,438.3
,,0.0012252336928255145,0.018890650096383504,0.0008346911665638398,0.02095057495577286,0.06485926564592279,0.058482103494152816,0.9016769294523943,-3.9690881832179365,438.4
,,0.0012252336928255145,0.018890650096383504,0.0008346911665638398,0.02095057495577286,0.06485926564592279,0.058482103494152816,0.9016769294523943,-3.9690881832179365,438.5
,,0.0012252336928255145,0.018890650096383504,0.0008346911665638398,0.02095057495577286,0.06485926564592279,0.058482103494152816,0.9016769294523943,-3.9690881832179365,438.6
,,0.0012252336928255145,0.018890650096383504,0.0008346911665638398,0.02095057495577286,0.06485926564592279,0.058482103494152816,0.9016769294523943,-3.9690881832179365,438.7
,,0.0012252336928255145,0.018890650096383504,0.0008346911665638398,0.02095057495577286,0.06485926564592279,0.058482103494152816,0.9016769294523943,-3.9690881832179365,438.8
,,0.0012252336928255145,0.018890650096383504,0.0008346911665638398,0.02095057495577286,0.06485926564592279,0.058482103494152816,0.9016769294523943,-3.9690881832179365,438.9
,,0.0012252336928255145,0.018890650096383504,0.0008346911665638398,0.02095057495577286,0.06485926564592279,0.058482103494152816,0.9016769294523943,-3.9690881832179365,439.0
,,0.0012252336928255145,0.018890650096383504,0.0008346911665638398,0.02095057495577286,0.06485926564592279,0.058482103494152816,0.9016769294523943,-3.9690881832179365,439.1
,,0.0018960683831414768,0.022483384214395073,0.0015315467559879879,0.02591099935352454,0.0843319833465067,0.0731761966133338,0.86771582630358,-3.7949787219421824,439.2
,,0.0018960683831414768,0.022483384214395073,0.0015315467559879879,0.02591099935352454,0.0843319833465067,0.0731761966133338,0.86771582630358,-3.7949787219421824,439.3
,,0.002380731749732119,0.025381568223332117,0.0015991331319691285,0.029361433105033367,0.09379766170411885,0.08108363584351048,0.8644526352830172,-3.6737320288754045,439.4
,,0.002380731749732119,0.025381568223332117,0.0015991331319691285,0.029361433105033367,0.09379766170411885,0.08108363584351048,0.8644526352830172,-3.6737320288754045,439.5
,,0.002380731749732119,0.025381568223332117,0.0015991331319691285,0.029361433105033367,0.09379766170411885,0.08108363584351048,0.8644526352830172,-3.6737320288754045,439.6
,,0.002380731749732119,0.025381568223332117,0.0015991331319691285,0.029361433105033367,0.09379766170411885,0.08108363584351048,0.8644526352830172,-3.6737320288754045,439.7
,,0.002380731749732119,0.025381568223332117,0.0015991331319691285,0.029361433105033367,0.09379766170411885,0.08108363584351048,0.8644526352830172,-3.6737320288754045,439.8
,,0.002380731749732119,0.025381568223332117,0.0015991331319691285,0.029361433105033367,0.09379766170411885,0.08108363584351048,0.8644526352830172,-3.6737320288754045,439.9
,,0.0013391008826059243,0.02046647023872907,0.000933310041144838,0.022738881162479834,0.06542900983834132,0.058890359338149866,0.9000649632885042,-3.8889673299994403,440.0
,,0.0013391008826059243,0.02046647023872907,0.000933310041144838,0.022738881162479834,0.06542900983834132,0.058890359338149866,0.9000649632885042,-3.8889673299994403,440.1
,,0.0013391008826059243,0.02046647023872907,0.000933310041144838,0.022738881162479834,0.06542900983834132,0.058890359338149866,0.9000649632885042,-3.8889673299994403,440.2
,,0.0013391008826059243,0.02046647023872907,0.000933310041144838,0.022738881162479834,0.06542900983834132,0.058890359338149866,0.9000649632885042,-3.8889673299994403,440.3
,,0.0015975124635924766,0.023718849942421016,0.0009926022400571456,0.02630896464607064,0.06735202033279596,0.060721221267484284,0.9015501089269787,-3.7414851907489024,440.4
,,0.0015975124635924766,0.023718849942421016,0.0009926022400571456,0.02630896464607064,0.06735202033279596,0.060721221267484284,0.9015501089269787,-3.7414851907489024,440.5
,,0.0015975124635924766,0.023718849942421016,0.0009926022400571456,0.02630896464607064,0.06735202033279596,0.060721221267484284,0.9015501089269787,-3.7414851907489024,440.6
,,0.0015975124635924766,0.023718849942421016,0.0009926022400571456,0.02630896464607064,0.06735202033279596,0.060721221267484284,0.9015501089269787,-3.7414851907489024,440.7
,,0.0015903024924330859,0.02812460535877198,0.0017717555297671992,0.02989636088853918,0.0661988679669785,,0.9407367493196671,-3.571110450244105,440.8
,,0.001583092521273695,0.02812460535877198,0.0017717555297671992,0.02989636088853918,0.06504571560116106,,0.9407367493196671,-3.571110450244105,440.9
,,0.0015758825501143042,0.02812460535877198,0.0017717555297671992,0.02989636088853918,0.06389256323534362,,0.9407367493196671,-3.571110450244105,441.0
,,0.0015686725789549134,0.02812460535877198,0.0017717555297671992,0.02989636088853918,0.06273941086952617,,0.9407367493196671,-3.571110450244105,441.1
,,0.0015614626077955225,0.02812460535877198,0.0017717555297671992,0.02989636088853918,0.06158625850370872,,0.9407367493196671,-3.571110450244105,441.2
,,0.0015542526366361317,0.02812460535877198,0.0017717555297671992,0.02989636088853918,0.060433106137891275,,0.9407367493196671,-3.571110450244105,441.3
,,0.001547042665476741,0.02812460535877198,0.0017717555297671992,0.02989636088853918,0.059279953772073825,,0.9407367493196671,-3.571110450244105,441.4
,,0.00153983269431735,0.032676220253519385,0.0018855631715150906,0.03456178342503448,0.05812680140625638,,0.9454436957628377,-3.421107674996422,441.5
,,0.0015326227231579593,0.026900554009979764,0.0012474232951945068,0.029680600028332227,0.05697364904043893,0.05163718798457453,0.9063345749176663,-3.615608397419887,441.6
,,0.0015326227231579593,0.026900554009979764,0.0012474232951945068,0.029680600028332227,0.05697364904043893,0.05163718798457453,0.9063345749176663,-3.615608397419887,441.7
,,0.0015326227231579593,0.026900554009979764,0.0012474232951945068,0.029680600028332227,0.05697364904043893,0.05163718798457453,0.9063345749176663,-3.615608397419887,441.8
,,0.0015326227231579593,0.026900554009979764,0.0012474232951945068,0.029680600028332227,0.05697364904043893,0.05163718798457453,0.9063345749176663,-3.615608397419887,441.9
,,0.0015326227231579593,0.026900554009979764,0.0012474232951945068,0.029680600028332227,0.05697364904043893,0.05163718798457453,0.9063345749176663,-3.615608397419887,442.0
,,0.0015326227231579593,0.026900554009979764,0.0012474232951945068,0.029680600028332227,0.05697364904043893,0.05163718798457453,0.9063345749176663,-3.615608397419887,442.1
,,0.0015326227231579593,0.026900554009979764,0.0012474232951945068,0.029680600028332227,0.05697364904043893,0.05163718798457453,0.9063345749176663,-3.615608397419887,442.2
,,0.0015326227231579593,0.026900554009979764,0.0012474232951945068,0.029680600028332227,0.05697364904043893,0.05163718798457453,0.9063345749176663,-3.615608397419887,442.3
,,0.0020514264594965323,0.0326725045040976,0.0020627368356211312,0.036786667799215265,0.06278754844885717,0.055765487395960704,0.8881615666422109,-3.421221395637171,442.4
,,0.0020514264594965323,0.0326725045040976,0.0020627368356211312,0.036786667799215265,0.06278754844885717,0.055765487395960704,0.8881615666422109,-3.421221395637171,442.5
,,0.0023122530902418286,0.039306595999253596,0.0023188346631834336,0.043937683752678855,0.058826083293647115,0.05262573929152221,0.8945987280646558,-3.2363629370588622,442.6
,,0.0023122530902418286,0.039306595999253596,0.0023188346631834336,0.043937683752678855,0.058826083293647115,0.05262573929152221,0.8945987280646558,-3.2363629370588622,442.7
,,0.0023122530902418286,0.039306595999253596,0.0023188346631834336,0.043937683752678855,0.058826083293647115,0.05262573929152221,0.8945987280646558,-3.2363629370588622,442.8
,,0.0023122530902418286,0.039306595999253596,0.0023188346631834336,0.043937683752678855,0.058826083293647115,0.05262573929152221,0.8945987280646558,-3.2363629370588622,442.9
,,0.0023122530902418286,0.039306595999253596,0.0023188346631834336,0.043937683752678855,0.058826083293647115,0.05262573929152221,0.8945987280646558,-3.2363629370588622,443.0
,,0.0023122530902418286,0.039306595999253596,0.0023188346631834336,0.043937683752678855,0.058826083293647115,0.05262573929152221,0.8945987280646558,-3.2363629370588622,443.1
,,0.0021902924232279895,0.03969680904170059,0.002363321546171637,0.042060130587872224,0.05610292980768264,,0.9438108842473949,-3.2264844713027396,443.2
,,0.0020683317562141504,0.03969680904170059,0.002363321546171637,0.042060130587872224,0.05337977632171817,,0.9438108842473949,-3.2264844713027396,443.3
,,0.0019463710892003113,0.03969680904170059,0.002363321546171637,0.042060130587872224,0.050656622835753694,,0.9438108842473949,-3.2264844713027396,443.4
,,0.0018244104221864722,0.03969680904170059,0.002363321546171637,0.042060130587872224,0.04793346934978922,,0.9438108842473949,-3.2264844713027396,443.5
,,0.0017024497551726332,0.037656223422558664,0.0018841611111006487,0.04124283428883195,0.04521031586382475,0.04127867990958215,0.9130367510352096,-3.2792570416483304,443.6
,,0.0017024497551726332,0.037656223422558664,0.0018841611111006487,0.04124283428883195,0.04521031586382475,0.04127867990958215,0.9130367510352096,-3.2792570416483304,443.7
,,0.0017024497551726332,0.037656223422558664,0.0018841611111006487,0.04124283428883195,0.04521031586382475,0.04127867990958215,0.9130367510352096,-3.2792570416483304,443.8
,,0.0017024497551726332,0.037656223422558664,0.0018841611111006487,0.04124283428883195,0.04521031586382475,0.04127867990958215,0.9130367510352096,-3.2792570416483304,443.9
,,0.0016132293530748717,0.038689888372584635,0.001958010653052871,0.042261128378712376,0.04169640753520483,0.03817288877424962,0.9154958671684064,-3.2521769954487385,444.0
,,0.0016132293530748717,0.038689888372584635,0.001958010653052871,0.042261128378712376,0.04169640753520483,0.03817288877424962,0.9154958671684064,-3.2521769954487385,444.1
,,0.0016132293530748717,0.038689888372584635,0.001958010653052871,0.042261128378712376,0.04169640753520483,0.03817288877424962,0.9154958671684064,-3.2521769954487385,444.2
,,0.0016132293530748717,0.038689888372584635,0.001958010653052871,0.042261128378712376,0.04169640753520483,0.03817288877424962,0.9154958671684064,-3.2521769954487385,444.3
,,0.0016132293530748717,0.038689888372584635,0.001958010653052871,0.042261128378712376,0.04169640753520483,0.03817288877424962,0.9154958671684064,-3.2521769954487385,444.4
,,0.0024917846283372346,0.05953944376466774,0.0032805015723605295,0.06531172996536551,0.041850989374138635,0.038152176181194646,0.9116194563555615,-2.8211162656506454,444.5
,,0.0024917846283372346,0.05953944376466774,0.0032805015723605295,0.06531172996536551,0.041850989374138635,0.038152176181194646,0.9116194563555615,-2.8211162656506454,444.6
,,0.0019489844620991811,0.04925547893255472,0.0025670108757671426,0.05377147427042104,0.03956888663630529,0.036245695111455985,0.9160150358691113,-3.010734670190051,444.7
,,0.0019489844620991811,0.04925547893255472,0.0025670108757671426,0.05377147427042104,0.03956888663630529,0.036245695111455985,0.9160150358691113,-3.010734670190051,444.8
,,0.0019489844620991811,0.04925547893255472,0.0025670108757671426,0.05377147427042104,0.03956888663630529,0.036245695111455985,0.9160150358691113,-3.010734670190051,444.9
,,0.0019489844620991811,0.04925547893255472,0.0025670108757671426,0.05377147427042104,0.03956888663630529,0.036245695111455985,0.9160150358691113,-3.010734670190051,445.0
,,0.0019489844620991811,0.04925547893255472,0.0025670108757671426,0.05377147427042104,0.03956888663630529,0.036245695111455985,0.9160150358691113,-3.010734670190051,445.1
,,0.0019489844620991811,0.04925547893255472,0.0025670108757671426,0.05377147427042104,0.03956888663630529,0.036245695111455985,0.9160150358691113,-3.010734670190051,445.2
,,0.0019489844620991811,0.04925547893255472,0.0025670108757671426,0.05377147427042104,0.03956888663630529,0.036245695111455985,0.9160150358691113,-3.010734670190051,445.3
,,0.0019489844620991811,0.04925547893255472,0.0025670108757671426,0.05377147427042104,0.03956888663630529,0.036245695111455985,0.9160150358691113,-3.010734670190051,445.4
,,0.0018847067121144253,0.0506029375860232,0.0026205941814443218,0.05510823847958195,0.03724500596255881,0.03420008993415249,0.918246327266875,-2.9837456493140997,445.5
,,0.0024154485667778752,0.060982901136047915,0.003248173623743387,0.06664652332656917,0.03960862015057639,0.036242679230875006,0.9150199904236653,-2.7971617633479213,445.6
,,0.0024154485667778752,0.060982901136047915,0.003248173623743387,0.06664652332656917,0.03960862015057639,0.036242679230875006,0.9150199904236653,-2.7971617633479213,445.7
,,0.0024154485667778752,0.060982901136047915,0.003248173623743387,0.06664652332656917,0.03960862015057639,0.036242679230875006,0.9150199904236653,-2.7971617633479213,445.8
,,0.0024154485667778752,0.060982901136047915,0.003248173623743387,0.06664652332656917,0.03960862015057639,0.036242679230875006,0.9150199904236653,-2.7971617633479213,445.9
,,0.0024154485667778752,0.060982901136047915,0.003248173623743387,0.06664652332656917,0.03960862015057639,0.036242679230875006,0.9150199904236653,-2.7971617633479213,446.0
,,0.0024154485667778752,0.060982901136047915,0.003248173623743387,0.06664652332656917,0.03960862015057639,0.036242679230875006,0.9150199904236653,-2.7971617633479213,446.1
,,0.002307067075899549,0.06220539697906428,0.003252178908363256,0.06776464296332708,0.03708789249710939,0.034045292279457434,0.9179624396859677,-2.777313514848983,446.2
,,0.002307067075899549,0.06220539697906428,0.003252178908363256,0.06776464296332708,0.03708789249710939,0.034045292279457434,0.9179624396859677,-2.777313514848983,446.3
,,0.002307067075899549,0.06220539697906428,0.003252178908363256,0.06776464296332708,0.03708789249710939,0.034045292279457434,0.9179624396859677,-2.777313514848983,446.4
,,0.002307067075899549,0.06220539697906428,0.003252178908363256,0.06776464296332708,0.03708789249710939,0.034045292279457434,0.9179624396859677,-2.777313514848983,446.5
,,0.0028479081330613325,0.08780891080485981,0.004340626273952248,0.0949974452118734,0.03243301968965676,0.02997878655272913,0.9243291817903002,-2.4325922936860267,446.6
,,0.0028479081330613325,0.08780891080485981,0.004340626273952248,0.0949974452118734,0.03243301968965676,0.02997878655272913,0.9243291817903002,-2.4325922936860267,446.7
,,0.0028479081330613325,0.08780891080485981,0.004340626273952248,0.0949974452118734,0.03243301968965676,0.02997878655272913,0.9243291817903002,-2.4325922936860267,446.8
,,0.0028479081330613325,0.08780891080485981,0.004340626273952248,0.0949974452118734,0.03243301968965676,0.02997878655272913,0.9243291817903002,-2.4325922936860267,446.9
,,0.002763273581099516,0.07508445151245982,0.003909831439696399,0.08175755653325573,0.03680220771994275,0.0337983875530273,0.9183793486039232,-2.589141778764903,447.0
,,0.002763273581099516,0.07508445151245982,0.003909831439696399,0.08175755653325573,0.03680220771994275,0.0337983875530273,0.9183793486039232,-2.589141778764903,447.1
,,0.002763273581099516,0.07508445151245982,0.003909831439696399,0.08175755653325573,0.03680220771994275,0.0337983875530273,0.9183793486039232,-2.589141778764903,447.2
,,0.002763273581099516,0.07508445151245982,0.003909831439696399,0.08175755653325573,0.03680220771994275,0.0337983875530273,0.9183793486039232,-2.589141778764903,447.3
,,0.002763273581099516,0.07508445151245982,0.003909831439696399,0.08175755653325573,0.03680220771994275,0.0337983875530273,0.9183793486039232,-2.589141778764903,447.4
,,0.002763273581099516,0.07508445151245982,0.003909831439696399,0.08175755653325573,0.03680220771994275,0.0337983875530273,0.9183793486039232,-2.589141778764903,447.5
,,0.0035283043200120324,0.08979912507334382,0.004702857233171654,0.0980302866265275,0.03929107680203203,0.03599198208461889,0.916034504881716,-2.410180046779979,447.6
,,0.003174173820957534,0.08907414045671867,0.004598222050209072,0.09684653632788529,0.03563518889637641,0.03277529523834489,0.9197452364754455,-2.4182862171947392,447.7
,,0.003174173820957534,0.08907414045671867,0.004598222050209072,0.09684653632788529,0.03563518889637641,0.03277529523834489,0.9197452364754455,-2.4182862171947392,447.8
,,0.003174173820957534,0.08907414045671867,0.004598222050209072,0.09684653632788529,0.03563518889637641,0.03277529523834489,0.9197452364754455,-2.4182862171947392,447.9
,,0.003174173820957534,0.08907414045671867,0.004598222050209072,0.09684653632788529,0.03563518889637641,0.03277529523834489,0.9197452364754455,-2.4182862171947392,448.0
,,0.003174173820957534,0.08907414045671867,0.004598222050209072,0.09684653632788529,0.03563518889637641,0.03277529523834489,0.9197452364754455,-2.4182862171947392,448.1
,,0.003174173820957534,0.08907414045671867,0.004598222050209072,0.09684653632788529,0.03563518889637641,0.03277529523834489,0.9197452364754455,-2.4182862171947392,448.2
,,0.003174173820957534,0.08907414045671867,0.004598222050209072,0.09684653632788529,0.03563518889637641,0.03277529523834489,0.9197452364754455,-2.4182862171947392,448.3
,,0.002301650321667101,0.10033933720722657,0.004378974826866268,0.10701996235575993,0.022938663795572023,0.021506738285104843,0.9375758970431576,-2.2991974654169858,448.4
,,0.002301650321667101,0.10033933720722657,0.004378974826866268,0.10701996235575993,0.022938663795572023,0.021506738285104843,0.9375758970431576,-2.2991974654169858,448.5
,,0.003450683059634696,0.10179882338691126,0.005130635586066587,0.11038014203261255,0.03389708195859527,0.03126181028662899,0.9222566805253261,-2.284756733017861,448.6
,,0.003450683059634696,0.10179882338691126,0.005130635586066587,0.11038014203261255,0.03389708195859527,0.03126181028662899,0.9222566805253261,-2.284756733017861,448.7
,,0.003450683059634696,0.10179882338691126,0.005130635586066587,0.11038014203261255,0.03389708195859527,0.03126181028662899,0.9222566805253261,-2.284756733017861,448.8
,,0.003450683059634696,0.10179882338691126,0.005130635586066587,0.11038014203261255,0.03389708195859527,0.03126181028662899,0.9222566805253261,-2.284756733017861,448.9
,,0.003450683059634696,0.10179882338691126,0.005130635586066587,0.11038014203261255,0.03389708195859527,0.03126181028662899,0.9222566805253261,-2.284756733017861,449.0
,,0.0029705957428452904,0.09697064659719785,0.004818907078647619,0.10476014941869076,0.03063396859860818,0.028356161759304367,0.9256444090170117,-2.333346958675148,449.1
,,0.0029705957428452904,0.09697064659719785,0.004818907078647619,0.10476014941869076,0.03063396859860818,0.028356161759304367,0.9256444090170117,-2.333346958675148,449.2
,,0.0029705957428452904,0.09697064659719785,0.004818907078647619,0.10476014941869076,0.03063396859860818,0.028356161759304367,0.9256444090170117,-2.333346958675148,449.3
,,0.0029705957428452904,0.09697064659719785,0.004818907078647619,0.10476014941869076,0.03063396859860818,0.028356161759304367,0.9256444090170117,-2.333346958675148,449.4
,,0.0036314248167540588,0.1098617045941569,0.0052573920162945036,0.11875052142720546,0.03305451003303657,0.03058028523251695,0.925147134292817,-2.2085329351298078,449.5
,,0.0036314248167540588,0.1098617045941569,0.0052573920162945036,0.11875052142720546,0.03305451003303657,0.03058028523251695,0.925147134292817,-2.2085329351298078,449.6
,,0.0036314248167540588,0.1098617045941569,0.0052573920162945036,0.11875052142720546,0.03305451003303657,0.03058028523251695,0.925147134292817,-2.2085329351298078,449.7
,,0.003035580294285165,0.10094648783555543,0.004821937280786848,0.10880400541062744,0.030071182855120306,0.02789952707006377,0.9277828279812158,-2.2931647259572387,449.8
,,0.003035580294285165,0.10094648783555543,0.004821937280786848,0.10880400541062744,0.030071182855120306,0.02789952707006377,0.9277828279812158,-2.2931647259572387,449.9
,,0.003035580294285165,0.10094648783555543,0.004821937280786848,0.10880400541062744,0.030071182855120306,0.02789952707006377,0.9277828279812158,-2.2931647259572387,450.0
,,0.003035580294285165,0.10094648783555543,0.004821937280786848,0.10880400541062744,0.030071182855120306,0.02789952707006377,0.9277828279812158,-2.2931647259572387,450.1
,,0.003035580294285165,0.10094648783555543,0.004821937280786848,0.10880400541062744,0.030071182855120306,0.02789952707006377,0.9277828279812158,-2.2931647259572387,450.2
,,0.003035580294285165,0.10094648783555543,0.004821937280786848,0.10880400541062744,0.030071182855120306,0.02789952707006377,0.9277828279812158,-2.2931647259572387,450.3
,,0.003035580294285165,0.10094648783555543,0.004821937280786848,0.10880400541062744,0.030071182855120306,0.02789952707006377,0.9277828279812158,-2.2931647259572387,450.4
,,0.0033656163778210966,0.11831654497303742,0.0046358291898145445,0.12631799054067305,0.02844586425835939,0.026643998716377647,0.9366563263602642,-2.1343916617071126,450.5
,,0.0031983048240691414,0.09820550548434195,0.004512555238358681,0.10591636554676978,0.032567469698316295,0.030196512196756384,0.9271985965282871,-2.3206930011979083,450.6
,,0.0031983048240691414,0.09820550548434195,0.004512555238358681,0.10591636554676978,0.032567469698316295,0.030196512196756384,0.9271985965282871,-2.3206930011979083,450.7
,,0.0031983048240691414,0.09820550548434195,0.004512555238358681,0.10591636554676978,0.032567469698316295,0.030196512196756384,0.9271985965282871,-2.3206930011979083,450.8
,,0.0031983048240691414,0.09820550548434195,0.004512555238358681,0.10591636554676978,0.032567469698316295,0.030196512196756384,0.9271985965282871,-2.3206930011979083,450.9
,,0.0031983048240691414,0.09820550548434195,0.004512555238358681,0.10591636554676978,0.032567469698316295,0.030196512196756384,0.9271985965282871,-2.3206930011979083,451.0
,,0.0031983048240691414,0.09820550548434195,0.004512555238358681,0.10591636554676978,0.032567469698316295,0.030196512196756384,0.9271985965282871,-2.3206930011979083,451.1
,,0.0031983048240691414,0.09820550548434195,0.004512555238358681,0.10591636554676978,0.032567469698316295,0.030196512196756384,0.9271985965282871,-2.3206930011979083,451.2
,,0.0027504293211250935,0.08687219850644111,0.004045044491361193,0.0936676723189274,0.03166063905843437,0.029363698841156267,0.9274512364378127,-2.4433172230250118,451.3
,,0.0027504293211250935,0.08687219850644111,0.004045044491361193,0.0936676723189274,0.03166063905843437,0.029363698841156267,0.9274512364378127,-2.4433172230250118,451.4
,,0.003568844019947276,0.09147331791710198,0.004070567117811859,0.09911272905486111,0.03901513688594475,0.03600792808330241,0.9229219979047237,-2.3917079566897517,451.5
,,0.003568844019947276,0.09147331791710198,0.004070567117811859,0.09911272905486111,0.03901513688594475,0.03600792808330241,0.9229219979047237,-2.3917079566897517,451.6
,,0.003568844019947276,0.09147331791710198,0.004070567117811859,0.09911272905486111,0.03901513688594475,0.03600792808330241,0.9229219979047237,-2.3917079566897517,451.7
,,0.003568844019947276,0.09147331791710198,0.004070567117811859,0.09911272905486111,0.03901513688594475,0.03600792808330241,0.9229219979047237,-2.3917079566897517,451.8
,,0.003568844019947276,0.09147331791710198,0.004070567117811859,0.09911272905486111,0.03901513688594475,0.03600792808330241,0.9229219979047237,-2.3917079566897517,451.9
,,0.003568844019947276,0.09147331791710198,0.004070567117811859,0.09911272905486111,0.03901513688594475,0.03600792808330241,0.9229219979047237,-2.3917079566897517,452.0
,,0.003904691048730014,0.11196959675227276,0.004602810364320997,0.12047709816532377,0.03487277941501345,0.032410234876107585,0.9293849076496127,-2.1895279021073106,452.1
,,0.003904691048730014,0.11196959675227276,0.004602810364320997,0.12047709816532377,0.03487277941501345,0.032410234876107585,0.9293849076496127,-2.1895279021073106,452.2
,,0.003904691048730014,0.11196959675227276,0.004602810364320997,0.12047709816532377,0.03487277941501345,0.032410234876107585,0.9293849076496127,-2.1895279021073106,452.3
,,0.005007367090907232,0.11019455624710803,0.004336323331492005,0.11953824666950727,0.045441147561576085,0.04188924658357524,0.9218351391062966,-2.2055077823300557,452.4
,,0.005007367090907232,0.11019455624710803,0.004336323331492005,0.11953824666950727,0.045441147561576085,0.04188924658357524,0.9218351391062966,-2.2055077823300557,452.5
,,0.005007367090907232,0.11019455624710803,0.004336323331492005,0.11953824666950727,0.045441147561576085,0.04188924658357524,0.9218351391062966,-2.2055077823300557,452.6
,,0.005007367090907232,0.11019455624710803,0.004336323331492005,0.11953824666950727,0.045441147561576085,0.04188924658357524,0.9218351391062966,-2.2055077823300557,452.7
,,0.005007367090907232,0.11019455624710803,0.004336323331492005,0.11953824666950727,0.045441147561576085,0.04188924658357524,0.9218351391062966,-2.2055077823300557,452.8
,,0.005007367090907232,0.11019455624710803,0.004336323331492005,0.11953824666950727,0.045441147561576085,0.04188924658357524,0.9218351391062966,-2.2055077823300557,452.9
,,0.004799383185325723,0.10538577519946359,0.004357622617395229,0.11454278100218453,0.045541091065107536,0.041900354988187255,0.9200560199202227,-2.2501276121397087,453.0
,,0.004799383185325723,0.10538577519946359,0.004357622617395229,0.11454278100218453,0.045541091065107536,0.041900354988187255,0.9200560199202227,-2.2501276121397087,453.1
,,0.004799383185325723,0.10538577519946359,0.004357622617395229,0.11454278100218453,0.045541091065107536,0.041900354988187255,0.9200560199202227,-2.2501276121397087,453.2
,,0.0041471625541356855,0.06679435822017797,0.002830125513339718,0.07377164628765338,0.06208851562680132,0.05621621263493161,0.9054204641134171,-2.706136659788063,453.3
,,0.0041471625541356855,0.06679435822017797,0.002830125513339718,0.07377164628765338,0.06208851562680132,0.05621621263493161,0.9054204641134171,-2.706136659788063,453.4
,,0.0041471625541356855,0.06679435822017797,0.002830125513339718,0.07377164628765338,0.06208851562680132,0.05621621263493161,0.9054204641134171,-2.706136659788063,453.5
,,0.0041471625541356855,0.06679435822017797,0.002830125513339718,0.07377164628765338,0.06208851562680132,0.05621621263493161,0.9054204641134171,-2.706136659788063,453.6
,,0.0041471625541356855,0.06679435822017797,0.002830125513339718,0.07377164628765338,0.06208851562680132,0.05621621263493161,0.9054204641134171,-2.706136659788063,453.7
,,0.0037154660175686446,0.05390723596780607,0.00243148738033237,0.060054189365707084,0.06892332635617893,0.06186855666209855,0.8976432208506152,-2.9204905620663992,453.8
,,0.0037154660175686446,0.05390723596780607,0.00243148738033237,0.060054189365707084,0.06892332635617893,0.06186855666209855,0.8976432208506152,-2.9204905620663992,453.9
,,0.0037154660175686446,0.05390723596780607,0.00243148738033237,0.060054189365707084,0.06892332635617893,0.06186855666209855,0.8976432208506152,-2.9204905620663992,454.0
,,0.0037154660175686446,0.05390723596780607,0.00243148738033237,0.060054189365707084,0.06892332635617893,0.06186855666209855,0.8976432208506152,-2.9204905620663992,454.1
,,0.006153370821093238,0.09893115050596409,0.00396761387635849,0.10905213520341582,0.0621985167424317,0.05642595451813306,0.9071913202013607,-2.313331120219388,454.2
,,0.006153370821093238,0.09893115050596409,0.00396761387635849,0.10905213520341582,0.0621985167424317,0.05642595451813306,0.9071913202013607,-2.313331120219388,454.3
,,0.006153370821093238,0.09893115050596409,0.00396761387635849,0.10905213520341582,0.0621985167424317,0.05642595451813306,0.9071913202013607,-2.313331120219388,454.4
,,0.006153370821093238,0.09893115050596409,0.00396761387635849,0.10905213520341582,0.0621985167424317,0.05642595451813306,0.9071913202013607,-2.313331120219388,454.5
,,0.0038391909089053387,0.04435085540684421,0.0019717103848344297,0.05016175670058398,0.08656407804736221,0.07653621327142722,0.8841567425872843,-3.1156232827723223,454.6
,,0.0038391909089053387,0.04435085540684421,0.0019717103848344297,0.05016175670058398,0.08656407804736221,0.07653621327142722,0.8841567425872843,-3.1156232827723223,454.7
,,0.0038391909089053387,0.04435085540684421,0.0019717103848344297,0.05016175670058398,0.08656407804736221,0.07653621327142722,0.8841567425872843,-3.1156232827723223,454.8
,,0.0038391909089053387,0.04435085540684421,0.0019717103848344297,0.05016175670058398,0.08656407804736221,0.07653621327142722,0.8841567425872843,-3.1156232827723223,454.9
,,0.0038391909089053387,0.04435085540684421,0.0019717103848344297,0.05016175670058398,0.08656407804736221,0.07653621327142722,0.8841567425872843,-3.1156232827723223,455.0
,,0.003936451018252184,0.04340303325401326,0.0018037508520177023,0.04914323512428315,0.09069529761236676,0.08010158485286749,0.8831944650010745,-3.1372259496725485,455.1
,,0.003936451018252184,0.04340303325401326,0.0018037508520177023,0.04914323512428315,0.09069529761236676,0.08010158485286749,0.8831944650010745,-3.1372259496725485,455.2
,,0.003936451018252184,0.04340303325401326,0.0018037508520177023,0.04914323512428315,0.09069529761236676,0.08010158485286749,0.8831944650010745,-3.1372259496725485,455.3
,,0.003973216411132158,0.03774093662442838,0.0016350130407206628,0.0433491660762812,0.1052760415214612,0.09165612099989465,0.8706265896330264,-3.2770099215322976,455.4
,,0.003973216411132158,0.03774093662442838,0.0016350130407206628,0.0433491660762812,0.1052760415214612,0.09165612099989465,0.8706265896330264,-3.2770099215322976,455.5
,,0.003973216411132158,0.03774093662442838,0.0016350130407206628,0.0433491660762812,0.1052760415214612,0.09165612099989465,0.8706265896330264,-3.2770099215322976,455.6
,,0.003973216411132158,0.03774093662442838,0.0016350130407206628,0.0433491660762812,0.1052760415214612,0.09165612099989465,0.8706265896330264,-3.2770099215322976,455.7
,,0.003973216411132158,0.03774093662442838,0.0016350130407206628,0.0433491660762812,0.1052760415214612,0.09165612099989465,0.8706265896330264,-3.2770099215322976,455.8
,,0.003973216411132158,0.03774093662442838,0.0016350130407206628,0.0433491660762812,0.1052760415214612,0.09165612099989465,0.8706265896330264,-3.2770099215322976,455.9
,,0.003893231044027502,0.0375286730435784,0.0015438604423689101,0.04296576452997482,0.10374017326716217,0.09061240004961187,0.8734552603479624,-3.2826500236790896,456.0
,,0.003893231044027502,0.0375286730435784,0.0015438604423689101,0.04296576452997482,0.10374017326716217,0.09061240004961187,0.8734552603479624,-3.2826500236790896,456.1
,,0.0053745334315100065,0.09392924476101369,0.003880245847032386,0.1031840240395561,0.05721895715423406,0.052086875672242176,0.9103080213755326,-2.3652134954529043,456.2
,,0.0053745334315100065,0.09392924476101369,0.003880245847032386,0.1031840240395561,0.05721895715423406,0.052086875672242176,0.9103080213755326,-2.3652134954529043,456.3
,,0.0053745334315100065,0.09392924476101369,0.003880245847032386,0.1031840240395561,0.05721895715423406,0.052086875672242176,0.9103080213755326,-2.3652134954529043,456.4
,,0.0053745334315100065,0.09392924476101369,0.003880245847032386,0.1031840240395561,0.05721895715423406,0.052086875672242176,0.9103080213755326,-2.3652134954529043,456.5
,,0.0053745334315100065,0.09392924476101369,0.003880245847032386,0.1031840240395561,0.05721895715423406,0.052086875672242176,0.9103080213755326,-2.3652134954529043,456.6
,,0.0053745334315100065,0.09392924476101369,0.003880245847032386,0.1031840240395561,0.05721895715423406,0.052086875672242176,0.9103080213755326,-2.3652134954529043,456.7
,,0.0053745334315100065,0.09392924476101369,0.003880245847032386,0.1031840240395561,0.05721895715423406,0.052086875672242176,0.9103080213755326,-2.3652134954529043,456.8
,,0.004399259115985961,0.03190476103956978,0.001333647597811848,0.03763766775336759,0.13788722976266124,0.11688447713640127,0.8476816695613436,-3.4450000314385107,456.9
,,0.004399259115985961,0.03190476103956978,0.001333647597811848,0.03763766775336759,0.13788722976266124,0.11688447713640127,0.8476816695613436,-3.4450000314385107,457.0
,,0.004399259115985961,0.03190476103956978,0.001333647597811848,0.03763766775336759,0.13788722976266124,0.11688447713640127,0.8476816695613436,-3.4450000314385107,457.1
,,0.004399259115985961,0.03190476103956978,0.001333647597811848,0.03763766775336759,0.13788722976266124,0.11688447713640127,0.8476816695613436,-3.4450000314385107,457.2
,,0.004399259115985961,0.03190476103956978,0.001333647597811848,0.03763766775336759,0.13788722976266124,0.11688447713640127,0.8476816695613436,-3.4450000314385107,457.3
,,0.004399259115985961,0.03190476103956978,0.001333647597811848,0.03763766775336759,0.13788722976266124,0.11688447713640127,0.8476816695613436,-3.4450000314385107,457.4
,,0.004399259115985961,0.03190476103956978,0.001333647597811848,0.03763766775336759,0.13788722976266124,0.11688447713640127,0.8476816695613436,-3.4450000314385107,457.5
,,0.004399259115985961,0.03190476103956978,0.001333647597811848,0.03763766775336759,0.13788722976266124,0.11688447713640127,0.8476816695613436,-3.4450000314385107,457.6
,,0.004813861057898258,0.030377263260408606,0.0013053067348049987,0.036496431053111865,0.15846921484109713,0.1318995013757052,0.8323351731625959,-3.494060869466468,457.7
,,0.004813861057898258,0.030377263260408606,0.0013053067348049987,0.036496431053111865,0.15846921484109713,0.1318995013757052,0.8323351731625959,-3.494060869466468,457.8
,,0.004789203158981022,0.030970584183120924,0.0012699536855014452,0.03702974102760339,0.15463715926905744,0.1293339630814854,0.8363705314610291,-3.474717422303732,457.9
,,0.004789203158981022,0.030970584183120924,0.0012699536855014452,0.03702974102760339,0.15463715926905744,0.1293339630814854,0.8363705314610291,-3.474717422303732,458.0
,,0.004789203158981022,0.030970584183120924,0.0012699536855014452,0.03702974102760339,0.15463715926905744,0.1293339630814854,0.8363705314610291,-3.474717422303732,458.1
,,0.004789203158981022,0.030970584183120924,0.0012699536855014452,0.03702974102760339,0.15463715926905744,0.1293339630814854,0.8363705314610291,-3.474717422303732,458.2
,,0.004789203158981022,0.030970584183120924,0.0012699536855014452,0.03702974102760339,0.15463715926905744,0.1293339630814854,0.8363705314610291,-3.474717422303732,458.3
,,0.004789203158981022,0.030970584183120924,0.0012699536855014452,0.03702974102760339,0.15463715926905744,0.1293339630814854,0.8363705314610291,-3.474717422303732,458.4
,,0.00527207477333367,0.03030042145617794,0.001273240844533607,0.03684573707404522,0.17399344695447294,0.14308506741876015,0.8223589446802542,-3.4965936571187326,458.5
,,0.00527207477333367,0.03030042145617794,0.001273240844533607,0.03684573707404522,0.17399344695447294,0.14308506741876015,0.8223589446802542,-3.4965936571187326,458.6
,,0.00527207477333367,0.03030042145617794,0.001273240844533607,0.03684573707404522,0.17399344695447294,0.14308506741876015,0.8223589446802542,-3.4965936571187326,458.7
,,0.005267750744227834,0.030865370326485973,0.0012207090038308737,0.03735383007454468,0.17066863894736778,0.1410230419133812,0.8262973372446655,-3.4781204249420656,458.8
,,0.005267750744227834,0.030865370326485973,0.0012207090038308737,0.03735383007454468,0.17066863894736778,0.1410230419133812,0.8262973372446655,-3.4781204249420656,458.9
,,0.005267750744227834,0.030865370326485973,0.0012207090038308737,0.03735383007454468,0.17066863894736778,0.1410230419133812,0.8262973372446655,-3.4781204249420656,459.0
,,0.005267750744227834,0.030865370326485973,0.0012207090038308737,0.03735383007454468,0.17066863894736778,0.1410230419133812,0.8262973372446655,-3.4781204249420656,459.1
,,0.005267750744227834,0.030865370326485973,0.0012207090038308737,0.03735383007454468,0.17066863894736778,0.1410230419133812,0.8262973372446655,-3.4781204249420656,459.2
,,0.005738655585744302,0.031114769241888846,0.0012648627213390174,0.03811828754897216,0.18443510029373858,0.1505486199602123,0.8162688106572049,-3.4700726772864208,459.3
,,0.005738655585744302,0.031114769241888846,0.0012648627213390174,0.03811828754897216,0.18443510029373858,0.1505486199602123,0.8162688106572049,-3.4700726772864208,459.4
,,0.005738655585744302,0.031114769241888846,0.0012648627213390174,0.03811828754897216,0.18443510029373858,0.1505486199602123,0.8162688106572049,-3.4700726772864208,459.5
,,0.005798670726103698,0.031919560768159924,0.0012082525623334684,0.03892648405659709,0.18166511651651324,0.14896466677218345,0.8199959883803154,-3.4445362668911965,459.6
,,0.005798670726103698,0.031919560768159924,0.0012082525623334684,0.03892648405659709,0.18166511651651324,0.14896466677218345,0.8199959883803154,-3.4445362668911965,459.7
,,0.005798670726103698,0.031919560768159924,0.0012082525623334684,0.03892648405659709,0.18166511651651324,0.14896466677218345,0.8199959883803154,-3.4445362668911965,459.8
,,0.005798670726103698,0.031919560768159924,0.0012082525623334684,0.03892648405659709,0.18166511651651324,0.14896466677218345,0.8199959883803154,-3.4445362668911965,459.9
,,0.005798670726103698,0.031919560768159924,0.0012082525623334684,0.03892648405659709,0.18166511651651324,0.14896466677218345,0.8199959883803154,-3.4445362668911965,460.0
,,0.0062974694595609735,0.0331759696974641,0.0012990236939767477,0.04077246285100182,0.18982020772831665,0.15445398730447893,0.8136856931773238,-3.4059294694257387,460.1
,,0.0062974694595609735,0.0331759696974641,0.0012990236939767477,0.04077246285100182,0.18982020772831665,0.15445398730447893,0.8136856931773238,-3.4059294694257387,460.2
,,0.0062974694595609735,0.0331759696974641,0.0012990236939767477,0.04077246285100182,0.18982020772831665,0.15445398730447893,0.8136856931773238,-3.4059294694257387,460.3
,,0.0062974694595609735,0.0331759696974641,0.0012990236939767477,0.04077246285100182,0.18982020772831665,0.15445398730447893,0.8136856931773238,-3.4059294694257387,460.4
,,0.006432397607698718,0.03416413434795483,0.00123160444072973,0.041828136396383275,0.18827925046149402,0.15378159683573434,0.8167740016958747,-3.3765788884637824,460.5
,,0.006432397607698718,0.03416413434795483,0.00123160444072973,0.041828136396383275,0.18827925046149402,0.15378159683573434,0.8167740016958747,-3.3765788884637824,460.6
,,0.006432397607698718,0.03416413434795483,0.00123160444072973,0.041828136396383275,0.18827925046149402,0.15378159683573434,0.8167740016958747,-3.3765788884637824,460.7
,,0.006954176116043019,0.0363399806350514,0.0013621378377058537,0.04465629458880028,0.1913643319153404,0.15572667145981955,0.8137706222532266,-3.314836748896714,460.8
,,0.006954176116043019,0.0363399806350514,0.0013621378377058537,0.04465629458880028,0.1913643319153404,0.15572667145981955,0.8137706222532266,-3.314836748896714,460.9
,,0.006954176116043019,0.0363399806350514,0.0013621378377058537,0.04465629458880028,0.1913643319153404,0.15572667145981955,0.8137706222532266,-3.314836748896714,461.0
,,0.006954176116043019,0.0363399806350514,0.0013621378377058537,0.04465629458880028,0.1913643319153404,0.15572667145981955,0.8137706222532266,-3.314836748896714,461.1
,,0.006954176116043019,0.0363399806350514,0.0013621378377058537,0.04465629458880028,0.1913643319153404,0.15572667145981955,0.8137706222532266,-3.314836748896714,461.2
,,0.007172764977988258,0.11600183499603482,0.0035764683415329714,0.11957830333756779,0.1912690866988023,,0.9700909927494401,-2.154149269069556,461.3
,,0.007391353839933496,0.11600183499603482,0.0035764683415329714,0.11957830333756779,0.19117384148226418,,0.9700909927494401,-2.154149269069556,461.4
,,0.007609942701878735,0.11600183499603482,0.0035764683415329714,0.11957830333756779,0.1910785962657261,,0.9700909927494401,-2.154149269069556,461.5
,,0.007828531563823973,0.04099064929386293,0.0014583351190891284,0.05027751597677603,0.19098335104918798,0.15570641094202217,0.8152878776429041,-3.1944113042921782,461.6
,,0.007828531563823973,0.04099064929386293,0.0014583351190891284,0.05027751597677603,0.19098335104918798,0.15570641094202217,0.8152878776429041,-3.1944113042921782,461.7
,,0.007828531563823973,0.04099064929386293,0.0014583351190891284,0.05027751597677603,0.19098335104918798,0.15570641094202217,0.8152878776429041,-3.1944113042921782,461.8
,,0.007828531563823973,0.04099064929386293,0.0014583351190891284,0.05027751597677603,0.19098335104918798,0.15570641094202217,0.8152878776429041,-3.1944113042921782,461.9
,,0.007828531563823973,0.04099064929386293,0.0014583351190891284,0.05027751597677603,0.19098335104918798,0.15570641094202217,0.8152878776429041,-3.1944113042921782,462.0
,,0.008343795892348033,0.04306292372424597,0.001380649331504356,0.05278736894809836,0.19375823029986644,0.15806425019121198,0.815780831330812,-3.1450928905064006,462.1
,,0.008343795892348033,0.04306292372424597,0.001380649331504356,0.05278736894809836,0.19375823029986644,0.15806425019121198,0.815780831330812,-3.1450928905064006,462.2
,,0.008817037525750646,0.046523739275146615,0.0015942584122205688,0.05693503521311783,0.18951695764619642,0.1548613695020461,0.8171372705927044,-3.0677925746147063,462.3
,,0.008817037525750646,0.046523739275146615,0.0015942584122205688,0.05693503521311783,0.18951695764619642,0.1548613695020461,0.8171372705927044,-3.0677925746147063,462.4
,,0.008817037525750646,0.046523739275146615,0.0015942584122205688,0.05693503521311783,0.18951695764619642,0.1548613695020461,0.8171372705927044,-3.0677925746147063,462.5
,,0.008817037525750646,0.046523739275146615,0.0015942584122205688,0.05693503521311783,0.18951695764619642,0.1548613695020461,0.8171372705927044,-3.0677925746147063,462.6
,,0.008817037525750646,0.046523739275146615,0.0015942584122205688,0.05693503521311783,0.18951695764619642,0.1548613695020461,0.8171372705927044,-3.0677925746147063,462.7
,,0.008817037525750646,0.046523739275146615,0.0015942584122205688,0.05693503521311783,0.18951695764619642,0.1548613695020461,0.8171372705927044,-3.0677925746147063,462.8
,,0.008817037525750646,0.046523739275146615,0.0015942584122205688,0.05693503521311783,0.18951695764619642,0.1548613695020461,0.8171372705927044,-3.0677925746147063,462.9
,,0.009381426510896847,0.048458653107041304,0.0015388560177410407,0.05937893563567919,0.19359651804960454,0.1579925003785316,0.816091642402627,-3.027044357891668,463.0
,,0.009723234238894414,0.05224511335349778,0.0017897662280286742,0.06375811382042088,0.18610801307111047,0.1525019116199167,0.8194268967970061,-2.9518089168458608,463.1
,,0.009723234238894414,0.05224511335349778,0.0017897662280286742,0.06375811382042088,0.18610801307111047,0.1525019116199167,0.8194268967970061,-2.9518089168458608,463.2
,,0.009723234238894414,0.05224511335349778,0.0017897662280286742,0.06375811382042088,0.18610801307111047,0.1525019116199167,0.8194268967970061,-2.9518089168458608,463.3
,,0.009723234238894414,0.05224511335349778,0.0017897662280286742,0.06375811382042088,0.18610801307111047,0.1525019116199167,0.8194268967970061,-2.9518089168458608,463.4
,,0.009723234238894414,0.05224511335349778,0.0017897662280286742,0.06375811382042088,0.18610801307111047,0.1525019116199167,0.8194268967970061,-2.9518089168458608,463.5
,,0.009723234238894414,0.05224511335349778,0.0017897662280286742,0.06375811382042088,0.18610801307111047,0.1525019116199167,0.8194268967970061,-2.9518089168458608,463.6
,,0.009723234238894414,0.05224511335349778,0.0017897662280286742,0.06375811382042088,0.18610801307111047,0.1525019116199167,0.8194268967970061,-2.9518089168458608,463.7
,,0.009869293807240434,0.05570400607542199,0.0020275992931261923,0.06760089917578861,0.17717386059949852,0.14599352860050624,0.8240127979743276,-2.8877032122757265,463.8
,,0.009869293807240434,0.05570400607542199,0.0020275992931261923,0.06760089917578861,0.17717386059949852,0.14599352860050624,0.8240127979743276,-2.8877032122757265,463.9
,,0.010382276690806318,0.05754358966260322,0.0020328745803801333,0.06995874093378968,0.18042455730831153,0.14840571102662223,0.8225360961979519,-2.855212537288412,464.0
,,0.010382276690806318,0.05754358966260322,0.0020328745803801333,0.06995874093378968,0.18042455730831153,0.14840571102662223,0.8225360961979519,-2.855212537288412,464.1
,,0.010382276690806318,0.05754358966260322,0.0020328745803801333,0.06995874093378968,0.18042455730831153,0.14840571102662223,0.8225360961979519,-2.855212537288412,464.2
,,0.010382276690806318,0.05754358966260322,0.0020328745803801333,0.06995874093378968,0.18042455730831153,0.14840571102662223,0.8225360961979519,-2.855212537288412,464.3
,,0.010382276690806318,0.05754358966260322,0.0020328745803801333,0.06995874093378968,0.18042455730831153,0.14840571102662223,0.8225360961979519,-2.855212537288412,464.4
,,0.002253225915152227,0.05855936605493231,0.0013730901207802278,0.062185682090864766,0.03847763503857883,0.03623383774837185,0.9416856756409983,-2.837714234952358,464.5
,,0.002253225915152227,0.05855936605493231,0.0013730901207802278,0.062185682090864766,0.03847763503857883,0.03623383774837185,0.9416856756409983,-2.837714234952358,464.6
,,0.002253225915152227,0.05855936605493231,0.0013730901207802278,0.062185682090864766,0.03847763503857883,0.03623383774837185,0.9416856756409983,-2.837714234952358,464.7
,,0.002253225915152227,0.05855936605493231,0.0013730901207802278,0.062185682090864766,0.03847763503857883,0.03623383774837185,0.9416856756409983,-2.837714234952358,464.8
,,0.010692799835136088,0.061903774762366276,0.0023352971675436656,0.07493187176504602,0.17273259790995263,0.14270029005366486,0.8261341042763455,-2.782174119529464,464.9
,,0.010692799835136088,0.061903774762366276,0.0023352971675436656,0.07493187176504602,0.17273259790995263,0.14270029005366486,0.8261341042763455,-2.782174119529464,465.0
,,0.010692799835136088,0.061903774762366276,0.0023352971675436656,0.07493187176504602,0.17273259790995263,0.14270029005366486,0.8261341042763455,-2.782174119529464,465.1
,,0.01065873719630673,0.0512083785490621,0.001221632693337501,0.0524300112423996,0.17119783299546806,,0.9766997438224927,-2.971852116788449,465.2
,,0.01062467455747737,0.0512083785490621,0.001221632693337501,0.0524300112423996,0.16966306808098347,,0.9766997438224927,-2.971852116788449,465.3
,,0.010590611918648012,0.0512083785490621,0.001221632693337501,0.0524300112423996,0.1681283031664989,,0.9766997438224927,-2.971852116788449,465.4
,,0.010556549279818654,0.0512083785490621,0.001221632693337501,0.0524300112423996,0.16659353825201434,,0.9766997438224927,-2.971852116788449,465.5
,,0.010522486640989296,0.0512083785490621,0.001221632693337501,0.0524300112423996,0.16505877333752975,,0.9766997438224927,-2.971852116788449,465.6
,,0.010488424002159937,0.06413996393132582,0.002662565154435125,0.07729095308792087,0.16352400842304518,0.13570053910745578,0.8298508605316925,-2.7466876470601953,465.7
,,0.010488424002159937,0.06413996393132582,0.002662565154435125,0.07729095308792087,0.16352400842304518,0.13570053910745578,0.8298508605316925,-2.7466876470601953,465.8
,,0.009619544968044923,0.06310236494766844,0.0027471378951331796,0.07546904781084654,0.15244349361584988,0.1274634468975291,0.8361356977210895,-2.7629970307764724,465.9
,,0.009619544968044923,0.06310236494766844,0.0027471378951331796,0.07546904781084654,0.15244349361584988,0.1274634468975291,0.8361356977210895,-2.7629970307764724,466.0
,,0.009619544968044923,0.06310236494766844,0.0027471378951331796,0.07546904781084654,0.15244349361584988,0.1274634468975291,0.8361356977210895,-2.7629970307764724,466.1
,,0.009619544968044923,0.06310236494766844,0.0027471378951331796,0.07546904781084654,0.15244349361584988,0.1274634468975291,0.8361356977210895,-2.7629970307764724,466.2
,,0.009619544968044923,0.06310236494766844,0.0027471378951331796,0.07546904781084654,0.15244349361584988,0.1274634468975291,0.8361356977210895,-2.7629970307764724,466.3
,,0.009619544968044923,0.06310236494766844,0.0027471378951331796,0.07546904781084654,0.15244349361584988,0.1274634468975291,0.8361356977210895,-2.7629970307764724,466.4
,,0.0030678424439423225,0.041286967711293976,0.0012223499891649238,0.04557716014440122,0.07430534655377755,0.06731096088967671,0.9058696851775163,-3.18720838059674,466.5
,,0.008699953259311057,0.059824506374070566,0.0028734708560554344,0.07139793048943706,0.14542457241371964,0.12185161670194584,0.8379025269215791,-2.816339896386462,466.6
,,0.008699953259311057,0.059824506374070566,0.0028734708560554344,0.07139793048943706,0.14542457241371964,0.12185161670194584,0.8379025269215791,-2.816339896386462,466.7
,,0.008699953259311057,0.059824506374070566,0.0028734708560554344,0.07139793048943706,0.14542457241371964,0.12185161670194584,0.8379025269215791,-2.816339896386462,466.8
,,0.008699953259311057,0.059824506374070566,0.0028734708560554344,0.07139793048943706,0.14542457241371964,0.12185161670194584,0.8379025269215791,-2.816339896386462,466.9
,,0.008699953259311057,0.059824506374070566,0.0028734708560554344,0.07139793048943706,0.14542457241371964,0.12185161670194584,0.8379025269215791,-2.816339896386462,467.0
,,0.008699953259311057,0.059824506374070566,0.0028734708560554344,0.07139793048943706,0.14542457241371964,0.12185161670194584,0.8379025269215791,-2.816339896386462,467.1
,,0.008699953259311057,0.059824506374070566,0.0028734708560554344,0.07139793048943706,0.14542457241371964,0.12185161670194584,0.8379025269215791,-2.816339896386462,467.2
,,0.007812116817483305,0.05459247761252629,0.0029222810398010246,0.06532687546981061,0.1430987776911376,0.11958503695915326,0.8356817499675919,-2.907859178387157,467.3
,,0.007812116817483305,0.05459247761252629,0.0029222810398010246,0.06532687546981061,0.1430987776911376,0.11958503695915326,0.8356817499675919,-2.907859178387157,467.4
,,0.007812116817483305,0.05459247761252629,0.0029222810398010246,0.06532687546981061,0.1430987776911376,0.11958503695915326,0.8356817499675919,-2.907859178387157,467.5
,,0.007812116817483305,0.05459247761252629,0.0029222810398010246,0.06532687546981061,0.1430987776911376,0.11958503695915326,0.8356817499675919,-2.907859178387157,467.6
,,0.007812116817483305,0.05459247761252629,0.0029222810398010246,0.06532687546981061,0.1430987776911376,0.11958503695915326,0.8356817499675919,-2.907859178387157,467.7
,,0.007812116817483305,0.05459247761252629,0.0029222810398010246,0.06532687546981061,0.1430987776911376,0.11958503695915326,0.8356817499675919,-2.907859178387157,467.8
,,0.007812116817483305,0.05459247761252629,0.0029222810398010246,0.06532687546981061,0.1430987776911376,0.11958503695915326,0.8356817499675919,-2.907859178387157,467.9
,,0.007200009168572038,0.050143213544770956,0.0027326552649642837,0.06007587797830728,0.14358890584751663,0.11984858833310566,0.8346646812698618,-2.9928720968663693,468.0
,,0.007041014155583229,0.047370608758160286,0.0028613072158713204,0.05727293012961484,0.14863676740000328,0.12293790695968676,0.8271029376523162,-3.049753310996261,468.1
,,0.007041014155583229,0.047370608758160286,0.0028613072158713204,0.05727293012961484,0.14863676740000328,0.12293790695968676,0.8271029376523162,-3.049753310996261,468.2
,,0.007041014155583229,0.047370608758160286,0.0028613072158713204,0.05727293012961484,0.14863676740000328,0.12293790695968676,0.8271029376523162,-3.049753310996261,468.3
,,0.007041014155583229,0.047370608758160286,0.0028613072158713204,0.05727293012961484,0.14863676740000328,0.12293790695968676,0.8271029376523162,-3.049753310996261,468.4
,,0.007041014155583229,0.047370608758160286,0.0028613072158713204,0.05727293012961484,0.14863676740000328,0.12293790695968676,0.8271029376523162,-3.049753310996261,468.5
,,0.007041014155583229,0.047370608758160286,0.0028613072158713204,0.05727293012961484,0.14863676740000328,0.12293790695968676,0.8271029376523162,-3.049753310996261,468.6
,,0.006699296046640878,0.042810933324544206,0.002626421193703268,0.05213665056488835,0.15648563407516422,0.12849494499657305,0.8211293372454466,-3.150961757508525,468.7
,,0.006699296046640878,0.042810933324544206,0.002626421193703268,0.05213665056488835,0.15648563407516422,0.12849494499657305,0.8211293372454466,-3.150961757508525,468.8
,,0.005351814347469843,0.025130278953626593,0.0012551547992297432,0.03173724810032618,0.21296279111527783,0.16862880898028582,0.7918228724237851,-3.6836818270653806,468.9
,,0.005351814347469843,0.025130278953626593,0.0012551547992297432,0.03173724810032618,0.21296279111527783,0.16862880898028582,0.7918228724237851,-3.6836818270653806,469.0
,,0.005351814347469843,0.025130278953626593,0.0012551547992297432,0.03173724810032618,0.21296279111527783,0.16862880898028582,0.7918228724237851,-3.6836818270653806,469.1
,,0.005351814347469843,0.025130278953626593,0.0012551547992297432,0.03173724810032618,0.21296279111527783,0.16862880898028582,0.7918228724237851,-3.6836818270653806,469.2
,,0.00655942193164231,0.036256839877738395,0.0024859865499112965,0.045302248359292,0.18091543426733608,0.1447924147079755,0.8003320186270999,-3.3171272291980323,469.3
,,0.00655942193164231,0.036256839877738395,0.0024859865499112965,0.045302248359292,0.18091543426733608,0.1447924147079755,0.8003320186270999,-3.3171272291980323,469.4
,,0.00655942193164231,0.036256839877738395,0.0024859865499112965,0.045302248359292,0.18091543426733608,0.1447924147079755,0.8003320186270999,-3.3171272291980323,469.5
,,0.00655942193164231,0.036256839877738395,0.0024859865499112965,0.045302248359292,0.18091543426733608,0.1447924147079755,0.8003320186270999,-3.3171272291980323,469.6
,,0.00655942193164231,0.036256839877738395,0.0024859865499112965,0.045302248359292,0.18091543426733608,0.1447924147079755,0.8003320186270999,-3.3171272291980323,469.7
,,0.006589352826679133,0.03415119141748282,0.0025419726544577688,0.04328251689861972,0.19294649917560078,0.1522405187783631,0.7890297021653078,-3.376957805799881,469.8
,,0.006589352826679133,0.03415119141748282,0.0025419726544577688,0.04328251689861972,0.19294649917560078,0.1522405187783631,0.7890297021653078,-3.376957805799881,469.9
,,0.00670813041672963,0.03096999399904557,0.002338594349090466,0.040016718764865664,0.21660095952670705,0.16763319491900247,0.7739263726499475,-3.474736478763736,470.0
,,0.00670813041672963,0.03096999399904557,0.002338594349090466,0.040016718764865664,0.21660095952670705,0.16763319491900247,0.7739263726499475,-3.474736478763736,470.1
,,0.00670813041672963,0.03096999399904557,0.002338594349090466,0.040016718764865664,0.21660095952670705,0.16763319491900247,0.7739263726499475,-3.474736478763736,470.2
,,0.00670813041672963,0.03096999399904557,0.002338594349090466,0.040016718764865664,0.21660095952670705,0.16763319491900247,0.7739263726499475,-3.474736478763736,470.3
,,0.00670813041672963,0.03096999399904557,0.002338594349090466,0.040016718764865664,0.21660095952670705,0.16763319491900247,0.7739263726499475,-3.474736478763736,470.4
,,0.00670813041672963,0.03096999399904557,0.002338594349090466,0.040016718764865664,0.21660095952670705,0.16763319491900247,0.7739263726499475,-3.474736478763736,470.5
,,0.00670813041672963,0.03096999399904557,0.002338594349090466,0.040016718764865664,0.21660095952670705,0.16763319491900247,0.7739263726499475,-3.474736478763736,470.6
,,0.006885429405887109,0.029630667783108508,0.0023671892209733737,0.03888328640996899,0.2323751005642968,0.17707940973121566,0.7620412397937568,-3.5189453802524318,470.7
,,0.007061840005333937,0.027012830076931907,0.002193566969188664,0.0362682370514545,0.2614254036034722,0.19471142187901655,0.7448068137033582,-3.6114433378093733,470.8
,,0.007061840005333937,0.027012830076931907,0.002193566969188664,0.0362682370514545,0.2614254036034722,0.19471142187901655,0.7448068137033582,-3.6114433378093733,470.9
,,0.007061840005333937,0.027012830076931907,0.002193566969188664,0.0362682370514545,0.2614254036034722,0.19471142187901655,0.7448068137033582,-3.6114433378093733,471.0
,,0.007061840005333937,0.027012830076931907,0.002193566969188664,0.0362682370514545,0.2614254036034722,0.19471142187901655,0.7448068137033582,-3.6114433378093733,471.1
,,0.007061840005333937,0.027012830076931907,0.002193566969188664,0.0362682370514545,0.2614254036034722,0.19471142187901655,0.7448068137033582,-3.6114433378093733,471.2
,,0.007061840005333937,0.027012830076931907,0.002193566969188664,0.0362682370514545,0.2614254036034722,0.19471142187901655,0.7448068137033582,-3.6114433378093733,471.3
,,0.007061840005333937,0.027012830076931907,0.002193566969188664,0.0362682370514545,0.2614254036034722,0.19471142187901655,0.7448068137033582,-3.6114433378093733,471.4
,,0.007092985170990069,0.024083358484017228,0.0020481664706901654,0.026131524954707393,0.2685451909757393,,0.9216208593168534,-3.726234196339196,471.5
,,0.0071241303366462,0.024083358484017228,0.0020481664706901654,0.026131524954707393,0.27566497834800635,,0.9216208593168534,-3.726234196339196,471.6
,,0.007155275502302332,0.024083358484017228,0.0020481664706901654,0.026131524954707393,0.28278476572027345,,0.9216208593168534,-3.726234196339196,471.7
,,0.007186420667958463,0.024083358484017228,0.0020481664706901654,0.026131524954707393,0.2899045530925405,,0.9216208593168534,-3.726234196339196,471.8
,,0.0072175658336145945,0.024083358484017228,0.0020481664706901654,0.026131524954707393,0.2970243404648076,,0.9216208593168534,-3.726234196339196,471.9
,,0.007248710999270726,0.024083358484017228,0.0020481664706901654,0.026131524954707393,0.3041441278370746,,0.9216208593168534,-3.726234196339196,472.0
,,0.007279856164926857,0.024083358484017228,0.0020481664706901654,0.026131524954707393,0.3112639152093417,,0.9216208593168534,-3.726234196339196,472.1
,,0.007311001330582989,0.023584709713548143,0.0016106774138183683,0.025195387127366513,0.31838370258160875,,0.9360725276545206,-3.7471566704179837,472.2
,,0.00734214649623912,0.023872706568546804,0.0016158613464885506,0.025488567915035353,0.32550348995387585,,0.9366044670742221,-3.735019457185551,472.3
,,0.007373291661895252,0.023872706568546804,0.0016158613464885506,0.025488567915035353,0.3326232773261429,,0.9366044670742221,-3.735019457185551,472.4
,,0.007404436827551384,0.023872706568546804,0.0016158613464885506,0.025488567915035353,0.33974306469841,,0.9366044670742221,-3.735019457185551,472.5
,,0.007435581993207515,0.023872706568546804,0.0016158613464885506,0.025488567915035353,0.346862852070677,,0.9366044670742221,-3.735019457185551,472.6
,,0.0074667271588636465,0.023872706568546804,0.0016158613464885506,0.025488567915035353,0.3539826394429441,,0.9366044670742221,-3.735019457185551,472.7
,,0.007497872324519777,0.023872706568546804,0.0016158613464885506,0.025488567915035353,0.3611024268152112,,0.9366044670742221,-3.735019457185551,472.8
,,0.007529017490175909,0.020446939918574693,0.0017976102901130606,0.029773567698863662,0.36822221418747825,0.25287589201018934,0.68674806208579,-3.8899220449236056,472.9
,,0.007529017490175909,0.020446939918574693,0.0017976102901130606,0.029773567698863662,0.36822221418747825,0.25287589201018934,0.68674806208579,-3.8899220449236056,473.0
,,0.00778423545788539,0.02007263374365114,0.001714200390778559,0.029571069592315088,0.38780339228515537,0.26323821103543554,0.6787929561015137,-3.908397896898556,473.1
,,0.00778423545788539,0.02007263374365114,0.001714200390778559,0.029571069592315088,0.38780339228515537,0.26323821103543554,0.6787929561015137,-3.908397896898556,473.2
,,0.00778423545788539,0.02007263374365114,0.001714200390778559,0.029571069592315088,0.38780339228515537,0.26323821103543554,0.6787929561015137,-3.908397896898556,473.3
,,0.00778423545788539,0.02007263374365114,0.001714200390778559,0.029571069592315088,0.38780339228515537,0.26323821103543554,0.6787929561015137,-3.908397896898556,473.4
,,0.007451559832670144,0.018875206099959452,0.0016444651872718266,0.027971231119901425,0.39478031620995924,0.2664008531025432,0.6748078416373248,-3.9699060647035127,473.5
,,0.007451559832670144,0.018875206099959452,0.0016444651872718266,0.027971231119901425,0.39478031620995924,0.2664008531025432,0.6748078416373248,-3.9699060647035127,473.6
,,0.007451559832670144,0.018875206099959452,0.0016444651872718266,0.027971231119901425,0.39478031620995924,0.2664008531025432,0.6748078416373248,-3.9699060647035127,473.7
,,0.007451559832670144,0.018875206099959452,0.0016444651872718266,0.027971231119901425,0.39478031620995924,0.2664008531025432,0.6748078416373248,-3.9699060647035127,473.8
,,0.0076604347046720506,0.01864137771948463,0.0015212717835877533,0.027823084207744434,0.41093715389206953,0.27532658304429825,0.6699968120103623,-3.9823715604665297,473.9
,,0.0076604347046720506,0.01864137771948463,0.0015212717835877533,0.027823084207744434,0.41093715389206953,0.27532658304429825,0.6699968120103623,-3.9823715604665297,474.0
,,0.0076604347046720506,0.01864137771948463,0.0015212717835877533,0.027823084207744434,0.41093715389206953,0.27532658304429825,0.6699968120103623,-3.9823715604665297,474.1
,,0.00720184274133467,0.017675447665674006,0.0014839561809202254,0.0263612465879289,0.4074489584397209,0.2731981098584492,0.6705087942907747,-4.035578739900776,474.2
,,0.00720184274133467,0.017675447665674006,0.0014839561809202254,0.0263612465879289,0.4074489584397209,0.2731981098584492,0.6705087942907747,-4.035578739900776,474.3
,,0.00720184274133467,0.017675447665674006,0.0014839561809202254,0.0263612465879289,0.4074489584397209,0.2731981098584492,0.6705087942907747,-4.035578739900776,474.4
,,0.00720184274133467,0.017675447665674006,0.0014839561809202254,0.0263612465879289,0.4074489584397209,0.2731981098584492,0.6705087942907747,-4.035578739900776,474.5
,,0.00720184274133467,0.017675447665674006,0.0014839561809202254,0.0263612465879289,0.4074489584397209,0.2731981098584492,0.6705087942907747,-4.035578739900776,474.6
,,0.00720184274133467,0.017675447665674006,0.0014839561809202254,0.0263612465879289,0.4074489584397209,0.2731981098584492,0.6705087942907747,-4.035578739900776,474.7
,,0.009555240775888825,0.025320295979423407,0.0015639037235704294,0.03643944047888266,0.3773747662212919,0.2622224888833369,0.6948596259071814,-3.6761489922237964,474.8
,,0.009068456065616499,0.025377489088306858,0.0016745592357994938,0.036120504389722856,0.3573425264438378,0.2510611692398374,0.7025784804801164,-3.673892754280882,474.9
,,0.009068456065616499,0.025377489088306858,0.0016745592357994938,0.036120504389722856,0.3573425264438378,0.2510611692398374,0.7025784804801164,-3.673892754280882,475.0
,,0.009068456065616499,0.025377489088306858,0.0016745592357994938,0.036120504389722856,0.3573425264438378,0.2510611692398374,0.7025784804801164,-3.673892754280882,475.1
,,0.009068456065616499,0.025377489088306858,0.0016745592357994938,0.036120504389722856,0.3573425264438378,0.2510611692398374,0.7025784804801164,-3.673892754280882,475.2
,,0.009068456065616499,0.025377489088306858,0.0016745592357994938,0.036120504389722856,0.3573425264438378,0.2510611692398374,0.7025784804801164,-3.673892754280882,475.3
,,0.009068456065616499,0.025377489088306858,0.0016745592357994938,0.036120504389722856,0.3573425264438378,0.2510611692398374,0.7025784804801164,-3.673892754280882,475.4
,,0.009068456065616499,0.025377489088306858,0.0016745592357994938,0.036120504389722856,0.3573425264438378,0.2510611692398374,0.7025784804801164,-3.673892754280882,475.5
,,0.006184165181910618,0.015881707154103506,0.0013228359288786056,0.023388708264892727,0.3893891961301375,0.2644081542200117,0.6790331032493362,-4.142587325534203,475.6
,,0.006213951701989353,0.016000007197865783,0.0012392489770047567,0.02345320787685989,0.3883718066588259,0.2649510350403003,0.6822097549244933,-4.135166106875846,475.7
,,0.006213951701989353,0.016000007197865783,0.0012392489770047567,0.02345320787685989,0.3883718066588259,0.2649510350403003,0.6822097549244933,-4.135166106875846,475.8
,,0.006213951701989353,0.016000007197865783,0.0012392489770047567,0.02345320787685989,0.3883718066588259,0.2649510350403003,0.6822097549244933,-4.135166106875846,475.9
,,0.006213951701989353,0.016000007197865783,0.0012392489770047567,0.02345320787685989,0.3883718066588259,0.2649510350403003,0.6822097549244933,-4.135166106875846,476.0
,,0.006213951701989353,0.016000007197865783,0.0012392489770047567,0.02345320787685989,0.3883718066588259,0.2649510350403003,0.6822097549244933,-4.135166106875846,476.1
,,0.006213951701989353,0.016000007197865783,0.0012392489770047567,0.02345320787685989,0.3883718066588259,0.2649510350403003,0.6822097549244933,-4.135166106875846,476.2
,,0.0056001843341595995,0.015203627410899326,0.0012279291268004699,0.022031740871859395,0.3683452759533481,0.2541871006350015,0.6900783510175789,-4.1862212341473,476.3
,,0.0056001843341595995,0.015203627410899326,0.0012279291268004699,0.022031740871859395,0.3683452759533481,0.2541871006350015,0.6900783510175789,-4.1862212341473,476.4
,,0.005540072790573406,0.015311442886897621,0.0011513497981789338,0.02200286547564996,0.3618256510177877,0.2517886952817337,0.6958840385513616,-4.179154829017989,476.5
,,0.005540072790573406,0.015311442886897621,0.0011513497981789338,0.02200286547564996,0.3618256510177877,0.2517886952817337,0.6958840385513616,-4.179154829017989,476.6
,,0.005540072790573406,0.015311442886897621,0.0011513497981789338,0.02200286547564996,0.3618256510177877,0.2517886952817337,0.6958840385513616,-4.179154829017989,476.7
,,0.005540072790573406,0.015311442886897621,0.0011513497981789338,0.02200286547564996,0.3618256510177877,0.2517886952817337,0.6958840385513616,-4.179154829017989,476.8
,,0.005540072790573406,0.015311442886897621,0.0011513497981789338,0.02200286547564996,0.3618256510177877,0.2517886952817337,0.6958840385513616,-4.179154829017989,476.9
,,0.00491729714824028,0.014506428164037345,0.001147521366516858,0.02057124667879448,0.33897366689001174,0.23903739160880277,0.7051798265095449,-4.233163406135874,477.0
,,0.00491729714824028,0.014506428164037345,0.001147521366516858,0.02057124667879448,0.33897366689001174,0.23903739160880277,0.7051798265095449,-4.233163406135874,477.1
,,0.00491729714824028,0.014506428164037345,0.001147521366516858,0.02057124667879448,0.33897366689001174,0.23903739160880277,0.7051798265095449,-4.233163406135874,477.2
,,0.0048071635552509465,0.01457533827946989,0.00108367980652606,0.020466181641246896,0.3298148875228565,0.23488326447580926,0.712166955955048,-4.2284243374458015,477.3
,,0.0048071635552509465,0.01457533827946989,0.00108367980652606,0.020466181641246896,0.3298148875228565,0.23488326447580926,0.712166955955048,-4.2284243374458015,477.4
,,0.0048071635552509465,0.01457533827946989,0.00108367980652606,0.020466181641246896,0.3298148875228565,0.23488326447580926,0.712166955955048,-4.2284243374458015,477.5
,,0.004237822654380751,0.013805686475010197,0.0010823991594766666,0.019125908288867614,0.30696211029068876,0.22157497517895183,0.7218316780827557,-4.282674708287252,477.6
,,0.004237822654380751,0.013805686475010197,0.0010823991594766666,0.019125908288867614,0.30696211029068876,0.22157497517895183,0.7218316780827557,-4.282674708287252,477.7
,,0.004237822654380751,0.013805686475010197,0.0010823991594766666,0.019125908288867614,0.30696211029068876,0.22157497517895183,0.7218316780827557,-4.282674708287252,477.8
,,0.004237822654380751,0.013805686475010197,0.0010823991594766666,0.019125908288867614,0.30696211029068876,0.22157497517895183,0.7218316780827557,-4.282674708287252,477.9
,,0.004237822654380751,0.013805686475010197,0.0010823991594766666,0.019125908288867614,0.30696211029068876,0.22157497517895183,0.7218316780827557,-4.282674708287252,478.0
,,0.004086712725907265,0.013763992621224288,0.0010361924809954312,0.018886897828126987,0.2969133185675711,0.21637818783671284,0.728758780106625,-4.285699327139441,478.1
,,0.004086712725907265,0.013763992621224288,0.0010361924809954312,0.018886897828126987,0.2969133185675711,0.21637818783671284,0.728758780106625,-4.285699327139441,478.2
,,0.003618879166830317,0.01304248321535316,0.001025575232584973,0.01768693761476845,0.27746856998598995,0.20460744791730265,0.737407656397385,-4.339543309987998,478.3
,,0.003618879166830317,0.01304248321535316,0.001025575232584973,0.01768693761476845,0.27746856998598995,0.20460744791730265,0.737407656397385,-4.339543309987998,478.4
,,0.003618879166830317,0.01304248321535316,0.001025575232584973,0.01768693761476845,0.27746856998598995,0.20460744791730265,0.737407656397385,-4.339543309987998,478.5
,,0.003618879166830317,0.01304248321535316,0.001025575232584973,0.01768693761476845,0.27746856998598995,0.20460744791730265,0.737407656397385,-4.339543309987998,478.6
,,0.003618879166830317,0.01304248321535316,0.001025575232584973,0.01768693761476845,0.27746856998598995,0.20460744791730265,0.737407656397385,-4.339543309987998,478.7
,,0.003618879166830317,0.01304248321535316,0.001025575232584973,0.01768693761476845,0.27746856998598995,0.20460744791730265,0.737407656397385,-4.339543309987998,478.8
,,0.006249657320391921,0.02604453180299318,0.0018669587954567549,0.03416114791884186,0.23996044035906516,0.18294634990719594,0.7624021260898001,-3.6479474444106352,478.9
,,0.0032062286645797786,0.012329337089730392,0.000984328884715263,0.016519894639025434,0.2600487472477638,0.19408287611021502,0.7463326709484234,-4.395773727263354,479.0
,,0.0032062286645797786,0.012329337089730392,0.000984328884715263,0.016519894639025434,0.2600487472477638,0.19408287611021502,0.7463326709484234,-4.395773727263354,479.1
,,0.0032062286645797786,0.012329337089730392,0.000984328884715263,0.016519894639025434,0.2600487472477638,0.19408287611021502,0.7463326709484234,-4.395773727263354,479.2
,,0.0032062286645797786,0.012329337089730392,0.000984328884715263,0.016519894639025434,0.2600487472477638,0.19408287611021502,0.7463326709484234,-4.395773727263354,479.3
,,0.0032062286645797786,0.012329337089730392,0.000984328884715263,0.016519894639025434,0.2600487472477638,0.19408287611021502,0.7463326709484234,-4.395773727263354,479.4
,,0.0032062286645797786,0.012329337089730392,0.000984328884715263,0.016519894639025434,0.2600487472477638,0.19408287611021502,0.7463326709484234,-4.395773727263354,479.5
,,0.0032062286645797786,0.012329337089730392,0.000984328884715263,0.016519894639025434,0.2600487472477638,0.19408287611021502,0.7463326709484234,-4.395773727263354,479.6
,,0.003021431035254567,0.011699403007345326,0.0009606088511134071,0.0156814428937133,0.2582551462974306,0.19267557556619105,0.7460667418580227,-4.448217463493467,479.7
,,0.003021431035254567,0.011699403007345326,0.0009606088511134071,0.0156814428937133,0.2582551462974306,0.19267557556619105,0.7460667418580227,-4.448217463493467,479.8
,,0.003021431035254567,0.011699403007345326,0.0009606088511134071,0.0156814428937133,0.2582551462974306,0.19267557556619105,0.7460667418580227,-4.448217463493467,479.9
,,0.003021431035254567,0.011699403007345326,0.0009606088511134071,0.0156814428937133,0.2582551462974306,0.19267557556619105,0.7460667418580227,-4.448217463493467,480.0
,,0.003021431035254567,0.011699403007345326,0.0009606088511134071,0.0156814428937133,0.2582551462974306,0.19267557556619105,0.7460667418580227,-4.448217463493467,480.1
,,0.003021431035254567,0.011699403007345326,0.0009606088511134071,0.0156814428937133,0.2582551462974306,0.19267557556619105,0.7460667418580227,-4.448217463493467,480.2
,,0.0030393076477271894,0.023918701777798482,0.001956991460992834,0.02587569323879132,0.26290048149782175,,0.9243695060482852,-3.733094624875974,480.3
,,0.0030571842601998115,0.023918701777798482,0.001956991460992834,0.02587569323879132,0.2675458166982129,,0.9243695060482852,-3.733094624875974,480.4
,,0.003075060872672434,0.023918701777798482,0.001956991460992834,0.02587569323879132,0.2721911518986041,,0.9243695060482852,-3.733094624875974,480.5
,,0.0030929374851450565,0.011172434376538807,0.0009498249384416479,0.015215196800125511,0.2768364870989952,0.20327949258727582,0.7342944375485597,-4.494305750833456,480.6
,,0.0030929374851450565,0.011172434376538807,0.0009498249384416479,0.015215196800125511,0.2768364870989952,0.20327949258727582,0.7342944375485597,-4.494305750833456,480.7
,,0.0030929374851450565,0.011172434376538807,0.0009498249384416479,0.015215196800125511,0.2768364870989952,0.20327949258727582,0.7342944375485597,-4.494305750833456,480.8
,,0.0030929374851450565,0.011172434376538807,0.0009498249384416479,0.015215196800125511,0.2768364870989952,0.20327949258727582,0.7342944375485597,-4.494305750833456,480.9
,,0.003084327300471105,0.010688385601388817,0.0009232598495119066,0.01469597275137183,0.28856811641136304,0.20987568177024493,0.7273003143253028,-4.538597584864388,481.0
,,0.003084327300471105,0.010688385601388817,0.0009232598495119066,0.01469597275137183,0.28856811641136304,0.20987568177024493,0.7273003143253028,-4.538597584864388,481.1
,,0.003084327300471105,0.010688385601388817,0.0009232598495119066,0.01469597275137183,0.28856811641136304,0.20987568177024493,0.7273003143253028,-4.538597584864388,481.2
,,0.003084327300471105,0.010688385601388817,0.0009232598495119066,0.01469597275137183,0.28856811641136304,0.20987568177024493,0.7273003143253028,-4.538597584864388,481.3
,,0.0034418571866159176,0.010778525902964395,0.0009433630652976093,0.015163746154877922,0.31932540846511404,0.22697934609705467,0.7108089117870866,-4.5301994665468825,481.4
,,0.0034418571866159176,0.010778525902964395,0.0009433630652976093,0.015163746154877922,0.31932540846511404,0.22697934609705467,0.7108089117870866,-4.5301994665468825,481.5
,,0.0034418571866159176,0.010778525902964395,0.0009433630652976093,0.015163746154877922,0.31932540846511404,0.22697934609705467,0.7108089117870866,-4.5301994665468825,481.6
,,0.0035468998348255005,0.010370873831769009,0.000918158289719346,0.014835931956313856,0.34200588034928286,0.2390749597173783,0.6990375705622852,-4.568753994932195,481.7
,,0.0035468998348255005,0.010370873831769009,0.000918158289719346,0.014835931956313856,0.34200588034928286,0.2390749597173783,0.6990375705622852,-4.568753994932195,481.8
,,0.0035468998348255005,0.010370873831769009,0.000918158289719346,0.014835931956313856,0.34200588034928286,0.2390749597173783,0.6990375705622852,-4.568753994932195,481.9
,,0.0035468998348255005,0.010370873831769009,0.000918158289719346,0.014835931956313856,0.34200588034928286,0.2390749597173783,0.6990375705622852,-4.568753994932195,482.0
,,0.010845518360848265,0.026646992117243022,0.0025045390880459144,0.0399970495661372,0.40700722667419675,0.27115795986188024,0.666223944173203,-3.6250790008848734,482.1
,,0.010845518360848265,0.026646992117243022,0.0025045390880459144,0.0399970495661372,0.40700722667419675,0.27115795986188024,0.666223944173203,-3.6250790008848734,482.2
,,0.010845518360848265,0.026646992117243022,0.0025045390880459144,0.0399970495661372,0.40700722667419675,0.27115795986188024,0.666223944173203,-3.6250790008848734,482.3
,,0.004251828806364994,0.01024027036783709,0.0009177163443451187,0.015409815518547204,0.41520669412394123,0.27591691809986346,0.6645290695084528,-4.58142725661024,482.4
,,0.004251828806364994,0.01024027036783709,0.0009177163443451187,0.015409815518547204,0.41520669412394123,0.27591691809986346,0.6645290695084528,-4.58142725661024,482.5
,,0.004251828806364994,0.01024027036783709,0.0009177163443451187,0.015409815518547204,0.41520669412394123,0.27591691809986346,0.6645290695084528,-4.58142725661024,482.6
,,0.004251828806364994,0.01024027036783709,0.0009177163443451187,0.015409815518547204,0.41520669412394123,0.27591691809986346,0.6645290695084528,-4.58142725661024,482.7
,,0.004251828806364994,0.01024027036783709,0.0009177163443451187,0.015409815518547204,0.41520669412394123,0.27591691809986346,0.6645290695084528,-4.58142725661024,482.8
,,0.004951203339799846,0.01067839606909101,0.0009340065284170248,0.01656360593730788,0.4636654519803097,0.2989206190089171,0.6446902992927996,-4.539532637525075,482.9
,,0.004951203339799846,0.01067839606909101,0.0009340065284170248,0.01656360593730788,0.4636654519803097,0.2989206190089171,0.6446902992927996,-4.539532637525075,483.0
,,0.0051591417559831605,0.010422193429998415,0.0009227345426329678,0.016504069728614543,0.49501496883885265,0.31259815553483195,0.6314923289452995,-4.563817762890102,483.1
,,0.0051591417559831605,0.010422193429998415,0.0009227345426329678,0.016504069728614543,0.49501496883885265,0.31259815553483195,0.6314923289452995,-4.563817762890102,483.2
,,0.0051591417559831605,0.010422193429998415,0.0009227345426329678,0.016504069728614543,0.49501496883885265,0.31259815553483195,0.6314923289452995,-4.563817762890102,483.3
,,0.0051591417559831605,0.010422193429998415,0.0009227345426329678,0.016504069728614543,0.49501496883885265,0.31259815553483195,0.6314923289452995,-4.563817762890102,483.4
,,0.0051591417559831605,0.010422193429998415,0.0009227345426329678,0.016504069728614543,0.49501496883885265,0.31259815553483195,0.6314923289452995,-4.563817762890102,483.5
,,0.0051591417559831605,0.010422193429998415,0.0009227345426329678,0.016504069728614543,0.49501496883885265,0.31259815553483195,0.6314923289452995,-4.563817762890102,483.6
,,0.005351551213740252,0.010192371272961595,0.0009121086702199521,0.016456031156921798,0.5250545795890393,0.3252030311992489,0.6193699547460106,-4.586115752934962,483.7
,,0.006120602293809469,0.010885024571396172,0.0009262191481733777,0.017931846013379018,0.5622956800569177,0.3413258338959003,0.6070219743842777,-4.520367326935181,483.8
,,0.006120602293809469,0.010885024571396172,0.0009262191481733777,0.017931846013379018,0.5622956800569177,0.3413258338959003,0.6070219743842777,-4.520367326935181,483.9
,,0.006120602293809469,0.010885024571396172,0.0009262191481733777,0.017931846013379018,0.5622956800569177,0.3413258338959003,0.6070219743842777,-4.520367326935181,484.0
,,0.006120602293809469,0.010885024571396172,0.0009262191481733777,0.017931846013379018,0.5622956800569177,0.3413258338959003,0.6070219743842777,-4.520367326935181,484.1
,,0.006120602293809469,0.010885024571396172,0.0009262191481733777,0.017931846013379018,0.5622956800569177,0.3413258338959003,0.6070219743842777,-4.520367326935181,484.2
,,0.006120602293809469,0.010885024571396172,0.0009262191481733777,0.017931846013379018,0.5622956800569177,0.3413258338959003,0.6070219743842777,-4.520367326935181,484.3
,,0.017366378618288405,0.02638831448391797,0.0025350649770746717,0.046289758079281054,0.5629469820450042,0.3751667612637938,0.5700681009981164,-3.6348340000057773,484.4
,,0.017366378618288405,0.02638831448391797,0.0025350649770746717,0.046289758079281054,0.5635982840330908,0.3751667612637938,0.5700681009981164,-3.6348340000057773,484.5
,,0.006842794694732671,0.011436044206465185,0.000919651447233273,0.019198490348431126,0.5642495860211773,0.3564235817787545,0.5956741388991412,-4.470985138976449,484.6
,,0.006842794694732671,0.011436044206465185,0.000919651447233273,0.019198490348431126,0.5649008880092637,0.3564235817787545,0.5956741388991412,-4.470985138976449,484.7
,,0.006842794694732671,0.011436044206465185,0.000919651447233273,0.019198490348431126,0.5655521899973504,0.3564235817787545,0.5956741388991412,-4.470985138976449,484.8
,,0.006842794694732671,0.011436044206465185,0.000919651447233273,0.019198490348431126,0.5662034919854368,0.3564235817787545,0.5956741388991412,-4.470985138976449,484.9
,,0.006835615641596301,0.011275438888198163,0.0009279162214948568,0.01903897075128932,0.5668547939735233,0.35903283485707294,0.5922294348519123,-4.485128468568441,485.0
,,0.006835615641596301,0.011275438888198163,0.0009279162214948568,0.01903897075128932,0.5675060959616098,0.35903283485707294,0.5922294348519123,-4.485128468568441,485.1
,,0.006835615641596301,0.011275438888198163,0.0009279162214948568,0.01903897075128932,0.5681573979496964,0.35903283485707294,0.5922294348519123,-4.485128468568441,485.2
,,0.006835615641596301,0.011275438888198163,0.0009279162214948568,0.01903897075128932,0.5688086999377829,0.35903283485707294,0.5922294348519123,-4.485128468568441,485.3
,,0.006835615641596301,0.011275438888198163,0.0009279162214948568,0.01903897075128932,0.5694600019258694,0.35903283485707294,0.5922294348519123,-4.485128468568441,485.4
,,0.007150702675134124,0.011875703196103914,0.0008974205866863559,0.01992382645792439,0.570111303913956,0.35890207587559286,0.596055342139388,-4.433260714300647,485.5
,,0.007150702675134124,0.011875703196103914,0.0008974205866863559,0.01992382645792439,0.5707626059020425,0.35890207587559286,0.596055342139388,-4.433260714300647,485.6
,,0.016097850892143797,0.023929492348572685,0.00207506999764239,0.04210241323835887,0.571413907890129,0.38234983826241314,0.5683639133248278,-3.7326435913038964,485.7
,,0.016097850892143797,0.023929492348572685,0.00207506999764239,0.04210241323835887,0.5720652098782155,0.38234983826241314,0.5683639133248278,-3.7326435913038964,485.8
,,0.016097850892143797,0.023929492348572685,0.00207506999764239,0.04210241323835887,0.5727165118663021,0.38234983826241314,0.5683639133248278,-3.7326435913038964,485.9
,,0.016097850892143797,0.023929492348572685,0.00207506999764239,0.04210241323835887,0.5733678138543886,0.38234983826241314,0.5683639133248278,-3.7326435913038964,486.0
,,0.016097850892143797,0.023929492348572685,0.00207506999764239,0.04210241323835887,0.5740191158424751,0.38234983826241314,0.5683639133248278,-3.7326435913038964,486.1
,,0.016097850892143797,0.023929492348572685,0.00207506999764239,0.04210241323835887,0.5746704178305617,0.38234983826241314,0.5683639133248278,-3.7326435913038964,486.2
,,0.006995235873725334,0.012158824589362554,0.0008570869903780268,0.020011147453465914,0.5753217198186482,0.3495669546182753,0.607602568400277,-4.409700069175194,486.3
,,0.013981507750244529,0.022308220119541856,0.0018113890815848702,0.03810111695137125,0.5714031120291605,0.3669579495028777,0.5855004237281025,-3.8028000532118735,486.4
,,0.013981507750244529,0.022308220119541856,0.0018113890815848702,0.03810111695137125,0.5674845042396727,0.3669579495028777,0.5855004237281025,-3.8028000532118735,486.5
,,0.013981507750244529,0.022308220119541856,0.0018113890815848702,0.03810111695137125,0.563565896450185,0.3669579495028777,0.5855004237281025,-3.8028000532118735,486.6
,,0.013981507750244529,0.022308220119541856,0.0018113890815848702,0.03810111695137125,0.5596472886606971,0.3669579495028777,0.5855004237281025,-3.8028000532118735,486.7
,,0.013981507750244529,0.022308220119541856,0.0018113890815848702,0.03810111695137125,0.5557286808712094,0.3669579495028777,0.5855004237281025,-3.8028000532118735,486.8
,,0.013981507750244529,0.022308220119541856,0.0018113890815848702,0.03810111695137125,0.5518100730817216,0.3669579495028777,0.5855004237281025,-3.8028000532118735,486.9
,,0.006386661364188012,0.01165680024013789,0.0008798912604357969,0.018923352864761697,0.5478914652922339,0.33750157331161934,0.6160007860892724,-4.451865557663959,487.0
,,0.006280913351282126,0.0200302354471488,0.0015314458794640558,0.021561681326612857,0.5395159878892648,,0.9289737262940695,-3.9105123746481443,487.1
,,0.006175165338376238,0.0200302354471488,0.0015314458794640558,0.021561681326612857,0.5311405104862958,,0.9289737262940695,-3.9105123746481443,487.2
,,0.006069417325470352,0.0200302354471488,0.0015314458794640558,0.021561681326612857,0.5227650330833269,,0.9289737262940695,-3.9105123746481443,487.3
,,0.005963669312564464,0.0200302354471488,0.0015314458794640558,0.021561681326612857,0.5143895556803578,,0.9289737262940695,-3.9105123746481443,487.4
,,0.005857921299658578,0.0200302354471488,0.0015314458794640558,0.021561681326612857,0.5060140782773888,,0.9289737262940695,-3.9105123746481443,487.5
,,0.00575217328675269,0.0200302354471488,0.0015314458794640558,0.021561681326612857,0.4976386008744198,,0.9289737262940695,-3.9105123746481443,487.6
,,0.005646425273846804,0.011540672090273079,0.0008280450887348416,0.018015142452854724,0.4892631234714508,0.3134266236652521,0.6406095383633403,-4.461877779539744,487.7
,,0.005646425273846804,0.011540672090273079,0.0008280450887348416,0.018015142452854724,0.4892631234714508,0.3134266236652521,0.6406095383633403,-4.461877779539744,487.8
,,0.005093257484688979,0.011467751033143334,0.0007631577247617103,0.017324166242594023,0.44413743112915377,0.29399726447824387,0.6619511076353085,-4.468216440898161,487.9
,,0.005093257484688979,0.011467751033143334,0.0007631577247617103,0.017324166242594023,0.44413743112915377,0.29399726447824387,0.6619511076353085,-4.468216440898161,488.0
,,0.005093257484688979,0.011467751033143334,0.0007631577247617103,0.017324166242594023,0.44413743112915377,0.29399726447824387,0.6619511076353085,-4.468216440898161,488.1
,,0.005093257484688979,0.011467751033143334,0.0007631577247617103,0.017324166242594023,0.44413743112915377,0.29399726447824387,0.6619511076353085,-4.468216440898161,488.2
,,0.0047212757284766475,0.011133044240198202,0.0007699003820325616,0.01662422035070741,0.424077693990426,0.2839998284957612,0.6696882022334634,-4.497837634453989,488.3
,,0.0047212757284766475,0.011133044240198202,0.0007699003820325616,0.01662422035070741,0.424077693990426,0.2839998284957612,0.6696882022334634,-4.497837634453989,488.4
,,0.0047212757284766475,0.011133044240198202,0.0007699003820325616,0.01662422035070741,0.424077693990426,0.2839998284957612,0.6696882022334634,-4.497837634453989,488.5
,,0.0047212757284766475,0.011133044240198202,0.0007699003820325616,0.01662422035070741,0.424077693990426,0.2839998284957612,0.6696882022334634,-4.497837634453989,488.6
,,0.0040921664736500345,0.010825203664484377,0.0007169119029194741,0.015634282041053885,0.37802212323041323,0.26174316562183414,0.692401712855032,-4.525878190999496,488.7
,,0.0040921664736500345,0.010825203664484377,0.0007169119029194741,0.015634282041053885,0.37802212323041323,0.26174316562183414,0.692401712855032,-4.525878190999496,488.8
,,0.0040921664736500345,0.010825203664484377,0.0007169119029194741,0.015634282041053885,0.37802212323041323,0.26174316562183414,0.692401712855032,-4.525878190999496,488.9
,,0.0037718269927321992,0.010507646034769051,0.0007242931185545751,0.015003766146055825,0.35896022574908715,0.25139201424595203,0.7003338983346719,-4.555652093035585,489.0
,,0.0037718269927321992,0.010507646034769051,0.0007242931185545751,0.015003766146055825,0.35896022574908715,0.25139201424595203,0.7003338983346719,-4.555652093035585,489.1
,,0.0037718269927321992,0.010507646034769051,0.0007242931185545751,0.015003766146055825,0.35896022574908715,0.25139201424595203,0.7003338983346719,-4.555652093035585,489.2
,,0.0037718269927321992,0.010507646034769051,0.0007242931185545751,0.015003766146055825,0.35896022574908715,0.25139201424595203,0.7003338983346719,-4.555652093035585,489.3
,,0.0037718269927321992,0.010507646034769051,0.0007242931185545751,0.015003766146055825,0.35896022574908715,0.25139201424595203,0.7003338983346719,-4.555652093035585,489.4
,,0.0037718269927321992,0.010507646034769051,0.0007242931185545751,0.015003766146055825,0.35896022574908715,0.25139201424595203,0.7003338983346719,-4.555652093035585,489.5
,,0.0029121127976613845,0.009748390454968971,0.0006847789892002898,0.013345282241830646,0.2987275500620737,0.2182129043725578,0.7304746560108519,-4.630653089141482,489.6
,,0.0029121127976613845,0.009748390454968971,0.0006847789892002898,0.013345282241830646,0.2987275500620737,0.2182129043725578,0.7304746560108519,-4.630653089141482,489.7
,,0.0029121127976613845,0.009748390454968971,0.0006847789892002898,0.013345282241830646,0.2987275500620737,0.2182129043725578,0.7304746560108519,-4.630653089141482,489.8
,,0.0029121127976613845,0.009748390454968971,0.0006847789892002898,0.013345282241830646,0.2987275500620737,0.2182129043725578,0.7304746560108519,-4.630653089141482,489.9
,,0.0029121127976613845,0.009748390454968971,0.0006847789892002898,0.013345282241830646,0.2987275500620737,0.2182129043725578,0.7304746560108519,-4.630653089141482,490.0
,,0.0029121127976613845,0.009748390454968971,0.0006847789892002898,0.013345282241830646,0.2987275500620737,0.2182129043725578,0.7304746560108519,-4.630653089141482,490.1
,,0.0026862439663429636,0.00945893517279648,0.0006765899530875889,0.012821769092227032,0.2839901021912587,0.20950650000173932,0.7377246544340585,-4.660795463268988,490.2
,,0.0026862439663429636,0.00945893517279648,0.0006765899530875889,0.012821769092227032,0.2839901021912587,0.20950650000173932,0.7377246544340585,-4.660795463268988,490.3
,,0.0025742046972186614,0.011103714042493803,0.0008728755397953954,0.011976589582289199,0.2755229998155626,,0.9271181888802309,-4.500475628206552,490.4
,,0.002462165428094359,0.011103714042493803,0.0008728755397953954,0.011976589582289199,0.2670558974398666,,0.9271181888802309,-4.500475628206552,490.5
,,0.002350126158970057,0.011103714042493803,0.0008728755397953954,0.011976589582289199,0.2585887950641705,,0.9271181888802309,-4.500475628206552,490.6
,,0.0022380868898457546,0.011103714042493803,0.0008728755397953954,0.011976589582289199,0.2501216926884744,,0.9271181888802309,-4.500475628206552,490.7
,,0.0021260476207214524,0.011103714042493803,0.0008728755397953954,0.011976589582289199,0.24165459031277836,,0.9271181888802309,-4.500475628206552,490.8
,,0.00201400835159715,0.008636862849779324,0.0006304370423145344,0.011281308243691009,0.23318748793708227,0.17852613438902087,0.7655905381904113,-4.751715858191876,490.9
,,0.00201400835159715,0.008636862849779324,0.0006304370423145344,0.011281308243691009,0.23318748793708227,0.17852613438902087,0.7655905381904113,-4.751715858191876,491.0
,,0.00201400835159715,0.008636862849779324,0.0006304370423145344,0.011281308243691009,0.23318748793708227,0.17852613438902087,0.7655905381904113,-4.751715858191876,491.1
,,0.001617478948153617,0.008099670029954306,0.0006085989901556101,0.010325747968263533,0.1996968940922081,0.1566452089596785,0.784414848672354,-4.815931955176198,491.2
,,0.001617478948153617,0.008099670029954306,0.0006085989901556101,0.010325747968263533,0.1996968940922081,0.1566452089596785,0.784414848672354,-4.815931955176198,491.3
,,0.001617478948153617,0.008099670029954306,0.0006085989901556101,0.010325747968263533,0.1996968940922081,0.1566452089596785,0.784414848672354,-4.815931955176198,491.4
,,0.001506456635365287,0.007857667600766068,0.0005949097958902901,0.009959034032021646,0.19171804050586438,0.15126533663019145,0.7889989707336095,-4.84626545948299,491.5
,,0.001506456635365287,0.007857667600766068,0.0005949097958902901,0.009959034032021646,0.19171804050586438,0.15126533663019145,0.7889989707336095,-4.84626545948299,491.6
,,0.001506456635365287,0.007857667600766068,0.0005949097958902901,0.009959034032021646,0.19171804050586438,0.15126533663019145,0.7889989707336095,-4.84626545948299,491.7
,,0.001506456635365287,0.007857667600766068,0.0005949097958902901,0.009959034032021646,0.19171804050586438,0.15126533663019145,0.7889989707336095,-4.84626545948299,491.8
,,0.001506456635365287,0.007857667600766068,0.0005949097958902901,0.009959034032021646,0.19171804050586438,0.15126533663019145,0.7889989707336095,-4.84626545948299,491.9
,,0.0014283540837894489,0.008615156028354234,0.0007457761780126282,0.01078928629015631,0.16579549796758694,0.1323863363504052,0.7984917441864843,-4.754232297923739,492.0
,,0.0014283540837894489,0.008615156028354234,0.0007457761780126282,0.01078928629015631,0.16579549796758694,0.1323863363504052,0.7984917441864843,-4.754232297923739,492.1
,,0.0011213674381685388,0.007127208808296934,0.0005706602883632756,0.008819236534828748,0.15733612811555786,0.1271501715301611,0.8081435144811353,-4.943835592688004,492.2
,,0.0011213674381685388,0.007127208808296934,0.0005706602883632756,0.008819236534828748,0.15733612811555786,0.1271501715301611,0.8081435144811353,-4.943835592688004,492.3
,,0.0011213674381685388,0.007127208808296934,0.0005706602883632756,0.008819236534828748,0.15733612811555786,0.1271501715301611,0.8081435144811353,-4.943835592688004,492.4
,,0.0011213674381685388,0.007127208808296934,0.0005706602883632756,0.008819236534828748,0.15733612811555786,0.1271501715301611,0.8081435144811353,-4.943835592688004,492.5
,,0.0011213674381685388,0.007127208808296934,0.0005706602883632756,0.008819236534828748,0.15733612811555786,0.1271501715301611,0.8081435144811353,-4.943835592688004,492.6
,,0.0011213674381685388,0.007127208808296934,0.0005706602883632756,0.008819236534828748,0.15733612811555786,0.1271501715301611,0.8081435144811353,-4.943835592688004,492.7
,,0.0009409295680616299,0.007539686914192936,0.0006951388674695342,0.009175755349724101,0.12479690188333888,0.10254518916417296,0.8216965935583321,-4.887574621140976,492.8
,,0.0009409295680616299,0.007539686914192936,0.0006951388674695342,0.009175755349724101,0.12479690188333888,0.10254518916417296,0.8216965935583321,-4.887574621140976,492.9
,,0.0009409295680616299,0.007539686914192936,0.0006951388674695342,0.009175755349724101,0.12479690188333888,0.10254518916417296,0.8216965935583321,-4.887574621140976,493.0
,,0.0009409295680616299,0.007539686914192936,0.0006951388674695342,0.009175755349724101,0.12479690188333888,0.10254518916417296,0.8216965935583321,-4.887574621140976,493.1
,,0.0009409295680616299,0.007539686914192936,0.0006951388674695342,0.009175755349724101,0.12479690188333888,0.10254518916417296,0.8216965935583321,-4.887574621140976,493.2
,,0.0009409295680616299,0.007539686914192936,0.0006951388674695342,0.009175755349724101,0.12479690188333888,0.10254518916417296,0.8216965935583321,-4.887574621140976,493.3
,,0.0008193857247046658,0.0063006852894191,0.0005310938538736554,0.0076511648679974216,0.13004708012962984,0.1070929379828052,0.8234935984418554,-5.067096875402071,493.4
,,0.0006781441993545299,0.005922157651178862,0.0005359077740672717,0.007136209624600663,0.1145096499110487,0.09502862654381154,0.8298743958926601,-5.129054428384051,493.5
,,0.0006781441993545299,0.005922157651178862,0.0005359077740672717,0.007136209624600663,0.1145096499110487,0.09502862654381154,0.8298743958926601,-5.129054428384051,493.6
,,0.0006781441993545299,0.005922157651178862,0.0005359077740672717,0.007136209624600663,0.1145096499110487,0.09502862654381154,0.8298743958926601,-5.129054428384051,493.7
,,0.0006781441993545299,0.005922157651178862,0.0005359077740672717,0.007136209624600663,0.1145096499110487,0.09502862654381154,0.8298743958926601,-5.129054428384051,493.8
,,0.0006781441993545299,0.005922157651178862,0.0005359077740672717,0.007136209624600663,0.1145096499110487,0.09502862654381154,0.8298743958926601,-5.129054428384051,493.9
,,0.0006781441993545299,0.005922157651178862,0.0005359077740672717,0.007136209624600663,0.1145096499110487,0.09502862654381154,0.8298743958926601,-5.129054428384051,494.0
,,0.0006510462283221245,0.006723318914439413,0.0006466577534577511,0.007369976667897164,0.11302747153281499,,0.9122578289461182,-5.002173360291372,494.1
,,0.000623948257289719,0.006723318914439413,0.0006466577534577511,0.007369976667897164,0.1115452931545813,,0.9122578289461182,-5.002173360291372,494.2
,,0.0005968502862573135,0.005422800249385418,0.0005199969512815902,0.006539647486924321,0.11006311477634759,0.09126643101951352,0.8292190458626432,-5.217142945770729,494.3
,,0.0005968502862573135,0.005422800249385418,0.0005199969512815902,0.006539647486924321,0.11006311477634759,0.09126643101951352,0.8292190458626432,-5.217142945770729,494.4
,,0.0005968502862573135,0.005422800249385418,0.0005199969512815902,0.006539647486924321,0.11006311477634759,0.09126643101951352,0.8292190458626432,-5.217142945770729,494.5
,,0.0005968502862573135,0.005422800249385418,0.0005199969512815902,0.006539647486924321,0.11006311477634759,0.09126643101951352,0.8292190458626432,-5.217142945770729,494.6
,,0.0005987642781630105,0.005259747549503896,0.0004992729746430035,0.00635778480230991,0.11383897659108877,0.09417812914105987,0.8272924789138701,-5.2476722477751805,494.7
,,0.0005987642781630105,0.005259747549503896,0.0004992729746430035,0.00635778480230991,0.11383897659108877,0.09417812914105987,0.8272924789138701,-5.2476722477751805,494.8
,,0.0005987642781630105,0.005259747549503896,0.0004992729746430035,0.00635778480230991,0.11383897659108877,0.09417812914105987,0.8272924789138701,-5.2476722477751805,494.9
,,0.0006025200976685426,0.004972631915970294,0.0005066562213898857,0.006081808235028722,0.12116724258907362,0.09906923638240907,0.8176239243009954,-5.303806018483906,495.0
,,0.0006025200976685426,0.004972631915970294,0.0005066562213898857,0.006081808235028722,0.12116724258907362,0.09906923638240907,0.8176239243009954,-5.303806018483906,495.1
,,0.0006025200976685426,0.004972631915970294,0.0005066562213898857,0.006081808235028722,0.12116724258907362,0.09906923638240907,0.8176239243009954,-5.303806018483906,495.2
,,0.0006025200976685426,0.004972631915970294,0.0005066562213898857,0.006081808235028722,0.12116724258907362,0.09906923638240907,0.8176239243009954,-5.303806018483906,495.3
,,0.000612294267910237,0.004806840636076389,0.0004873399808491388,0.005906474884835765,0.12737977275860463,0.10366492363867258,0.8138256286194381,-5.337715243089935,495.4
,,0.000612294267910237,0.004806840636076389,0.0004873399808491388,0.005906474884835765,0.12737977275860463,0.10366492363867258,0.8138256286194381,-5.337715243089935,495.5
,,0.000612294267910237,0.004806840636076389,0.0004873399808491388,0.005906474884835765,0.12737977275860463,0.10366492363867258,0.8138256286194381,-5.337715243089935,495.6
,,0.000612294267910237,0.004806840636076389,0.0004873399808491388,0.005906474884835765,0.12737977275860463,0.10366492363867258,0.8138256286194381,-5.337715243089935,495.7
,,0.0006852134211222359,0.004586175633078594,0.0004950338886428314,0.005766422942843661,0.14940845618297174,0.1188281587934181,0.7953241859878148,-5.384708797617616,495.8
,,0.0006852134211222359,0.004586175633078594,0.0004950338886428314,0.005766422942843661,0.14940845618297174,0.1188281587934181,0.7953241859878148,-5.384708797617616,495.9
,,0.0007671576444577743,0.005351270095067764,0.0006265421158397149,0.006744969855365254,0.1433599184546598,0.1137377424819093,0.793371980871215,-5.230421345302122,496.0
,,0.0007671576444577743,0.005351270095067764,0.0006265421158397149,0.006744969855365254,0.1433599184546598,0.1137377424819093,0.793371980871215,-5.230421345302122,496.1
,,0.0007671576444577743,0.005351270095067764,0.0006265421158397149,0.006744969855365254,0.1433599184546598,0.1137377424819093,0.793371980871215,-5.230421345302122,496.2
,,0.0007671576444577743,0.005351270095067764,0.0006265421158397149,0.006744969855365254,0.1433599184546598,0.1137377424819093,0.793371980871215,-5.230421345302122,496.3
,,0.0007671576444577743,0.005351270095067764,0.0006265421158397149,0.006744969855365254,0.1433599184546598,0.1137377424819093,0.793371980871215,-5.230421345302122,496.4
,,0.0008269528758004474,0.004240935699464146,0.0004812868763640428,0.005549175451628636,0.1949930238048493,0.14902265805233167,0.7642461004219044,-5.462971350249483,496.5
,,0.0008269528758004474,0.004240935699464146,0.0004812868763640428,0.005549175451628636,0.1949930238048493,0.14902265805233167,0.7642461004219044,-5.462971350249483,496.6
,,0.0008403915399980508,0.0040637219857032215,0.00046613004755022145,0.005370243573251493,0.2068034041095019,0.15649039536752768,0.7567109257286035,-5.50565598007568,496.7
,,0.0008403915399980508,0.0040637219857032215,0.00046613004755022145,0.005370243573251493,0.2068034041095019,0.15649039536752768,0.7567109257286035,-5.50565598007568,496.8
,,0.0008403915399980508,0.0040637219857032215,0.00046613004755022145,0.005370243573251493,0.2068034041095019,0.15649039536752768,0.7567109257286035,-5.50565598007568,496.9
,,0.0008403915399980508,0.0040637219857032215,0.00046613004755022145,0.005370243573251493,0.2068034041095019,0.15649039536752768,0.7567109257286035,-5.50565598007568,497.0
,,0.0008403915399980508,0.0040637219857032215,0.00046613004755022145,0.005370243573251493,0.2068034041095019,0.15649039536752768,0.7567109257286035,-5.50565598007568,497.1
,,0.0013525138585610177,0.00511082654075602,0.0006485048402811033,0.007111845239598142,0.26463701081918284,0.19017762802687788,0.718635792620933,-5.276394138187877,497.2
,,0.001018698834433234,0.003748947083997656,0.00045214143094865847,0.005219787349379548,0.27172931802146266,0.19516098381945043,0.7182183550912808,-5.586280256025853,497.3
,,0.001018698834433234,0.003748947083997656,0.00045214143094865847,0.005219787349379548,0.27172931802146266,0.19516098381945043,0.7182183550912808,-5.586280256025853,497.4
,,0.001018698834433234,0.003748947083997656,0.00045214143094865847,0.005219787349379548,0.27172931802146266,0.19516098381945043,0.7182183550912808,-5.586280256025853,497.5
,,0.001018698834433234,0.003748947083997656,0.00045214143094865847,0.005219787349379548,0.27172931802146266,0.19516098381945043,0.7182183550912808,-5.586280256025853,497.6
,,0.001018698834433234,0.003748947083997656,0.00045214143094865847,0.005219787349379548,0.27172931802146266,0.19516098381945043,0.7182183550912808,-5.586280256025853,497.7
,,0.001018698834433234,0.003748947083997656,0.00045214143094865847,0.005219787349379548,0.27172931802146266,0.19516098381945043,0.7182183550912808,-5.586280256025853,497.8
,,0.0010262144287096666,0.0036748406741974847,0.00029741546897988865,0.00499847057188704,0.2792541281898629,0.20530568579945577,0.735193019814088,-5.606245501217015,497.9
,,0.001210118069755575,0.003443199165236818,0.0004325682484796298,0.005085885483472022,0.35145166215569323,0.23793655474315833,0.6770107538650716,-5.671354249875085,498.0
,,0.001210118069755575,0.003443199165236818,0.0004325682484796298,0.005085885483472022,0.35145166215569323,0.23793655474315833,0.6770107538650716,-5.671354249875085,498.1
,,0.001210118069755575,0.003443199165236818,0.0004325682484796298,0.005085885483472022,0.35145166215569323,0.23793655474315833,0.6770107538650716,-5.671354249875085,498.2
,,0.001210118069755575,0.003443199165236818,0.0004325682484796298,0.005085885483472022,0.35145166215569323,0.23793655474315833,0.6770107538650716,-5.671354249875085,498.3
,,0.001210118069755575,0.003443199165236818,0.0004325682484796298,0.005085885483472022,0.35145166215569323,0.23793655474315833,0.6770107538650716,-5.671354249875085,498.4
,,0.001210118069755575,0.003443199165236818,0.0004325682484796298,0.005085885483472022,0.35145166215569323,0.23793655474315833,0.6770107538650716,-5.671354249875085,498.5
,,0.0012043599848372288,0.0032404759672412806,0.00041735923548355763,0.004862195187562067,0.37166144634688913,0.24769881470782787,0.6664635709258875,-5.732035056497626,498.6
,,0.0024891892803232205,0.005031125444459291,0.000663579113998908,0.00818389383878142,0.49475794388401306,0.30415708333453406,0.6147593729305297,-5.292111573484607,498.7
,,0.0013787652505300432,0.0031721663186278608,0.00040834776168246226,0.004959279330840367,0.43464469136865314,0.27801725987804093,0.6396425986536085,-5.7533405432209825,498.8
,,0.0013787652505300432,0.0031721663186278608,0.00040834776168246226,0.004959279330840367,0.43464469136865314,0.27801725987804093,0.6396425986536085,-5.7533405432209825,498.9
,,0.0013787652505300432,0.0031721663186278608,0.00040834776168246226,0.004959279330840367,0.43464469136865314,0.27801725987804093,0.6396425986536085,-5.7533405432209825,499.0
,,0.0013787652505300432,0.0031721663186278608,0.00040834776168246226,0.004959279330840367,0.43464469136865314,0.27801725987804093,0.6396425986536085,-5.7533405432209825,499.1
,,0.0013615529631068363,0.0029898723411625385,0.0003981859856709274,0.004749611289940302,0.45538832690677017,0.28666618802903127,0.6294983228406715,-5.812524587754376,499.2
,,0.0013632395447232134,0.0029929380282445826,0.00039878224704850034,0.004754959820016296,0.4554853898938831,0.28669843622748875,0.6294349776933185,-5.811499755890729,499.3
,,0.003101544265984501,0.005304392593822691,0.0006689640074069737,0.009074900867214165,0.5847124267529613,0.3417716966132127,0.5845124559967834,-5.239220010394614,499.4
,,0.003101544265984501,0.005304392593822691,0.0006689640074069737,0.009074900867214165,0.5847124267529613,0.3417716966132127,0.5845124559967834,-5.239220010394614,499.5
,,0.003101544265984501,0.005304392593822691,0.0006689640074069737,0.009074900867214165,0.5847124267529613,0.3417716966132127,0.5845124559967834,-5.239220010394614,499.6
,,0.003101544265984501,0.005304392593822691,0.0006689640074069737,0.009074900867214165,0.5847124267529613,0.3417716966132127,0.5845124559967834,-5.239220010394614,499.7
,,0.003101544265984501,0.005304392593822691,0.0006689640074069737,0.009074900867214165,0.5847124267529613,0.3417716966132127,0.5845124559967834,-5.239220010394614,499.8
,,0.0014619674260310394,0.002821257645048303,0.0003757712425849405,0.004658996313664283,0.5181970631420332,0.31379450156319344,0.6055505209939509,-5.87057252002732,499.9
,,0.0014619674260310394,0.002821257645048303,0.0003757712425849405,0.004658996313664283,0.5181970631420332,0.31379450156319344,0.6055505209939509,-5.87057252002732,500.0
,,0.0015420378835536096,0.002903325186518287,0.00035409230479800435,0.004799455374869901,0.5311282011102744,0.32129434761030773,0.6049280511535098,-5.841898582811028,500.1
,,0.0015420378835536096,0.002903325186518287,0.00035409230479800435,0.004799455374869901,0.5311282011102744,0.32129434761030773,0.6049280511535098,-5.841898582811028,500.2
,,0.0015420378835536096,0.002903325186518287,0.00035409230479800435,0.004799455374869901,0.5311282011102744,0.32129434761030773,0.6049280511535098,-5.841898582811028,500.3
,,0.0015420378835536096,0.002903325186518287,0.00035409230479800435,0.004799455374869901,0.5311282011102744,0.32129434761030773,0.6049280511535098,-5.841898582811028,500.4
,,0.003605474957506884,0.005606700837197052,0.0006878668860492654,0.009900042680753202,0.5362248954195916,0.3641878195652968,0.5663309763398404,-5.1837928184990965,500.5
,,0.0014969349770245174,0.0027653339630776138,0.000353374654922601,0.004615643595024732,0.5413215897289088,0.32431771349028876,0.5991220739093475,-5.890593868994883,500.6
,,0.0014969349770245174,0.0027653339630776138,0.000353374654922601,0.004615643595024732,0.5413215897289088,0.32431771349028876,0.5991220739093475,-5.890593868994883,500.7
,,0.0014969349770245174,0.0027653339630776138,0.000353374654922601,0.004615643595024732,0.5413215897289088,0.32431771349028876,0.5991220739093475,-5.890593868994883,500.8
,,0.0038809104875531476,0.006379737814829029,0.000637960744715152,0.010898609047097328,0.5332897230144615,0.3560922747831538,0.5853717467302096,-5.054628277324239,500.9
,,0.0038809104875531476,0.006379737814829029,0.000637960744715152,0.010898609047097328,0.5252578563000143,0.3560922747831538,0.5853717467302096,-5.054628277324239,501.0
,,0.0038809104875531476,0.006379737814829029,0.000637960744715152,0.010898609047097328,0.517225989585567,0.3560922747831538,0.5853717467302096,-5.054628277324239,501.1
,,0.0014513824527536015,0.0028503519336984875,0.00034002468099056653,0.004641759067442655,0.5091941228711198,0.3126794027147192,0.614067187090964,-5.860312806817045,501.2
,,0.0014513824527536015,0.0028503519336984875,0.00034002468099056653,0.004641759067442655,0.5091941228711198,0.3126794027147192,0.614067187090964,-5.860312806817045,501.3
,,0.0014513824527536015,0.0028503519336984875,0.00034002468099056653,0.004641759067442655,0.5091941228711198,0.3126794027147192,0.614067187090964,-5.860312806817045,501.4
,,0.0014513824527536015,0.0028503519336984875,0.00034002468099056653,0.004641759067442655,0.5091941228711198,0.3126794027147192,0.614067187090964,-5.860312806817045,501.5
,,0.0014513824527536015,0.0028503519336984875,0.00034002468099056653,0.004641759067442655,0.5091941228711198,0.3126794027147192,0.614067187090964,-5.860312806817045,501.6
,,0.0014102411282670335,0.0031908357069610252,0.00033061850123593554,0.004931695336463994,0.44196607339904603,0.28595463264731413,0.6470058446977874,-5.747472419391624,501.7
,,0.0013613198738616002,0.0031296772842879248,0.00033302329834041606,0.0048240204564899405,0.4349713245822189,0.28219612378097697,0.6487694885450681,-5.7668253838070305,501.8
,,0.0013613198738616002,0.0031296772842879248,0.00033302329834041606,0.0048240204564899405,0.4349713245822189,0.28219612378097697,0.6487694885450681,-5.7668253838070305,501.9
,,0.0013613198738616002,0.0031296772842879248,0.00033302329834041606,0.0048240204564899405,0.4349713245822189,0.28219612378097697,0.6487694885450681,-5.7668253838070305,502.0
,,0.0013613198738616002,0.0031296772842879248,0.00033302329834041606,0.0048240204564899405,0.4349713245822189,0.28219612378097697,0.6487694885450681,-5.7668253838070305,502.1
,,0.0013613198738616002,0.0031296772842879248,0.00033302329834041606,0.0048240204564899405,0.4349713245822189,0.28219612378097697,0.6487694885450681,-5.7668253838070305,502.2
,,0.0013613198738616002,0.0031296772842879248,0.00033302329834041606,0.0048240204564899405,0.4349713245822189,0.28219612378097697,0.6487694885450681,-5.7668253838070305,502.3
,,0.0013613198738616002,0.0031296772842879248,0.00033302329834041606,0.0048240204564899405,0.4349713245822189,0.28219612378097697,0.6487694885450681,-5.7668253838070305,502.4
,,0.00360462237378206,0.008443366767264638,0.0006486828686929519,0.01269667200973965,0.42691765893166744,0.2839029291311097,0.6650062914744674,-4.774374143842137,502.5
,,0.00360462237378206,0.008443366767264638,0.0006486828686929519,0.01269667200973965,0.42691765893166744,0.2839029291311097,0.6650062914744674,-4.774374143842137,502.6
,,0.00360462237378206,0.008443366767264638,0.0006486828686929519,0.01269667200973965,0.42691765893166744,0.2839029291311097,0.6650062914744674,-4.774374143842137,502.7
,,0.00360462237378206,0.008443366767264638,0.0006486828686929519,0.01269667200973965,0.42691765893166744,0.2839029291311097,0.6650062914744674,-4.774374143842137,502.8
,,0.00360462237378206,0.008443366767264638,0.0006486828686929519,0.01269667200973965,0.42691765893166744,0.2839029291311097,0.6650062914744674,-4.774374143842137,502.9
,,0.00360462237378206,0.008443366767264638,0.0006486828686929519,0.01269667200973965,0.42691765893166744,0.2839029291311097,0.6650062914744674,-4.774374143842137,503.0
,,0.00297155975395155,0.008490821535629186,0.00071105625871682,0.009201877794346006,0.3902135623396278,,0.9227270482603321,-4.7687695182485434,503.1
,,0.0023384971341210395,0.008490821535629186,0.00071105625871682,0.009201877794346006,0.3535094657475882,,0.9227270482603321,-4.7687695182485434,503.2
,,0.0017054345142905292,0.008490821535629186,0.00071105625871682,0.009201877794346006,0.3168053691555486,,0.9227270482603321,-4.7687695182485434,503.3
,,0.0010723718944600192,0.003828514896221596,0.00029198363853531945,0.005192870429216934,0.2801012725635089,0.2065085022007239,0.7372637057687808,-5.565278306541926,503.4
,,0.0010723718944600192,0.003828514896221596,0.00029198363853531945,0.005192870429216934,0.2801012725635089,0.2065085022007239,0.7372637057687808,-5.565278306541926,503.5
,,0.0010723718944600192,0.003828514896221596,0.00029198363853531945,0.005192870429216934,0.2801012725635089,0.2065085022007239,0.7372637057687808,-5.565278306541926,503.6
,,0.0010723718944600192,0.003828514896221596,0.00029198363853531945,0.005192870429216934,0.2801012725635089,0.2065085022007239,0.7372637057687808,-5.565278306541926,503.7
,,0.0033611587769033424,0.01036315075985987,0.0007129134761644874,0.014437223012927698,0.32433753544552235,0.2328120008878175,0.717807763347582,-4.569498960988562,503.8
,,0.0033611587769033424,0.01036315075985987,0.0007129134761644874,0.014437223012927698,0.32433753544552235,0.2328120008878175,0.717807763347582,-4.569498960988562,503.9
,,0.0033611587769033424,0.01036315075985987,0.0007129134761644874,0.014437223012927698,0.32433753544552235,0.2328120008878175,0.717807763347582,-4.569498960988562,504.0
,,0.0033611587769033424,0.01036315075985987,0.0007129134761644874,0.014437223012927698,0.32433753544552235,0.2328120008878175,0.717807763347582,-4.569498960988562,504.1
,,0.0009489350223794753,0.004297481698469987,0.00027753637983554664,0.00552395310068501,0.22081188215817654,0.17178549583663202,0.7779721551106342,-5.449726079362065,504.2
,,0.0009489350223794753,0.004297481698469987,0.00027753637983554664,0.00552395310068501,0.22081188215817654,0.17178549583663202,0.7779721551106342,-5.449726079362065,504.3
,,0.0009489350223794753,0.004297481698469987,0.00027753637983554664,0.00552395310068501,0.22081188215817654,0.17178549583663202,0.7779721551106342,-5.449726079362065,504.4
,,0.0009082450275319738,0.004287761561693083,0.00027822764460118626,0.005474234233826243,0.21182265255751312,0.16591270828708246,0.7832623484026789,-5.451990462708146,504.5
,,0.0009082450275319738,0.004287761561693083,0.00027822764460118626,0.005474234233826243,0.21182265255751312,0.16591270828708246,0.7832623484026789,-5.451990462708146,504.6
,,0.0009082450275319738,0.004287761561693083,0.00027822764460118626,0.005474234233826243,0.21182265255751312,0.16591270828708246,0.7832623484026789,-5.451990462708146,504.7
,,0.0009082450275319738,0.004287761561693083,0.00027822764460118626,0.005474234233826243,0.21182265255751312,0.16591270828708246,0.7832623484026789,-5.451990462708146,504.8
,,0.0008614726530694113,0.004850778732874449,0.00026655130734430296,0.005978802693288163,0.1775947122120997,0.14408782113457352,0.8113294553640246,-5.328616023442414,504.9
,,0.0008614726530694113,0.004850778732874449,0.00026655130734430296,0.005978802693288163,0.1775947122120997,0.14408782113457352,0.8113294553640246,-5.328616023442414,505.0
,,0.0008614726530694113,0.004850778732874449,0.00026655130734430296,0.005978802693288163,0.1775947122120997,0.14408782113457352,0.8113294553640246,-5.328616023442414,505.1
,,0.0008295128127790493,0.004846305302366085,0.00026678640354337214,0.005942604518688506,0.17116396120856456,0.1395874166235308,0.8155187320854447,-5.32953865767131,505.2
,,0.0008295128127790493,0.004846305302366085,0.00026678640354337214,0.005942604518688506,0.17116396120856456,0.1395874166235308,0.8155187320854447,-5.32953865767131,505.3
,,0.0008295128127790493,0.004846305302366085,0.00026678640354337214,0.005942604518688506,0.17116396120856456,0.1395874166235308,0.8155187320854447,-5.32953865767131,505.4
,,0.0008295128127790493,0.004846305302366085,0.00026678640354337214,0.005942604518688506,0.17116396120856456,0.1395874166235308,0.8155187320854447,-5.32953865767131,505.5
,,0.0008295128127790493,0.004846305302366085,0.00026678640354337214,0.005942604518688506,0.17116396120856456,0.1395874166235308,0.8155187320854447,-5.32953865767131,505.6
,,0.0008194293365587597,0.00551445319347452,0.0002583909614570579,0.006592273491490338,0.14859666186457512,0.1243014777248734,0.8365024904674956,-5.200382780154263,505.7
,,0.0007975147922972126,0.00553976012255206,0.00026164751518426466,0.006598922430033537,0.14396197211691053,0.12085530641601427,0.8394946570881128,-5.19580407833871,505.8
,,0.0007975147922972126,0.00553976012255206,0.00026164751518426466,0.006598922430033537,0.14396197211691053,0.12085530641601427,0.8394946570881128,-5.19580407833871,505.9
,,0.0007975147922972126,0.00553976012255206,0.00026164751518426466,0.006598922430033537,0.14396197211691053,0.12085530641601427,0.8394946570881128,-5.19580407833871,506.0
,,0.0007975147922972126,0.00553976012255206,0.00026164751518426466,0.006598922430033537,0.14396197211691053,0.12085530641601427,0.8394946570881128,-5.19580407833871,506.1
,,0.0007975147922972126,0.00553976012255206,0.00026164751518426466,0.006598922430033537,0.14396197211691053,0.12085530641601427,0.8394946570881128,-5.19580407833871,506.2
,,0.0007975147922972126,0.00553976012255206,0.00026164751518426466,0.006598922430033537,0.14396197211691053,0.12085530641601427,0.8394946570881128,-5.19580407833871,506.3
,,0.0007878606642028387,0.005608983844414927,0.0002760559587305257,0.006672900467348292,0.140464063733637,0.1180686971217364,0.8405615926478597,-5.183385708756942,506.4
,,0.000823240898095642,0.006406682609026177,0.00027392884435819913,0.007503852351480019,0.12849721897192212,0.10970910134356128,0.8537858034696749,-5.050413675709608,506.5
,,0.000823240898095642,0.006406682609026177,0.00027392884435819913,0.007503852351480019,0.12849721897192212,0.10970910134356128,0.8537858034696749,-5.050413675709608,506.6
,,0.000823240898095642,0.006406682609026177,0.00027392884435819913,0.007503852351480019,0.12849721897192212,0.10970910134356128,0.8537858034696749,-5.050413675709608,506.7
,,0.000823240898095642,0.006406682609026177,0.00027392884435819913,0.007503852351480019,0.12849721897192212,0.10970910134356128,0.8537858034696749,-5.050413675709608,506.8
,,0.000823240898095642,0.006406682609026177,0.00027392884435819913,0.007503852351480019,0.12849721897192212,0.10970910134356128,0.8537858034696749,-5.050413675709608,506.9
,,0.000823240898095642,0.006406682609026177,0.00027392884435819913,0.007503852351480019,0.12849721897192212,0.10970910134356128,0.8537858034696749,-5.050413675709608,507.0
,,0.0008218734813484417,0.006446319806114614,0.00029183863393092717,0.007560031921393983,0.12749499033058506,0.10871296442844883,0.8526842046621923,-5.044245883708409,507.1
,,0.0008218734813484417,0.006446319806114614,0.00029183863393092717,0.007560031921393983,0.12749499033058506,0.10871296442844883,0.8526842046621923,-5.044245883708409,507.2
,,0.0008914504419178468,0.007235218942667722,0.00030337799998222416,0.008430047384567794,0.12320987781872944,0.10574678898599706,0.8582655129451173,-4.928794657757707,507.3
,,0.0008914504419178468,0.007235218942667722,0.00030337799998222416,0.008430047384567794,0.12320987781872944,0.10574678898599706,0.8582655129451173,-4.928794657757707,507.4
,,0.0008914504419178468,0.007235218942667722,0.00030337799998222416,0.008430047384567794,0.12320987781872944,0.10574678898599706,0.8582655129451173,-4.928794657757707,507.5
,,0.0008914504419178468,0.007235218942667722,0.00030337799998222416,0.008430047384567794,0.12320987781872944,0.10574678898599706,0.8582655129451173,-4.928794657757707,507.6
,,0.000906941949186622,0.007279184786816063,0.0003242456898507603,0.008510372425853445,0.12459389007808401,0.10656900824121938,0.8553309329569188,-4.92273640287671,507.7
,,0.000906941949186622,0.007279184786816063,0.0003242456898507603,0.008510372425853445,0.12459389007808401,0.10656900824121938,0.8553309329569188,-4.92273640287671,507.8
,,0.000906941949186622,0.007279184786816063,0.0003242456898507603,0.008510372425853445,0.12459389007808401,0.10656900824121938,0.8553309329569188,-4.92273640287671,507.9
,,0.000906941949186622,0.007279184786816063,0.0003242456898507603,0.008510372425853445,0.12459389007808401,0.10656900824121938,0.8553309329569188,-4.92273640287671,508.0
,,0.0009908227591816036,0.007968603914331166,0.00034292615286712983,0.009302352826379898,0.12434082178430962,0.10651313465253628,0.8566224118841799,-4.832245969110703,508.1
,,0.0009908227591816036,0.007968603914331166,0.00034292615286712983,0.009302352826379898,0.12434082178430962,0.10651313465253628,0.8566224118841799,-4.832245969110703,508.2
,,0.0010072374603046282,0.0147093314740895,0.0006359785791004674,0.015345310053189967,0.12494413618125987,,0.9585555080414774,-4.2192731924382825,508.3
,,0.0010236521614276528,0.0147093314740895,0.0006359785791004674,0.015345310053189967,0.1255474505782101,,0.9585555080414774,-4.2192731924382825,508.4
,,0.0010400668625506774,0.0147093314740895,0.0006359785791004674,0.015345310053189967,0.12615076497516034,,0.9585555080414774,-4.2192731924382825,508.5
,,0.0010564815636737019,0.0147093314740895,0.0006359785791004674,0.015345310053189967,0.12675407937211058,,0.9585555080414774,-4.2192731924382825,508.6
,,0.0010728962647967265,0.0147093314740895,0.0006359785791004674,0.015345310053189967,0.12735739376906083,,0.9585555080414774,-4.2192731924382825,508.7
,,0.001089310965919751,0.0147093314740895,0.0006359785791004674,0.015345310053189967,0.12796070816601107,,0.9585555080414774,-4.2192731924382825,508.8
,,0.0011057256670427757,0.008600583934757267,0.0003867528094612968,0.010093062411261339,0.12856402256296132,0.10955303970072174,0.8521282822110722,-4.755925178637354,508.9
,,0.0011607565192309015,0.008677292951802598,0.00041058088343753386,0.010248630354471034,0.1337694285162712,0.11325967266684701,0.8466783025321106,-4.74704567086418,509.0
,,0.0011607565192309015,0.008677292951802598,0.00041058088343753386,0.010248630354471034,0.1337694285162712,0.11325967266684701,0.8466783025321106,-4.74704567086418,509.1
,,0.0011607565192309015,0.008677292951802598,0.00041058088343753386,0.010248630354471034,0.1337694285162712,0.11325967266684701,0.8466783025321106,-4.74704567086418,509.2
,,0.0011607565192309015,0.008677292951802598,0.00041058088343753386,0.010248630354471034,0.1337694285162712,0.11325967266684701,0.8466783025321106,-4.74704567086418,509.3
,,0.0011607565192309015,0.008677292951802598,0.00041058088343753386,0.010248630354471034,0.1337694285162712,0.11325967266684701,0.8466783025321106,-4.74704567086418,509.4
,,0.0011607565192309015,0.008677292951802598,0.00041058088343753386,0.010248630354471034,0.1337694285162712,0.11325967266684701,0.8466783025321106,-4.74704567086418,509.5
,,0.0013247203036943276,0.009383886024736703,0.00047270361565298464,0.011181309944084016,0.14116969240698948,0.11847630647205443,0.8392474648913276,-4.668761313406267,509.6
,,0.0013247203036943276,0.009383886024736703,0.00047270361565298464,0.011181309944084016,0.14116969240698948,0.11847630647205443,0.8392474648913276,-4.668761313406267,509.7
,,0.0013247203036943276,0.009383886024736703,0.00047270361565298464,0.011181309944084016,0.14116969240698948,0.11847630647205443,0.8392474648913276,-4.668761313406267,509.8
,,0.0013247203036943276,0.009383886024736703,0.00047270361565298464,0.011181309944084016,0.14116969240698948,0.11847630647205443,0.8392474648913276,-4.668761313406267,509.9
,,0.0013247203036943276,0.009383886024736703,0.00047270361565298464,0.011181309944084016,0.14116969240698948,0.11847630647205443,0.8392474648913276,-4.668761313406267,510.0
,,0.0013247203036943276,0.009383886024736703,0.00047270361565298464,0.011181309944084016,0.14116969240698948,0.11847630647205443,0.8392474648913276,-4.668761313406267,510.1
,,0.0013247203036943276,0.009383886024736703,0.00047270361565298464,0.011181309944084016,0.14116969240698948,0.11847630647205443,0.8392474648913276,-4.668761313406267,510.2
,,0.0014137603176159735,0.012519706832532746,0.0005817856596282123,0.013101492492160959,0.14486186186606104,,0.9555939401578627,-4.380451329516231,510.3
,,0.0015028003315376195,0.0101161868051128,0.0005508840223937909,0.01216987115904421,0.14855403132513256,0.12348531154504395,0.8312484719770278,-4.593618484042744,510.4
,,0.0015028003315376195,0.0101161868051128,0.0005508840223937909,0.01216987115904421,0.14855403132513256,0.12348531154504395,0.8312484719770278,-4.593618484042744,510.5
,,0.0015028003315376195,0.0101161868051128,0.0005508840223937909,0.01216987115904421,0.14855403132513256,0.12348531154504395,0.8312484719770278,-4.593618484042744,510.6
,,0.0015028003315376195,0.0101161868051128,0.0005508840223937909,0.01216987115904421,0.14855403132513256,0.12348531154504395,0.8312484719770278,-4.593618484042744,510.7
,,0.0015028003315376195,0.0101161868051128,0.0005508840223937909,0.01216987115904421,0.14855403132513256,0.12348531154504395,0.8312484719770278,-4.593618484042744,510.8
,,0.0016387682875670991,0.010345246108513253,0.0005927552932401784,0.012576769689320531,0.1584078590666425,0.13030120834276285,0.8225678265618429,-4.571228177974498,510.9
,,0.0016387682875670991,0.010345246108513253,0.0005927552932401784,0.012576769689320531,0.1584078590666425,0.13030120834276285,0.8225678265618429,-4.571228177974498,511.0
,,0.0017075586506520625,0.010941471108658335,0.0006429049111293194,0.013291934670439718,0.15606298583568134,0.1284657721384643,0.8231661815936667,-4.5151950204017615,511.1
,,0.0017075586506520625,0.010941471108658335,0.0006429049111293194,0.013291934670439718,0.15606298583568134,0.1284657721384643,0.8231661815936667,-4.5151950204017615,511.2
,,0.0017075586506520625,0.010941471108658335,0.0006429049111293194,0.013291934670439718,0.15606298583568134,0.1284657721384643,0.8231661815936667,-4.5151950204017615,511.3
,,0.0017075586506520625,0.010941471108658335,0.0006429049111293194,0.013291934670439718,0.15606298583568134,0.1284657721384643,0.8231661815936667,-4.5151950204017615,511.4
,,0.0017075586506520625,0.010941471108658335,0.0006429049111293194,0.013291934670439718,0.15606298583568134,0.1284657721384643,0.8231661815936667,-4.5151950204017615,511.5
,,0.0018695941196611638,0.011205760664053547,0.0006794420588091253,0.013754796842523835,0.16684223192973863,0.13592306313686828,0.8146802015577737,-4.49132728790636,511.6
,,0.0018695941196611638,0.011205760664053547,0.0006794420588091253,0.013754796842523835,0.16684223192973863,0.13592306313686828,0.8146802015577737,-4.49132728790636,511.7
,,0.0018695941196611638,0.011205760664053547,0.0006794420588091253,0.013754796842523835,0.16684223192973863,0.13592306313686828,0.8146802015577737,-4.49132728790636,511.8
,,0.0019211071842741042,0.01175062156584989,0.0007271175162016009,0.014398846266325597,0.1634898352830373,0.1334209108661,0.8160807712303259,-4.443849140569816,511.9
,,0.0019211071842741042,0.01175062156584989,0.0007271175162016009,0.014398846266325597,0.1634898352830373,0.1334209108661,0.8160807712303259,-4.443849140569816,512.0
,,0.0019211071842741042,0.01175062156584989,0.0007271175162016009,0.014398846266325597,0.1634898352830373,0.1334209108661,0.8160807712303259,-4.443849140569816,512.1
,,0.0019211071842741042,0.01175062156584989,0.0007271175162016009,0.014398846266325597,0.1634898352830373,0.1334209108661,0.8160807712303259,-4.443849140569816,512.2
,,0.0020933250072368457,0.011954662001478466,0.0007472877020012076,0.01479527471071652,0.1751053276937448,0.14148605201095776,0.8080054095122317,-4.4266339510371076,512.3
,,0.0020933250072368457,0.011954662001478466,0.0007472877020012076,0.01479527471071652,0.1751053276937448,0.14148605201095776,0.8080054095122317,-4.4266339510371076,512.4
,,0.0020933250072368457,0.011954662001478466,0.0007472877020012076,0.01479527471071652,0.1751053276937448,0.14148605201095776,0.8080054095122317,-4.4266339510371076,512.5
,,0.0012705128650277607,0.01088708011039158,0.0005656925856449318,0.012723285561064272,0.1166991380742273,0.09985729385150147,0.855681502874396,-4.52017850375694,512.6
,,0.0012705128650277607,0.01088708011039158,0.0005656925856449318,0.012723285561064272,0.1166991380742273,0.09985729385150147,0.855681502874396,-4.52017850375694,512.7
,,0.0012705128650277607,0.01088708011039158,0.0005656925856449318,0.012723285561064272,0.1166991380742273,0.09985729385150147,0.855681502874396,-4.52017850375694,512.8
,,0.0012705128650277607,0.01088708011039158,0.0005656925856449318,0.012723285561064272,0.1166991380742273,0.09985729385150147,0.855681502874396,-4.52017850375694,512.9
,,0.002328903163948465,0.012647765850612672,0.0007904232389838796,0.015767092253545015,0.18413553756892567,0.14770657306358076,0.8021622279636879,-4.370274692006238,513.0
,,0.002328903163948465,0.012647765850612672,0.0007904232389838796,0.015767092253545015,0.18413553756892567,0.14770657306358076,0.8021622279636879,-4.370274692006238,513.1
,,0.002328903163948465,0.012647765850612672,0.0007904232389838796,0.015767092253545015,0.18413553756892567,0.14770657306358076,0.8021622279636879,-4.370274692006238,513.2
,,0.0024576830921884405,0.01332640477940347,0.0008476209558480198,0.01663170882743993,0.18442206528101976,0.14777093067752703,0.8012649161712606,-4.318007890141509,513.3
,,0.0024576830921884405,0.01332640477940347,0.0008476209558480198,0.01663170882743993,0.18442206528101976,0.14777093067752703,0.8012649161712606,-4.318007890141509,513.4
,,0.0024576830921884405,0.01332640477940347,0.0008476209558480198,0.01663170882743993,0.18442206528101976,0.14777093067752703,0.8012649161712606,-4.318007890141509,513.5
,,0.0024576830921884405,0.01332640477940347,0.0008476209558480198,0.01663170882743993,0.18442206528101976,0.14777093067752703,0.8012649161712606,-4.318007890141509,513.6
,,0.00263688375620026,0.013483633146600105,0.0008255334274100768,0.01694605033021044,0.19556181390659902,0.15560462201032035,0.7956799893696919,-4.306278688551171,513.7
,,0.00263688375620026,0.013483633146600105,0.0008255334274100768,0.01694605033021044,0.19556181390659902,0.15560462201032035,0.7956799893696919,-4.306278688551171,513.8
,,0.00263688375620026,0.013483633146600105,0.0008255334274100768,0.01694605033021044,0.19556181390659902,0.15560462201032035,0.7956799893696919,-4.306278688551171,513.9
,,0.002818071478696592,0.01419477732114379,0.0008885338113705409,0.017901382611210923,0.1985287556782551,0.15742200141187676,0.7929430720202677,-4.254881176313478,514.0
,,0.002818071478696592,0.01419477732114379,0.0008885338113705409,0.017901382611210923,0.1985287556782551,0.15742200141187676,0.7929430720202677,-4.254881176313478,514.1
,,0.002818071478696592,0.01419477732114379,0.0008885338113705409,0.017901382611210923,0.1985287556782551,0.15742200141187676,0.7929430720202677,-4.254881176313478,514.2
,,0.002818071478696592,0.01419477732114379,0.0008885338113705409,0.017901382611210923,0.1985287556782551,0.15742200141187676,0.7929430720202677,-4.254881176313478,514.3
,,0.0030549145588298575,0.014559296328614298,0.0008666134472301399,0.018480824334674295,0.20982570104201,0.16530185577805273,0.7878055688943321,-4.229525566460173,514.4
,,0.0030549145588298575,0.014559296328614298,0.0008666134472301399,0.018480824334674295,0.20982570104201,0.16530185577805273,0.7878055688943321,-4.229525566460173,514.5
,,0.0030549145588298575,0.014559296328614298,0.0008666134472301399,0.018480824334674295,0.20982570104201,0.16530185577805273,0.7878055688943321,-4.229525566460173,514.6
,,0.0031642101107768198,0.010467912171409008,0.0005182614277744428,0.010986173599183451,0.21341459999145151,,0.952826029636655,-4.559440684547276,514.7
,,0.0032735056627237824,0.010467912171409008,0.0005182614277744428,0.010986173599183451,0.217003498940893,,0.952826029636655,-4.559440684547276,514.8
,,0.0033828012146707447,0.010467912171409008,0.0005182614277744428,0.010986173599183451,0.2205923978903345,,0.952826029636655,-4.559440684547276,514.9
,,0.0034920967666177073,0.010467912171409008,0.0005182614277744428,0.010986173599183451,0.22418129683977597,,0.952826029636655,-4.559440684547276,515.0
,,0.0036013923185646696,0.01581151698134141,0.0009134404515072933,0.020326349751413373,0.22777019578921748,0.17717850782894504,0.7778827568507213,-4.147016681614753,515.1
,,0.0036013923185646696,0.01581151698134141,0.0009134404515072933,0.020326349751413373,0.22777019578921748,0.17717850782894504,0.7778827568507213,-4.147016681614753,515.2
,,0.0036013923185646696,0.01581151698134141,0.0009134404515072933,0.020326349751413373,0.22777019578921748,0.17717850782894504,0.7778827568507213,-4.147016681614753,515.3
,,0.003757858612439888,0.010675839317099573,0.0005111465513979883,0.011186985868497562,0.2329598045602916,,0.9543088230014332,-4.539772098405543,515.4
,,0.003914324906315107,0.010675839317099573,0.0005111465513979883,0.011186985868497562,0.23814941333136574,,0.9543088230014332,-4.539772098405543,515.5
,,0.004070791200190326,0.010675839317099573,0.0005111465513979883,0.011186985868497562,0.24333902210243985,,0.9543088230014332,-4.539772098405543,515.6
,,0.0042272574940655444,0.01700913685158859,0.0009582990595512911,0.022194693405205423,0.24852863087351398,0.19046253160109464,0.766360523259103,-4.074004617448662,515.7
,,0.0042272574940655444,0.01700913685158859,0.0009582990595512911,0.022194693405205423,0.24852863087351398,0.19046253160109464,0.766360523259103,-4.074004617448662,515.8
,,0.0042272574940655444,0.01700913685158859,0.0009582990595512911,0.022194693405205423,0.24852863087351398,0.19046253160109464,0.766360523259103,-4.074004617448662,515.9
,,0.0042272574940655444,0.01700913685158859,0.0009582990595512911,0.022194693405205423,0.24852863087351398,0.19046253160109464,0.766360523259103,-4.074004617448662,516.0
,,0.0044131162731512975,0.010925711330646834,0.0005064826112538981,0.011432193941900731,0.25411431166008114,,0.9556968142923502,-4.5166364297633805,516.1
,,0.0045989750522370506,0.010925711330646834,0.0005064826112538981,0.011432193941900731,0.2596999924466483,,0.9556968142923502,-4.5166364297633805,516.2
,,0.004784833831322804,0.010925711330646834,0.0005064826112538981,0.011432193941900731,0.2652856732332155,,0.9556968142923502,-4.5166364297633805,516.3
,,0.004970692610408557,0.018350750408422774,0.0010288116618742023,0.024350254680705532,0.2708713540197827,0.20413308507804626,0.7536163645534024,-3.9980848111257257,516.4
,,0.004970692610408557,0.018350750408422774,0.0010288116618742023,0.024350254680705532,0.2708713540197827,0.20413308507804626,0.7536163645534024,-3.9980848111257257,516.5
,,0.004970692610408557,0.018350750408422774,0.0010288116618742023,0.024350254680705532,0.2708713540197827,0.20413308507804626,0.7536163645534024,-3.9980848111257257,516.6
,,0.004970692610408557,0.018350750408422774,0.0010288116618742023,0.024350254680705532,0.2708713540197827,0.20413308507804626,0.7536163645534024,-3.9980848111257257,516.7
,,0.005657542129953587,0.019486570359436704,0.0011650366518096995,0.026309149141199993,0.29033031598676495,0.21504086276564166,0.7406765705288748,-3.9380297501909554,516.8
,,0.005657542129953587,0.019486570359436704,0.0011650366518096995,0.026309149141199993,0.29033031598676495,0.21504086276564166,0.7406765705288748,-3.9380297501909554,516.9
,,0.005657542129953587,0.019486570359436704,0.0011650366518096995,0.026309149141199993,0.29033031598676495,0.21504086276564166,0.7406765705288748,-3.9380297501909554,517.0
,,0.006028267452165899,0.020348311873179294,0.001170945020840365,0.027547524346185556,0.29625393446576953,0.21883155003003454,0.7386620887403582,-3.894757325169383,517.1
,,0.006028267452165899,0.020348311873179294,0.001170945020840365,0.027547524346185556,0.29625393446576953,0.21883155003003454,0.7386620887403582,-3.894757325169383,517.2
,,0.006028267452165899,0.020348311873179294,0.001170945020840365,0.027547524346185556,0.29625393446576953,0.21883155003003454,0.7386620887403582,-3.894757325169383,517.3
,,0.006028267452165899,0.020348311873179294,0.001170945020840365,0.027547524346185556,0.29625393446576953,0.21883155003003454,0.7386620887403582,-3.894757325169383,517.4
,,0.006808630315509397,0.021400781306497058,0.0013357790797453516,0.029545190701751805,0.318148679620513,0.23044800706281096,0.7243406049576845,-3.844327847971397,517.5
,,0.006808630315509397,0.021400781306497058,0.0013357790797453516,0.029545190701751805,0.318148679620513,0.23044800706281096,0.7243406049576845,-3.844327847971397,517.6
,,0.006808630315509397,0.021400781306497058,0.0013357790797453516,0.029545190701751805,0.318148679620513,0.23044800706281096,0.7243406049576845,-3.844327847971397,517.7
,,0.00732829625440867,0.02274487248691109,0.0014015120044933889,0.03147468074581315,0.32219553038276466,0.23283147217890368,0.7226402920683056,-3.783415544178958,517.8
,,0.00732829625440867,0.02274487248691109,0.0014015120044933889,0.03147468074581315,0.32219553038276466,0.23283147217890368,0.7226402920683056,-3.783415544178958,517.9
,,0.00732829625440867,0.02274487248691109,0.0014015120044933889,0.03147468074581315,0.32219553038276466,0.23283147217890368,0.7226402920683056,-3.783415544178958,518.0
,,0.00732829625440867,0.02274487248691109,0.0014015120044933889,0.03147468074581315,0.32219553038276466,0.23283147217890368,0.7226402920683056,-3.783415544178958,518.1
,,0.008390566319817357,0.024081947938461506,0.0016399067119332823,0.034112420970212144,0.3484172601509824,0.24596806914244576,0.7059583358064938,-3.726292767358915,518.2
,,0.008390566319817357,0.024081947938461506,0.0016399067119332823,0.034112420970212144,0.3484172601509824,0.24596806914244576,0.7059583358064938,-3.726292767358915,518.3
,,0.00895014106841868,0.025555275223962427,0.0017631561647451642,0.03626857245712627,0.35022675318426616,0.24677401017089387,0.7046121060919002,-3.6669115169524487,518.4
,,0.00895014106841868,0.025555275223962427,0.0017631561647451642,0.03626857245712627,0.35022675318426616,0.24677401017089387,0.7046121060919002,-3.6669115169524487,518.5
,,0.00895014106841868,0.025555275223962427,0.0017631561647451642,0.03626857245712627,0.35022675318426616,0.24677401017089387,0.7046121060919002,-3.6669115169524487,518.6
,,0.00895014106841868,0.025555275223962427,0.0017631561647451642,0.03626857245712627,0.35022675318426616,0.24677401017089387,0.7046121060919002,-3.6669115169524487,518.7
,,0.00895014106841868,0.025555275223962427,0.0017631561647451642,0.03626857245712627,0.35022675318426616,0.24677401017089387,0.7046121060919002,-3.6669115169524487,518.8
,,0.010387447842173781,0.027376807752307036,0.002109086400337952,0.03987334199481877,0.37942509353737325,0.26051109143355855,0.6865942602921129,-3.5980590564118375,518.9
,,0.010387447842173781,0.027376807752307036,0.002109086400337952,0.03987334199481877,0.37942509353737325,0.26051109143355855,0.6865942602921129,-3.5980590564118375,519.0
,,0.011327145087816676,0.029838222637811357,0.0023717427115308273,0.04353711043715886,0.3796186262603584,0.26017218354824423,0.6853514700034956,-3.511965068496554,519.1
,,0.011327145087816676,0.029838222637811357,0.0023717427115308273,0.04353711043715886,0.3796186262603584,0.26017218354824423,0.6853514700034956,-3.511965068496554,519.2
,,0.011327145087816676,0.029838222637811357,0.0023717427115308273,0.04353711043715886,0.3796186262603584,0.26017218354824423,0.6853514700034956,-3.511965068496554,519.3
,,0.011327145087816676,0.029838222637811357,0.0023717427115308273,0.04353711043715886,0.3796186262603584,0.26017218354824423,0.6853514700034956,-3.511965068496554,519.4
,,0.011327145087816676,0.029838222637811357,0.0023717427115308273,0.04353711043715886,0.3796186262603584,0.26017218354824423,0.6853514700034956,-3.511965068496554,519.5
,,0.013406272574887988,0.03265716444608546,0.0028954758637438054,0.04895891288471726,0.41051551174997886,0.27382700687115985,0.6670320585545424,-3.4216910155982263,519.6
,,0.014124366640326094,0.01537781902578576,0.0008356141723604522,0.01621343319814621,0.4145820605561738,,0.948461614381833,-4.174829130825727,519.7
,,0.014842460705764197,0.01537781902578576,0.0008356141723604522,0.01621343319814621,0.4186486093623687,,0.948461614381833,-4.174829130825727,519.8
,,0.015560554771202302,0.01537781902578576,0.0008356141723604522,0.01621343319814621,0.42271515816856364,,0.948461614381833,-4.174829130825727,519.9
,,0.016278648836640406,0.01537781902578576,0.0008356141723604522,0.01621343319814621,0.4267817069747586,,0.948461614381833,-4.174829130825727,520.0
,,0.01699674290207851,0.01537781902578576,0.0008356141723604522,0.01621343319814621,0.43084825578095354,,0.948461614381833,-4.174829130825727,520.1
,,0.017714836967516617,0.01537781902578576,0.0008356141723604522,0.01621343319814621,0.43491480458714843,,0.948461614381833,-4.174829130825727,520.2
,,0.018432931032954722,0.04199023692115264,0.0045119409385278395,0.06493510889263521,0.4389813533933434,0.283866945744744,0.6466492108387775,-3.170318141978718,520.3
,,0.018432931032954722,0.04199023692115264,0.0045119409385278395,0.06493510889263521,0.4389813533933434,0.283866945744744,0.6466492108387775,-3.170318141978718,520.4
,,0.018432931032954722,0.04199023692115264,0.0045119409385278395,0.06493510889263521,0.4389813533933434,0.283866945744744,0.6466492108387775,-3.170318141978718,520.5
,,0.018432931032954722,0.04199023692115264,0.0045119409385278395,0.06493510889263521,0.4389813533933434,0.283866945744744,0.6466492108387775,-3.170318141978718,520.6
,,0.018432931032954722,0.04199023692115264,0.0045119409385278395,0.06493510889263521,0.4389813533933434,0.283866945744744,0.6466492108387775,-3.170318141978718,520.7
,,0.018432931032954722,0.04199023692115264,0.0045119409385278395,0.06493510889263521,0.4389813533933434,0.283866945744744,0.6466492108387775,-3.170318141978718,520.8
,,0.018432931032954722,0.04199023692115264,0.0045119409385278395,0.06493510889263521,0.4389813533933434,0.283866945744744,0.6466492108387775,-3.170318141978718,520.9
,,0.02009816788690829,0.04325257283047449,0.005402903612024654,0.06875364432940743,0.4646698813890607,0.2923214919432549,0.6290949847435857,-3.14069855996374,521.0
,,0.02009816788690829,0.04325257283047449,0.005402903612024654,0.06875364432940743,0.4646698813890607,0.2923214919432549,0.6290949847435857,-3.14069855996374,521.1
,,0.02009816788690829,0.04325257283047449,0.005402903612024654,0.06875364432940743,0.4646698813890607,0.2923214919432549,0.6290949847435857,-3.14069855996374,521.2
,,0.02009816788690829,0.04325257283047449,0.005402903612024654,0.06875364432940743,0.4646698813890607,0.2923214919432549,0.6290949847435857,-3.14069855996374,521.3
,,0.02009816788690829,0.04325257283047449,0.005402903612024654,0.06875364432940743,0.4646698813890607,0.2923214919432549,0.6290949847435857,-3.14069855996374,521.4
,,0.02009816788690829,0.04325257283047449,0.005402903612024654,0.06875364432940743,0.4646698813890607,0.2923214919432549,0.6290949847435857,-3.14069855996374,521.5
,,0.02056423802420597,0.04602456688612532,0.0041220253641187105,0.07071083027444999,0.44681002811142834,0.29082161734475437,0.6508842663491595,-3.078579962311938,521.6
,,0.021604501107492475,0.04450076858472449,0.006381128931036743,0.0724863986232537,0.4854860218056666,0.2980490342716755,0.6139188789888176,-3.112248818392252,521.7
,,0.021604501107492475,0.04450076858472449,0.006381128931036743,0.0724863986232537,0.4854860218056666,0.2980490342716755,0.6139188789888176,-3.112248818392252,521.8
,,0.021604501107492475,0.04450076858472449,0.006381128931036743,0.0724863986232537,0.4854860218056666,0.2980490342716755,0.6139188789888176,-3.112248818392252,521.9
,,0.021604501107492475,0.04450076858472449,0.006381128931036743,0.0724863986232537,0.4854860218056666,0.2980490342716755,0.6139188789888176,-3.112248818392252,522.0
,,0.021604501107492475,0.04450076858472449,0.006381128931036743,0.0724863986232537,0.4854860218056666,0.2980490342716755,0.6139188789888176,-3.112248818392252,522.1
,,0.021604501107492475,0.04450076858472449,0.006381128931036743,0.0724863986232537,0.4854860218056666,0.2980490342716755,0.6139188789888176,-3.112248818392252,522.2
,,0.02207861246905904,0.04518485107091812,0.0069219306720053365,0.07418539421198249,0.4886286431354264,0.2976140074954658,0.6090801504916694,-3.0969934016186422,522.3
,,0.02218752747982509,0.044260192961819184,0.007205557647900966,0.07365327808954525,0.5012975767856467,0.3012429053442838,0.6009263146171049,-3.11766958463491,522.4
,,0.02218752747982509,0.044260192961819184,0.007205557647900966,0.07365327808954525,0.5012975767856467,0.3012429053442838,0.6009263146171049,-3.11766958463491,522.5
,,0.02218752747982509,0.044260192961819184,0.007205557647900966,0.07365327808954525,0.5012975767856467,0.3012429053442838,0.6009263146171049,-3.11766958463491,522.6
,,0.02218752747982509,0.044260192961819184,0.007205557647900966,0.07365327808954525,0.5012975767856467,0.3012429053442838,0.6009263146171049,-3.11766958463491,522.7
,,0.02218752747982509,0.044260192961819184,0.007205557647900966,0.07365327808954525,0.5012975767856467,0.3012429053442838,0.6009263146171049,-3.11766958463491,522.8
,,0.005272390652079478,0.025085248944281578,0.002212535431987792,0.03257017502834885,0.210178924825116,0.16187787285424246,0.7701907933392299,-3.685475297065601,522.9
,,0.005272390652079478,0.025085248944281578,0.002212535431987792,0.03257017502834885,0.210178924825116,0.16187787285424246,0.7701907933392299,-3.685475297065601,523.0
,,0.005513127353890109,0.026529325685095657,0.002577114642745176,0.03461956768173094,0.20781257010944001,0.159248879263141,0.7663101379251314,-3.629504528226912,523.1
,,0.005513127353890109,0.026529325685095657,0.002577114642745176,0.03461956768173094,0.20781257010944001,0.159248879263141,0.7663101379251314,-3.629504528226912,523.2
,,0.005513127353890109,0.026529325685095657,0.002577114642745176,0.03461956768173094,0.20781257010944001,0.159248879263141,0.7663101379251314,-3.629504528226912,523.3
,,0.005513127353890109,0.026529325685095657,0.002577114642745176,0.03461956768173094,0.20781257010944001,0.159248879263141,0.7663101379251314,-3.629504528226912,523.4
,,0.005513127353890109,0.026529325685095657,0.002577114642745176,0.03461956768173094,0.20781257010944001,0.159248879263141,0.7663101379251314,-3.629504528226912,523.5
,,0.021924544793573857,0.04252579864797974,0.008149147345473182,0.07259949078702678,0.5155586841545519,0.3019930932833992,0.5857589107991226,-3.1576443602068487,523.6
,,0.021924544793573857,0.04252579864797974,0.008149147345473182,0.07259949078702678,0.5155586841545519,0.3019930932833992,0.5857589107991226,-3.1576443602068487,523.7
,,0.022153161791877582,0.043149273285965364,0.008039390936006701,0.07334182601384964,0.5134075293704441,0.3020535892806139,0.5883310469774394,-3.143089703171222,523.8
,,0.022046449550511476,0.042718958655745126,0.008432721827750875,0.07319813003400748,0.5160811556333789,0.3011886989499432,0.5836072401835691,-3.153112460663227,523.9
,,0.022046449550511476,0.042718958655745126,0.008432721827750875,0.07319813003400748,0.5160811556333789,0.3011886989499432,0.5836072401835691,-3.153112460663227,524.0
,,0.022047518495098034,0.04272127813846213,0.008433231298337838,0.073202027931898,0.5160781572040226,0.3011872637682864,0.5836078500203162,-3.1530581658062693,524.1
,,0.017666638343271604,0.03482540097807427,0.0034400941581816404,0.038265495136255906,0.42000694312841674,,0.9100993167360794,-3.3574082452957126,524.2
,,0.013285758191445177,0.03482540097807427,0.0034400941581816404,0.038265495136255906,0.3239357290528109,,0.9100993167360794,-3.3574082452957126,524.3
,,0.008904878039618749,0.03907970506293871,0.004066137674321661,0.05205072077687912,0.22786451497720495,0.17108078248888126,0.7508004592377879,-3.2421519988437435,524.4
,,0.008904878039618749,0.03907970506293871,0.004066137674321661,0.05205072077687912,0.22786451497720495,0.17108078248888126,0.7508004592377879,-3.2421519988437435,524.5
,,0.008904878039618749,0.03907970506293871,0.004066137674321661,0.05205072077687912,0.22786451497720495,0.17108078248888126,0.7508004592377879,-3.2421519988437435,524.6
,,0.02212301460971468,0.0431099447467685,0.008609656382115104,0.0738426157385983,0.5131765939313344,0.29959684375252643,0.5838084731366645,-3.1440015719040706,524.7
,,0.02212301460971468,0.0431099447467685,0.008609656382115104,0.0738426157385983,0.5131765939313344,0.29959684375252643,0.5838084731366645,-3.1440015719040706,524.8
,,0.02073768632790365,0.039225296586482175,0.008752978723141142,0.06871596163752697,0.5286814411251711,0.30178849038442973,0.5708323896184925,-3.238433419232106,524.9
,,0.02073768632790365,0.039225296586482175,0.008752978723141142,0.06871596163752697,0.5286814411251711,0.30178849038442973,0.5708323896184925,-3.238433419232106,525.0
,,0.020439341276714432,0.03912330136223961,0.008750971494838047,0.06831361413379208,0.5224339604541078,0.2991986522142427,0.572701384025982,-3.241037046725914,525.1
,,0.020439341276714432,0.03912330136223961,0.008750971494838047,0.06831361413379208,0.5224339604541078,0.2991986522142427,0.572701384025982,-3.241037046725914,525.2
,,0.020439341276714432,0.03912330136223961,0.008750971494838047,0.06831361413379208,0.5224339604541078,0.2991986522142427,0.572701384025982,-3.241037046725914,525.3
,,0.020439341276714432,0.03912330136223961,0.008750971494838047,0.06831361413379208,0.5224339604541078,0.2991986522142427,0.572701384025982,-3.241037046725914,525.4
,,0.008968252333527235,0.01573503705988794,0.0039885645889097465,0.02869185398232492,0.5699543191028941,0.31257137789185596,0.548414789423549,-4.151865393216686,525.5
,,0.008904115296314985,0.015627539201157996,0.003957997924463302,0.028489652421936282,0.5697707861551993,0.3125385724066978,0.5485338666022195,-4.158720587688697,525.6
,,0.008904115296314985,0.015627539201157996,0.003957997924463302,0.028489652421936282,0.5697707861551993,0.3125385724066978,0.5485338666022195,-4.158720587688697,525.7
,,0.008753479247669562,0.015519109428289471,0.003890191485140682,0.028162780161099715,0.5640452042765431,0.31081729849102196,0.5510503345023261,-4.165683148071329,525.8
,,0.008753479247669562,0.015519109428289471,0.003890191485140682,0.028162780161099715,0.5640452042765431,0.31081729849102196,0.5510503345023261,-4.165683148071329,525.9
,,0.008753479247669562,0.015519109428289471,0.003890191485140682,0.028162780161099715,0.5640452042765431,0.31081729849102196,0.5510503345023261,-4.165683148071329,526.0
,,0.008753479247669562,0.015519109428289471,0.003890191485140682,0.028162780161099715,0.5640452042765431,0.31081729849102196,0.5510503345023261,-4.165683148071329,526.1
,,0.011097346736660088,0.017874824602103365,0.0053974680947453686,0.03436963943350882,0.5649625833006051,0.3228822565371659,0.5200760001187628,-4.0243620029199505,526.2
,,0.011097346736660088,0.017874824602103365,0.0053974680947453686,0.03436963943350882,0.5658799623246672,0.3228822565371659,0.5200760001187628,-4.0243620029199505,526.3
,,0.011097346736660088,0.017874824602103365,0.0053974680947453686,0.03436963943350882,0.5667973413487292,0.3228822565371659,0.5200760001187628,-4.0243620029199505,526.4
,,0.010911791472377289,0.017658177917093815,0.005216508813244726,0.033786478202715825,0.5677147203727912,0.32296326971125916,0.5226403832665346,-4.036556264831804,526.5
,,0.010911791472377289,0.017658177917093815,0.005216508813244726,0.033786478202715825,0.5686320993968532,0.32296326971125916,0.5226403832665346,-4.036556264831804,526.6
,,0.010911791472377289,0.017658177917093815,0.005216508813244726,0.033786478202715825,0.5695494784209152,0.32296326971125916,0.5226403832665346,-4.036556264831804,526.7
,,0.012324177270575453,0.019470092680409605,0.006847973569600059,0.038642243520585116,0.5704668574449773,0.3189301693627141,0.5038551312383736,-3.9388756994445093,526.8
,,0.012324177270575453,0.019470092680409605,0.006847973569600059,0.038642243520585116,0.5713842364690392,0.3189301693627141,0.5038551312383736,-3.9388756994445093,526.9
,,0.012324177270575453,0.019470092680409605,0.006847973569600059,0.038642243520585116,0.5723016154931012,0.3189301693627141,0.5038551312383736,-3.9388756994445093,527.0
,,0.012324177270575453,0.019470092680409605,0.006847973569600059,0.038642243520585116,0.5732189945171633,0.3189301693627141,0.5038551312383736,-3.9388756994445093,527.1
,,0.012288778832006218,0.019450930934408316,0.006629558925137938,0.03836926869155247,0.5741363735412253,0.3202765976801576,0.5069403613285627,-3.939860347111492,527.2
,,0.012288778832006218,0.019450930934408316,0.006629558925137938,0.03836926869155247,0.5750537525652873,0.3202765976801576,0.5069403613285627,-3.939860347111492,527.3
,,0.015051940439125793,0.026133150801483897,0.00993844897302835,0.05112354021363804,0.5759711315893493,0.2944228896556432,0.5111764696317422,-3.644550624955373,527.4
,,0.015051940439125793,0.026133150801483897,0.00993844897302835,0.05112354021363804,0.5759711315893493,0.2944228896556432,0.5111764696317422,-3.644550624955373,527.5
,,0.015051940439125793,0.026133150801483897,0.00993844897302835,0.05112354021363804,0.5759711315893493,0.2944228896556432,0.5111764696317422,-3.644550624955373,527.6
,,0.015051940439125793,0.026133150801483897,0.00993844897302835,0.05112354021363804,0.5759711315893493,0.2944228896556432,0.5111764696317422,-3.644550624955373,527.7
,,0.015952345825872905,0.008522458764164569,0.0006924474063946104,0.00921490617055918,0.5503648154432638,,0.9248557290136149,-4.765050392430971,527.8
,,0.016852751212620018,0.008522458764164569,0.0006924474063946104,0.00921490617055918,0.5247584992971781,,0.9248557290136149,-4.765050392430971,527.9
,,0.017753156599367128,0.008522458764164569,0.0006924474063946104,0.00921490617055918,0.49915218315109255,,0.9248557290136149,-4.765050392430971,528.0
,,0.01865356198611424,0.039391246520829655,0.015030173858124947,0.07307498236506885,0.47354586700500695,0.2552660484120894,0.5390524259593852,-3.234211656883643,528.1
,,0.01865356198611424,0.039391246520829655,0.015030173858124947,0.07307498236506885,0.47354586700500695,0.2552660484120894,0.5390524259593852,-3.234211656883643,528.2
,,0.01865356198611424,0.039391246520829655,0.015030173858124947,0.07307498236506885,0.47354586700500695,0.2552660484120894,0.5390524259593852,-3.234211656883643,528.3
,,0.01865356198611424,0.039391246520829655,0.015030173858124947,0.07307498236506885,0.47354586700500695,0.2552660484120894,0.5390524259593852,-3.234211656883643,528.4
,,0.01946680607866988,0.041617124993453936,0.015195342275234242,0.07627927334735805,0.4677595120213581,0.2552043985791865,0.5455889020329184,-3.179243537926543,528.5
,,0.01946680607866988,0.041617124993453936,0.015195342275234242,0.07627927334735805,0.4677595120213581,0.2552043985791865,0.5455889020329184,-3.179243537926543,528.6
,,0.023303963342209705,0.06079329451997416,0.022244008570322486,0.10634126643250635,0.38333114739410923,0.21914318047924017,0.5716811221028574,-2.8002757835925545,528.7
,,0.023303963342209705,0.06079329451997416,0.022244008570322486,0.10634126643250635,0.38333114739410923,0.21914318047924017,0.5716811221028574,-2.8002757835925545,528.8
,,0.023303963342209705,0.06079329451997416,0.022244008570322486,0.10634126643250635,0.38333114739410923,0.21914318047924017,0.5716811221028574,-2.8002757835925545,528.9
,,0.023303963342209705,0.06079329451997416,0.022244008570322486,0.10634126643250635,0.38333114739410923,0.21914318047924017,0.5716811221028574,-2.8002757835925545,529.0
,,0.023303963342209705,0.06079329451997416,0.022244008570322486,0.10634126643250635,0.38333114739410923,0.21914318047924017,0.5716811221028574,-2.8002757835925545,529.1
,,0.024401212106345955,0.06435245143680832,0.022546369799201355,0.11130003334235562,0.3791807702975702,0.21923813833270422,0.5781889681817262,-2.7433802502995146,529.2
,,0.024401212106345955,0.06435245143680832,0.022546369799201355,0.11130003334235562,0.3791807702975702,0.21923813833270422,0.5781889681817262,-2.7433802502995146,529.3
,,0.004264199006577205,0.01127229344259037,0.0008116149091102539,0.016348107358277828,0.37829027680078675,0.26083747268872914,0.6895167248141828,-4.485407471847534,529.4
,,0.004264199006577205,0.01127229344259037,0.0008116149091102539,0.016348107358277828,0.37829027680078675,0.26083747268872914,0.6895167248141828,-4.485407471847534,529.5
,,0.004264199006577205,0.01127229344259037,0.0008116149091102539,0.016348107358277828,0.37829027680078675,0.26083747268872914,0.6895167248141828,-4.485407471847534,529.6
,,0.004264199006577205,0.01127229344259037,0.0008116149091102539,0.016348107358277828,0.37829027680078675,0.26083747268872914,0.6895167248141828,-4.485407471847534,529.7
,,0.004264199006577205,0.01127229344259037,0.0008116149091102539,0.016348107358277828,0.37829027680078675,0.26083747268872914,0.6895167248141828,-4.485407471847534,529.8
,,0.027051347987351895,0.0866344588631571,0.028956438722901663,0.14264224557341065,0.3122469781923689,0.18964471485013148,0.6073548443863412,-2.446057634207737,529.9
,,0.027051347987351895,0.0866344588631571,0.028956438722901663,0.14264224557341065,0.3122469781923689,0.18964471485013148,0.6073548443863412,-2.446057634207737,530.0
,,0.026996588951740095,0.09681288777150149,0.03214630954666248,0.12895919731816397,0.3043481316209999,,0.7507249563026347,-2.334975155426355,530.1
,,0.0269418299161283,0.09681288777150149,0.03214630954666248,0.12895919731816397,0.29644928504963086,,0.7507249563026347,-2.334975155426355,530.2
,,0.0268870708805165,0.09681288777150149,0.03214630954666248,0.12895919731816397,0.28855043847826184,,0.7507249563026347,-2.334975155426355,530.3
,,0.0268323118449047,0.09681288777150149,0.03214630954666248,0.12895919731816397,0.2806515919068928,,0.7507249563026347,-2.334975155426355,530.4
,,0.026777552809292903,0.09681288777150149,0.03214630954666248,0.12895919731816397,0.2727527453355238,,0.7507249563026347,-2.334975155426355,530.5
,,0.026722793773681103,0.10089635794818723,0.0323155222120563,0.15993467393392463,0.26485389876415477,0.16708568014914235,0.6308598096112137,-2.2936614479312505,530.6
,,0.005967250681646115,0.014019698390585252,0.0011775131843653952,0.021164462256596763,0.42563331359919593,0.2819467184802288,0.6624169431101631,-4.267291910404154,530.7
,,0.005967250681646115,0.014019698390585252,0.0011775131843653952,0.021164462256596763,0.42563331359919593,0.2819467184802288,0.6624169431101631,-4.267291910404154,530.8
,,0.005967250681646115,0.014019698390585252,0.0011775131843653952,0.021164462256596763,0.42563331359919593,0.2819467184802288,0.6624169431101631,-4.267291910404154,530.9
,,0.005967250681646115,0.014019698390585252,0.0011775131843653952,0.021164462256596763,0.42563331359919593,0.2819467184802288,0.6624169431101631,-4.267291910404154,531.0
,,0.005967250681646115,0.014019698390585252,0.0011775131843653952,0.021164462256596763,0.42563331359919593,0.2819467184802288,0.6624169431101631,-4.267291910404154,531.1
,,0.006793626533044658,0.014747252599582577,0.0013880056802042142,0.022928884812831448,0.4606706562574885,0.29629118853799696,0.6431735655686895,-4.216698477980762,531.2
,,0.006793626533044658,0.014747252599582577,0.0013880056802042142,0.022928884812831448,0.4606706562574885,0.29629118853799696,0.6431735655686895,-4.216698477980762,531.3
,,0.007003945945746795,0.01560630667908521,0.0014870439600777074,0.024097296584909715,0.4487894599132242,0.2906527676690849,0.6476372411359306,-4.160080172123148,531.4
,,0.007003945945746795,0.01560630667908521,0.0014870439600777074,0.024097296584909715,0.4487894599132242,0.2906527676690849,0.6476372411359306,-4.160080172123148,531.5
,,0.007003945945746795,0.01560630667908521,0.0014870439600777074,0.024097296584909715,0.4487894599132242,0.2906527676690849,0.6476372411359306,-4.160080172123148,531.6
,,0.007003945945746795,0.01560630667908521,0.0014870439600777074,0.024097296584909715,0.4487894599132242,0.2906527676690849,0.6476372411359306,-4.160080172123148,531.7
,,0.007003945945746795,0.01560630667908521,0.0014870439600777074,0.024097296584909715,0.4487894599132242,0.2906527676690849,0.6476372411359306,-4.160080172123148,531.8
,,0.026377925025285884,0.12513520265920652,0.037806980615550316,0.18932010830004273,0.210795399413893,0.13932975879921325,0.660971535368482,-2.0783605049370175,531.9
,,0.026377925025285884,0.12513520265920652,0.037806980615550316,0.18932010830004273,0.210795399413893,0.13932975879921325,0.660971535368482,-2.0783605049370175,532.0
,,0.025698744741325618,0.13161844645249832,0.03984703323940947,0.1971642244332334,0.1952518467888193,0.13034182451303736,0.6675574477613654,-2.027848099302213,532.1
,,0.025698744741325618,0.13161844645249832,0.03984703323940947,0.1971642244332334,0.1952518467888193,0.13034182451303736,0.6675574477613654,-2.027848099302213,532.2
,,0.025698744741325618,0.13161844645249832,0.03984703323940947,0.1971642244332334,0.1952518467888193,0.13034182451303736,0.6675574477613654,-2.027848099302213,532.3
,,0.025698744741325618,0.13161844645249832,0.03984703323940947,0.1971642244332334,0.1952518467888193,0.13034182451303736,0.6675574477613654,-2.027848099302213,532.4
,,0.025698744741325618,0.13161844645249832,0.03984703323940947,0.1971642244332334,0.1952518467888193,0.13034182451303736,0.6675574477613654,-2.027848099302213,532.5
,,0.026284903769808896,0.13506112274778986,0.03996902347681636,0.20131504999441513,0.19461487684278134,0.13056601466476594,0.670894315907016,-2.0020278419143454,532.6
,,0.026284903769808896,0.13506112274778986,0.03996902347681636,0.20131504999441513,0.19461487684278134,0.13056601466476594,0.670894315907016,-2.0020278419143454,532.7
,,0.008913967227209984,0.01813288477173449,0.0022584084544953423,0.029305260453439813,0.4915912354500295,0.3041763522754726,0.6187586969426193,-4.010028150947188,532.8
,,0.008913967227209984,0.01813288477173449,0.0022584084544953423,0.029305260453439813,0.4915912354500295,0.3041763522754726,0.6187586969426193,-4.010028150947188,532.9
,,0.008913967227209984,0.01813288477173449,0.0022584084544953423,0.029305260453439813,0.4915912354500295,0.3041763522754726,0.6187586969426193,-4.010028150947188,533.0
,,0.008913967227209984,0.01813288477173449,0.0022584084544953423,0.029305260453439813,0.4915912354500295,0.3041763522754726,0.6187586969426193,-4.010028150947188,533.1
,,0.008913967227209984,0.01813288477173449,0.0022584084544953423,0.029305260453439813,0.4915912354500295,0.3041763522754726,0.6187586969426193,-4.010028150947188,533.2
,,0.02620263533343512,0.14310664155579023,0.041648773650002406,0.21095805053922775,0.18309866717974796,0.1242077999225857,0.678365396295599,-1.9441651815065866,533.3
,,0.025632121787504,0.1472280446513593,0.042966745582294325,0.21582691202115764,0.17409809284774297,0.11876239875493964,0.682157953670423,-1.9157725701047874,533.4
,,0.025632121787504,0.1472280446513593,0.042966745582294325,0.21582691202115764,0.17409809284774297,0.11876239875493964,0.682157953670423,-1.9157725701047874,533.5
,,0.025632121787504,0.1472280446513593,0.042966745582294325,0.21582691202115764,0.17409809284774297,0.11876239875493964,0.682157953670423,-1.9157725701047874,533.6
,,0.025632121787504,0.1472280446513593,0.042966745582294325,0.21582691202115764,0.17409809284774297,0.11876239875493964,0.682157953670423,-1.9157725701047874,533.7
,,0.025632121787504,0.1472280446513593,0.042966745582294325,0.21582691202115764,0.17409809284774297,0.11876239875493964,0.682157953670423,-1.9157725701047874,533.8
,,0.026127609902587997,0.14986265298934925,0.04295926431701972,0.21894952720895697,0.17434370326037726,0.11933165709763244,0.6844620990952227,-1.8980360510840983,533.9
,,0.026127609902587997,0.14986265298934925,0.04295926431701972,0.21894952720895697,0.17434370326037726,0.11933165709763244,0.6844620990952227,-1.8980360510840983,534.0
,,0.02558842324459011,0.1531698216419446,0.04403790283043994,0.22279614771697465,0.16705916981744975,0.11485128224522058,0.6874886447162512,-1.8762080277514488,534.1
,,0.02558842324459011,0.1531698216419446,0.04403790283043994,0.22279614771697465,0.16705916981744975,0.11485128224522058,0.6874886447162512,-1.8762080277514488,534.2
,,0.02558842324459011,0.1531698216419446,0.04403790283043994,0.22279614771697465,0.16705916981744975,0.11485128224522058,0.6874886447162512,-1.8762080277514488,534.3
,,0.02558842324459011,0.1531698216419446,0.04403790283043994,0.22279614771697465,0.16705916981744975,0.11485128224522058,0.6874886447162512,-1.8762080277514488,534.4
,,0.02558842324459011,0.1531698216419446,0.04403790283043994,0.22279614771697465,0.16705916981744975,0.11485128224522058,0.6874886447162512,-1.8762080277514488,534.5
,,0.02605296896649507,0.15549942346403983,0.04399019714438922,0.22554258957492412,0.16754382997773606,0.11551241393298095,0.6894459434783766,-1.861113254996475,534.6
,,0.02605296896649507,0.15549942346403983,0.04399019714438922,0.22554258957492412,0.16754382997773606,0.11551241393298095,0.6894459434783766,-1.861113254996475,534.7
,,0.025528655294719756,0.15822585986448054,0.0449060627379842,0.2286605778971845,0.16134312884496183,0.11164432246908133,0.6919682497068892,-1.8437317738941976,534.8
,,0.025528655294719756,0.15822585986448054,0.0449060627379842,0.2286605778971845,0.16134312884496183,0.11164432246908133,0.6919682497068892,-1.8437317738941976,534.9
,,0.025528655294719756,0.15822585986448054,0.0449060627379842,0.2286605778971845,0.16134312884496183,0.11164432246908133,0.6919682497068892,-1.8437317738941976,535.0
,,0.025528655294719756,0.15822585986448054,0.0449060627379842,0.2286605778971845,0.16134312884496183,0.11164432246908133,0.6919682497068892,-1.8437317738941976,535.1
,,0.025966410349009303,0.16064025308819763,0.04488881433228467,0.23149547776949161,0.16164323604963915,0.11216811057909733,0.6939239359489904,-1.8285878669807756,535.2
,,0.025966410349009303,0.16064025308819763,0.04488881433228467,0.23149547776949161,0.16164323604963915,0.11216811057909733,0.6939239359489904,-1.8285878669807756,535.3
,,0.025476626117315375,0.1628541499810462,0.04563744911815128,0.23396822521651284,0.1564382984423822,0.10888925662337035,0.6960524226327823,-1.8149002641271395,535.4
,,0.025476626117315375,0.1628541499810462,0.04563744911815128,0.23396822521651284,0.1564382984423822,0.10888925662337035,0.6960524226327823,-1.8149002641271395,535.5
,,0.025476626117315375,0.1628541499810462,0.04563744911815128,0.23396822521651284,0.1564382984423822,0.10888925662337035,0.6960524226327823,-1.8149002641271395,535.6
,,0.025476626117315375,0.1628541499810462,0.04563744911815128,0.23396822521651284,0.1564382984423822,0.10888925662337035,0.6960524226327823,-1.8149002641271395,535.7
,,0.025476626117315375,0.1628541499810462,0.04563744911815128,0.23396822521651284,0.1564382984423822,0.10888925662337035,0.6960524226327823,-1.8149002641271395,535.8
,,0.025903827520149997,0.1648700233809186,0.04557023500618701,0.2363440859072556,0.15711666068185928,0.10960218200812093,0.6975847216486546,-1.8025978525947906,535.9
,,0.025903827520149997,0.1648700233809186,0.04557023500618701,0.2363440859072556,0.15711666068185928,0.10960218200812093,0.6975847216486546,-1.8025978525947906,536.0
,,0.025294744749709313,0.16565849566126833,0.04589813848217389,0.23685137889315153,0.15269210702861244,0.10679585176120206,0.6994195956781837,-1.797826864734161,536.1
,,0.025294744749709313,0.16565849566126833,0.04589813848217389,0.23685137889315153,0.15269210702861244,0.10679585176120206,0.6994195956781837,-1.797826864734161,536.2
,,0.025294744749709313,0.16565849566126833,0.04589813848217389,0.23685137889315153,0.15269210702861244,0.10679585176120206,0.6994195956781837,-1.797826864734161,536.3
,,0.025294744749709313,0.16565849566126833,0.04589813848217389,0.23685137889315153,0.15269210702861244,0.10679585176120206,0.6994195956781837,-1.797826864734161,536.4
,,0.02579159135555603,0.16829000841800573,0.04600034640036384,0.2400819461739256,0.15325681897581112,0.10742828341149611,0.7009690278672153,-1.7820665472363248,536.5
,,0.02579159135555603,0.16829000841800573,0.04600034640036384,0.2400819461739256,0.15325681897581112,0.10742828341149611,0.7009690278672153,-1.7820665472363248,536.6
,,0.02579159135555603,0.16829000841800573,0.04600034640036384,0.2400819461739256,0.15325681897581112,0.10742828341149611,0.7009690278672153,-1.7820665472363248,536.7
,,0.02579159135555603,0.16829000841800573,0.04600034640036384,0.2400819461739256,0.15325681897581112,0.10742828341149611,0.7009690278672153,-1.7820665472363248,536.8
,,0.02572601973874942,0.030831848529377197,0.0071487878212345615,0.03798063635061176,0.15251829937429343,,0.811778092519521,-3.479207080095378,536.9
,,0.02566044812194281,0.030831848529377197,0.0071487878212345615,0.03798063635061176,0.15177977977277574,,0.811778092519521,-3.479207080095378,537.0
,,0.0255948765051362,0.030831848529377197,0.0071487878212345615,0.03798063635061176,0.15104126017125805,,0.811778092519521,-3.479207080095378,537.1
,,0.025529304888329586,0.16985255752195688,0.04598467299077867,0.24136653540106512,0.15030274056974036,0.1057698609540423,0.7037121249626528,-1.772824526956044,537.2
,,0.025529304888329586,0.16985255752195688,0.04598467299077867,0.24136653540106512,0.15030274056974036,0.1057698609540423,0.7037121249626528,-1.772824526956044,537.3
,,0.025529304888329586,0.16985255752195688,0.04598467299077867,0.24136653540106512,0.15030274056974036,0.1057698609540423,0.7037121249626528,-1.772824526956044,537.4
,,0.025552511294762287,0.030436660179260066,0.007943662111279363,0.03838032229053943,0.15014257651968488,,0.7930277382470694,-3.4921074701664714,537.5
,,0.025575717701194985,0.030436660179260066,0.007943662111279363,0.03838032229053943,0.1499824124696294,,0.7930277382470694,-3.4921074701664714,537.6
,,0.025598924107627687,0.030436660179260066,0.007943662111279363,0.03838032229053943,0.1498222484195739,,0.7930277382470694,-3.4921074701664714,537.7
,,0.025622130514060384,0.030436660179260066,0.007943662111279363,0.03838032229053943,0.14966208436951842,,0.7930277382470694,-3.4921074701664714,537.8
,,0.025645336920493086,0.17166913278951734,0.046073616118940675,0.21774274890845802,0.14950192031946294,,0.788403442365327,-1.7621863013255186,537.9
,,0.025668543326925784,0.17166913278951734,0.046073616118940675,0.21774274890845802,0.14934175626940746,,0.788403442365327,-1.7621863013255186,538.0
,,0.025691749733358485,0.17166913278951734,0.046073616118940675,0.21774274890845802,0.14918159221935198,,0.788403442365327,-1.7621863013255186,538.1
,,0.025714956139791183,0.030846432240235963,0.009602344005522647,0.040448776245758614,0.1490214281692965,,0.7626048326609254,-3.4787341839332746,538.2
,,0.025738162546223884,0.030846432240235963,0.009602344005522647,0.040448776245758614,0.148861264119241,,0.7626048326609254,-3.4787341839332746,538.3
,,0.025761368952656582,0.030846432240235963,0.009602344005522647,0.040448776245758614,0.14870110006918552,,0.7626048326609254,-3.4787341839332746,538.4
,,0.025784575359089283,0.17358565288540112,0.04624979413683413,0.24562002238132455,0.14854093601913004,0.10497749779966548,0.7067243590423169,-1.7510841248404945,538.5
,,0.025784575359089283,0.17358565288540112,0.04624979413683413,0.24562002238132455,0.14854093601913004,0.10497749779966548,0.7067243590423169,-1.7510841248404945,538.6
,,0.025784575359089283,0.17358565288540112,0.04624979413683413,0.24562002238132455,0.14854093601913004,0.10497749779966548,0.7067243590423169,-1.7510841248404945,538.7
,,0.025784575359089283,0.17358565288540112,0.04624979413683413,0.24562002238132455,0.14854093601913004,0.10497749779966548,0.7067243590423169,-1.7510841248404945,538.8
,,0.02541155053873671,0.17137394384410448,0.04586539397476489,0.24265088835760606,0.14828129626200992,0.10472473729948398,0.7062572282510774,-1.7639073039539255,538.9
,,0.02541155053873671,0.17137394384410448,0.04586539397476489,0.24265088835760606,0.14828129626200992,0.10472473729948398,0.7062572282510774,-1.7639073039539255,539.0
,,0.025835059430046096,0.17217007091328163,0.04562864141613832,0.24363377175946604,0.15005546139931988,0.10604055112504046,0.7066757193385371,-1.7592725063144101,539.1
,,0.025835059430046096,0.17217007091328163,0.04562864141613832,0.24363377175946604,0.15005546139931988,0.10604055112504046,0.7066757193385371,-1.7592725063144101,539.2
,,0.025835059430046096,0.17217007091328163,0.04562864141613832,0.24363377175946604,0.15005546139931988,0.10604055112504046,0.7066757193385371,-1.7592725063144101,539.3
,,0.025835059430046096,0.17217007091328163,0.04562864141613832,0.24363377175946604,0.15005546139931988,0.10604055112504046,0.7066757193385371,-1.7592725063144101,539.4
,,0.025835059430046096,0.17217007091328163,0.04562864141613832,0.24363377175946604,0.15005546139931988,0.10604055112504046,0.7066757193385371,-1.7592725063144101,539.5
,,0.02545657045188369,0.1683459461597987,0.04492734535780443,0.2387298619694868,0.15121582094836783,0.1066333731434797,0.7051733904211606,-1.781734213499853,539.6
,,0.02545657045188369,0.1683459461597987,0.04492734535780443,0.2387298619694868,0.15121582094836783,0.1066333731434797,0.7051733904211606,-1.781734213499853,539.7
,,0.025923745968770597,0.16896132508553335,0.04467149449289685,0.23955656554720078,0.15343005836186008,0.10821555197017857,0.7053086802258494,-1.7780854358959561,539.8
,,0.025923745968770597,0.16896132508553335,0.04467149449289685,0.23955656554720078,0.15343005836186008,0.10821555197017857,0.7053086802258494,-1.7780854358959561,539.9
,,0.025923745968770597,0.16896132508553335,0.04467149449289685,0.23955656554720078,0.15343005836186008,0.10821555197017857,0.7053086802258494,-1.7780854358959561,540.0
,,0.025923745968770597,0.16896132508553335,0.04467149449289685,0.23955656554720078,0.15343005836186008,0.10821555197017857,0.7053086802258494,-1.7780854358959561,540.1
,,0.025923745968770597,0.16896132508553335,0.04467149449289685,0.23955656554720078,0.15343005836186008,0.10821555197017857,0.7053086802258494,-1.7780854358959561,540.2
,,0.02657321936648203,0.05704419189162802,0.013517488372129929,0.09713489963023998,0.46583567029866185,0.2735702560834198,0.5872677287851858,-2.8639290151901973,540.3
,,0.026057458965282002,0.16419705450663188,0.04348240014330633,0.2337369136152202,0.15869626311859053,0.11148200154716693,0.702486620392937,-1.8066880205739628,540.4
,,0.026057458965282002,0.16419705450663188,0.04348240014330633,0.2337369136152202,0.15869626311859053,0.11148200154716693,0.702486620392937,-1.8066880205739628,540.5
,,0.026057458965282002,0.16419705450663188,0.04348240014330633,0.2337369136152202,0.15869626311859053,0.11148200154716693,0.702486620392937,-1.8066880205739628,540.6
,,0.026057458965282002,0.16419705450663188,0.04348240014330633,0.2337369136152202,0.15869626311859053,0.11148200154716693,0.702486620392937,-1.8066880205739628,540.7
,,0.026057458965282002,0.16419705450663188,0.04348240014330633,0.2337369136152202,0.15869626311859053,0.11148200154716693,0.702486620392937,-1.8066880205739628,540.8
,,0.026057458965282002,0.16419705450663188,0.04348240014330633,0.2337369136152202,0.15869626311859053,0.11148200154716693,0.702486620392937,-1.8066880205739628,540.9
,,0.02587442283681907,0.07113663224387025,0.015971476773359954,0.11298253185404927,0.3637285322717626,0.22901259524121503,0.6296250497887982,-2.6431528534211584,541.0
,,0.026230849924708113,0.15838211695219062,0.04221548724665306,0.2268284541235518,0.16561749791882238,0.11564179646712383,0.6982462476507513,-1.8427447040043734,541.1
,,0.026230849924708113,0.15838211695219062,0.04221548724665306,0.2268284541235518,0.16561749791882238,0.11564179646712383,0.6982462476507513,-1.8427447040043734,541.2
,,0.026230849924708113,0.15838211695219062,0.04221548724665306,0.2268284541235518,0.16561749791882238,0.11564179646712383,0.6982462476507513,-1.8427447040043734,541.3
,,0.026230849924708113,0.15838211695219062,0.04221548724665306,0.2268284541235518,0.16561749791882238,0.11564179646712383,0.6982462476507513,-1.8427447040043734,541.4
,,0.026230849924708113,0.15838211695219062,0.04221548724665306,0.2268284541235518,0.16561749791882238,0.11564179646712383,0.6982462476507513,-1.8427447040043734,541.5
,,0.026230849924708113,0.15838211695219062,0.04221548724665306,0.2268284541235518,0.16561749791882238,0.11564179646712383,0.6982462476507513,-1.8427447040043734,541.6
,,0.026424628244206747,0.15235988041579276,0.04111195899020245,0.21989646765020196,0.17343560635577737,0.12016849805082569,0.6928709771643884,-1.8815099222513227,541.7
,,0.026424628244206747,0.15235988041579276,0.04111195899020245,0.21989646765020196,0.17343560635577737,0.12016849805082569,0.6928709771643884,-1.8815099222513227,541.8
,,0.026424628244206747,0.15235988041579276,0.04111195899020245,0.21989646765020196,0.17343560635577737,0.12016849805082569,0.6928709771643884,-1.8815099222513227,541.9
,,0.026424628244206747,0.15235988041579276,0.04111195899020245,0.21989646765020196,0.17343560635577737,0.12016849805082569,0.6928709771643884,-1.8815099222513227,542.0
,,0.026424628244206747,0.15235988041579276,0.04111195899020245,0.21989646765020196,0.17343560635577737,0.12016849805082569,0.6928709771643884,-1.8815099222513227,542.1
,,0.026424628244206747,0.15235988041579276,0.04111195899020245,0.21989646765020196,0.17343560635577737,0.12016849805082569,0.6928709771643884,-1.8815099222513227,542.2
,,0.0270711365312383,0.15289455729519014,0.04084454649377592,0.22081024032020435,0.1770575552861091,0.12259909908155317,0.6924251206532478,-1.8780067631804285,542.3
,,0.02658790873136581,0.1474287084127213,0.040473328763489164,0.21448994590757628,0.18034417460223506,0.12395876468178392,0.6873455433489098,-1.9144105528403188,542.4
,,0.02658790873136581,0.1474287084127213,0.040473328763489164,0.21448994590757628,0.18034417460223506,0.12395876468178392,0.6873455433489098,-1.9144105528403188,542.5
,,0.02658790873136581,0.1474287084127213,0.040473328763489164,0.21448994590757628,0.18034417460223506,0.12395876468178392,0.6873455433489098,-1.9144105528403188,542.6
,,0.02658790873136581,0.1474287084127213,0.040473328763489164,0.21448994590757628,0.18034417460223506,0.12395876468178392,0.6873455433489098,-1.9144105528403188,542.7
,,0.02658790873136581,0.1474287084127213,0.040473328763489164,0.21448994590757628,0.18034417460223506,0.12395876468178392,0.6873455433489098,-1.9144105528403188,542.8
,,0.02658790873136581,0.1474287084127213,0.040473328763489164,0.21448994590757628,0.18034417460223506,0.12395876468178392,0.6873455433489098,-1.9144105528403188,542.9
,,0.027195662750071056,0.14842024600496623,0.04036889766066383,0.2159848064157011,0.18323418456779186,0.1259147029894694,0.6871791051788388,-1.9077075289494991,543.0
,,0.026613026098436982,0.14471024402915367,0.04052298312209953,0.2118462532496902,0.18390561274345898,0.1256242472557201,0.683090882228597,-1.9330218529013123,543.1
,,0.026613026098436982,0.14471024402915367,0.04052298312209953,0.2118462532496902,0.18390561274345898,0.1256242472557201,0.683090882228597,-1.9330218529013123,543.2
,,0.026613026098436982,0.14471024402915367,0.04052298312209953,0.2118462532496902,0.18390561274345898,0.1256242472557201,0.683090882228597,-1.9330218529013123,543.3
,,0.026613026098436982,0.14471024402915367,0.04052298312209953,0.2118462532496902,0.18390561274345898,0.1256242472557201,0.683090882228597,-1.9330218529013123,543.4
,,0.026613026098436982,0.14471024402915367,0.04052298312209953,0.2118462532496902,0.18390561274345898,0.1256242472557201,0.683090882228597,-1.9330218529013123,543.5
,,0.027199977237808672,0.14666964709936492,0.04060400840759733,0.21447363274477094,0.18545062169121732,0.12682201019170192,0.6838586413739051,-1.9195725198123779,543.6
,,0.027199977237808672,0.14666964709936492,0.04060400840759733,0.21447363274477094,0.18545062169121732,0.12682201019170192,0.6838586413739051,-1.9195725198123779,543.7
,,0.027199977237808672,0.14666964709936492,0.04060400840759733,0.21447363274477094,0.18545062169121732,0.12682201019170192,0.6838586413739051,-1.9195725198123779,543.8
,,0.026512879235337305,0.14476601304329095,0.041172951010924476,0.21245184328955272,0.18314298140827343,0.12479477148712068,0.6814062462427681,-1.93263654313262,543.9
,,0.026512879235337305,0.14476601304329095,0.041172951010924476,0.21245184328955272,0.18314298140827343,0.12479477148712068,0.6814062462427681,-1.93263654313262,544.0
,,0.026512879235337305,0.14476601304329095,0.041172951010924476,0.21245184328955272,0.18314298140827343,0.12479477148712068,0.6814062462427681,-1.93263654313262,544.1
,,0.026512879235337305,0.14476601304329095,0.041172951010924476,0.21245184328955272,0.18314298140827343,0.12479477148712068,0.6814062462427681,-1.93263654313262,544.2
,,0.027009181145977324,0.14742536978089274,0.04140489693260938,0.21583944785947945,0.18320578870596724,0.1251355181540375,0.6830325561102846,-1.914433198834223,544.3
,,0.027009181145977324,0.14742536978089274,0.04140489693260938,0.21583944785947945,0.18320578870596724,0.1251355181540375,0.6830325561102846,-1.914433198834223,544.4
,,0.027009181145977324,0.14742536978089274,0.04140489693260938,0.21583944785947945,0.18320578870596724,0.1251355181540375,0.6830325561102846,-1.914433198834223,544.5
,,0.027009181145977324,0.14742536978089274,0.04140489693260938,0.21583944785947945,0.18320578870596724,0.1251355181540375,0.6830325561102846,-1.914433198834223,544.6
,,0.027009181145977324,0.14742536978089274,0.04140489693260938,0.21583944785947945,0.18320578870596724,0.1251355181540375,0.6830325561102846,-1.914433198834223,544.7
,,0.026083244312668098,0.16158984049355912,0.027156752066598955,0.21482983687282617,0.16141636276760704,0.12141350890709245,0.7521759679462784,-1.8226940031043584,544.8
,,0.02652017266006204,0.15000154552258194,0.042631263944239745,0.21915298212688372,0.1767993294180397,0.12101214595705373,0.6844604352029079,-1.8971096814550823,544.9
,,0.02652017266006204,0.15000154552258194,0.042631263944239745,0.21915298212688372,0.1767993294180397,0.12101214595705373,0.6844604352029079,-1.8971096814550823,545.0
,,0.02652017266006204,0.15000154552258194,0.042631263944239745,0.21915298212688372,0.1767993294180397,0.12101214595705373,0.6844604352029079,-1.8971096814550823,545.1
,,0.02652017266006204,0.15000154552258194,0.042631263944239745,0.21915298212688372,0.1767993294180397,0.12101214595705373,0.6844604352029079,-1.8971096814550823,545.2
,,0.02652017266006204,0.15000154552258194,0.042631263944239745,0.21915298212688372,0.1767993294180397,0.12101214595705373,0.6844604352029079,-1.8971096814550823,545.3
,,0.02652017266006204,0.15000154552258194,0.042631263944239745,0.21915298212688372,0.1767993294180397,0.12101214595705373,0.6844604352029079,-1.8971096814550823,545.4
,,0.025915979027926504,0.15015717975006404,0.04319421057423948,0.21926736935223,0.17259234004703294,0.11819350551105123,0.6848131584451688,-1.8960726685127591,545.5
,,0.026904091709262706,0.15302228091146974,0.04279372360754265,0.2227200962282751,0.17581813281706296,0.12079777337060586,0.6870609500573798,-1.877171741319914,545.6
,,0.025950600920347282,0.15332340949523166,0.04372225026033642,0.22299626067591538,0.1692540037152927,0.11637235907763392,0.6875604507021731,-1.8752058009448516,545.7
,,0.025950600920347282,0.15332340949523166,0.04372225026033642,0.22299626067591538,0.1692540037152927,0.11637235907763392,0.6875604507021731,-1.8752058009448516,545.8
,,0.025950600920347282,0.15332340949523166,0.04372225026033642,0.22299626067591538,0.1692540037152927,0.11637235907763392,0.6875604507021731,-1.8752058009448516,545.9
,,0.026904091709262706,0.15302228091146974,0.04279372360754265,0.2227200962282751,0.17581813281706296,0.12079777337060586,0.6870609500573798,-1.877171741319914,546.0
,,0.026904091709262706,0.15302228091146974,0.04279372360754265,0.2227200962282751,0.17581813281706296,0.12079777337060586,0.6870609500573798,-1.877171741319914,546.1
,,0.02727928780792567,0.1561179948067228,0.04286808092062255,0.22626536353527105,0.17473506396042285,0.12056325096206463,0.6899774334324333,-1.8571431806753247,546.2
,,0.02727928780792567,0.1561179948067228,0.04286808092062255,0.22626536353527105,0.17473506396042285,0.12056325096206463,0.6899774334324333,-1.8571431806753247,546.3
,,0.02727928780792567,0.1561179948067228,0.04286808092062255,0.22626536353527105,0.17473506396042285,0.12056325096206463,0.6899774334324333,-1.8571431806753247,546.4
,,0.025628867904189227,0.1545093483151721,0.0443990923151898,0.22453730853455112,0.16587260372046103,0.11414079945759008,0.6881232759205211,-1.8675006775804874,546.5
,,0.025628867904189227,0.1545093483151721,0.0443990923151898,0.22453730853455112,0.16587260372046103,0.11414079945759008,0.6881232759205211,-1.8675006775804874,546.6
,,0.025628867904189227,0.1545093483151721,0.0443990923151898,0.22453730853455112,0.16587260372046103,0.11414079945759008,0.6881232759205211,-1.8675006775804874,546.7
,,0.026074175054236953,0.15870778423428006,0.044197777415655046,0.22897973670417204,0.16429046111403695,0.11387110243699515,0.6931084231235749,-1.8406906026572218,546.8
,,0.02549886006716666,0.15771354543833085,0.04431898710662596,0.22753139261212346,0.16167831365592641,0.11206743726407455,0.6931507060530665,-1.8469748949901248,546.9
,,0.02549886006716666,0.15771354543833085,0.04431898710662596,0.22753139261212346,0.16167831365592641,0.11206743726407455,0.6931507060530665,-1.8469748949901248,547.0
,,0.02549886006716666,0.15771354543833085,0.04431898710662596,0.22753139261212346,0.16167831365592641,0.11206743726407455,0.6931507060530665,-1.8469748949901248,547.1
,,0.02549886006716666,0.15771354543833085,0.04431898710662596,0.22753139261212346,0.16167831365592641,0.11206743726407455,0.6931507060530665,-1.8469748949901248,547.2
,,0.02549886006716666,0.15771354543833085,0.04431898710662596,0.22753139261212346,0.16167831365592641,0.11206743726407455,0.6931507060530665,-1.8469748949901248,547.3
,,0.02549886006716666,0.15771354543833085,0.04431898710662596,0.22753139261212346,0.16167831365592641,0.11206743726407455,0.6931507060530665,-1.8469748949901248,547.4
,,0.02580769659876274,0.15985527813485254,0.04424069310166581,0.22990366783528107,0.16144413184149972,0.1122543926408915,0.6953141706698822,-1.833486384722991,547.5
,,0.02580769659876274,0.15985527813485254,0.04424069310166581,0.22990366783528107,0.16144413184149972,0.1122543926408915,0.6953141706698822,-1.833486384722991,547.6
,,0.02580769659876274,0.15985527813485254,0.04424069310166581,0.22990366783528107,0.16144413184149972,0.1122543926408915,0.6953141706698822,-1.833486384722991,547.7
,,0.02580769659876274,0.15985527813485254,0.04424069310166581,0.22990366783528107,0.16144413184149972,0.1122543926408915,0.6953141706698822,-1.833486384722991,547.8
,,0.02580769659876274,0.15985527813485254,0.04424069310166581,0.22990366783528107,0.16144413184149972,0.1122543926408915,0.6953141706698822,-1.833486384722991,547.9
,,0.02580769659876274,0.15985527813485254,0.04424069310166581,0.22990366783528107,0.16144413184149972,0.1122543926408915,0.6953141706698822,-1.833486384722991,548.0
,,0.02614419662420493,0.162116216616041,0.04415320389368355,0.23241361713392947,0.16126823811911006,0.11248995195121983,0.6975332108988294,-1.81944181442969,548.1
,,0.025023180050311834,0.16090844830591883,0.04468023235780888,0.23061186071403955,0.15551190949736718,0.10850777567481998,0.6977457612444596,-1.8269197197996427,548.2
,,0.025023180050311834,0.16090844830591883,0.04468023235780888,0.23061186071403955,0.15551190949736718,0.10850777567481998,0.6977457612444596,-1.8269197197996427,548.3
,,0.02614419662420493,0.162116216616041,0.04415320389368355,0.23241361713392947,0.16126823811911006,0.11248995195121983,0.6975332108988294,-1.81944181442969,548.4
,,0.02614419662420493,0.162116216616041,0.04415320389368355,0.23241361713392947,0.16126823811911006,0.11248995195121983,0.6975332108988294,-1.81944181442969,548.5
,,0.024778514479061823,0.16087940867791983,0.04484604198996733,0.23050396514694899,0.1540191792267732,0.1074971290114911,0.6979463827242942,-1.8271002090719852,548.6
,,0.02614419662420493,0.162116216616041,0.04415320389368355,0.23241361713392947,0.16126823811911006,0.11248995195121983,0.6975332108988294,-1.81944181442969,548.7
,,0.02650117085560485,0.16455611038277973,0.030754501980296372,0.22181178321868095,0.16104641021205196,0.1194759379824188,0.7418727174676122,-1.8045036703850617,548.8
,,0.02650117085560485,0.16455611038277973,0.030754501980296372,0.22181178321868095,0.16104641021205196,0.1194759379824188,0.7418727174676122,-1.8045036703850617,548.9
,,0.02650117085560485,0.16455611038277973,0.030754501980296372,0.22181178321868095,0.16104641021205196,0.1194759379824188,0.7418727174676122,-1.8045036703850617,549.0
,,0.02650117085560485,0.16455611038277973,0.030754501980296372,0.22181178321868095,0.16104641021205196,0.1194759379824188,0.7418727174676122,-1.8045036703850617,549.1
,,0.02650117085560485,0.16455611038277973,0.030754501980296372,0.22181178321868095,0.16104641021205196,0.1194759379824188,0.7418727174676122,-1.8045036703850617,549.2
,,0.02481354248014817,0.18238437621687387,0.02924977260504307,0.2364476913020651,0.13605081199851407,0.10494305249294456,0.7713519011859387,-1.7016388617163865,549.3
,,0.024921775472921633,0.16730617920794247,0.04541319816325912,0.2376411528441232,0.14895908561719476,0.10487146344248152,0.7040286465774057,-1.7879297367763816,549.4
,,0.024921775472921633,0.16730617920794247,0.04541319816325912,0.2376411528441232,0.14895908561719476,0.10487146344248152,0.7040286465774057,-1.7879297367763816,549.5
,,0.024921775472921633,0.16730617920794247,0.04541319816325912,0.2376411528441232,0.14895908561719476,0.10487146344248152,0.7040286465774057,-1.7879297367763816,549.6
,,0.024921775472921633,0.16730617920794247,0.04541319816325912,0.2376411528441232,0.14895908561719476,0.10487146344248152,0.7040286465774057,-1.7879297367763816,549.7
,,0.02492239331339564,0.16730587634648147,0.04541321928200216,0.23764148894187925,0.148963048146514,0.10487391500686562,0.7040263764186396,-1.7879315470008248,549.8
,,0.024921775472921633,0.16730617920794247,0.04541319816325912,0.2376411528441232,0.14895908561719476,0.10487146344248152,0.7040286465774057,-1.7879297367763816,549.9
,,0.024921775472921633,0.16730617920794247,0.04541319816325912,0.2376411528441232,0.14895908561719476,0.10487146344248152,0.7040286465774057,-1.7879297367763816,550.0
,,0.025339787469793786,0.16970145072104054,0.04527131476128823,0.24031255295212256,0.14931980464591288,0.10544512618465765,0.7061697303629834,-1.7737145580393068,550.1
,,0.025339787469793786,0.16970145072104054,0.04527131476128823,0.24031255295212256,0.14931980464591288,0.10544512618465765,0.7061697303629834,-1.7737145580393068,550.2
,,0.025339787469793786,0.16970145072104054,0.04527131476128823,0.24031255295212256,0.14931980464591288,0.10544512618465765,0.7061697303629834,-1.7737145580393068,550.3
,,0.025339787469793786,0.16970145072104054,0.04527131476128823,0.24031255295212256,0.14931980464591288,0.10544512618465765,0.7061697303629834,-1.7737145580393068,550.4
,,0.025339787469793786,0.16970145072104054,0.04527131476128823,0.24031255295212256,0.14931980464591288,0.10544512618465765,0.7061697303629834,-1.7737145580393068,550.5
,,0.025339787469793786,0.16970145072104054,0.04527131476128823,0.24031255295212256,0.14931980464591288,0.10544512618465765,0.7061697303629834,-1.7737145580393068,550.6
,,0.02579296137495542,0.17195915475900903,0.04508170640100103,0.2428338225349655,0.14999469735183793,0.10621651096910731,0.7081351064028518,-1.7604983027010457,550.7
,,0.02579296137495542,0.17195915475900903,0.04508170640100103,0.2428338225349655,0.14999469735183793,0.10621651096910731,0.7081351064028518,-1.7604983027010457,550.8
,,0.02579296137495542,0.17195915475900903,0.04508170640100103,0.2428338225349655,0.14999469735183793,0.10621651096910731,0.7081351064028518,-1.7604983027010457,550.9
,,0.02579296137495542,0.17195915475900903,0.04508170640100103,0.2428338225349655,0.14999469735183793,0.10621651096910731,0.7081351064028518,-1.7604983027010457,551.0
,,0.02579296137495542,0.17195915475900903,0.04508170640100103,0.2428338225349655,0.14999469735183793,0.10621651096910731,0.7081351064028518,-1.7604983027010457,551.1
,,0.02579296137495542,0.17195915475900903,0.04508170640100103,0.2428338225349655,0.14999469735183793,0.10621651096910731,0.7081351064028518,-1.7604983027010457,551.2
,,0.02579296137495542,0.17195915475900903,0.04508170640100103,0.2428338225349655,0.14999469735183793,0.10621651096910731,0.7081351064028518,-1.7604983027010457,551.3
,,0.02628080249773168,0.17418122098106814,0.03132620306558016,0.23178822654437997,0.15088195127870965,0.11338281883225745,0.7514670765545465,-1.747659021861138,551.4
,,0.02628080249773168,0.17418122098106814,0.03132620306558016,0.23178822654437997,0.15088195127870965,0.11338281883225745,0.7514670765545465,-1.747659021861138,551.5
,,0.02628080249773168,0.17418122098106814,0.03132620306558016,0.23178822654437997,0.15088195127870965,0.11338281883225745,0.7514670765545465,-1.747659021861138,551.6
,,0.02628080249773168,0.17418122098106814,0.03132620306558016,0.23178822654437997,0.15088195127870965,0.11338281883225745,0.7514670765545465,-1.747659021861138,551.7
,,0.02628080249773168,0.17418122098106814,0.03132620306558016,0.23178822654437997,0.15088195127870965,0.11338281883225745,0.7514670765545465,-1.747659021861138,551.8
,,0.02628080249773168,0.17418122098106814,0.03132620306558016,0.23178822654437997,0.15088195127870965,0.11338281883225745,0.7514670765545465,-1.747659021861138,551.9
,,0.026807596492981048,0.17625261434124623,0.031122640750862133,0.2341828515850894,0.15209758217304126,0.11447292708040416,0.7526281841230614,-1.7358370042579465,552.0
,,0.026807596492981048,0.17625261434124623,0.031122640750862133,0.2341828515850894,0.15209758217304126,0.11447292708040416,0.7526281841230614,-1.7358370042579465,552.1
,,0.026807596492981048,0.17625261434124623,0.031122640750862133,0.2341828515850894,0.15209758217304126,0.11447292708040416,0.7526281841230614,-1.7358370042579465,552.2
,,0.026807596492981048,0.17625261434124623,0.031122640750862133,0.2341828515850894,0.15209758217304126,0.11447292708040416,0.7526281841230614,-1.7358370042579465,552.3
,,0.026807596492981048,0.17625261434124623,0.031122640750862133,0.2341828515850894,0.15209758217304126,0.11447292708040416,0.7526281841230614,-1.7358370042579465,552.4
,,0.026807596492981048,0.17625261434124623,0.031122640750862133,0.2341828515850894,0.15209758217304126,0.11447292708040416,0.7526281841230614,-1.7358370042579465,552.5
,,0.026807596492981048,0.17625261434124623,0.031122640750862133,0.2341828515850894,0.15209758217304126,0.11447292708040416,0.7526281841230614,-1.7358370042579465,552.6
,,0.026960371695017357,0.15894188753106778,0.04866401384299318,0.20760590137406096,0.1549287657062805,,0.7655942652838603,-1.839216630794629,552.7
,,0.027113146897053665,0.15894188753106778,0.04866401384299318,0.20760590137406096,0.15775994923951975,,0.7655942652838603,-1.839216630794629,552.8
,,0.027265922099089974,0.15894188753106778,0.04866401384299318,0.20760590137406096,0.16059113277275897,,0.7655942652838603,-1.839216630794629,552.9
,,0.027418697301126282,0.15894188753106778,0.04866401384299318,0.20760590137406096,0.1634223163059982,,0.7655942652838603,-1.839216630794629,553.0
,,0.027571472503162595,0.15894188753106778,0.04866401384299318,0.20760590137406096,0.16625349983923746,,0.7655942652838603,-1.839216630794629,553.1
,,0.027724247705198903,0.15894188753106778,0.04866401384299318,0.20760590137406096,0.16908468337247667,,0.7655942652838603,-1.839216630794629,553.2
,,0.027877022907235212,0.15894188753106778,0.04866401384299318,0.20760590137406096,0.17191586690571592,,0.7655942652838603,-1.839216630794629,553.3
,,0.02802979810927152,0.16040212432119558,0.03395627055863837,0.22238819298910548,0.17474705043895516,0.12603995622485528,0.7212708649917106,-1.8300713397396946,553.4
,,0.02802979810927152,0.16040212432119558,0.03395627055863837,0.22238819298910548,0.17474705043895516,0.12603995622485528,0.7212708649917106,-1.8300713397396946,553.5
,,0.02802979810927152,0.16040212432119558,0.03395627055863837,0.22238819298910548,0.17474705043895516,0.12603995622485528,0.7212708649917106,-1.8300713397396946,553.6
,,0.02802979810927152,0.16040212432119558,0.03395627055863837,0.22238819298910548,0.17474705043895516,0.12603995622485528,0.7212708649917106,-1.8300713397396946,553.7
,,0.02802979810927152,0.16040212432119558,0.03395627055863837,0.22238819298910548,0.17474705043895516,0.12603995622485528,0.7212708649917106,-1.8300713397396946,553.8
,,0.02802979810927152,0.16040212432119558,0.03395627055863837,0.22238819298910548,0.17474705043895516,0.12603995622485528,0.7212708649917106,-1.8300713397396946,553.9
,,0.028705742884238897,0.16160251051170535,0.03367924199341396,0.22398749538935822,0.17763178797992532,0.12815779217647666,0.7214800550842857,-1.822615597671103,554.0
,,0.028705742884238897,0.16160251051170535,0.03367924199341396,0.22398749538935822,0.17763178797992532,0.12815779217647666,0.7214800550842857,-1.822615597671103,554.1
,,0.028705742884238897,0.16160251051170535,0.03367924199341396,0.22398749538935822,0.17763178797992532,0.12815779217647666,0.7214800550842857,-1.822615597671103,554.2
,,0.028705742884238897,0.16160251051170535,0.03367924199341396,0.22398749538935822,0.17763178797992532,0.12815779217647666,0.7214800550842857,-1.822615597671103,554.3
,,0.028705742884238897,0.16160251051170535,0.03367924199341396,0.22398749538935822,0.17763178797992532,0.12815779217647666,0.7214800550842857,-1.822615597671103,554.4
,,0.028705742884238897,0.16160251051170535,0.03367924199341396,0.22398749538935822,0.17763178797992532,0.12815779217647666,0.7214800550842857,-1.822615597671103,554.5
,,0.028705742884238897,0.16160251051170535,0.03367924199341396,0.22398749538935822,0.17763178797992532,0.12815779217647666,0.7214800550842857,-1.822615597671103,554.6
,,0.028705742884238897,0.19279886970641688,0.033250477350259704,0.2260493470566766,0.17763178797992532,,0.8529061119476583,-1.646107759341461,554.7
,,0.028705742884238897,0.19279886970641688,0.033250477350259704,0.2260493470566766,0.17763178797992532,,0.8529061119476583,-1.646107759341461,554.8
,,0.028705742884238897,0.19279886970641688,0.033250477350259704,0.2260493470566766,0.17763178797992532,,0.8529061119476583,-1.646107759341461,554.9
,,0.028705742884238897,0.19279886970641688,0.033250477350259704,0.2260493470566766,0.17763178797992532,,0.8529061119476583,-1.646107759341461,555.0
,,0.028705742884238897,0.19279886970641688,0.033250477350259704,0.2260493470566766,0.17763178797992532,,0.8529061119476583,-1.646107759341461,555.1
,,0.028705742884238897,0.19279886970641688,0.033250477350259704,0.2260493470566766,0.17763178797992532,,0.8529061119476583,-1.646107759341461,555.2
,,0.028705742884238897,0.17292890227304356,0.051990564731208645,0.2249194670042522,0.17763178797992532,,0.7688480885017137,-1.7548747384754548,555.3
,,0.028705742884238897,0.17292890227304356,0.051990564731208645,0.2249194670042522,0.17763178797992532,,0.7688480885017137,-1.7548747384754548,555.4
,,0.028705742884238897,0.17292890227304356,0.051990564731208645,0.2249194670042522,0.17763178797992532,,0.7688480885017137,-1.7548747384754548,555.5
,,0.028705742884238897,0.17292890227304356,0.051990564731208645,0.2249194670042522,0.17763178797992532,,0.7688480885017137,-1.7548747384754548,555.6
,,0.028705742884238897,0.17292890227304356,0.051990564731208645,0.2249194670042522,0.17763178797992532,,0.7688480885017137,-1.7548747384754548,555.7
,,0.028705742884238897,0.17292890227304356,0.051990564731208645,0.2249194670042522,0.17763178797992532,,0.7688480885017137,-1.7548747384754548,555.8
,,0.028705742884238897,0.17292890227304356,0.051990564731208645,0.2249194670042522,0.17763178797992532,,0.7688480885017137,-1.7548747384754548,555.9
,,0.028705742884238897,0.1589511767381784,0.03364241025404332,0.19259358699222173,0.17763178797992532,,0.8253191563673299,-1.839158188455633,556.0
,,0.028705742884238897,0.1589511767381784,0.03364241025404332,0.19259358699222173,0.17763178797992532,,0.8253191563673299,-1.839158188455633,556.1
,,0.028705742884238897,0.1589511767381784,0.03364241025404332,0.19259358699222173,0.17763178797992532,,0.8253191563673299,-1.839158188455633,556.2
,,0.028705742884238897,0.1589511767381784,0.03364241025404332,0.19259358699222173,0.17763178797992532,,0.8253191563673299,-1.839158188455633,556.3
,,0.028705742884238897,0.1589511767381784,0.03364241025404332,0.19259358699222173,0.17763178797992532,,0.8253191563673299,-1.839158188455633,556.4
,,0.028705742884238897,0.1589511767381784,0.03364241025404332,0.19259358699222173,0.17763178797992532,,0.8253191563673299,-1.839158188455633,556.5
,,0.028705742884238897,0.14681480988959583,0.030554230388276024,0.17736904027787187,0.17763178797992532,,0.8277363944665381,-1.9185832830837406,556.6
,,0.028705742884238897,0.14681480988959583,0.030554230388276024,0.17736904027787187,0.17763178797992532,,0.8277363944665381,-1.9185832830837406,556.7
,,0.028705742884238897,0.14681480988959583,0.030554230388276024,0.17736904027787187,0.17763178797992532,,0.8277363944665381,-1.9185832830837406,556.8
,,0.028705742884238897,0.14681480988959583,0.030554230388276024,0.17736904027787187,0.17763178797992532,,0.8277363944665381,-1.9185832830837406,556.9
,,0.028705742884238897,0.14681480988959583,0.030554230388276024,0.17736904027787187,0.17763178797992532,,0.8277363944665381,-1.9185832830837406,557.0
,,0.028705742884238897,0.14681480988959583,0.030554230388276024,0.17736904027787187,0.17763178797992532,,0.8277363944665381,-1.9185832830837406,557.1
,,0.028705742884238897,0.14681480988959583,0.030554230388276024,0.17736904027787187,0.17763178797992532,,0.8277363944665381,-1.9185832830837406,557.2
,,0.028705742884238897,0.137946841309785,0.028001782993496607,0.1659486243032816,0.17763178797992532,,0.8312623372983099,-1.980886875936663,557.3
