HRV_ULF,HRV_VLF,HRV_LF,HRV_HF,HRV_VHF,HRV_TP,HRV_LFHF,HRV_LFn,HRV_HFn,HRV_LnHF,time
,,0.023758837340446468,0.04582151330216013,0.009958737305642283,0.07953908794824888,0.5185083518253515,0.29870643419880377,0.5760879899952251,-3.0830015753926086,0.0
,,0.023758837340446468,0.04582151330216013,0.009958737305642283,0.07953908794824888,0.5185083518253515,0.29870643419880377,0.5760879899952251,-3.0830015753926086,0.1
,,0.023758837340446468,0.04582151330216013,0.009958737305642283,0.07953908794824888,0.5185083518253515,0.29870643419880377,0.5760879899952251,-3.0830015753926086,0.2
,,0.023758837340446468,0.04582151330216013,0.009958737305642283,0.07953908794824888,0.5185083518253515,0.29870643419880377,0.5760879899952251,-3.0830015753926086,0.3
,,0.023758837340446468,0.04582151330216013,0.009958737305642283,0.07953908794824888,0.5185083518253515,0.29870643419880377,0.5760879899952251,-3.0830015753926086,0.4
,,0.023735160209411587,0.04305188203688409,0.009742991234285722,0.0765300334805814,0.5239761724511618,0.3101417721897914,0.5625488462357461,-3.14534933159861,0.5
,,0.023735160209411587,0.04305188203688409,0.009742991234285722,0.0765300334805814,0.5278817586124548,0.3101417721897914,0.5625488462357461,-3.14534933159861,0.6
,,0.023735160209411587,0.04305188203688409,0.009742991234285722,0.0765300334805814,0.5308109482334247,0.3101417721897914,0.5625488462357461,-3.14534933159861,0.7
,,0.02481524908303135,0.05412012714861072,0.009665742010488063,0.08860111824213013,0.5227788021059914,0.28007828315683286,0.6108289401123655,-2.9165491262992584,0.8
,,0.02481524908303135,0.05412012714861072,0.009665742010488063,0.08860111824213013,0.5163530852040447,0.28007828315683286,0.6108289401123655,-2.9165491262992584,0.9
,,0.02481524908303135,0.05412012714861072,0.009665742010488063,0.08860111824213013,0.5110956804660883,0.28007828315683286,0.6108289401123655,-2.9165491262992584,1.0
,,0.02481524908303135,0.05412012714861072,0.009665742010488063,0.08860111824213013,0.5067145098511247,0.28007828315683286,0.6108289401123655,-2.9165491262992584,1.1
,,0.02481524908303135,0.05412012714861072,0.009665742010488063,0.08860111824213013,0.503007365484617,0.28007828315683286,0.6108289401123655,-2.9165491262992584,1.2
,,0.02481524908303135,0.05412012714861072,0.009665742010488063,0.08860111824213013,0.49982981317046754,0.28007828315683286,0.6108289401123655,-2.9165491262992584,1.3
,,0.02481524908303135,0.05412012714861072,0.009665742010488063,0.08860111824213013,0.4970759344982047,0.28007828315683286,0.6108289401123655,-2.9165491262992584,1.4
,,0.023941444775247143,0.04161208156707548,0.009683128396641288,0.0752366547389639,0.5019679639299507,0.31821516863439486,0.5530825594445951,-3.17936473159384,1.5
,,0.023941444775247143,0.04161208156707548,0.009683128396641288,0.0752366547389639,0.5062844604873736,0.31821516863439486,0.5530825594445951,-3.17936473159384,1.6
,,0.023941444775247143,0.04161208156707548,0.009683128396641288,0.0752366547389639,0.510121346316194,0.31821516863439486,0.5530825594445951,-3.17936473159384,1.7
,,0.02410365687688963,0.042150275472750916,0.009941359683992505,0.07619529203363307,0.5133702501064502,0.31634050127729846,0.5531873997430908,-3.1665140590217997,1.8
,,0.02410365687688963,0.042150275472750916,0.009941359683992505,0.07619529203363307,0.5162942635176808,0.31634050127729846,0.5531873997430908,-3.1665140590217997,1.9
,,0.02410365687688963,0.042150275472750916,0.009941359683992505,0.07619529203363307,0.5189397994611751,0.31634050127729846,0.5531873997430908,-3.1665140590217997,2.0
,,0.02410365687688963,0.042150275472750916,0.009941359683992505,0.07619529203363307,0.521344832137079,0.31634050127729846,0.5531873997430908,-3.1665140590217997,2.1
,,0.02410365687688963,0.042150275472750916,0.009941359683992505,0.07619529203363307,0.5235407315368173,0.31634050127729846,0.5531873997430908,-3.1665140590217997,2.2
,,0.02410365687688963,0.042150275472750916,0.009941359683992505,0.07619529203363307,0.5255536393199108,0.31634050127729846,0.5531873997430908,-3.1665140590217997,2.3
,,0.02627788350518767,0.05486520782247327,0.009611497132057379,0.09075458845971832,0.5236896338859176,0.28954881456876624,0.6045447260975169,-2.9028758686585823,2.4
,,0.02627788350518767,0.05486520782247327,0.009611497132057379,0.09075458845971832,0.5219690134853086,0.28954881456876624,0.6045447260975169,-2.9028758686585823,2.5
,,0.02627788350518767,0.05486520782247327,0.009611497132057379,0.09075458845971832,0.5203758464477075,0.28954881456876624,0.6045447260975169,-2.9028758686585823,2.6
,,0.02627788350518767,0.05486520782247327,0.009611497132057379,0.09075458845971832,0.5188964770556495,0.28954881456876624,0.6045447260975169,-2.9028758686585823,2.7
,,0.02627788350518767,0.05486520782247327,0.009611497132057379,0.09075458845971832,0.5175191331389057,0.28954881456876624,0.6045447260975169,-2.9028758686585823,2.8
,,0.02457197477371335,0.043007329414047474,0.010011662043237985,0.07759096623099881,0.5193132916139648,0.3166860263159922,0.5542826891214221,-3.146384726324303,2.9
,,0.02457197477371335,0.043007329414047474,0.010011662043237985,0.07759096623099881,0.5209916979293426,0.3166860263159922,0.5542826891214221,-3.146384726324303,3.0
,,0.02457197477371335,0.043007329414047474,0.010011662043237985,0.07759096623099881,0.5225652038500094,0.3166860263159922,0.5542826891214221,-3.146384726324303,3.1
,,0.02457197477371335,0.043007329414047474,0.010011662043237985,0.07759096623099881,0.5240433457754842,0.3166860263159922,0.5542826891214221,-3.146384726324303,3.2
,,0.02457197477371335,0.043007329414047474,0.010011662043237985,0.07759096623099881,0.5254345381759311,0.3166860263159922,0.5542826891214221,-3.146384726324303,3.3
,,0.02681086181817724,0.05716817172934524,0.009129263269526632,0.09310829681704912,0.5238216176618118,0.28795352009132535,0.6139965361161793,-2.8617579737637877,3.4
,,0.02681086181817724,0.05716817172934524,0.009129263269526632,0.09310829681704912,0.5222983038429212,0.28795352009132535,0.6139965361161793,-2.8617579737637877,3.5
,,0.02681086181817724,0.05716817172934524,0.009129263269526632,0.09310829681704912,0.5208573313115383,0.28795352009132535,0.6139965361161793,-2.8617579737637877,3.6
,,0.02681086181817724,0.05716817172934524,0.009129263269526632,0.09310829681704912,0.5194921994397019,0.28795352009132535,0.6139965361161793,-2.8617579737637877,3.7
,,0.02681086181817724,0.05716817172934524,0.009129263269526632,0.09310829681704912,0.5181970743305236,0.28795352009132535,0.6139965361161793,-2.8617579737637877,3.8
,,0.025205921573632075,0.04473016636510386,0.010083959332173719,0.08002004727090965,0.5193299117384899,0.3149950847729053,0.5589870025153683,-3.10710714222608,3.9
,,0.025205921573632075,0.04473016636510386,0.010083959332173719,0.08002004727090965,0.5204074887850919,0.3149950847729053,0.5589870025153683,-3.10710714222608,4.0
,,0.025205921573632075,0.04473016636510386,0.010083959332173719,0.08002004727090965,0.5214337526389986,0.3149950847729053,0.5589870025153683,-3.10710714222608,4.1
,,0.025205921573632075,0.04473016636510386,0.010083959332173719,0.08002004727090965,0.522412283290398,0.3149950847729053,0.5589870025153683,-3.10710714222608,4.2
,,0.025205921573632075,0.04473016636510386,0.010083959332173719,0.08002004727090965,0.5233463352758246,0.3149950847729053,0.5589870025153683,-3.10710714222608,4.3
,,0.025205921573632075,0.04473016636510386,0.010083959332173719,0.08002004727090965,0.5242388738396768,0.3149950847729053,0.5589870025153683,-3.10710714222608,4.4
,,0.02556097367460586,0.0453376188983244,0.009957901968055665,0.08085649454098592,0.5250987180985612,0.31612765084255634,0.5607170970705747,-3.0936181518604395,4.5
,,0.02556097367460586,0.0453376188983244,0.009957901968055665,0.08085649454098592,0.5259219732400463,0.31612765084255634,0.5607170970705747,-3.0936181518604395,4.6
,,0.02556097367460586,0.0453376188983244,0.009957901968055665,0.08085649454098592,0.5267109260839695,0.31612765084255634,0.5607170970705747,-3.0936181518604395,4.7
,,0.02556097367460586,0.0453376188983244,0.009957901968055665,0.08085649454098592,0.5274676767709978,0.31612765084255634,0.5607170970705747,-3.0936181518604395,4.8
,,0.02575581414315368,0.04627328670072056,0.01014204332538107,0.0821711441692553,0.5280503676523635,0.31344110397321606,0.5631330458951296,-3.0731904455036037,4.9
,,0.02575581414315368,0.04627328670072056,0.01014204332538107,0.0821711441692553,0.5286102079109304,0.31344110397321606,0.5631330458951296,-3.0731904455036037,5.0
,,0.02575581414315368,0.04627328670072056,0.01014204332538107,0.0821711441692553,0.5291485158518602,0.31344110397321606,0.5631330458951296,-3.0731904455036037,5.1
,,0.02575581414315368,0.04627328670072056,0.01014204332538107,0.0821711441692553,0.529666510285585,0.31344110397321606,0.5631330458951296,-3.0731904455036037,5.2
,,0.02575581414315368,0.04627328670072056,0.01014204332538107,0.0821711441692553,0.530165319740283,0.31344110397321606,0.5631330458951296,-3.0731904455036037,5.3
,,0.02575581414315368,0.04627328670072056,0.01014204332538107,0.0821711441692553,0.5306459906693557,0.31344110397321606,0.5631330458951296,-3.0731904455036037,5.4
,,0.02575581414315368,0.04627328670072056,0.01014204332538107,0.0821711441692553,0.5311094947795328,0.31344110397321606,0.5631330458951296,-3.0731904455036037,5.5
,,,0.057575024466438515,0.00745705596352883,0.06503208042996735,0.5311094947795328,,0.8853326556028099,-2.8546664083264814,5.6
,,,0.057575024466438515,0.00745705596352883,0.06503208042996735,0.5311094947795328,,0.8853326556028099,-2.8546664083264814,5.7
,,,0.057575024466438515,0.00745705596352883,0.06503208042996735,0.5311094947795328,,0.8853326556028099,-2.8546664083264814,5.8
,,0.026125375307456164,0.04701391082723766,0.010289172644909889,0.08342845877960371,0.5315408120178887,0.3131470446610144,0.5635236646458517,-3.0573117460164423,5.9
,,0.026125375307456164,0.04701391082723766,0.010289172644909889,0.08342845877960371,0.5319572562480255,0.3131470446610144,0.5635236646458517,-3.0573117460164423,6.0
,,0.026125375307456164,0.04701391082723766,0.010289172644909889,0.08342845877960371,0.5323595837245982,0.3131470446610144,0.5635236646458517,-3.0573117460164423,6.1
,,0.026125375307456164,0.04701391082723766,0.010289172644909889,0.08342845877960371,0.5327485002852853,0.3131470446610144,0.5635236646458517,-3.0573117460164423,6.2
,,0.026125375307456164,0.04701391082723766,0.010289172644909889,0.08342845877960371,0.5331246654833269,0.3131470446610144,0.5635236646458517,-3.0573117460164423,6.3
,,0.026125375307456164,0.04701391082723766,0.010289172644909889,0.08342845877960371,0.5334886963201413,0.3131470446610144,0.5635236646458517,-3.0573117460164423,6.4
,,0.026125375307456164,0.04701391082723766,0.010289172644909889,0.08342845877960371,0.5338411706224536,0.3131470446610144,0.5635236646458517,-3.0573117460164423,6.5
,,0.02573012207009082,0.05788829700615614,0.0072946133277310985,0.09091303240397806,0.5324448839277133,0.28301907207051813,0.6367436601270285,-2.8492400390790538,6.6
,,0.02573012207009082,0.05788829700615614,0.0072946133277310985,0.09091303240397806,0.5310915599005034,0.28301907207051813,0.6367436601270285,-2.8492400390790538,6.7
,,0.027457478711148307,0.06034613754024682,0.008811880287422219,0.09661549653881735,0.5299386539954176,0.28419331985854546,0.624601018491909,-2.807658334476858,6.8
,,0.027457478711148307,0.06034613754024682,0.008811880287422219,0.09661549653881735,0.5288201631919762,0.28419331985854546,0.624601018491909,-2.807658334476858,6.9
,,0.027457478711148307,0.06034613754024682,0.008811880287422219,0.09661549653881735,0.5277345691768713,0.28419331985854546,0.624601018491909,-2.807658334476858,7.0
,,0.027457478711148307,0.06034613754024682,0.008811880287422219,0.09661549653881735,0.5266804416549579,0.28419331985854546,0.624601018491909,-2.807658334476858,7.1
,,0.027457478711148307,0.06034613754024682,0.008811880287422219,0.09661549653881735,0.525656432062242,0.28419331985854546,0.624601018491909,-2.807658334476858,7.2
,,0.027457478711148307,0.06034613754024682,0.008811880287422219,0.09661549653881735,0.5246612678101659,0.28419331985854546,0.624601018491909,-2.807658334476858,7.3
,,0.027457478711148307,0.06034613754024682,0.008811880287422219,0.09661549653881735,0.5236937470095364,0.28419331985854546,0.624601018491909,-2.807658334476858,7.4
,,0.027457478711148307,0.06034613754024682,0.008811880287422219,0.09661549653881735,0.5227527336281023,0.28419331985854546,0.624601018491909,-2.807658334476858,7.5
,,0.027457478711148307,0.06034613754024682,0.008811880287422219,0.09661549653881735,0.521837153040761,0.28419331985854546,0.624601018491909,-2.807658334476858,7.6
,,0.026369850070162803,0.046395877985103404,0.011118817261623191,0.08388454531688941,0.5224575406795889,0.3143588603901447,0.5530920840046802,-3.0705446602240696,7.7
,,0.025877709169015207,0.04537046177351731,0.010671591963560404,0.08191976290609292,0.5230878978507649,0.31589091876009945,0.5538402476277529,-3.092894007409695,7.8
,,0.025877709169015207,0.04537046177351731,0.010671591963560404,0.08191976290609292,0.5237018821084037,0.31589091876009945,0.5538402476277529,-3.092894007409695,7.9
,,0.025877709169015207,0.04537046177351731,0.010671591963560404,0.08191976290609292,0.5243001231799495,0.31589091876009945,0.5538402476277529,-3.092894007409695,8.0
,,0.025877709169015207,0.04537046177351731,0.010671591963560404,0.08191976290609292,0.5248832189079116,0.31589091876009945,0.5538402476277529,-3.092894007409695,8.1
,,0.025877709169015207,0.04537046177351731,0.010671591963560404,0.08191976290609292,0.5254517372426747,0.31589091876009945,0.5538402476277529,-3.092894007409695,8.2
,,0.025877709169015207,0.04537046177351731,0.010671591963560404,0.08191976290609292,0.5260062180876905,0.31589091876009945,0.5538402476277529,-3.092894007409695,8.3
,,0.025877709169015207,0.04537046177351731,0.010671591963560404,0.08191976290609292,0.5265471750096573,0.31589091876009945,0.5538402476277529,-3.092894007409695,8.4
,,0.025877709169015207,0.04537046177351731,0.010671591963560404,0.08191976290609292,0.5270750968250706,0.31589091876009945,0.5538402476277529,-3.092894007409695,8.5
,,0.025877709169015207,0.04537046177351731,0.010671591963560404,0.08191976290609292,0.5275904490734502,0.31589091876009945,0.5538402476277529,-3.092894007409695,8.6
,,0.025877709169015207,0.04537046177351731,0.010671591963560404,0.08191976290609292,0.5280936753865739,0.31589091876009945,0.5538402476277529,-3.092894007409695,8.7
,,0.025663538700314882,0.043431405860078764,0.010920707409448706,0.08001565196984234,0.5288239603300309,0.3207314827602404,0.5427863773008802,-3.1365724622460234,8.8
,,0.025663538700314882,0.043431405860078764,0.010920707409448706,0.08001565196984234,0.5295374571138683,0.3207314827602404,0.5427863773008802,-3.1365724622460234,8.9
,,0.025663538700314882,0.043431405860078764,0.010920707409448706,0.08001565196984234,0.5303695241104032,0.3207314827602404,0.5427863773008802,-3.1365724622460234,9.0
,,0.025663538700314882,0.043431405860078764,0.010920707409448706,0.08001565196984234,0.5312015911069381,0.3207314827602404,0.5427863773008802,-3.1365724622460234,9.1
,,0.025663538700314882,0.043431405860078764,0.010920707409448706,0.08001565196984234,0.5320336581034729,0.3207314827602404,0.5427863773008802,-3.1365724622460234,9.2
,,0.025663538700314882,0.043431405860078764,0.010920707409448706,0.08001565196984234,0.5328657251000077,0.3207314827602404,0.5427863773008802,-3.1365724622460234,9.3
,,0.025663538700314882,0.043431405860078764,0.010920707409448706,0.08001565196984234,0.5336977920965426,0.3207314827602404,0.5427863773008802,-3.1365724622460234,9.4
,,0.025663538700314882,0.043431405860078764,0.010920707409448706,0.08001565196984234,0.5341527680154353,0.3207314827602404,0.5427863773008802,-3.1365724622460234,9.5
,,0.02571461869586777,0.04248437443932513,0.011580901882551481,0.07977989501774438,0.5347729646899736,0.32231953539357766,0.5325198087798423,-3.15861893090654,9.6
,,0.025663538700314882,0.043431405860078764,0.010920707409448706,0.08001565196984234,0.5352279406088664,0.3207314827602404,0.5427863773008802,-3.1365724622460234,9.7
,,0.025738117949609052,0.04236781105889665,0.011698971675687427,0.07980490068419313,0.5369402468439071,0.3225130001910644,0.5308923474080383,-3.161366378201314,9.8
,,0.02541048360602324,0.04099485845812842,0.010942354110889858,0.07734769617504152,0.5387945455856239,0.3285228243711113,0.5300074919536725,-3.194308623601783,9.9
,,0.02541048360602324,0.04099485845812842,0.010942354110889858,0.07734769617504152,0.5406488443273405,0.3285228243711113,0.5300074919536725,-3.194308623601783,10.0
,,0.02541048360602324,0.04099485845812842,0.010942354110889858,0.07734769617504152,0.5425031430690572,0.3285228243711113,0.5300074919536725,-3.194308623601783,10.1
,,0.02541048360602324,0.04099485845812842,0.010942354110889858,0.07734769617504152,0.544357441810774,0.3285228243711113,0.5300074919536725,-3.194308623601783,10.2
,,0.02541048360602324,0.04099485845812842,0.010942354110889858,0.07734769617504152,0.5462117405524907,0.3285228243711113,0.5300074919536725,-3.194308623601783,10.3
,,0.02541048360602324,0.04099485845812842,0.010942354110889858,0.07734769617504152,0.5480660392942073,0.3285228243711113,0.5300074919536725,-3.194308623601783,10.4
,,0.02541048360602324,0.04099485845812842,0.010942354110889858,0.07734769617504152,0.5485775015724801,0.3285228243711113,0.5300074919536725,-3.194308623601783,10.5
,,0.02541048360602324,0.04099485845812842,0.010942354110889858,0.07734769617504152,0.5490889638507529,0.3285228243711113,0.5300074919536725,-3.194308623601783,10.6
,,0.02541048360602324,0.04099485845812842,0.010942354110889858,0.07734769617504152,0.5496004261290258,0.3285228243711113,0.5300074919536725,-3.194308623601783,10.7
,,0.02533938438555273,0.03961048115682928,0.011625069553895646,0.07657493509627766,0.5503804676115372,0.3309096423482896,0.5172773715972077,-3.228661520064623,10.8
,,0.025123441095453242,0.0382992736360177,0.010774439827284507,0.07419715455875545,0.5513474382070809,0.33860383521255416,0.5161825121701825,-3.2623243480924082,10.9
,,0.025123441095453242,0.0382992736360177,0.010774439827284507,0.07419715455875545,0.5523144088026244,0.33860383521255416,0.5161825121701825,-3.2623243480924082,11.0
,,0.025123441095453242,0.0382992736360177,0.010774439827284507,0.07419715455875545,0.5532813793981679,0.33860383521255416,0.5161825121701825,-3.2623243480924082,11.1
,,0.025123441095453242,0.0382992736360177,0.010774439827284507,0.07419715455875545,0.5542483499937114,0.33860383521255416,0.5161825121701825,-3.2623243480924082,11.2
,,0.025123441095453242,0.0382992736360177,0.010774439827284507,0.07419715455875545,0.555215320589255,0.33860383521255416,0.5161825121701825,-3.2623243480924082,11.3
,,0.025123441095453242,0.0382992736360177,0.010774439827284507,0.07419715455875545,0.5572500729648099,0.33860383521255416,0.5161825121701825,-3.2623243480924082,11.4
,,0.025123441095453242,0.0382992736360177,0.010774439827284507,0.07419715455875545,0.5592848253403647,0.33860383521255416,0.5161825121701825,-3.2623243480924082,11.5
,,0.025123441095453242,0.0382992736360177,0.010774439827284507,0.07419715455875545,0.5613195777159194,0.33860383521255416,0.5161825121701825,-3.2623243480924082,11.6
,,0.025123441095453242,0.0382992736360177,0.010774439827284507,0.07419715455875545,0.5633543300914743,0.33860383521255416,0.5161825121701825,-3.2623243480924082,11.7
,,0.025123441095453242,0.0382992736360177,0.010774439827284507,0.07419715455875545,0.5653890824670291,0.33860383521255416,0.5161825121701825,-3.2623243480924082,11.8
,,0.024838338360252985,0.03601333865581081,0.010501630054021749,0.07135330707008554,0.5667494779861811,0.34810353409206335,0.5047185636460737,-3.323865890933984,11.9
,,0.024838338360252985,0.03601333865581081,0.010501630054021749,0.07135330707008554,0.5681098735053332,0.34810353409206335,0.5047185636460737,-3.323865890933984,12.0
,,0.024838338360252985,0.03601333865581081,0.010501630054021749,0.07135330707008554,0.5694702690244852,0.34810353409206335,0.5047185636460737,-3.323865890933984,12.1
,,0.024838338360252985,0.03601333865581081,0.010501630054021749,0.07135330707008554,0.5708306645436372,0.34810353409206335,0.5047185636460737,-3.323865890933984,12.2
,,0.024838338360252985,0.03601333865581081,0.010501630054021749,0.07135330707008554,0.5721910600627893,0.34810353409206335,0.5047185636460737,-3.323865890933984,12.3
,,0.024838338360252985,0.03601333865581081,0.010501630054021749,0.07135330707008554,0.5747280253199749,0.34810353409206335,0.5047185636460737,-3.323865890933984,12.4
,,0.024838338360252985,0.03601333865581081,0.010501630054021749,0.07135330707008554,0.5772649905771605,0.34810353409206335,0.5047185636460737,-3.323865890933984,12.5
,,0.024838338360252985,0.03601333865581081,0.010501630054021749,0.07135330707008554,0.5798019558343462,0.34810353409206335,0.5047185636460737,-3.323865890933984,12.6
,,0.024838338360252985,0.03601333865581081,0.010501630054021749,0.07135330707008554,0.5823389210915318,0.34810353409206335,0.5047185636460737,-3.323865890933984,12.7
,,0.024838338360252985,0.03601333865581081,0.010501630054021749,0.07135330707008554,0.5848758863487175,0.34810353409206335,0.5047185636460737,-3.323865890933984,12.8
,,0.02310450720641512,0.031783331216843624,0.008742423265363125,0.06363026168862186,0.5867543610937302,0.3631056449127662,0.4995002436478586,-3.4488133021950023,12.9
,,0.024580045941269897,0.03460699779152855,0.010201862642296031,0.06938890637509448,0.5884411626116639,0.3542359611260904,0.49873963432215035,-3.363699369057817,13.0
,,0.024580045941269897,0.03460699779152855,0.010201862642296031,0.06938890637509448,0.5901279641295973,0.3542359611260904,0.49873963432215035,-3.363699369057817,13.1
,,0.024580045941269897,0.03460699779152855,0.010201862642296031,0.06938890637509448,0.5918147656475309,0.3542359611260904,0.49873963432215035,-3.363699369057817,13.2
,,0.024580045941269897,0.03460699779152855,0.010201862642296031,0.06938890637509448,0.5935015671654645,0.3542359611260904,0.49873963432215035,-3.363699369057817,13.3
,,0.024580045941269897,0.03460699779152855,0.010201862642296031,0.06938890637509448,0.5951883686833981,0.3542359611260904,0.49873963432215035,-3.363699369057817,13.4
,,0.024580045941269897,0.03460699779152855,0.010201862642296031,0.06938890637509448,0.5968719387174329,0.3542359611260904,0.49873963432215035,-3.363699369057817,13.5
,,0.024580045941269897,0.03460699779152855,0.010201862642296031,0.06938890637509448,0.5985555087514677,0.3542359611260904,0.49873963432215035,-3.363699369057817,13.6
,,0.024580045941269897,0.03460699779152855,0.010201862642296031,0.06938890637509448,0.6002390787855026,0.3542359611260904,0.49873963432215035,-3.363699369057817,13.7
,,0.024580045941269897,0.03460699779152855,0.010201862642296031,0.06938890637509448,0.6019226488195375,0.3542359611260904,0.49873963432215035,-3.363699369057817,13.8
,,0.024580045941269897,0.03460699779152855,0.010201862642296031,0.06938890637509448,0.603688856657125,0.3542359611260904,0.49873963432215035,-3.363699369057817,13.9
,,0.024441320791661465,0.03409658027871493,0.010106973235913433,0.06864487430628982,0.6055305111576567,0.356054563995639,0.49670977801747845,-3.3785581848032247,14.0
,,0.024441320791661465,0.03409658027871493,0.010106973235913433,0.06864487430628982,0.6073721656581883,0.356054563995639,0.49670977801747845,-3.3785581848032247,14.1
,,0.024441320791661465,0.03409658027871493,0.010106973235913433,0.06864487430628982,0.60921382015872,0.356054563995639,0.49670977801747845,-3.3785581848032247,14.2
,,0.024441320791661465,0.03409658027871493,0.010106973235913433,0.06864487430628982,0.6110554746592516,0.356054563995639,0.49670977801747845,-3.3785581848032247,14.3
,,0.024441320791661465,0.03409658027871493,0.010106973235913433,0.06864487430628982,0.6128971291597834,0.356054563995639,0.49670977801747845,-3.3785581848032247,14.4
,,0.024441320791661465,0.03409658027871493,0.010106973235913433,0.06864487430628982,0.614738783660315,0.356054563995639,0.49670977801747845,-3.3785581848032247,14.5
,,0.024441320791661465,0.03409658027871493,0.010106973235913433,0.06864487430628982,0.6158988675094652,0.356054563995639,0.49670977801747845,-3.3785581848032247,14.6
,,0.024441320791661465,0.03409658027871493,0.010106973235913433,0.06864487430628982,0.6170328820586345,0.356054563995639,0.49670977801747845,-3.3785581848032247,14.7
,,0.024441320791661465,0.03409658027871493,0.010106973235913433,0.06864487430628982,0.6181416962844889,0.356054563995639,0.49670977801747845,-3.3785581848032247,14.8
,,0.024441320791661465,0.03409658027871493,0.010106973235913433,0.06864487430628982,0.6199320472291524,0.356054563995639,0.49670977801747845,-3.3785581848032247,14.9
,,0.024606618446870326,0.03466329337841252,0.010378295725861953,0.0696482075511448,0.6216451672224619,0.353298660684138,0.49769110501455777,-3.3620739796353947,15.0
,,0.024606618446870326,0.03466329337841252,0.010378295725861953,0.0696482075511448,0.6233582872157714,0.353298660684138,0.49769110501455777,-3.3620739796353947,15.1
,,0.024606618446870326,0.03466329337841252,0.010378295725861953,0.0696482075511448,0.6250714072090808,0.353298660684138,0.49769110501455777,-3.3620739796353947,15.2
,,0.024606618446870326,0.03466329337841252,0.010378295725861953,0.0696482075511448,0.6267845272023903,0.353298660684138,0.49769110501455777,-3.3620739796353947,15.3
,,0.024606618446870326,0.03466329337841252,0.010378295725861953,0.0696482075511448,0.6284976471956998,0.353298660684138,0.49769110501455777,-3.3620739796353947,15.4
,,0.024606618446870326,0.03466329337841252,0.010378295725861953,0.0696482075511448,0.6302107671890093,0.353298660684138,0.49769110501455777,-3.3620739796353947,15.5
,,0.024606618446870326,0.03466329337841252,0.010378295725861953,0.0696482075511448,0.633159617795727,0.353298660684138,0.49769110501455777,-3.3620739796353947,15.6
,,0.024606618446870326,0.03466329337841252,0.010378295725861953,0.0696482075511448,0.636108468402445,0.353298660684138,0.49769110501455777,-3.3620739796353947,15.7
,,0.024606618446870326,0.03466329337841252,0.010378295725861953,0.0696482075511448,0.6389404195868763,0.353298660684138,0.49769110501455777,-3.3620739796353947,15.8
,,0.024606618446870326,0.03466329337841252,0.010378295725861953,0.0696482075511448,0.6417723707713078,0.353298660684138,0.49769110501455777,-3.3620739796353947,15.9
,,0.024606618446870326,0.03466329337841252,0.010378295725861953,0.0696482075511448,0.6446043219557391,0.353298660684138,0.49769110501455777,-3.3620739796353947,16.0
,,0.025065569253796653,0.03587653131598948,0.011301130264153966,0.0722432308339401,0.6473116801057464,0.34696080123289236,0.4966075146674444,-3.327671921047063,16.1
,,0.025065569253796653,0.03587653131598948,0.011301130264153966,0.0722432308339401,0.6500190382557534,0.34696080123289236,0.4966075146674444,-3.327671921047063,16.2
,,0.025065569253796653,0.03587653131598948,0.011301130264153966,0.0722432308339401,0.6527263964057606,0.34696080123289236,0.4966075146674444,-3.327671921047063,16.3
,,0.025065569253796653,0.03587653131598948,0.011301130264153966,0.0722432308339401,0.6554337545557676,0.34696080123289236,0.4966075146674444,-3.327671921047063,16.4
,,0.025065569253796653,0.03587653131598948,0.011301130264153966,0.0722432308339401,0.6581411127057748,0.34696080123289236,0.4966075146674444,-3.327671921047063,16.5
,,0.025065569253796653,0.03587653131598948,0.011301130264153966,0.0722432308339401,0.6608484708557818,0.34696080123289236,0.4966075146674444,-3.327671921047063,16.6
,,0.025065569253796653,0.03587653131598948,0.011301130264153966,0.0722432308339401,0.6622962017192554,0.34696080123289236,0.4966075146674444,-3.327671921047063,16.7
,,0.025065569253796653,0.03587653131598948,0.011301130264153966,0.0722432308339401,0.66372172747455,0.34696080123289236,0.4966075146674444,-3.327671921047063,16.8
,,0.025065569253796653,0.03587653131598948,0.011301130264153966,0.0722432308339401,0.6651472532298447,0.34696080123289236,0.4966075146674444,-3.327671921047063,16.9
,,0.025065569253796653,0.03587653131598948,0.011301130264153966,0.0722432308339401,0.6665727789851394,0.34696080123289236,0.4966075146674444,-3.327671921047063,17.0
,,,0.02932637470095756,0.0074884753079222256,0.03681485000887979,0.6676537687974561,,0.7965909054059436,-3.529268007418323,17.1
,,0.025741589609678203,0.03741926949132955,0.012896509738893183,0.07605736883990094,0.6689746527822196,0.33844964665900645,0.4919874308312752,-3.2855694802046327,17.2
,,0.025741589609678203,0.03741926949132955,0.012896509738893183,0.07605736883990094,0.6702955367669832,0.33844964665900645,0.4919874308312752,-3.2855694802046327,17.3
,,0.025741589609678203,0.03741926949132955,0.012896509738893183,0.07605736883990094,0.6716164207517465,0.33844964665900645,0.4919874308312752,-3.2855694802046327,17.4
,,0.025741589609678203,0.03741926949132955,0.012896509738893183,0.07605736883990094,0.67293730473651,0.33844964665900645,0.4919874308312752,-3.2855694802046327,17.5
,,0.025741589609678203,0.03741926949132955,0.012896509738893183,0.07605736883990094,0.6742581887212735,0.33844964665900645,0.4919874308312752,-3.2855694802046327,17.6
,,0.025741589609678203,0.03741926949132955,0.012896509738893183,0.07605736883990094,0.675579072706037,0.33844964665900645,0.4919874308312752,-3.2855694802046327,17.7
,,0.025741589609678203,0.03741926949132955,0.012896509738893183,0.07605736883990094,0.6766692432656891,0.33844964665900645,0.4919874308312752,-3.2855694802046327,17.8
,,0.025741589609678203,0.03741926949132955,0.012896509738893183,0.07605736883990094,0.677759413825341,0.33844964665900645,0.4919874308312752,-3.2855694802046327,17.9
,,0.025741589609678203,0.03741926949132955,0.012896509738893183,0.07605736883990094,0.678849584384993,0.33844964665900645,0.4919874308312752,-3.2855694802046327,18.0
,,0.026469017172863027,0.03909139234504995,0.014850031252429906,0.08041044077034289,0.6798182118195121,0.32917388487472854,0.4861482162086059,-3.241852980854081,18.1
,,0.026469017172863027,0.03909139234504995,0.014850031252429906,0.08041044077034289,0.680786839254031,0.32917388487472854,0.4861482162086059,-3.241852980854081,18.2
,,0.026469017172863027,0.03909139234504995,0.014850031252429906,0.08041044077034289,0.6817554666885501,0.32917388487472854,0.4861482162086059,-3.241852980854081,18.3
,,0.026469017172863027,0.03909139234504995,0.014850031252429906,0.08041044077034289,0.6827240941230692,0.32917388487472854,0.4861482162086059,-3.241852980854081,18.4
,,0.026469017172863027,0.03909139234504995,0.014850031252429906,0.08041044077034289,0.6836927215575882,0.32917388487472854,0.4861482162086059,-3.241852980854081,18.5
,,0.026469017172863027,0.03909139234504995,0.014850031252429906,0.08041044077034289,0.6844998410624314,0.32917388487472854,0.4861482162086059,-3.241852980854081,18.6
,,0.026469017172863027,0.03909139234504995,0.014850031252429906,0.08041044077034289,0.6854684684969504,0.32917388487472854,0.4861482162086059,-3.241852980854081,18.7
,,0.026469017172863027,0.03909139234504995,0.014850031252429906,0.08041044077034289,0.6862506454257259,0.32917388487472854,0.4861482162086059,-3.241852980854081,18.8
,,0.026469017172863027,0.03909139234504995,0.014850031252429906,0.08041044077034289,0.6868940206906718,0.32917388487472854,0.4861482162086059,-3.241852980854081,18.9
,,0.026469017172863027,0.03909139234504995,0.014850031252429906,0.08041044077034289,0.6875373959556179,0.32917388487472854,0.4861482162086059,-3.241852980854081,19.0
,,0.026516001288412264,0.041151428729413124,0.01068417442645324,0.07835160444427862,0.687812747375364,0.33842320749499993,0.5252148825960395,-3.1904966324274437,19.1
,,0.026941629464019252,0.04064958620632192,0.01753591484893929,0.08512713051928046,0.6882951275506495,0.3164869918635074,0.47751622729859533,-3.2027666224664033,19.2
,,0.026941629464019252,0.04064958620632192,0.01753591484893929,0.08512713051928046,0.688777507725935,0.3164869918635074,0.47751622729859533,-3.2027666224664033,19.3
,,0.026941629464019252,0.04064958620632192,0.01753591484893929,0.08512713051928046,0.6892598879012204,0.3164869918635074,0.47751622729859533,-3.2027666224664033,19.4
,,0.026941629464019252,0.04064958620632192,0.01753591484893929,0.08512713051928046,0.6897422680765058,0.3164869918635074,0.47751622729859533,-3.2027666224664033,19.5
,,0.026941629464019252,0.04064958620632192,0.01753591484893929,0.08512713051928046,0.6902246482517913,0.3164869918635074,0.47751622729859533,-3.2027666224664033,19.6
,,0.026941629464019252,0.04064958620632192,0.01753591484893929,0.08512713051928046,0.6907070284270767,0.3164869918635074,0.47751622729859533,-3.2027666224664033,19.7
,,0.026941629464019252,0.04064958620632192,0.01753591484893929,0.08512713051928046,0.6909661669878264,0.3164869918635074,0.47751622729859533,-3.2027666224664033,19.8
,,0.026941629464019252,0.04064958620632192,0.01753591484893929,0.08512713051928046,0.6910425770897695,0.3164869918635074,0.47751622729859533,-3.2027666224664033,19.9
,,0.026941629464019252,0.04064958620632192,0.01753591484893929,0.08512713051928046,0.6911189871917125,0.3164869918635074,0.47751622729859533,-3.2027666224664033,20.0
,,0.02658684853123894,0.030804174686072133,0.012122982847991277,0.06951400606530235,0.6934461267725801,0.3824675059909929,0.44313623152626674,-3.4801050564319733,20.1
,,0.02724032287962724,0.04201330995995953,0.02053199325624128,0.08978562609582805,0.6933606962552886,0.30339291559379106,0.4679291306062598,-3.1697688070936145,20.2
,,0.02724032287962724,0.04201330995995953,0.02053199325624128,0.08978562609582805,0.6932752657379972,0.30339291559379106,0.4679291306062598,-3.1697688070936145,20.3
,,0.02724032287962724,0.04201330995995953,0.02053199325624128,0.08978562609582805,0.6931898352207058,0.30339291559379106,0.4679291306062598,-3.1697688070936145,20.4
,,0.02724032287962724,0.04201330995995953,0.02053199325624128,0.08978562609582805,0.6931044047034144,0.30339291559379106,0.4679291306062598,-3.1697688070936145,20.5
,,0.02724032287962724,0.04201330995995953,0.02053199325624128,0.08978562609582805,0.693018974186123,0.30339291559379106,0.4679291306062598,-3.1697688070936145,20.6
,,0.02724032287962724,0.04201330995995953,0.02053199325624128,0.08978562609582805,0.6929335436688315,0.30339291559379106,0.4679291306062598,-3.1697688070936145,20.7
,,0.02724032287962724,0.04201330995995953,0.02053199325624128,0.08978562609582805,0.6928481131515402,0.30339291559379106,0.4679291306062598,-3.1697688070936145,20.8
,,0.02724032287962724,0.04201330995995953,0.02053199325624128,0.08978562609582805,0.6923837912026357,0.30339291559379106,0.4679291306062598,-3.1697688070936145,20.9
,,0.02724032287962724,0.04201330995995953,0.02053199325624128,0.08978562609582805,0.6919194692537314,0.30339291559379106,0.4679291306062598,-3.1697688070936145,21.0
,,,0.03153995840739851,0.012727608329789862,0.044267566737188374,0.6919447098411953,,0.7124845735173957,-3.4565000161735897,21.1
,,,0.03153995840739851,0.012727608329789862,0.044267566737188374,0.6919705306720493,,0.7124845735173957,-3.4565000161735897,21.2
,,0.027533653875932512,0.04319177123530645,0.023710106995010298,0.09443553210624928,0.6913702574306015,0.2915603191069484,0.45736779654835275,-3.1421052825400206,21.3
,,0.027533653875932512,0.04319177123530645,0.023710106995010298,0.09443553210624928,0.6907699841891539,0.2915603191069484,0.45736779654835275,-3.1421052825400206,21.4
,,0.027533653875932512,0.04319177123530645,0.023710106995010298,0.09443553210624928,0.6901697109477063,0.2915603191069484,0.45736779654835275,-3.1421052825400206,21.5
,,0.027533653875932512,0.04319177123530645,0.023710106995010298,0.09443553210624928,0.6895694377062586,0.2915603191069484,0.45736779654835275,-3.1421052825400206,21.6
,,0.027533653875932512,0.04319177123530645,0.023710106995010298,0.09443553210624928,0.6889691644648109,0.2915603191069484,0.45736779654835275,-3.1421052825400206,21.7
,,0.027533653875932512,0.04319177123530645,0.023710106995010298,0.09443553210624928,0.6883688912233633,0.2915603191069484,0.45736779654835275,-3.1421052825400206,21.8
,,0.027533653875932512,0.04319177123530645,0.023710106995010298,0.09443553210624928,0.6873405768795204,0.2915603191069484,0.45736779654835275,-3.1421052825400206,21.9
,,0.027533653875932512,0.04319177123530645,0.023710106995010298,0.09443553210624928,0.6865039357627568,0.2915603191069484,0.45736779654835275,-3.1421052825400206,22.0
,,0.026069548022028557,0.04023947486532799,0.025009409017678907,0.09131843190503545,0.6857866684399052,0.28547958476925006,0.44065008592322435,-3.212906803342208,22.1
,,0.026069548022028557,0.04023947486532799,0.025009409017678907,0.09131843190503545,0.6850694011170535,0.28547958476925006,0.44065008592322435,-3.212906803342208,22.2
,,0.026069548022028557,0.04023947486532799,0.025009409017678907,0.09131843190503545,0.684352133794202,0.28547958476925006,0.44065008592322435,-3.212906803342208,22.3
,,0.02750834624682023,0.04334375910678664,0.026574093327911694,0.09742619868151856,0.6834830877350723,0.28235060609049994,0.4448881275607935,-3.138592551360946,22.4
,,0.02750834624682023,0.04334375910678664,0.026574093327911694,0.09742619868151856,0.6826140416759424,0.28235060609049994,0.4448881275607935,-3.138592551360946,22.5
,,0.02750834624682023,0.04334375910678664,0.026574093327911694,0.09742619868151856,0.6817449956168127,0.28235060609049994,0.4448881275607935,-3.138592551360946,22.6
,,0.02750834624682023,0.04334375910678664,0.026574093327911694,0.09742619868151856,0.6808759495576828,0.28235060609049994,0.4448881275607935,-3.138592551360946,22.7
,,0.02750834624682023,0.04334375910678664,0.026574093327911694,0.09742619868151856,0.6800069034985532,0.28235060609049994,0.4448881275607935,-3.138592551360946,22.8
,,0.02750834624682023,0.04334375910678664,0.026574093327911694,0.09742619868151856,0.6791378574394232,0.28235060609049994,0.4448881275607935,-3.138592551360946,22.9
,,0.02750834624682023,0.04334375910678664,0.026574093327911694,0.09742619868151856,0.6781933647173494,0.28235060609049994,0.4448881275607935,-3.138592551360946,23.0
,,0.02750834624682023,0.04334375910678664,0.026574093327911694,0.09742619868151856,0.6772488719952755,0.28235060609049994,0.4448881275607935,-3.138592551360946,23.1
,,0.02630405134190136,0.040533289806090896,0.02718470143688066,0.09402204258487291,0.6764686785421361,0.279764729830847,0.43110411869112325,-3.205631671981646,23.2
,,0.02630405134190136,0.040533289806090896,0.02718470143688066,0.09402204258487291,0.6756884850889967,0.279764729830847,0.43110411869112325,-3.205631671981646,23.3
,,0.027272931278899782,0.042771615801731555,0.0286077610816729,0.09865230816230423,0.6747783095745267,0.2764550752733525,0.43355919996684783,-3.15188057859951,23.4
,,0.027272931278899782,0.042771615801731555,0.0286077610816729,0.09865230816230423,0.6738681340600567,0.2764550752733525,0.43355919996684783,-3.15188057859951,23.5
,,0.027272931278899782,0.042771615801731555,0.0286077610816729,0.09865230816230423,0.6729579585455866,0.2764550752733525,0.43355919996684783,-3.15188057859951,23.6
,,0.027272931278899782,0.042771615801731555,0.0286077610816729,0.09865230816230423,0.6720477830311166,0.2764550752733525,0.43355919996684783,-3.15188057859951,23.7
,,0.027272931278899782,0.042771615801731555,0.0286077610816729,0.09865230816230423,0.6711376075166465,0.2764550752733525,0.43355919996684783,-3.15188057859951,23.8
,,0.027272931278899782,0.042771615801731555,0.0286077610816729,0.09865230816230423,0.6702274320021766,0.2764550752733525,0.43355919996684783,-3.15188057859951,23.9
,,0.027272931278899782,0.042771615801731555,0.0286077610816729,0.09865230816230423,0.6693971505753141,0.2764550752733525,0.43355919996684783,-3.15188057859951,24.0
,,0.027272931278899782,0.042771615801731555,0.0286077610816729,0.09865230816230423,0.6685668691484515,0.2764550752733525,0.43355919996684783,-3.15188057859951,24.1
,,0.026954281605428496,0.0411257511907607,0.029032828220988457,0.09711286101717766,0.6679408451529565,0.2775562507695117,0.4234840860417678,-3.1911208040266885,24.2
,,0.026954281605428496,0.0411257511907607,0.029032828220988457,0.09711286101717766,0.6673148211574612,0.2775562507695117,0.4234840860417678,-3.1911208040266885,24.3
,,0.026954281605428496,0.0411257511907607,0.029032828220988457,0.09711286101717766,0.6666887971619659,0.2775562507695117,0.4234840860417678,-3.1911208040266885,24.4
,,0.02536961192590954,0.03359384744585421,0.011339744599811886,0.07030320397157563,0.667209611882474,0.36085996786386515,0.4778423392970337,-3.393412340510508,24.5
,,0.02536961192590954,0.03359384744585421,0.011339744599811886,0.07030320397157563,0.6677304266029822,0.36085996786386515,0.4778423392970337,-3.393412340510508,24.6
,,0.02536961192590954,0.03359384744585421,0.011339744599811886,0.07030320397157563,0.6682512413234902,0.36085996786386515,0.4778423392970337,-3.393412340510508,24.7
,,0.02536961192590954,0.03359384744585421,0.011339744599811886,0.07030320397157563,0.6687720560439984,0.36085996786386515,0.4778423392970337,-3.393412340510508,24.8
,,0.02536961192590954,0.03359384744585421,0.011339744599811886,0.07030320397157563,0.6692928707645064,0.36085996786386515,0.4778423392970337,-3.393412340510508,24.9
,,0.02536961192590954,0.03359384744585421,0.011339744599811886,0.07030320397157563,0.6698136854850144,0.36085996786386515,0.4778423392970337,-3.393412340510508,25.0
,,0.02536961192590954,0.03359384744585421,0.011339744599811886,0.07030320397157563,0.6704633895514788,0.36085996786386515,0.4778423392970337,-3.393412340510508,25.1
,,0.02536961192590954,0.03359384744585421,0.011339744599811886,0.07030320397157563,0.671113093617943,0.36085996786386515,0.4778423392970337,-3.393412340510508,25.2
,,0.025883160765171137,0.0388991622041371,0.02828221982327092,0.09306454279257916,0.6707306707489865,0.27812053859071906,0.4179804793199808,-3.2467825657583766,25.3
,,0.025883160765171137,0.0388991622041371,0.02828221982327092,0.09306454279257916,0.6703482478800299,0.27812053859071906,0.4179804793199808,-3.2467825657583766,25.4
,,0.025883160765171137,0.0388991622041371,0.02828221982327092,0.09306454279257916,0.6699658250110733,0.27812053859071906,0.4179804793199808,-3.2467825657583766,25.5
,,0.02532760867021502,0.03916111833684641,0.028447993788740807,0.09293672079580223,0.6693691809213623,0.27252531026852217,0.42137400589902496,-3.2400709035854582,25.6
,,0.02532760867021502,0.03916111833684641,0.028447993788740807,0.09293672079580223,0.6687725368316514,0.27252531026852217,0.42137400589902496,-3.2400709035854582,25.7
,,0.02532760867021502,0.03916111833684641,0.028447993788740807,0.09293672079580223,0.6681758927419403,0.27252531026852217,0.42137400589902496,-3.2400709035854582,25.8
,,0.02532760867021502,0.03916111833684641,0.028447993788740807,0.09293672079580223,0.6675792486522295,0.27252531026852217,0.42137400589902496,-3.2400709035854582,25.9
,,0.02532760867021502,0.03916111833684641,0.028447993788740807,0.09293672079580223,0.6669826045625185,0.27252531026852217,0.42137400589902496,-3.2400709035854582,26.0
,,0.02532760867021502,0.03916111833684641,0.028447993788740807,0.09293672079580223,0.666752733690906,0.27252531026852217,0.42137400589902496,-3.2400709035854582,26.1
,,0.02532760867021502,0.03916111833684641,0.028447993788740807,0.09293672079580223,0.6662848996855392,0.27252531026852217,0.42137400589902496,-3.2400709035854582,26.2
,,0.02483384133811887,0.03696487656774107,0.02730930545025012,0.08910802335611007,0.666101937069797,0.27869366194863565,0.4148321910364362,-3.2977870991443172,26.3
,,0.02483384133811887,0.03696487656774107,0.02730930545025012,0.08910802335611007,0.6659189744540549,0.27869366194863565,0.4148321910364362,-3.2977870991443172,26.4
,,0.02483384133811887,0.03696487656774107,0.02730930545025012,0.08910802335611007,0.6657360118383129,0.27869366194863565,0.4148321910364362,-3.2977870991443172,26.5
,,0.02448185549218573,0.03795696063505144,0.02770527146076128,0.09014408758799845,0.6652481313820857,0.27158581496858125,0.4210698854541951,-3.271302376015761,26.6
,,0.02448185549218573,0.03795696063505144,0.02770527146076128,0.09014408758799845,0.6647602509258586,0.27158581496858125,0.4210698854541951,-3.271302376015761,26.7
,,0.02448185549218573,0.03795696063505144,0.02770527146076128,0.09014408758799845,0.6642723704696314,0.27158581496858125,0.4210698854541951,-3.271302376015761,26.8
,,0.02448185549218573,0.03795696063505144,0.02770527146076128,0.09014408758799845,0.6637844900134042,0.27158581496858125,0.4210698854541951,-3.271302376015761,26.9
,,0.02448185549218573,0.03795696063505144,0.02770527146076128,0.09014408758799845,0.6632966095571772,0.27158581496858125,0.4210698854541951,-3.271302376015761,27.0
,,0.02448185549218573,0.03795696063505144,0.02770527146076128,0.09014408758799845,0.6629316533979596,0.27158581496858125,0.4210698854541951,-3.271302376015761,27.1
,,0.02448185549218573,0.03795696063505144,0.02770527146076128,0.09014408758799845,0.6625666972387418,0.27158581496858125,0.4210698854541951,-3.271302376015761,27.2
,,,0.03222755603901088,0.012570292700529137,0.04479784873954002,0.6623995785610713,,0.7193996351562705,-3.434933414791622,27.3
,,,0.03222755603901088,0.012570292700529137,0.04479784873954002,0.6622285734025247,,0.7193996351562705,-3.434933414791622,27.4
,,,0.03222755603901088,0.012570292700529137,0.04479784873954002,0.6620535445931888,,0.7193996351562705,-3.434933414791622,27.5
,,0.024082975846892802,0.03745519856469626,0.0275930959542794,0.08913127036586846,0.6616520721163308,0.27019670815905966,0.4202251175255232,-3.284609765176072,27.6
,,0.024082975846892802,0.03745519856469626,0.0275930959542794,0.08913127036586846,0.6612505996394729,0.27019670815905966,0.4202251175255232,-3.284609765176072,27.7
,,0.024082975846892802,0.03745519856469626,0.0275930959542794,0.08913127036586846,0.6608491271626148,0.27019670815905966,0.4202251175255232,-3.284609765176072,27.8
,,0.024082975846892802,0.03745519856469626,0.0275930959542794,0.08913127036586846,0.660447654685757,0.27019670815905966,0.4202251175255232,-3.284609765176072,27.9
,,0.024082975846892802,0.03745519856469626,0.0275930959542794,0.08913127036586846,0.6600461822088989,0.27019670815905966,0.4202251175255232,-3.284609765176072,28.0
,,0.024082975846892802,0.03745519856469626,0.0275930959542794,0.08913127036586846,0.6600300523464269,0.27019670815905966,0.4202251175255232,-3.284609765176072,28.1
,,,0.03314768498142197,0.013898846179787577,0.04704653116120955,0.6599973451217858,,0.70457234918847,-3.4067823994367226,28.2
,,,0.03314768498142197,0.013898846179787577,0.04704653116120955,0.6599638497712496,,0.70457234918847,-3.4067823994367226,28.3
,,,0.03314768498142197,0.013898846179787577,0.04704653116120955,0.6599295374609443,,0.70457234918847,-3.4067823994367226,28.4
,,0.024123333196841266,0.03827942999964619,0.028508058409476324,0.09091082160596378,0.659532135540197,0.26535161348996944,0.4210657138878508,-3.2628426027996196,28.5
,,0.024123333196841266,0.03827942999964619,0.028508058409476324,0.09091082160596378,0.6591347336194496,0.26535161348996944,0.4210657138878508,-3.2628426027996196,28.6
,,0.024123333196841266,0.03827942999964619,0.028508058409476324,0.09091082160596378,0.6587373316987023,0.26535161348996944,0.4210657138878508,-3.2628426027996196,28.7
,,0.024123333196841266,0.03827942999964619,0.028508058409476324,0.09091082160596378,0.658339929777955,0.26535161348996944,0.4210657138878508,-3.2628426027996196,28.8
,,0.024123333196841266,0.03827942999964619,0.028508058409476324,0.09091082160596378,0.6579425278572076,0.26535161348996944,0.4210657138878508,-3.2628426027996196,28.9
,,0.024123333196841266,0.03827942999964619,0.028508058409476324,0.09091082160596378,0.6575451259364603,0.26535161348996944,0.4210657138878508,-3.2628426027996196,29.0
,,0.024160003416672286,0.03688782983927315,0.029751638407685247,0.09079947166363068,0.6550069097430424,0.2660808810228955,0.4062559964657636,-3.2998735969903144,29.1
,,0.024160003416672286,0.03688782983927315,0.029751638407685247,0.09079947166363068,0.6550872147537239,0.2660808810228955,0.4062559964657636,-3.2998735969903144,29.2
,,0.024160003416672286,0.03688782983927315,0.029751638407685247,0.09079947166363068,0.6551675197644053,0.2660808810228955,0.4062559964657636,-3.2998735969903144,29.3
,,0.024160003416672286,0.03688782983927315,0.029751638407685247,0.09079947166363068,0.6552478247750867,0.2660808810228955,0.4062559964657636,-3.2998735969903144,29.4
,,0.024613636709624957,0.040167615481369094,0.030475700903152908,0.09525695309414696,0.6548136725424929,0.2583920218957469,0.4216764674560768,-3.2146941930557316,29.5
,,0.024613636709624957,0.040167615481369094,0.030475700903152908,0.09525695309414696,0.654379520309899,0.2583920218957469,0.4216764674560768,-3.2146941930557316,29.6
,,0.024613636709624957,0.040167615481369094,0.030475700903152908,0.09525695309414696,0.6539453680773051,0.2583920218957469,0.4216764674560768,-3.2146941930557316,29.7
,,0.024613636709624957,0.040167615481369094,0.030475700903152908,0.09525695309414696,0.6535112158447112,0.2583920218957469,0.4216764674560768,-3.2146941930557316,29.8
,,0.024613636709624957,0.040167615481369094,0.030475700903152908,0.09525695309414696,0.6530770636121173,0.2583920218957469,0.4216764674560768,-3.2146941930557316,29.9
,,0.024613636709624957,0.040167615481369094,0.030475700903152908,0.09525695309414696,0.6526429113795233,0.2583920218957469,0.4216764674560768,-3.2146941930557316,30.0
,,0.023750518014774392,0.03792808523819824,0.019516019295377433,0.08119462254835005,0.6523243065327757,0.29251343585754525,0.46712558107666174,-3.272063406016193,30.1
,,0.023750518014774392,0.03792808523819824,0.019516019295377433,0.08119462254835005,0.6520132875157125,0.29251343585754525,0.46712558107666174,-3.272063406016193,30.2
,,0.023750518014774392,0.03792808523819824,0.019516019295377433,0.08119462254835005,0.6518790516055758,0.29251343585754525,0.46712558107666174,-3.272063406016193,30.3
,,0.023750518014774392,0.03792808523819824,0.019516019295377433,0.08119462254835005,0.651744815695439,0.29251343585754525,0.46712558107666174,-3.272063406016193,30.4
,,0.02443406739875912,0.04418197851736404,0.018329991161767298,0.08694603707789046,0.6507395527763288,0.2810256593623687,0.5081540229117479,-3.1194382988927623,30.5
,,0.02443406739875912,0.04418197851736404,0.018329991161767298,0.08694603707789046,0.6497342898572186,0.2810256593623687,0.5081540229117479,-3.1194382988927623,30.6
,,0.02443406739875912,0.04418197851736404,0.018329991161767298,0.08694603707789046,0.6487290269381083,0.2810256593623687,0.5081540229117479,-3.1194382988927623,30.7
,,0.02443406739875912,0.04418197851736404,0.018329991161767298,0.08694603707789046,0.6477237640189981,0.2810256593623687,0.5081540229117479,-3.1194382988927623,30.8
,,0.02443406739875912,0.04418197851736404,0.018329991161767298,0.08694603707789046,0.6467185010998879,0.2810256593623687,0.5081540229117479,-3.1194382988927623,30.9
,,0.02646373260121031,0.04311843779010453,0.03751801357251891,0.10710018396383375,0.6464360086806755,0.24709325065348858,0.4025991010871189,-3.143804582395196,31.0
,,0.02646373260121031,0.04311843779010453,0.03751801357251891,0.10710018396383375,0.6460298791177684,0.24709325065348858,0.4025991010871189,-3.143804582395196,31.1
,,0.02646373260121031,0.04311843779010453,0.03751801357251891,0.10710018396383375,0.6456237495548615,0.24709325065348858,0.4025991010871189,-3.143804582395196,31.2
,,0.02646373260121031,0.04311843779010453,0.03751801357251891,0.10710018396383375,0.6452176199919544,0.24709325065348858,0.4025991010871189,-3.143804582395196,31.3
,,0.02646373260121031,0.04311843779010453,0.03751801357251891,0.10710018396383375,0.6449686898344783,0.24709325065348858,0.4025991010871189,-3.143804582395196,31.4
,,0.025649709600238248,0.04845981263777612,0.022828775968425464,0.09693829820643983,0.6437144431184117,0.2645983071171171,0.4999036865138285,-3.027020429928592,31.5
,,0.025649709600238248,0.04845981263777612,0.022828775968425464,0.09693829820643983,0.6424601964023452,0.2645983071171171,0.4999036865138285,-3.027020429928592,31.6
,,0.025649709600238248,0.04845981263777612,0.022828775968425464,0.09693829820643983,0.6412059496862786,0.2645983071171171,0.4999036865138285,-3.027020429928592,31.7
,,0.025649709600238248,0.04845981263777612,0.022828775968425464,0.09693829820643983,0.6399517029702121,0.2645983071171171,0.4999036865138285,-3.027020429928592,31.8
,,0.026100793931227984,0.043969501688758295,0.03896609093285581,0.10903638655284209,0.6394630842118662,0.2393769158754982,0.40325530842357327,-3.124259028836164,31.9
,,0.026100793931227984,0.043969501688758295,0.03896609093285581,0.10903638655284209,0.6389744654535201,0.2393769158754982,0.40325530842357327,-3.124259028836164,32.0
,,0.026100793931227984,0.043969501688758295,0.03896609093285581,0.10903638655284209,0.6384858466951743,0.2393769158754982,0.40325530842357327,-3.124259028836164,32.1
,,0.026100793931227984,0.043969501688758295,0.03896609093285581,0.10903638655284209,0.6378270608368604,0.2393769158754982,0.40325530842357327,-3.124259028836164,32.2
,,0.026100793931227984,0.043969501688758295,0.03896609093285581,0.10903638655284209,0.6371682749785464,0.2393769158754982,0.40325530842357327,-3.124259028836164,32.3
,,0.026100793931227984,0.043969501688758295,0.03896609093285581,0.10903638655284209,0.6366441133980393,0.2393769158754982,0.40325530842357327,-3.124259028836164,32.4
,,0.026100793931227984,0.043969501688758295,0.03896609093285581,0.10903638655284209,0.6361199518175321,0.2393769158754982,0.40325530842357327,-3.124259028836164,32.5
,,0.027217070157917585,0.052947207725882676,0.023938993161058214,0.10410327104485848,0.6346485322929445,0.26144298718711395,0.5086027287564051,-2.9384599424917384,32.6
,,0.027217070157917585,0.052947207725882676,0.023938993161058214,0.10410327104485848,0.6331771127683568,0.26144298718711395,0.5086027287564051,-2.9384599424917384,32.7
,,,0.04730700548820804,0.032248643335785025,0.07955564882399307,0.6331233322881366,,0.5946404333005803,-3.0510968868779846,32.8
,,,0.04730700548820804,0.032248643335785025,0.07955564882399307,0.6330682400888864,,0.5946404333005803,-3.0510968868779846,32.9
,,,0.04730700548820804,0.032248643335785025,0.07955564882399307,0.6330117875884204,,0.5946404333005803,-3.0510968868779846,33.0
,,,0.04730700548820804,0.032248643335785025,0.07955564882399307,0.6329539237754427,,0.5946404333005803,-3.0510968868779846,33.1
,,,0.04730700548820804,0.032248643335785025,0.07955564882399307,0.6326696533275926,,0.5946404333005803,-3.0510968868779846,33.2
,,,0.04730700548820804,0.032248643335785025,0.07955564882399307,0.6323780938939004,,0.5946404333005803,-3.0510968868779846,33.3
,,,0.04730700548820804,0.032248643335785025,0.07955564882399307,0.6320789614879044,,0.5946404333005803,-3.0510968868779846,33.4
,,,0.04730700548820804,0.032248643335785025,0.07955564882399307,0.6304591286463259,,0.5946404333005803,-3.0510968868779846,33.5
,,,0.04730700548820804,0.032248643335785025,0.07955564882399307,0.6287961002623051,,0.5946404333005803,-3.0510968868779846,33.6
,,,0.043394061496653064,0.027476670613004982,0.07087073210965805,0.6270881251652028,,0.6122987614902803,-3.1374326791124663,33.7
,,0.019628343504740096,0.03723914709030278,0.026964249474564148,0.08383174006960703,0.6240057293240088,0.2341397600532009,0.4442129801836683,-3.290394729888644,33.8
,,0.019628343504740096,0.03723914709030278,0.026964249474564148,0.08383174006960703,0.6209233334828146,0.2341397600532009,0.4442129801836683,-3.290394729888644,33.9
,,0.019628343504740096,0.03723914709030278,0.026964249474564148,0.08383174006960703,0.6178409376416205,0.2341397600532009,0.4442129801836683,-3.290394729888644,34.0
,,0.019628343504740096,0.03723914709030278,0.026964249474564148,0.08383174006960703,0.6147585418004263,0.2341397600532009,0.4442129801836683,-3.290394729888644,34.1
,,0.019628343504740096,0.03723914709030278,0.026964249474564148,0.08383174006960703,0.6116761459592321,0.2341397600532009,0.4442129801836683,-3.290394729888644,34.2
,,0.019628343504740096,0.03723914709030278,0.026964249474564148,0.08383174006960703,0.6098071966502221,0.2341397600532009,0.4442129801836683,-3.290394729888644,34.3
,,0.019628343504740096,0.03723914709030278,0.026964249474564148,0.08383174006960703,0.607938247341212,0.2341397600532009,0.4442129801836683,-3.290394729888644,34.4
,,0.019628343504740096,0.03723914709030278,0.026964249474564148,0.08383174006960703,0.606069298032202,0.2341397600532009,0.4442129801836683,-3.290394729888644,34.5
,,0.019628343504740096,0.03723914709030278,0.026964249474564148,0.08383174006960703,0.6044522034016463,0.2341397600532009,0.4442129801836683,-3.290394729888644,34.6
,,0.02373432165156774,0.03795667979077061,0.03391209663384212,0.09560309807618048,0.6041622883983943,0.2482589176415105,0.39702353328053414,-3.2713097750623428,34.7
,,0.02373432165156774,0.03795667979077061,0.03391209663384212,0.09560309807618048,0.6038723733951422,0.2482589176415105,0.39702353328053414,-3.2713097750623428,34.8
,,0.02373432165156774,0.03795667979077061,0.03391209663384212,0.09560309807618048,0.60358245839189,0.2482589176415105,0.39702353328053414,-3.2713097750623428,34.9
,,0.02373432165156774,0.03795667979077061,0.03391209663384212,0.09560309807618048,0.603292543388638,0.2482589176415105,0.39702353328053414,-3.2713097750623428,35.0
,,0.02373432165156774,0.03795667979077061,0.03391209663384212,0.09560309807618048,0.603002628385386,0.2482589176415105,0.39702353328053414,-3.2713097750623428,35.1
,,0.02373432165156774,0.03795667979077061,0.03391209663384212,0.09560309807618048,0.6027127133821338,0.2482589176415105,0.39702353328053414,-3.2713097750623428,35.2
,,0.02373432165156774,0.03795667979077061,0.03391209663384212,0.09560309807618048,0.6020840324020307,0.2482589176415105,0.39702353328053414,-3.2713097750623428,35.3
,,0.02373432165156774,0.03795667979077061,0.03391209663384212,0.09560309807618048,0.6014553514219276,0.2482589176415105,0.39702353328053414,-3.2713097750623428,35.4
,,0.02373432165156774,0.03795667979077061,0.03391209663384212,0.09560309807618048,0.6008266704418245,0.2482589176415105,0.39702353328053414,-3.2713097750623428,35.5
,,0.022556579430198537,0.03492230192898366,0.03095578515569547,0.08843466651487766,0.6008390717532267,0.25506490066770104,0.3948938047175036,-3.3546296301093803,35.6
,,0.023931467378074132,0.03622674673782107,0.031751058079090476,0.09190927219498568,0.6010500485945102,0.2603814262319854,0.39415769348021784,-3.3179575728124,35.7
,,0.023931467378074132,0.03622674673782107,0.031751058079090476,0.09190927219498568,0.6012610254357936,0.2603814262319854,0.39415769348021784,-3.3179575728124,35.8
,,0.023931467378074132,0.03622674673782107,0.031751058079090476,0.09190927219498568,0.601472002277077,0.2603814262319854,0.39415769348021784,-3.3179575728124,35.9
,,0.023931467378074132,0.03622674673782107,0.031751058079090476,0.09190927219498568,0.6016829791183604,0.2603814262319854,0.39415769348021784,-3.3179575728124,36.0
,,0.023931467378074132,0.03622674673782107,0.031751058079090476,0.09190927219498568,0.6018939559596439,0.2603814262319854,0.39415769348021784,-3.3179575728124,36.1
,,0.023931467378074132,0.03622674673782107,0.031751058079090476,0.09190927219498568,0.6021049328009273,0.2603814262319854,0.39415769348021784,-3.3179575728124,36.2
,,0.023931467378074132,0.03622674673782107,0.031751058079090476,0.09190927219498568,0.6028848959161136,0.2603814262319854,0.39415769348021784,-3.3179575728124,36.3
,,0.023931467378074132,0.03622674673782107,0.031751058079090476,0.09190927219498568,0.6036443336861634,0.2603814262319854,0.39415769348021784,-3.3179575728124,36.4
,,0.014595445044021528,0.026700007182395773,0.022619372927271363,0.06391482515368865,0.6029040921415235,0.22835774030399886,0.4177435691671428,-3.6230914445723825,36.5
,,0.014595445044021528,0.026700007182395773,0.022619372927271363,0.06391482515368865,0.6016529865971826,0.22835774030399886,0.4177435691671428,-3.6230914445723825,36.6
,,0.022846585113213486,0.03318163445531281,0.028169760419982207,0.0841979799885085,0.6022445472893623,0.27134362506477744,0.3940906237874294,-3.4057587351765206,36.7
,,0.022846585113213486,0.03318163445531281,0.028169760419982207,0.0841979799885085,0.6028361079815419,0.27134362506477744,0.3940906237874294,-3.4057587351765206,36.8
,,0.022846585113213486,0.03318163445531281,0.028169760419982207,0.0841979799885085,0.6034276686737214,0.27134362506477744,0.3940906237874294,-3.4057587351765206,36.9
,,0.022846585113213486,0.03318163445531281,0.028169760419982207,0.0841979799885085,0.6040192293659011,0.27134362506477744,0.3940906237874294,-3.4057587351765206,37.0
,,0.022846585113213486,0.03318163445531281,0.028169760419982207,0.0841979799885085,0.6046107900580807,0.27134362506477744,0.3940906237874294,-3.4057587351765206,37.1
,,0.022846585113213486,0.03318163445531281,0.028169760419982207,0.0841979799885085,0.6056866906337589,0.27134362506477744,0.3940906237874294,-3.4057587351765206,37.2
,,0.022846585113213486,0.03318163445531281,0.028169760419982207,0.0841979799885085,0.6067353532201795,0.27134362506477744,0.3940906237874294,-3.4057587351765206,37.3
,,0.022846585113213486,0.03318163445531281,0.028169760419982207,0.0841979799885085,0.6077577992419394,0.27134362506477744,0.3940906237874294,-3.4057587351765206,37.4
,,0.019844542859028654,0.028373740930247013,0.02283275457436867,0.07105103836364433,0.6086228952613066,0.27929982891260297,0.3993430860929599,-3.5622911766673666,37.5
,,0.019844542859028654,0.028373740930247013,0.02283275457436867,0.07105103836364433,0.6094879912806738,0.27929982891260297,0.3993430860929599,-3.5622911766673666,37.6
,,0.021468250439377987,0.03072804122639055,0.024979831281480916,0.07717612294724946,0.6103437774934608,0.27817218097431146,0.39815476669375355,-3.4825796462839222,37.7
,,0.021468250439377987,0.03072804122639055,0.024979831281480916,0.07717612294724946,0.6111995637062477,0.27817218097431146,0.39815476669375355,-3.4825796462839222,37.8
,,0.021468250439377987,0.03072804122639055,0.024979831281480916,0.07717612294724946,0.6120553499190348,0.27817218097431146,0.39815476669375355,-3.4825796462839222,37.9
,,0.021468250439377987,0.03072804122639055,0.024979831281480916,0.07717612294724946,0.6129111361318218,0.27817218097431146,0.39815476669375355,-3.4825796462839222,38.0
,,0.021468250439377987,0.03072804122639055,0.024979831281480916,0.07717612294724946,0.6134573204287926,0.27817218097431146,0.39815476669375355,-3.4825796462839222,38.1
,,0.021468250439377987,0.03072804122639055,0.024979831281480916,0.07717612294724946,0.6140035047257635,0.27817218097431146,0.39815476669375355,-3.4825796462839222,38.2
,,0.021468250439377987,0.03072804122639055,0.024979831281480916,0.07717612294724946,0.6145496890227344,0.27817218097431146,0.39815476669375355,-3.4825796462839222,38.3
,,0.018336198625790157,0.02615506923406402,0.019915287164381783,0.06440655502423595,0.615125920368435,0.28469460319512996,0.4060932807882981,-3.6437122550950476,38.4
,,0.018336198625790157,0.02615506923406402,0.019915287164381783,0.06440655502423595,0.616229470388493,0.28469460319512996,0.4060932807882981,-3.6437122550950476,38.5
,,0.018336198625790157,0.02615506923406402,0.019915287164381783,0.06440655502423595,0.617333020408551,0.28469460319512996,0.4060932807882981,-3.6437122550950476,38.6
,,0.01852066939595745,0.027102075330703752,0.021017852725721382,0.06664059745238259,0.618215445924723,0.2779187177784716,0.4066901613550101,-3.608144973559843,38.7
,,0.01852066939595745,0.027102075330703752,0.021017852725721382,0.06664059745238259,0.6190978714408951,0.2779187177784716,0.4066901613550101,-3.608144973559843,38.8
,,0.01852066939595745,0.027102075330703752,0.021017852725721382,0.06664059745238259,0.6199802969570671,0.2779187177784716,0.4066901613550101,-3.608144973559843,38.9
,,0.01852066939595745,0.027102075330703752,0.021017852725721382,0.06664059745238259,0.6208627224732391,0.2779187177784716,0.4066901613550101,-3.608144973559843,39.0
,,0.01852066939595745,0.027102075330703752,0.021017852725721382,0.06664059745238259,0.6215773286385644,0.2779187177784716,0.4066901613550101,-3.608144973559843,39.1
,,0.01852066939595745,0.027102075330703752,0.021017852725721382,0.06664059745238259,0.6222919348038894,0.2779187177784716,0.4066901613550101,-3.608144973559843,39.2
,,0.01852066939595745,0.027102075330703752,0.021017852725721382,0.06664059745238259,0.6230065409692147,0.2779187177784716,0.4066901613550101,-3.608144973559843,39.3
,,0.015399296212978964,0.02276831131836261,0.016690482006036886,0.05485808953737846,0.6236334040252182,0.28071149292368996,0.41504017931300813,-3.7823855642230884,39.4
,,0.015399296212978964,0.02276831131836261,0.016690482006036886,0.05485808953737846,0.6251748454406438,0.28071149292368996,0.41504017931300813,-3.7823855642230884,39.5
,,0.015399296212978964,0.02276831131836261,0.016690482006036886,0.05485808953737846,0.6267162868560694,0.28071149292368996,0.41504017931300813,-3.7823855642230884,39.6
,,0.016692368106510067,0.033716011718342195,0.02723540556761333,0.07764378539246558,0.6259919721932286,0.21498653140280646,0.4342396696389553,-3.389782429286688,39.7
,,0.016692368106510067,0.033716011718342195,0.02723540556761333,0.07764378539246558,0.6252676575303876,0.21498653140280646,0.4342396696389553,-3.389782429286688,39.8
,,0.016692368106510067,0.033716011718342195,0.02723540556761333,0.07764378539246558,0.6245433428675466,0.21498653140280646,0.4342396696389553,-3.389782429286688,39.9
,,0.016692368106510067,0.033716011718342195,0.02723540556761333,0.07764378539246558,0.6230601191798131,0.21498653140280646,0.4342396696389553,-3.389782429286688,40.0
,,0.016692368106510067,0.033716011718342195,0.02723540556761333,0.07764378539246558,0.6215768954920795,0.21498653140280646,0.4342396696389553,-3.389782429286688,40.1
,,0.016692368106510067,0.033716011718342195,0.02723540556761333,0.07764378539246558,0.6200936718043459,0.21498653140280646,0.4342396696389553,-3.389782429286688,40.2
,,0.012077659137380988,0.019180154642594167,0.014054100479909949,0.04531191425988511,0.620293052373945,0.2665448885719094,0.42329164317770757,-3.9538791468589225,40.3
,,0.012077659137380988,0.019180154642594167,0.014054100479909949,0.04531191425988511,0.6204924329435442,0.2665448885719094,0.42329164317770757,-3.9538791468589225,40.4
,,0.012077659137380988,0.019180154642594167,0.014054100479909949,0.04531191425988511,0.6217473958996633,0.2665448885719094,0.42329164317770757,-3.9538791468589225,40.5
,,0.012077659137380988,0.019180154642594167,0.014054100479909949,0.04531191425988511,0.6230023588557824,0.2665448885719094,0.42329164317770757,-3.9538791468589225,40.6
,,0.011006194207585992,0.018752286274386226,0.014126918360445091,0.04388539884241731,0.6237226949363852,0.2507939883856766,0.4273012612172333,-3.9764395993652086,40.7
,,0.011006194207585992,0.018752286274386226,0.014126918360445091,0.04388539884241731,0.6244430310169881,0.2507939883856766,0.4273012612172333,-3.9764395993652086,40.8
,,0.011006194207585992,0.018752286274386226,0.014126918360445091,0.04388539884241731,0.6243594577419842,0.2507939883856766,0.4273012612172333,-3.9764395993652086,40.9
,,0.011006194207585992,0.018752286274386226,0.014126918360445091,0.04388539884241731,0.6242758844669805,0.2507939883856766,0.4273012612172333,-3.9764395993652086,41.0
,,0.011006194207585992,0.018752286274386226,0.014126918360445091,0.04388539884241731,0.6241923111919766,0.2507939883856766,0.4273012612172333,-3.9764395993652086,41.1
,,0.011006194207585992,0.018752286274386226,0.014126918360445091,0.04388539884241731,0.6241087379169727,0.2507939883856766,0.4273012612172333,-3.9764395993652086,41.2
,,0.008974095749052446,0.015717051925986103,0.011885094177524803,0.03657624185256335,0.6238258252953987,0.24535313893719568,0.4297065835615535,-4.153009046083127,41.3
,,0.008974095749052446,0.015717051925986103,0.011885094177524803,0.03657624185256335,0.6235429126738244,0.24535313893719568,0.4297065835615535,-4.153009046083127,41.4
,,0.008974095749052446,0.015717051925986103,0.011885094177524803,0.03657624185256335,0.6232600000522504,0.24535313893719568,0.4297065835615535,-4.153009046083127,41.5
,,0.008974095749052446,0.015717051925986103,0.011885094177524803,0.03657624185256335,0.6239717082719609,0.24535313893719568,0.4297065835615535,-4.153009046083127,41.6
,,0.008028453645026152,0.015283398569116563,0.011879686370907238,0.035191538585049954,0.6241125066250123,0.22813590902322167,0.4342918549065441,-4.180988100530499,41.7
,,0.008028453645026152,0.015283398569116563,0.011879686370907238,0.035191538585049954,0.6228926672939058,0.22813590902322167,0.4342918549065441,-4.180988100530499,41.8
,,0.008028453645026152,0.015283398569116563,0.011879686370907238,0.035191538585049954,0.621702580141607,0.22813590902322167,0.4342918549065441,-4.180988100530499,41.9
,,0.008028453645026152,0.015283398569116563,0.011879686370907238,0.035191538585049954,0.6205411697881585,0.22813590902322167,0.4342918549065441,-4.180988100530499,42.0
,,0.008028453645026152,0.015283398569116563,0.011879686370907238,0.035191538585049954,0.6194074120621732,0.22813590902322167,0.4342918549065441,-4.180988100530499,42.1
,,0.008028453645026152,0.015283398569116563,0.011879686370907238,0.035191538585049954,0.618300330988564,0.22813590902322167,0.4342918549065441,-4.180988100530499,42.2
,,0.006559065434641018,0.012889836585493739,0.010345584563205529,0.029794486583340284,0.6170277177518598,0.2201435965776483,0.4326248935164114,-4.351316139730197,42.3
,,0.006559065434641018,0.012889836585493739,0.010345584563205529,0.029794486583340284,0.6157843599918613,0.2201435965776483,0.4326248935164114,-4.351316139730197,42.4
,,0.006559065434641018,0.012889836585493739,0.010345584563205529,0.029794486583340284,0.6145692603627719,0.2201435965776483,0.4326248935164114,-4.351316139730197,42.5
,,0.006559065434641018,0.012889836585493739,0.010345584563205529,0.029794486583340284,0.6133814663433251,0.2201435965776483,0.4326248935164114,-4.351316139730197,42.6
,,0.005728566971570877,0.012318627934201565,0.010167571604566581,0.028214766510339023,0.6117331486682933,0.20303435683126067,0.4366021575860827,-4.396642696055894,42.7
,,0.005728566971570877,0.012318627934201565,0.010167571604566581,0.028214766510339023,0.6110436365615263,0.20303435683126067,0.4366021575860827,-4.396642696055894,42.8
,,0.005728566971570877,0.012318627934201565,0.010167571604566581,0.028214766510339023,0.6103541244547592,0.20303435683126067,0.4366021575860827,-4.396642696055894,42.9
,,0.005728566971570877,0.012318627934201565,0.010167571604566581,0.028214766510339023,0.6096646123479921,0.20303435683126067,0.4366021575860827,-4.396642696055894,43.0
,,0.005728566971570877,0.012318627934201565,0.010167571604566581,0.028214766510339023,0.608975100241225,0.20303435683126067,0.4366021575860827,-4.396642696055894,43.1
,,0.005728566971570877,0.012318627934201565,0.010167571604566581,0.028214766510339023,0.6082855881344579,0.20303435683126067,0.4366021575860827,-4.396642696055894,43.2
,,0.009667712856490514,0.02280871374391346,0.02330624778475574,0.055782674385159714,0.607138605209542,0.1733103147715429,0.4088852676088516,-3.7806126342839947,43.3
,,0.009667712856490514,0.02280871374391346,0.02330624778475574,0.055782674385159714,0.6059916222846261,0.1733103147715429,0.4088852676088516,-3.7806126342839947,43.4
,,0.009667712856490514,0.02280871374391346,0.02330624778475574,0.055782674385159714,0.6048446393597102,0.1733103147715429,0.4088852676088516,-3.7806126342839947,43.5
,,0.009667712856490514,0.02280871374391346,0.02330624778475574,0.055782674385159714,0.6036976564347943,0.1733103147715429,0.4088852676088516,-3.7806126342839947,43.6
,,0.004247017218065094,0.0100755291935534,0.009112052205562838,0.023434598617181335,0.6014334094625523,0.18122850267003707,0.4299424691731829,-4.5976456471140725,43.7
,,0.004247017218065094,0.0100755291935534,0.009112052205562838,0.023434598617181335,0.5991691624903105,0.18122850267003707,0.4299424691731829,-4.5976456471140725,43.8
,,0.004247017218065094,0.0100755291935534,0.009112052205562838,0.023434598617181335,0.5969049155180687,0.18122850267003707,0.4299424691731829,-4.5976456471140725,43.9
,,0.004247017218065094,0.0100755291935534,0.009112052205562838,0.023434598617181335,0.5946406685458268,0.18122850267003707,0.4299424691731829,-4.5976456471140725,44.0
,,0.004247017218065094,0.0100755291935534,0.009112052205562838,0.023434598617181335,0.5923764215735848,0.18122850267003707,0.4299424691731829,-4.5976456471140725,44.1
,,0.0036919524689403124,0.008957784544202166,0.008550867477626116,0.021200604490768594,0.5900080873240319,0.17414373588016813,0.4225249590455152,-4.715232343260985,44.2
,,0.0036919524689403124,0.008957784544202166,0.008550867477626116,0.021200604490768594,0.5876397530744789,0.17414373588016813,0.4225249590455152,-4.715232343260985,44.3
,,0.0036919524689403124,0.008957784544202166,0.008550867477626116,0.021200604490768594,0.585271418824926,0.17414373588016813,0.4225249590455152,-4.715232343260985,44.4
,,0.0036919524689403124,0.008957784544202166,0.008550867477626116,0.021200604490768594,0.582903084575373,0.17414373588016813,0.4225249590455152,-4.715232343260985,44.5
,,0.0036919524689403124,0.008957784544202166,0.008550867477626116,0.021200604490768594,0.5803057801079454,0.17414373588016813,0.4225249590455152,-4.715232343260985,44.6
,,0.0036919524689403124,0.008957784544202166,0.008550867477626116,0.021200604490768594,0.57754520242706,0.17414373588016813,0.4225249590455152,-4.715232343260985,44.7
,,0.0034096834698140207,0.008490619987224708,0.006092414948272059,0.01799271840531079,0.5746672049146763,0.18950351986877131,0.4718920063084291,-4.76879325573917,44.8
,,0.0034096834698140207,0.008490619987224708,0.006092414948272059,0.01799271840531079,0.5717892074022924,0.18950351986877131,0.4718920063084291,-4.76879325573917,44.9
,,0.0034096834698140207,0.008490619987224708,0.006092414948272059,0.01799271840531079,0.5689112098899087,0.18950351986877131,0.4718920063084291,-4.76879325573917,45.0
,,0.0031242601024868053,0.0078011558510858855,0.008091934850240809,0.019017350803813497,0.566021039378697,0.164284717399245,0.410212543879747,-4.853483370228405,45.1
,,0.0031242601024868053,0.0078011558510858855,0.008091934850240809,0.019017350803813497,0.5631308688674852,0.164284717399245,0.410212543879747,-4.853483370228405,45.2
,,0.0031242601024868053,0.0078011558510858855,0.008091934850240809,0.019017350803813497,0.5602406983562734,0.164284717399245,0.410212543879747,-4.853483370228405,45.3
,,0.0031242601024868053,0.0078011558510858855,0.008091934850240809,0.019017350803813497,0.5573505278450616,0.164284717399245,0.410212543879747,-4.853483370228405,45.4
,,0.0031242601024868053,0.0078011558510858855,0.008091934850240809,0.019017350803813497,0.5557265399081943,0.164284717399245,0.410212543879747,-4.853483370228405,45.5
,,0.0031242601024868053,0.0078011558510858855,0.008091934850240809,0.019017350803813497,0.554102551971327,0.164284717399245,0.410212543879747,-4.853483370228405,45.6
,,0.0031242601024868053,0.0078011558510858855,0.008091934850240809,0.019017350803813497,0.5509020606987698,0.164284717399245,0.410212543879747,-4.853483370228405,45.7
,,0.0030716007427446755,0.007331349742073834,0.005785237576643463,0.016188188061461974,0.5479069155688313,0.18974333205684762,0.45288266446119674,-4.915595640598077,45.8
,,0.0030716007427446755,0.007331349742073834,0.005785237576643463,0.016188188061461974,0.5449117704388928,0.18974333205684762,0.45288266446119674,-4.915595640598077,45.9
,,0.005345248711910299,0.011152976330084535,0.014562750369665992,0.031060975411660825,0.5425866097180002,0.1720888877785725,0.3590671632899692,-4.496048881263342,46.0
,,0.005345248711910299,0.011152976330084535,0.014562750369665992,0.031060975411660825,0.5402614489971077,0.1720888877785725,0.3590671632899692,-4.496048881263342,46.1
,,0.005345248711910299,0.011152976330084535,0.014562750369665992,0.031060975411660825,0.5379362882762151,0.1720888877785725,0.3590671632899692,-4.496048881263342,46.2
,,0.005345248711910299,0.011152976330084535,0.014562750369665992,0.031060975411660825,0.5356111275553226,0.1720888877785725,0.3590671632899692,-4.496048881263342,46.3
,,0.005345248711910299,0.011152976330084535,0.014562750369665992,0.031060975411660825,0.53328596683443,0.1720888877785725,0.3590671632899692,-4.496048881263342,46.4
,,0.005345248711910299,0.011152976330084535,0.014562750369665992,0.031060975411660825,0.5308400600212776,0.1720888877785725,0.3590671632899692,-4.496048881263342,46.5
,,0.005345248711910299,0.011152976330084535,0.014562750369665992,0.031060975411660825,0.5283941532081251,0.1720888877785725,0.3590671632899692,-4.496048881263342,46.6
,,0.005345248711910299,0.011152976330084535,0.014562750369665992,0.031060975411660825,0.5259565217785994,0.1720888877785725,0.3590671632899692,-4.496048881263342,46.7
,,0.005345248711910299,0.011152976330084535,0.014562750369665992,0.031060975411660825,0.5235188903490738,0.1720888877785725,0.3590671632899692,-4.496048881263342,46.8
,,0.0031064666280901333,0.006602757975406293,0.005566175312810215,0.01527539991630664,0.5209836321398303,0.20336401306089208,0.4322477978699454,-5.0202678421736655,46.9
,,0.003172582564836258,0.00657590631370049,0.007660007262857088,0.017408496141393837,0.5185814339345917,0.18224334480521304,0.37774120523049276,-5.02434286802979,47.0
,,0.003172582564836258,0.00657590631370049,0.007660007262857088,0.017408496141393837,0.516179235729353,0.18224334480521304,0.37774120523049276,-5.02434286802979,47.1
,,0.003172582564836258,0.00657590631370049,0.007660007262857088,0.017408496141393837,0.5137770375241142,0.18224334480521304,0.37774120523049276,-5.02434286802979,47.2
,,0.003172582564836258,0.00657590631370049,0.007660007262857088,0.017408496141393837,0.5113748393188756,0.18224334480521304,0.37774120523049276,-5.02434286802979,47.3
,,0.003172582564836258,0.00657590631370049,0.007660007262857088,0.017408496141393837,0.5089459326258771,0.18224334480521304,0.37774120523049276,-5.02434286802979,47.4
,,0.003172582564836258,0.00657590631370049,0.007660007262857088,0.017408496141393837,0.5065170259328785,0.18224334480521304,0.37774120523049276,-5.02434286802979,47.5
,,0.003172582564836258,0.00657590631370049,0.007660007262857088,0.017408496141393837,0.5040881192398801,0.18224334480521304,0.37774120523049276,-5.02434286802979,47.6
,,0.003172582564836258,0.00657590631370049,0.007660007262857088,0.017408496141393837,0.5018557676614468,0.18224334480521304,0.37774120523049276,-5.02434286802979,47.7
,,0.003172582564836258,0.00657590631370049,0.007660007262857088,0.017408496141393837,0.49962341608301336,0.18224334480521304,0.37774120523049276,-5.02434286802979,47.8
,,0.003172582564836258,0.00657590631370049,0.007660007262857088,0.017408496141393837,0.49739106450458004,0.18224334480521304,0.37774120523049276,-5.02434286802979,47.9
,,0.0035007923960720423,0.00639056063000396,0.00546493865924994,0.015356291685325941,0.4958848375115335,0.22797120996453235,0.4161525947120819,-5.0529332789163535,48.0
,,0.003698491059808447,0.006744110741289277,0.007743797964271019,0.018186399765368743,0.49438523608221685,0.20336576274163176,0.3708326457296775,-4.999085637704282,48.1
,,0.003698491059808447,0.006744110741289277,0.007743797964271019,0.018186399765368743,0.49288563465290025,0.20336576274163176,0.3708326457296775,-4.999085637704282,48.2
,,0.003698491059808447,0.006744110741289277,0.007743797964271019,0.018186399765368743,0.4913860332235836,0.20336576274163176,0.3708326457296775,-4.999085637704282,48.3
,,0.003698491059808447,0.006744110741289277,0.007743797964271019,0.018186399765368743,0.48996442566921955,0.20336576274163176,0.3708326457296775,-4.999085637704282,48.4
,,0.003698491059808447,0.006744110741289277,0.007743797964271019,0.018186399765368743,0.4885428181148554,0.20336576274163176,0.3708326457296775,-4.999085637704282,48.5
,,0.003698491059808447,0.006744110741289277,0.007743797964271019,0.018186399765368743,0.48712121056049135,0.20336576274163176,0.3708326457296775,-4.999085637704282,48.6
,,0.003698491059808447,0.006744110741289277,0.007743797964271019,0.018186399765368743,0.487713608409031,0.20336576274163176,0.3708326457296775,-4.999085637704282,48.7
,,0.003698491059808447,0.006744110741289277,0.007743797964271019,0.018186399765368743,0.48830600625757054,0.20336576274163176,0.3708326457296775,-4.999085637704282,48.8
,,0.003698491059808447,0.006744110741289277,0.007743797964271019,0.018186399765368743,0.4888984041061101,0.20336576274163176,0.3708326457296775,-4.999085637704282,48.9
,,0.008045738098360244,0.0104442952896754,0.010850849359636039,0.02934088274767168,0.4919568525536883,0.27421595210862243,0.3559639080901271,-4.561699354926083,49.0
,,0.004412348466850017,0.0074687071106837016,0.007946700149772012,0.019827755727305732,0.49302008383533746,0.22253393311546424,0.3766793989900831,-4.8970333723694415,49.1
,,0.004412348466850017,0.0074687071106837016,0.007946700149772012,0.019827755727305732,0.4940833151169868,0.22253393311546424,0.3766793989900831,-4.8970333723694415,49.2
,,0.004412348466850017,0.0074687071106837016,0.007946700149772012,0.019827755727305732,0.4936508981698958,0.22253393311546424,0.3766793989900831,-4.8970333723694415,49.3
,,0.004412348466850017,0.0074687071106837016,0.007946700149772012,0.019827755727305732,0.4932184812228048,0.22253393311546424,0.3766793989900831,-4.8970333723694415,49.4
,,0.004412348466850017,0.0074687071106837016,0.007946700149772012,0.019827755727305732,0.4927860642757139,0.22253393311546424,0.3766793989900831,-4.8970333723694415,49.5
,,0.004412348466850017,0.0074687071106837016,0.007946700149772012,0.019827755727305732,0.49235364732862297,0.22253393311546424,0.3766793989900831,-4.8970333723694415,49.6
,,0.004412348466850017,0.0074687071106837016,0.007946700149772012,0.019827755727305732,0.4923964542708799,0.22253393311546424,0.3766793989900831,-4.8970333723694415,49.7
,,0.004412348466850017,0.0074687071106837016,0.007946700149772012,0.019827755727305732,0.49243926121313664,0.22253393311546424,0.3766793989900831,-4.8970333723694415,49.8
,,0.004412348466850017,0.0074687071106837016,0.007946700149772012,0.019827755727305732,0.4924820681553935,0.22253393311546424,0.3766793989900831,-4.8970333723694415,49.9
,,0.004957165759476058,0.007638433848495316,0.005533029202371032,0.018128628810342405,0.49317152664472835,0.27344405422697987,0.421346475147507,-4.874562690470224,50.0
,,,0.011542564208629785,0.015804487580995372,0.027347051789625158,0.4921181116872114,,0.4220770961866086,-4.461713840797668,50.1
,,,0.011542564208629785,0.015804487580995372,0.027347051789625158,0.49104075548066,,0.4220770961866086,-4.461713840797668,50.2
,,,0.011542564208629785,0.015804487580995372,0.027347051789625158,0.490121933013333,,0.4220770961866086,-4.461713840797668,50.3
,,,0.011542564208629785,0.015804487580995372,0.027347051789625158,0.4891817425816496,,0.4220770961866086,-4.461713840797668,50.4
,,,0.011542564208629785,0.015804487580995372,0.027347051789625158,0.4882194300221618,,0.4220770961866086,-4.461713840797668,50.5
,,,0.011542564208629785,0.015804487580995372,0.027347051789625158,0.48723420525887673,,0.4220770961866086,-4.461713840797668,50.6
,,,0.011542564208629785,0.015804487580995372,0.027347051789625158,0.48677551471012354,,0.4220770961866086,-4.461713840797668,50.7
,,,0.011542564208629785,0.015804487580995372,0.027347051789625158,0.48630563658701054,,0.4220770961866086,-4.461713840797668,50.8
,,,0.011542564208629785,0.015804487580995372,0.027347051789625158,0.4858241565349317,,0.4220770961866086,-4.461713840797668,50.9
,,0.010678859154670524,0.01191186925565076,0.011088816393934367,0.03367954480425565,0.490406667999355,0.317072550022148,0.3536826083868453,-4.430219959512683,51.0
,,0.010678859154670524,0.01191186925565076,0.011088816393934367,0.03367954480425565,0.49498917946377835,0.317072550022148,0.3536826083868453,-4.430219959512683,51.1
,,0.005585818158735683,0.010501965548253753,0.008178185262267235,0.024265968969256674,0.4950703843413203,0.23019143252892696,0.43278574869847675,-4.556192844265684,51.2
,,0.005585818158735683,0.010501965548253753,0.008178185262267235,0.024265968969256674,0.495354674751867,0.23019143252892696,0.43278574869847675,-4.556192844265684,51.3
,,0.005585818158735683,0.010501965548253753,0.008178185262267235,0.024265968969256674,0.4956389651624139,0.23019143252892696,0.43278574869847675,-4.556192844265684,51.4
,,0.005585818158735683,0.010501965548253753,0.008178185262267235,0.024265968969256674,0.49592325557296074,0.23019143252892696,0.43278574869847675,-4.556192844265684,51.5
,,0.005585818158735683,0.010501965548253753,0.008178185262267235,0.024265968969256674,0.4962075459835076,0.23019143252892696,0.43278574869847675,-4.556192844265684,51.6
,,0.005585818158735683,0.010501965548253753,0.008178185262267235,0.024265968969256674,0.4970328575920979,0.23019143252892696,0.43278574869847675,-4.556192844265684,51.7
,,0.005585818158735683,0.010501965548253753,0.008178185262267235,0.024265968969256674,0.49785816920068826,0.23019143252892696,0.43278574869847675,-4.556192844265684,51.8
,,0.006074795548295508,0.011211321736798374,0.005777139099785552,0.023063256384879435,0.4988064636432755,0.26339713034965095,0.48611182868992686,-4.490831141908458,51.9
,,0.006074795548295508,0.011211321736798374,0.005777139099785552,0.023063256384879435,0.4997547580858629,0.26339713034965095,0.48611182868992686,-4.490831141908458,52.0
,,0.006074795548295508,0.011211321736798374,0.005777139099785552,0.023063256384879435,0.5007030525284502,0.26339713034965095,0.48611182868992686,-4.490831141908458,52.1
,,0.005748184650545597,0.012384952699116053,0.008324562945060602,0.026457700294722254,0.5006918626082968,0.21725942113314503,0.4681039002315173,-4.391273035255532,52.2
,,0.005748184650545597,0.012384952699116053,0.008324562945060602,0.026457700294722254,0.5011889735971975,0.21725942113314503,0.4681039002315173,-4.391273035255532,52.3
,,0.005748184650545597,0.012384952699116053,0.008324562945060602,0.026457700294722254,0.5016860845860984,0.21725942113314503,0.4681039002315173,-4.391273035255532,52.4
,,0.0057308594883339605,0.01241684638921423,0.008284632888078031,0.026432338765626222,0.502151251847737,0.21681242583749807,0.4697596568852108,-4.388701148630298,52.5
,,0.005748184650545597,0.012384952699116053,0.008324562945060602,0.026457700294722254,0.5026483628366378,0.21725942113314503,0.4681039002315173,-4.391273035255532,52.6
,,0.0057308594883339605,0.01241684638921423,0.008284632888078031,0.026432338765626222,0.5031424495036947,0.21681242583749807,0.4697596568852108,-4.388701148630298,52.7
,,0.0057308594883339605,0.01241684638921423,0.008284632888078031,0.026432338765626222,0.5036365361707514,0.21681242583749807,0.4697596568852108,-4.388701148630298,52.8
,,0.006127502759381432,0.013412548946064088,0.005993904146880325,0.025533955852325846,0.504072714712038,0.23997467508832118,0.5252828438975452,-4.311564521744815,52.9
,,0.006127502759381432,0.013412548946064088,0.005993904146880325,0.025533955852325846,0.5045088932533245,0.23997467508832118,0.5252828438975452,-4.311564521744815,53.0
,,0.006127502759381432,0.013412548946064088,0.005993904146880325,0.025533955852325846,0.504945071794611,0.23997467508832118,0.5252828438975452,-4.311564521744815,53.1
,,0.006135754419556324,0.013430760176620617,0.00600178551177976,0.0255683001079567,0.5054968402561051,0.23997506262244295,0.5252895233516539,-4.3102076671731755,53.2
,,0.005605237599140041,0.014115736931242712,0.008364199497226757,0.02808517402760951,0.50531092932841,0.19957994896630288,0.5026045741203542,-4.260465009553969,53.3
,,0.005605237599140041,0.014115736931242712,0.008364199497226757,0.02808517402760951,0.5051250184007148,0.19957994896630288,0.5026045741203542,-4.260465009553969,53.4
,,0.005605237599140041,0.014115736931242712,0.008364199497226757,0.02808517402760951,0.5049391074730196,0.19957994896630288,0.5026045741203542,-4.260465009553969,53.5
,,0.005605237599140041,0.014115736931242712,0.008364199497226757,0.02808517402760951,0.5047531965453246,0.19957994896630288,0.5026045741203542,-4.260465009553969,53.6
,,0.005605237599140041,0.014115736931242712,0.008364199497226757,0.02808517402760951,0.5045672856176293,0.19957994896630288,0.5026045741203542,-4.260465009553969,53.7
,,0.005605237599140041,0.014115736931242712,0.008364199497226757,0.02808517402760951,0.5045118411693766,0.19957994896630288,0.5026045741203542,-4.260465009553969,53.8
,,0.005605237599140041,0.014115736931242712,0.008364199497226757,0.02808517402760951,0.504456396721124,0.19957994896630288,0.5026045741203542,-4.260465009553969,53.9
,,0.005677574888627006,0.014787193761783404,0.005820768111160862,0.026285536761571273,0.5042387394760062,0.21599615560932592,0.5625600837416367,-4.213993759154394,54.0
,,0.005677574888627006,0.014787193761783404,0.005820768111160862,0.026285536761571273,0.5040346077851418,0.21599615560932592,0.5625600837416367,-4.213993759154394,54.1
,,0.005362898009176064,0.015276489037609317,0.008298411181728412,0.028937798228513795,0.503424346599882,0.18532501909187218,0.5279077874887061,-4.181440296671656,54.2
,,0.005656851783571335,0.014726461803419489,0.005801050232717867,0.026184363819708692,0.5032223904344297,0.21603930584379838,0.5624143441031414,-4.2181092807949065,54.3
,,,0.014916707244435673,0.007928305465273797,0.02284501270970947,0.5045065850594747,,0.6529524598642859,-4.205273402635719,54.4
,,,0.014916707244435673,0.007928305465273797,0.02284501270970947,0.5058232909408499,,0.6529524598642859,-4.205273402635719,54.5
,,,0.014925209815283436,0.00794943190734164,0.022874641722625075,0.5071737585114909,,0.652478408023373,-4.204703561826844,54.6
,,,0.014925209815283436,0.00794943190734164,0.022874641722625075,0.5085593031618891,,0.652478408023373,-4.204703561826844,54.7
,,,0.014925209815283436,0.00794943190734164,0.022874641722625075,0.5097381364499861,,0.652478408023373,-4.204703561826844,54.8
,,,0.014925209815283436,0.00794943190734164,0.022874641722625075,0.5109484052924324,,0.652478408023373,-4.204703561826844,54.9
,,,0.014925209815283436,0.00794943190734164,0.022874641722625075,0.5113765382006997,,0.652478408023373,-4.204703561826844,55.0
,,0.0052311252594472385,0.01564068980073249,0.005614844600950051,0.02648665966112978,0.5094196409477036,0.19750037665655976,0.5905119785144451,-4.157879439931396,55.1
,,0.0052311252594472385,0.01564068980073249,0.005614844600950051,0.02648665966112978,0.5074627436947077,0.19750037665655976,0.5905119785144451,-4.157879439931396,55.2
,,0.0052311252594472385,0.01564068980073249,0.005614844600950051,0.02648665966112978,0.5055058464417116,0.19750037665655976,0.5905119785144451,-4.157879439931396,55.3
,,0.004872748779682252,0.015172243393017548,0.00759004846363362,0.02763504063633342,0.5033692988627951,0.17632500866583714,0.5490219317090383,-4.188287613034124,55.4
,,0.004872748779682252,0.015172243393017548,0.00759004846363362,0.02763504063633342,0.5012327512838787,0.17632500866583714,0.5490219317090383,-4.188287613034124,55.5
,,0.004872748779682252,0.015172243393017548,0.00759004846363362,0.02763504063633342,0.49909620370496227,0.17632500866583714,0.5490219317090383,-4.188287613034124,55.6
,,0.004859615332645172,0.015195554957522539,0.007569673855120801,0.027624844145288513,0.4969413184048966,0.17591466967512256,0.5500684412047327,-4.186752330903041,55.7
,,0.004872748779682252,0.015172243393017548,0.00759004846363362,0.02763504063633342,0.4948047708259802,0.17632500866583714,0.5490219317090383,-4.188287613034124,55.8
,,0.004872748779682252,0.015172243393017548,0.00759004846363362,0.02763504063633342,0.4927869585196934,0.17632500866583714,0.5490219317090383,-4.188287613034124,55.9
,,0.004872748779682252,0.015172243393017548,0.00759004846363362,0.02763504063633342,0.49060731647880634,0.17632500866583714,0.5490219317090383,-4.188287613034124,56.0
,,0.005088110190576064,0.007986271547120621,0.00644041630411543,0.019514798041812116,0.492697201956929,0.2607308658626318,0.40924182407675214,-4.830031268024048,56.1
,,0.005088110190576064,0.007986271547120621,0.00644041630411543,0.019514798041812116,0.4947870874350518,0.2607308658626318,0.40924182407675214,-4.830031268024048,56.2
,,0.005088110190576064,0.007986271547120621,0.00644041630411543,0.019514798041812116,0.4968769729131745,0.2607308658626318,0.40924182407675214,-4.830031268024048,56.3
,,0.0052554288698583845,0.016188693134246326,0.007700313123331421,0.029144435127436134,0.49474427305216173,0.18032357967751458,0.5554642957895771,-4.12344223510371,56.4
,,0.0052243571256083985,0.01621817084091958,0.007657913484661709,0.029100441451189688,0.4925777095543504,0.17952844922889702,0.557317003871656,-4.121623008483956,56.5
,,0.0052554288698583845,0.016188693134246326,0.007700313123331421,0.029144435127436134,0.49044500969333765,0.18032357967751458,0.5554642957895771,-4.12344223510371,56.6
,,0.0052554288698583845,0.016188693134246326,0.007700313123331421,0.029144435127436134,0.4883123098323248,0.18032357967751458,0.5554642957895771,-4.12344223510371,56.7
,,0.0052554288698583845,0.016188693134246326,0.007700313123331421,0.029144435127436134,0.4861796099713121,0.18032357967751458,0.5554642957895771,-4.12344223510371,56.8
,,0.0052554288698583845,0.016188693134246326,0.007700313123331421,0.029144435127436134,0.48404691011029927,0.18032357967751458,0.5554642957895771,-4.12344223510371,56.9
,,0.0052554288698583845,0.016188693134246326,0.007700313123331421,0.029144435127436134,0.48103108575354586,0.18032357967751458,0.5554642957895771,-4.12344223510371,57.0
,,0.0052554288698583845,0.016188693134246326,0.007700313123331421,0.029144435127436134,0.47800720327874247,0.18032357967751458,0.5554642957895771,-4.12344223510371,57.1
,,0.005574194222086473,0.016716929429785476,0.005262967244510407,0.027554090896382354,0.4751023787439357,0.20230005929240522,0.6066950091966302,-4.091333334734604,57.2
,,0.005574194222086473,0.016716929429785476,0.005262967244510407,0.027554090896382354,0.47219755420912896,0.20230005929240522,0.6066950091966302,-4.091333334734604,57.3
,,0.004482703700714985,0.00734563106974666,0.007642501190340295,0.01947083596080194,0.4730333829791928,0.23022656601593378,0.37726326103998037,-4.913649554769775,57.4
,,0.004482703700714985,0.00734563106974666,0.007642501190340295,0.01947083596080194,0.4738692117492566,0.23022656601593378,0.37726326103998037,-4.913649554769775,57.5
,,0.004482703700714985,0.00734563106974666,0.007642501190340295,0.01947083596080194,0.47470504051932044,0.23022656601593378,0.37726326103998037,-4.913649554769775,57.6
,,0.004482703700714985,0.00734563106974666,0.007642501190340295,0.01947083596080194,0.47554086928938416,0.23022656601593378,0.37726326103998037,-4.913649554769775,57.7
,,0.004482703700714985,0.00734563106974666,0.007642501190340295,0.01947083596080194,0.476376698059448,0.23022656601593378,0.37726326103998037,-4.913649554769775,57.8
,,0.004482703700714985,0.00734563106974666,0.007642501190340295,0.01947083596080194,0.4772125268295118,0.23022656601593378,0.37726326103998037,-4.913649554769775,57.9
,,0.004482703700714985,0.00734563106974666,0.007642501190340295,0.01947083596080194,0.4750491048710151,0.23022656601593378,0.37726326103998037,-4.913649554769775,58.0
,,0.004482703700714985,0.00734563106974666,0.007642501190340295,0.01947083596080194,0.4753122983845942,0.23022656601593378,0.37726326103998037,-4.913649554769775,58.1
,,0.004482703700714985,0.00734563106974666,0.007642501190340295,0.01947083596080194,0.4755754918981732,0.23022656601593378,0.37726326103998037,-4.913649554769775,58.2
,,0.00481486476615819,0.007219332424854537,0.004955749483191956,0.016989946674204684,0.4766047129848073,0.283394931042865,0.42491789781868056,-4.930992792283774,58.3
,,0.006686301223053792,0.015619912870677745,0.0067497117674419115,0.02905592586117345,0.4744058557233318,0.2301183330037503,0.5375809721331289,-4.159208712647759,58.4
,,0.006686301223053792,0.015619912870677745,0.0067497117674419115,0.02905592586117345,0.4722069984618562,0.2301183330037503,0.5375809721331289,-4.159208712647759,58.5
,,0.006686301223053792,0.015619912870677745,0.0067497117674419115,0.02905592586117345,0.47000814120038076,0.2301183330037503,0.5375809721331289,-4.159208712647759,58.6
,,0.006686301223053792,0.015619912870677745,0.0067497117674419115,0.02905592586117345,0.4678092839389052,0.2301183330037503,0.5375809721331289,-4.159208712647759,58.7
,,0.006686301223053792,0.015619912870677745,0.0067497117674419115,0.02905592586117345,0.46561042667742975,0.2301183330037503,0.5375809721331289,-4.159208712647759,58.8
,,0.006686301223053792,0.015619912870677745,0.0067497117674419115,0.02905592586117345,0.46341156941595424,0.2301183330037503,0.5375809721331289,-4.159208712647759,58.9
,,0.006686301223053792,0.015619912870677745,0.0067497117674419115,0.02905592586117345,0.4604262440566812,0.2301183330037503,0.5375809721331289,-4.159208712647759,59.0
,,0.006686301223053792,0.015619912870677745,0.0067497117674419115,0.02905592586117345,0.4599947294068277,0.2301183330037503,0.5375809721331289,-4.159208712647759,59.1
,,0.006686301223053792,0.015619912870677745,0.0067497117674419115,0.02905592586117345,0.4595745704056545,0.2301183330037503,0.5375809721331289,-4.159208712647759,59.2
,,0.007664241849872858,0.0164212870167619,0.004471427429765751,0.02855695629640051,0.45966744630897766,0.2683844094000629,0.5750363185180116,-4.109176796984306,59.3
,,0.0081412253104965,0.015372106734864326,0.006257094386448805,0.02977042643180963,0.4605641489367629,0.2734668691812093,0.5163549393581836,-4.175200662843827,59.4
,,0.0081412253104965,0.015372106734864326,0.006257094386448805,0.02977042643180963,0.4614381502321992,0.2734668691812093,0.5163549393581836,-4.175200662843827,59.5
,,0.0081412253104965,0.015372106734864326,0.006257094386448805,0.02977042643180963,0.4622903014952495,0.2734668691812093,0.5163549393581836,-4.175200662843827,59.6
,,0.0081412253104965,0.015372106734864326,0.006257094386448805,0.02977042643180963,0.46312141198637274,0.2734668691812093,0.5163549393581836,-4.175200662843827,59.7
,,0.0081412253104965,0.015372106734864326,0.006257094386448805,0.02977042643180963,0.46393225148990763,0.2734668691812093,0.5163549393581836,-4.175200662843827,59.8
,,0.0081412253104965,0.015372106734864326,0.006257094386448805,0.02977042643180963,0.46472355269215243,0.2734668691812093,0.5163549393581836,-4.175200662843827,59.9
,,0.0081412253104965,0.015372106734864326,0.006257094386448805,0.02977042643180963,0.4603033274132675,0.2734668691812093,0.5163549393581836,-4.175200662843827,60.0
,,0.0081412253104965,0.015372106734864326,0.006257094386448805,0.02977042643180963,0.45588310213438255,0.2734668691812093,0.5163549393581836,-4.175200662843827,60.1
,,0.0081412253104965,0.015372106734864326,0.006257094386448805,0.02977042643180963,0.455855718223418,0.2734668691812093,0.5163549393581836,-4.175200662843827,60.2
,,,0.00845991727086795,0.0038969110913746304,0.01235682836224258,0.45492855483728545,,0.6846350068855858,-4.7724158842690345,60.3
,,0.006716157661606188,0.009184115303550476,0.0056446789665049926,0.021544951931661657,0.4573602212642547,0.3117276697998278,0.42627689923289375,-4.690279884654635,60.4
,,0.006716157661606188,0.009184115303550476,0.0056446789665049926,0.021544951931661657,0.459791887691224,0.3117276697998278,0.42627689923289375,-4.690279884654635,60.5
,,0.006716157661606188,0.009184115303550476,0.0056446789665049926,0.021544951931661657,0.4622235541181932,0.3117276697998278,0.42627689923289375,-4.690279884654635,60.6
,,0.006716157661606188,0.009184115303550476,0.0056446789665049926,0.021544951931661657,0.4646552205451625,0.3117276697998278,0.42627689923289375,-4.690279884654635,60.7
,,0.006716157661606188,0.009184115303550476,0.0056446789665049926,0.021544951931661657,0.4670868869721319,0.3117276697998278,0.42627689923289375,-4.690279884654635,60.8
,,0.006716157661606188,0.009184115303550476,0.0056446789665049926,0.021544951931661657,0.4693970703557626,0.3117276697998278,0.42627689923289375,-4.690279884654635,60.9
,,0.006716157661606188,0.009184115303550476,0.0056446789665049926,0.021544951931661657,0.47170725373939343,0.3117276697998278,0.42627689923289375,-4.690279884654635,61.0
,,0.006716157661606188,0.009184115303550476,0.0056446789665049926,0.021544951931661657,0.47401743712302424,0.3117276697998278,0.42627689923289375,-4.690279884654635,61.1
,,0.006716157661606188,0.009184115303550476,0.0056446789665049926,0.021544951931661657,0.4772754038405819,0.3117276697998278,0.42627689923289375,-4.690279884654635,61.2
,,0.006716157661606188,0.009184115303550476,0.0056446789665049926,0.021544951931661657,0.4805333705581395,0.3117276697998278,0.42627689923289375,-4.690279884654635,61.3
,,0.009909156856978137,0.014757752911008936,0.0032009108078101985,0.02786782057579727,0.4830617586305487,0.35557702942813085,0.5295625063635508,-4.215986713201333,61.4
,,0.0078083931942294306,0.01127191696697601,0.005046048191898205,0.024126358353103644,0.48588115846046825,0.3236457437939427,0.4672034130474555,-4.485440870720908,61.5
,,0.0078083931942294306,0.01127191696697601,0.005046048191898205,0.024126358353103644,0.488669004120775,0.3236457437939427,0.4672034130474555,-4.485440870720908,61.6
,,0.0078083931942294306,0.01127191696697601,0.005046048191898205,0.024126358353103644,0.4914884039506946,0.3236457437939427,0.4672034130474555,-4.485440870720908,61.7
,,0.0078083931942294306,0.01127191696697601,0.005046048191898205,0.024126358353103644,0.49430780378061406,0.3236457437939427,0.4672034130474555,-4.485440870720908,61.8
,,0.0078083931942294306,0.01127191696697601,0.005046048191898205,0.024126358353103644,0.49718440553964816,0.3236457437939427,0.4672034130474555,-4.485440870720908,61.9
,,0.0078083931942294306,0.01127191696697601,0.005046048191898205,0.024126358353103644,0.5000610072986822,0.3236457437939427,0.4672034130474555,-4.485440870720908,62.0
,,0.0078083931942294306,0.01127191696697601,0.005046048191898205,0.024126358353103644,0.5029376090577162,0.3236457437939427,0.4672034130474555,-4.485440870720908,62.1
,,0.0078083931942294306,0.01127191696697601,0.005046048191898205,0.024126358353103644,0.5058142726633501,0.3236457437939427,0.4672034130474555,-4.485440870720908,62.2
,,0.0078083931942294306,0.01127191696697601,0.005046048191898205,0.024126358353103644,0.5094196195680611,0.3236457437939427,0.4672034130474555,-4.485440870720908,62.3
,,0.009714719382230416,0.013565293683373293,0.0024365268287854756,0.025716539894389184,0.5133105191722483,0.3777615270999177,0.5274929574150432,-4.3002406830227935,62.4
,,0.009527208129010105,0.013004906881903892,0.0035847487921232403,0.026116863803037238,0.5174019125564262,0.3647914313472105,0.497950557156541,-4.342428540283712,62.5
,,0.009527208129010105,0.013004906881903892,0.0035847487921232403,0.026116863803037238,0.521493305940604,0.3647914313472105,0.497950557156541,-4.342428540283712,62.6
,,0.009527208129010105,0.013004906881903892,0.0035847487921232403,0.026116863803037238,0.5255846993247818,0.3647914313472105,0.497950557156541,-4.342428540283712,62.7
,,0.009527208129010105,0.013004906881903892,0.0035847487921232403,0.026116863803037238,0.5296760927089597,0.3647914313472105,0.497950557156541,-4.342428540283712,62.8
,,0.009527208129010105,0.013004906881903892,0.0035847487921232403,0.026116863803037238,0.5337674860931375,0.3647914313472105,0.497950557156541,-4.342428540283712,62.9
,,0.009527208129010105,0.013004906881903892,0.0035847487921232403,0.026116863803037238,0.5380191140693407,0.3647914313472105,0.497950557156541,-4.342428540283712,63.0
,,0.009527208129010105,0.013004906881903892,0.0035847487921232403,0.026116863803037238,0.5422707420455438,0.3647914313472105,0.497950557156541,-4.342428540283712,63.1
,,0.009527208129010105,0.013004906881903892,0.0035847487921232403,0.026116863803037238,0.5469235467174303,0.3647914313472105,0.497950557156541,-4.342428540283712,63.2
,,0.009527208129010105,0.013004906881903892,0.0035847487921232403,0.026116863803037238,0.5511730256990189,0.3647914313472105,0.497950557156541,-4.342428540283712,63.3
,,0.009527208129010105,0.013004906881903892,0.0035847487921232403,0.026116863803037238,0.5533587199378197,0.3647914313472105,0.497950557156541,-4.342428540283712,63.4
,,0.008653502134903634,0.013167361602896539,0.0029922459372091975,0.024813109675009368,0.5545948461719412,0.3487471843812888,0.530661484004083,-4.330014117169158,63.5
,,0.008653502134903634,0.013167361602896539,0.0029922459372091975,0.024813109675009368,0.5558018870829069,0.3487471843812888,0.530661484004083,-4.330014117169158,63.6
,,0.008653502134903634,0.013167361602896539,0.0029922459372091975,0.024813109675009368,0.556980857275013,0.3487471843812888,0.530661484004083,-4.330014117169158,63.7
,,0.008653502134903634,0.013167361602896539,0.0029922459372091975,0.024813109675009368,0.5581327247040822,0.3487471843812888,0.530661484004083,-4.330014117169158,63.8
,,0.008653502134903634,0.013167361602896539,0.0029922459372091975,0.024813109675009368,0.5592584133279451,0.3487471843812888,0.530661484004083,-4.330014117169158,63.9
,,0.008653502134903634,0.013167361602896539,0.0029922459372091975,0.024813109675009368,0.5603588055782383,0.3487471843812888,0.530661484004083,-4.330014117169158,64.0
,,0.008653502134903634,0.013167361602896539,0.0029922459372091975,0.024813109675009368,0.5639850656933515,0.3487471843812888,0.530661484004083,-4.330014117169158,64.1
,,0.008653502134903634,0.013167361602896539,0.0029922459372091975,0.024813109675009368,0.5676113258084647,0.3487471843812888,0.530661484004083,-4.330014117169158,64.2
,,0.008653502134903634,0.013167361602896539,0.0029922459372091975,0.024813109675009368,0.5712375859235781,0.3487471843812888,0.530661484004083,-4.330014117169158,64.3
,,0.008653502134903634,0.013167361602896539,0.0029922459372091975,0.024813109675009368,0.5750132182197938,0.3487471843812888,0.530661484004083,-4.330014117169158,64.4
,,0.007451269448823831,0.01380679272519276,0.0025520292947266727,0.023810091468743265,0.5774684920039899,0.31294585569339356,0.5798714693438977,-4.282594581459441,64.5
,,0.007451269448823831,0.01380679272519276,0.0025520292947266727,0.023810091468743265,0.5799237657881857,0.31294585569339356,0.5798714693438977,-4.282594581459441,64.6
,,0.007451269448823831,0.01380679272519276,0.0025520292947266727,0.023810091468743265,0.5823942866663712,0.31294585569339356,0.5798714693438977,-4.282594581459441,64.7
,,0.007451269448823831,0.01380679272519276,0.0025520292947266727,0.023810091468743265,0.584849560450567,0.31294585569339356,0.5798714693438977,-4.282594581459441,64.8
,,0.007451269448823831,0.01380679272519276,0.0025520292947266727,0.023810091468743265,0.5873048342347631,0.31294585569339356,0.5798714693438977,-4.282594581459441,64.9
,,0.007451269448823831,0.01380679272519276,0.0025520292947266727,0.023810091468743265,0.5897601080189591,0.31294585569339356,0.5798714693438977,-4.282594581459441,65.0
,,0.007451269448823831,0.01380679272519276,0.0025520292947266727,0.023810091468743265,0.5886654375738661,0.31294585569339356,0.5798714693438977,-4.282594581459441,65.1
,,0.007451269448823831,0.01380679272519276,0.0025520292947266727,0.023810091468743265,0.587570767128773,0.31294585569339356,0.5798714693438977,-4.282594581459441,65.2
,,0.007451269448823831,0.01380679272519276,0.0025520292947266727,0.023810091468743265,0.58647609668368,0.31294585569339356,0.5798714693438977,-4.282594581459441,65.3
,,0.007451269448823831,0.01380679272519276,0.0025520292947266727,0.023810091468743265,0.5888923398913513,0.31294585569339356,0.5798714693438977,-4.282594581459441,65.4
,,0.007236938778815758,0.014446156232570308,0.0022522216982237553,0.02393531670960982,0.5909016613429834,0.3023540012700225,0.6035498258842885,-4.237326904475627,65.5
,,0.006287049696375299,0.0143286478323493,0.002251328794224387,0.02286702632294899,0.592184122433861,0.27493953991148007,0.6266073966062344,-4.245494400816129,65.6
,,0.006287049696375299,0.0143286478323493,0.002251328794224387,0.02286702632294899,0.5934665835247387,0.27493953991148007,0.6266073966062344,-4.245494400816129,65.7
,,0.006287049696375299,0.0143286478323493,0.002251328794224387,0.02286702632294899,0.5947490446156163,0.27493953991148007,0.6266073966062344,-4.245494400816129,65.8
,,0.006287049696375299,0.0143286478323493,0.002251328794224387,0.02286702632294899,0.596031505706494,0.27493953991148007,0.6266073966062344,-4.245494400816129,65.9
,,0.006287049696375299,0.0143286478323493,0.002251328794224387,0.02286702632294899,0.5973139667973716,0.27493953991148007,0.6266073966062344,-4.245494400816129,66.0
,,0.006287049696375299,0.0143286478323493,0.002251328794224387,0.02286702632294899,0.5985964278882493,0.27493953991148007,0.6266073966062344,-4.245494400816129,66.1
,,0.006287049696375299,0.0143286478323493,0.002251328794224387,0.02286702632294899,0.5997798969840736,0.27493953991148007,0.6266073966062344,-4.245494400816129,66.2
,,0.006287049696375299,0.0143286478323493,0.002251328794224387,0.02286702632294899,0.6009633660798979,0.27493953991148007,0.6266073966062344,-4.245494400816129,66.3
,,0.006287049696375299,0.0143286478323493,0.002251328794224387,0.02286702632294899,0.5990366290570658,0.27493953991148007,0.6266073966062344,-4.245494400816129,66.4
,,0.006287049696375299,0.0143286478323493,0.002251328794224387,0.02286702632294899,0.5971098920342336,0.27493953991148007,0.6266073966062344,-4.245494400816129,66.5
,,0.004926937504771827,0.020005630043967413,0.002280018970199577,0.02721258651893882,0.5930202644487936,0.18105362756836382,0.7351609164400573,-3.911741542844085,66.6
,,0.005467231717057451,0.015175029365132878,0.002091227919264859,0.02273348900145519,0.5902115426650334,0.24049241701119828,0.6675187149742616,-4.188104006939081,66.7
,,0.005467231717057451,0.015175029365132878,0.002091227919264859,0.02273348900145519,0.5874028208812733,0.24049241701119828,0.6675187149742616,-4.188104006939081,66.8
,,0.005467231717057451,0.015175029365132878,0.002091227919264859,0.02273348900145519,0.5845940990975131,0.24049241701119828,0.6675187149742616,-4.188104006939081,66.9
,,0.005467231717057451,0.015175029365132878,0.002091227919264859,0.02273348900145519,0.5817853773137529,0.24049241701119828,0.6675187149742616,-4.188104006939081,67.0
,,0.005467231717057451,0.015175029365132878,0.002091227919264859,0.02273348900145519,0.5789766555299928,0.24049241701119828,0.6675187149742616,-4.188104006939081,67.1
,,0.005467231717057451,0.015175029365132878,0.002091227919264859,0.02273348900145519,0.5761679337462327,0.24049241701119828,0.6675187149742616,-4.188104006939081,67.2
,,0.005467231717057451,0.015175029365132878,0.002091227919264859,0.02273348900145519,0.5727222901601572,0.24049241701119828,0.6675187149742616,-4.188104006939081,67.3
,,0.005467231717057451,0.015175029365132878,0.002091227919264859,0.02273348900145519,0.5719606667736334,0.24049241701119828,0.6675187149742616,-4.188104006939081,67.4
,,,0.015948055286271752,0.002118127614589978,0.01806618290086173,0.5735958715629058,,0.8827573247645497,-4.138418382810412,67.5
,,,0.015948055286271752,0.002118127614589978,0.01806618290086173,0.5752686672668741,,0.8827573247645497,-4.138418382810412,67.6
,,0.004953477011702671,0.015785209697103307,0.001984512818576443,0.022723199527382422,0.5739553604765437,0.21799205722475484,0.6946737266502219,-4.148681872479914,67.7
,,0.004953477011702671,0.015785209697103307,0.001984512818576443,0.022723199527382422,0.5726420536862135,0.21799205722475484,0.6946737266502219,-4.148681872479914,67.8
,,0.004953477011702671,0.015785209697103307,0.001984512818576443,0.022723199527382422,0.5713287468958831,0.21799205722475484,0.6946737266502219,-4.148681872479914,67.9
,,0.004953477011702671,0.015785209697103307,0.001984512818576443,0.022723199527382422,0.5700154401055528,0.21799205722475484,0.6946737266502219,-4.148681872479914,68.0
,,0.004953477011702671,0.015785209697103307,0.001984512818576443,0.022723199527382422,0.5687021333152225,0.21799205722475484,0.6946737266502219,-4.148681872479914,68.1
,,0.004953477011702671,0.015785209697103307,0.001984512818576443,0.022723199527382422,0.5673888265248922,0.21799205722475484,0.6946737266502219,-4.148681872479914,68.2
,,0.004953477011702671,0.015785209697103307,0.001984512818576443,0.022723199527382422,0.5656311131869312,0.21799205722475484,0.6946737266502219,-4.148681872479914,68.3
,,0.004953477011702671,0.015785209697103307,0.001984512818576443,0.022723199527382422,0.5631505925350082,0.21799205722475484,0.6946737266502219,-4.148681872479914,68.4
,,0.005008450203571101,0.016689334164862756,0.002139885397007784,0.023837669765441643,0.5605125305983666,0.21010653528022433,0.7001243967670827,-4.0929854363604665,68.5
,,0.005008450203571101,0.016689334164862756,0.002139885397007784,0.023837669765441643,0.557874468661725,0.21010653528022433,0.7001243967670827,-4.0929854363604665,68.6
,,0.004740006397904199,0.016421236464441824,0.0019258582096512468,0.02308710107199727,0.5551048221451735,0.20530972611600126,0.7112732089330789,-4.109179875451775,68.7
,,0.004740006397904199,0.016421236464441824,0.0019258582096512468,0.02308710107199727,0.552335175628622,0.20530972611600126,0.7112732089330789,-4.109179875451775,68.8
,,0.004740006397904199,0.016421236464441824,0.0019258582096512468,0.02308710107199727,0.5495655291120707,0.20530972611600126,0.7112732089330789,-4.109179875451775,68.9
,,0.004740006397904199,0.016421236464441824,0.0019258582096512468,0.02308710107199727,0.5467958825955191,0.20530972611600126,0.7112732089330789,-4.109179875451775,69.0
,,0.004740006397904199,0.016421236464441824,0.0019258582096512468,0.02308710107199727,0.5440262360789677,0.20530972611600126,0.7112732089330789,-4.109179875451775,69.1
,,0.004740006397904199,0.016421236464441824,0.0019258582096512468,0.02308710107199727,0.5412565895624162,0.20530972611600126,0.7112732089330789,-4.109179875451775,69.2
,,0.004740006397904199,0.016421236464441824,0.0019258582096512468,0.02308710107199727,0.5383860715484825,0.20530972611600126,0.7112732089330789,-4.109179875451775,69.3
,,,0.01675876703834473,0.0020993176985365913,0.018858084736881324,0.5361689026823987,,0.8886781066143533,-4.088833752365512,69.4
,,,0.01675876703834473,0.0020993176985365913,0.018858084736881324,0.5339001717496619,,0.8886781066143533,-4.088833752365512,69.5
,,0.00475372860517769,0.016748752137049905,0.0018298987193185847,0.02333237946154618,0.5286972191307011,0.20373955485389966,0.7178330081873272,-4.089431522766874,69.6
,,0.00475372860517769,0.016748752137049905,0.0018298987193185847,0.02333237946154618,0.5234942665117405,0.20373955485389966,0.7178330081873272,-4.089431522766874,69.7
,,0.00475372860517769,0.016748752137049905,0.0018298987193185847,0.02333237946154618,0.5182913138927797,0.20373955485389966,0.7178330081873272,-4.089431522766874,69.8
,,0.00475372860517769,0.016748752137049905,0.0018298987193185847,0.02333237946154618,0.5130883612738191,0.20373955485389966,0.7178330081873272,-4.089431522766874,69.9
,,0.00475372860517769,0.016748752137049905,0.0018298987193185847,0.02333237946154618,0.5078854086548583,0.20373955485389966,0.7178330081873272,-4.089431522766874,70.0
,,0.00475372860517769,0.016748752137049905,0.0018298987193185847,0.02333237946154618,0.5026824560358977,0.20373955485389966,0.7178330081873272,-4.089431522766874,70.1
,,0.00475372860517769,0.016748752137049905,0.0018298987193185847,0.02333237946154618,0.497479503416937,0.20373955485389966,0.7178330081873272,-4.089431522766874,70.2
,,0.0048345493824984605,0.016798958033161338,0.0020128826740277495,0.02364639008968755,0.4923226299618161,0.20445190002201905,0.7104237885548352,-4.086438416331992,70.3
,,0.0048345493824984605,0.016798958033161338,0.0020128826740277495,0.02364639008968755,0.48786140126137156,0.20445190002201905,0.7104237885548352,-4.086438416331992,70.4
,,0.0048345493824984605,0.016798958033161338,0.0020128826740277495,0.02364639008968755,0.4831527827678154,0.20445190002201905,0.7104237885548352,-4.086438416331992,70.5
,,0.005031001155872684,0.016942624596651867,0.0017188058885375384,0.02369243164106209,0.47855061531898335,0.21234634047242748,0.7151070372737967,-4.077922666892107,70.6
,,0.005031001155872684,0.016942624596651867,0.0017188058885375384,0.02369243164106209,0.4739484478701513,0.21234634047242748,0.7151070372737967,-4.077922666892107,70.7
,,0.005031001155872684,0.016942624596651867,0.0017188058885375384,0.02369243164106209,0.4693462804213192,0.21234634047242748,0.7151070372737967,-4.077922666892107,70.8
,,0.005031001155872684,0.016942624596651867,0.0017188058885375384,0.02369243164106209,0.46474411297248713,0.21234634047242748,0.7151070372737967,-4.077922666892107,70.9
,,0.005031001155872684,0.016942624596651867,0.0017188058885375384,0.02369243164106209,0.46014194552365506,0.21234634047242748,0.7151070372737967,-4.077922666892107,71.0
,,0.005031001155872684,0.016942624596651867,0.0017188058885375384,0.02369243164106209,0.455539778074823,0.21234634047242748,0.7151070372737967,-4.077922666892107,71.1
,,0.005031001155872684,0.016942624596651867,0.0017188058885375384,0.02369243164106209,0.4509376106259909,0.21234634047242748,0.7151070372737967,-4.077922666892107,71.2
,,0.004504373640666496,0.014502928254619116,0.001314496682608126,0.02032179857789374,0.4464940513216288,0.2216523120924149,0.7136636158964567,-4.233404701350059,71.3
,,0.004504373640666496,0.014502928254619116,0.001314496682608126,0.02032179857789374,0.44177822083869633,0.2216523120924149,0.7136636158964567,-4.233404701350059,71.4
,,0.004504373640666496,0.014502928254619116,0.001314496682608126,0.02032179857789374,0.43687122186786576,0.2216523120924149,0.7136636158964567,-4.233404701350059,71.5
,,0.004504373640666496,0.014502928254619116,0.001314496682608126,0.02032179857789374,0.4319642228970353,0.2216523120924149,0.7136636158964567,-4.233404701350059,71.6
,,0.005234061995030753,0.016391720545472402,0.0015688859032075455,0.023194668443710702,0.42715870751083357,0.22565797858817782,0.7067020848024694,-4.110978916417288,71.7
,,0.005234061995030753,0.016391720545472402,0.0015688859032075455,0.023194668443710702,0.4223531921246318,0.22565797858817782,0.7067020848024694,-4.110978916417288,71.8
,,0.005234061995030753,0.016391720545472402,0.0015688859032075455,0.023194668443710702,0.41754767673842996,0.22565797858817782,0.7067020848024694,-4.110978916417288,71.9
,,0.005234061995030753,0.016391720545472402,0.0015688859032075455,0.023194668443710702,0.4127421613522282,0.22565797858817782,0.7067020848024694,-4.110978916417288,72.0
,,0.005234061995030753,0.016391720545472402,0.0015688859032075455,0.023194668443710702,0.40793664596602647,0.22565797858817782,0.7067020848024694,-4.110978916417288,72.1
,,0.005257243865501277,0.015421515190443703,0.001664721518077341,0.02234348057402232,0.4033821988929721,0.23529207314341255,0.6902020094565547,-4.1719916542966144,72.2
,,0.005257243865501277,0.015421515190443703,0.001664721518077341,0.02234348057402232,0.3988277518199178,0.23529207314341255,0.6902020094565547,-4.1719916542966144,72.3
,,0.005257243865501277,0.015421515190443703,0.001664721518077341,0.02234348057402232,0.39427330474686345,0.23529207314341255,0.6902020094565547,-4.1719916542966144,72.4
,,0.005257243865501277,0.015421515190443703,0.001664721518077341,0.02234348057402232,0.3905955126030586,0.23529207314341255,0.6902020094565547,-4.1719916542966144,72.5
,,0.005257243865501277,0.015421515190443703,0.001664721518077341,0.02234348057402232,0.38691772045925366,0.23529207314341255,0.6902020094565547,-4.1719916542966144,72.6
,,0.005172021742530291,0.012195093453070845,0.001006597793911927,0.018373712989513062,0.38420741174247,0.2814902869921971,0.6637250434918238,-4.406721584115174,72.7
,,0.005172021742530291,0.012195093453070845,0.001006597793911927,0.018373712989513062,0.38149710302568623,0.2814902869921971,0.6637250434918238,-4.406721584115174,72.8
,,0.005172021742530291,0.012195093453070845,0.001006597793911927,0.018373712989513062,0.37878679430890255,0.2814902869921971,0.6637250434918238,-4.406721584115174,72.9
,,0.005172021742530291,0.012195093453070845,0.001006597793911927,0.018373712989513062,0.37607648559211887,0.2814902869921971,0.6637250434918238,-4.406721584115174,73.0
,,0.005212614630333088,0.013937543685984554,0.0014410494446834448,0.02059120776100109,0.3727835176865,0.25314759050732166,0.6768686833601716,-4.2731690953462955,73.1
,,0.005212614630333088,0.013937543685984554,0.0014410494446834448,0.02059120776100109,0.369490549780881,0.25314759050732166,0.6768686833601716,-4.2731690953462955,73.2
,,0.005212614630333088,0.013937543685984554,0.0014410494446834448,0.02059120776100109,0.36619758187526197,0.25314759050732166,0.6768686833601716,-4.2731690953462955,73.3
,,0.005212614630333088,0.013937543685984554,0.0014410494446834448,0.02059120776100109,0.362904613969643,0.25314759050732166,0.6768686833601716,-4.2731690953462955,73.4
,,0.005212614630333088,0.013937543685984554,0.0014410494446834448,0.02059120776100109,0.3609780635939048,0.25314759050732166,0.6768686833601716,-4.2731690953462955,73.5
,,0.005212614630333088,0.013937543685984554,0.0014410494446834448,0.02059120776100109,0.3590515132181666,0.25314759050732166,0.6768686833601716,-4.2731690953462955,73.6
,,0.0050984394521937015,0.013938778304575012,0.0009436920890089152,0.019980909845777627,0.3570293312562817,0.25516553007575404,0.6976047843747496,-4.273080517047359,73.7
,,0.0050984394521937015,0.013938778304575012,0.0009436920890089152,0.019980909845777627,0.3550071492943968,0.25516553007575404,0.6976047843747496,-4.273080517047359,73.8
,,0.0050984394521937015,0.013938778304575012,0.0009436920890089152,0.019980909845777627,0.352984967332512,0.25516553007575404,0.6976047843747496,-4.273080517047359,73.9
,,0.005125465404950432,0.012832147209467938,0.0013298852035680791,0.019287497817986447,0.351354065186921,0.26574029733243615,0.6653090686289743,-4.355801755864248,74.0
,,0.005125465404950432,0.012832147209467938,0.0013298852035680791,0.019287497817986447,0.3497231630413301,0.26574029733243615,0.6653090686289743,-4.355801755864248,74.1
,,0.005125465404950432,0.012832147209467938,0.0013298852035680791,0.019287497817986447,0.34809226089573914,0.26574029733243615,0.6653090686289743,-4.355801755864248,74.2
,,0.005125465404950432,0.012832147209467938,0.0013298852035680791,0.019287497817986447,0.3464613587501482,0.26574029733243615,0.6653090686289743,-4.355801755864248,74.3
,,0.005125465404950432,0.012832147209467938,0.0013298852035680791,0.019287497817986447,0.34483045660455725,0.26574029733243615,0.6653090686289743,-4.355801755864248,74.4
,,0.005125465404950432,0.012832147209467938,0.0013298852035680791,0.019287497817986447,0.3436498096381591,0.26574029733243615,0.6653090686289743,-4.355801755864248,74.5
,,0.005125465404950432,0.012832147209467938,0.0013298852035680791,0.019287497817986447,0.3431922401483197,0.26574029733243615,0.6653090686289743,-4.355801755864248,74.6
,,0.005125465404950432,0.012832147209467938,0.0013298852035680791,0.019287497817986447,0.34273467065848034,0.26574029733243615,0.6653090686289743,-4.355801755864248,74.7
,,0.0049465953060129075,0.010155849930871982,0.0004896482454315717,0.01559209348231646,0.3432962260382539,0.3172502340127074,0.6513461417089429,-4.589705391649824,74.8
,,0.004969799062841459,0.009774781622847695,0.0008379514527089918,0.015582532138398147,0.3441061782749901,0.31893398445782667,0.6272909650390442,-4.627949513733895,74.9
,,0.004969799062841459,0.009774781622847695,0.0008379514527089918,0.015582532138398147,0.3449161305117263,0.31893398445782667,0.6272909650390442,-4.627949513733895,75.0
,,0.004969799062841459,0.009774781622847695,0.0008379514527089918,0.015582532138398147,0.3457260827484626,0.31893398445782667,0.6272909650390442,-4.627949513733895,75.1
,,0.004969799062841459,0.009774781622847695,0.0008379514527089918,0.015582532138398147,0.34653603498519886,0.31893398445782667,0.6272909650390442,-4.627949513733895,75.2
,,0.004969799062841459,0.009774781622847695,0.0008379514527089918,0.015582532138398147,0.3473459872219351,0.31893398445782667,0.6272909650390442,-4.627949513733895,75.3
,,0.004969799062841459,0.009774781622847695,0.0008379514527089918,0.015582532138398147,0.34815593945867135,0.31893398445782667,0.6272909650390442,-4.627949513733895,75.4
,,0.004969799062841459,0.009774781622847695,0.0008379514527089918,0.015582532138398147,0.3489658916954076,0.31893398445782667,0.6272909650390442,-4.627949513733895,75.5
,,0.004969799062841459,0.009774781622847695,0.0008379514527089918,0.015582532138398147,0.35201418416554037,0.31893398445782667,0.6272909650390442,-4.627949513733895,75.6
,,0.004969799062841459,0.009774781622847695,0.0008379514527089918,0.015582532138398147,0.3537368880734696,0.31893398445782667,0.6272909650390442,-4.627949513733895,75.7
,,0.0048768991268073264,0.013116074299068883,0.0008993764191556627,0.01889234984503187,0.35387116673058294,0.2581414787896174,0.6942531980751999,-4.3339167552499305,75.8
,,0.005127752266800898,0.012725011360438862,0.0014026154779783057,0.019255379105218066,0.354367541796221,0.2663023271980823,0.6608548858428073,-4.364185823780616,75.9
,,0.005127752266800898,0.012725011360438862,0.0014026154779783057,0.019255379105218066,0.3548639168618591,0.2663023271980823,0.6608548858428073,-4.364185823780616,76.0
,,0.005127752266800898,0.012725011360438862,0.0014026154779783057,0.019255379105218066,0.35536029192749713,0.2663023271980823,0.6608548858428073,-4.364185823780616,76.1
,,0.005127752266800898,0.012725011360438862,0.0014026154779783057,0.019255379105218066,0.3558566669931352,0.2663023271980823,0.6608548858428073,-4.364185823780616,76.2
,,0.005127752266800898,0.012725011360438862,0.0014026154779783057,0.019255379105218066,0.3563530420587732,0.2663023271980823,0.6608548858428073,-4.364185823780616,76.3
,,0.005127752266800898,0.012725011360438862,0.0014026154779783057,0.019255379105218066,0.3568494171244113,0.2663023271980823,0.6608548858428073,-4.364185823780616,76.4
,,0.005127752266800898,0.012725011360438862,0.0014026154779783057,0.019255379105218066,0.3573794976121989,0.2663023271980823,0.6608548858428073,-4.364185823780616,76.5
,,0.005127752266800898,0.012725011360438862,0.0014026154779783057,0.019255379105218066,0.3578975308161731,0.2663023271980823,0.6608548858428073,-4.364185823780616,76.6
,,0.005127752266800898,0.012725011360438862,0.0014026154779783057,0.019255379105218066,0.35891072928211626,0.2663023271980823,0.6608548858428073,-4.364185823780616,76.7
,,0.00479004646599213,0.01233581640424641,0.001153493261533191,0.01827935613177173,0.3597573089874068,0.26204678280032256,0.6748496126078134,-4.395248345196169,76.8
,,0.00479004646599213,0.01233581640424641,0.001153493261533191,0.01827935613177173,0.36060388869269744,0.26204678280032256,0.6748496126078134,-4.395248345196169,76.9
,,0.00479004646599213,0.01233581640424641,0.001153493261533191,0.01827935613177173,0.36145046839798806,0.26204678280032256,0.6748496126078134,-4.395248345196169,77.0
,,0.00479004646599213,0.01233581640424641,0.001153493261533191,0.01827935613177173,0.3622970481032787,0.26204678280032256,0.6748496126078134,-4.395248345196169,77.1
,,0.00479004646599213,0.01233581640424641,0.001153493261533191,0.01827935613177173,0.36314362780856924,0.26204678280032256,0.6748496126078134,-4.395248345196169,77.2
,,0.00479004646599213,0.01233581640424641,0.001153493261533191,0.01827935613177173,0.36399020751385985,0.26204678280032256,0.6748496126078134,-4.395248345196169,77.3
,,0.00479004646599213,0.01233581640424641,0.001153493261533191,0.01827935613177173,0.3648367872191505,0.26204678280032256,0.6748496126078134,-4.395248345196169,77.4
,,0.00479004646599213,0.01233581640424641,0.001153493261533191,0.01827935613177173,0.3658391179672879,0.26204678280032256,0.6748496126078134,-4.395248345196169,77.5
,,0.005506266602909913,0.01349117082808296,0.001506012969984765,0.020503450400977636,0.367066841435719,0.26855317008728274,0.6579951454141436,-4.305719820231971,77.6
,,0.005715919009741594,0.015297374153325468,0.0017470456648827595,0.02276033882794982,0.3680327800872897,0.251135057915852,0.6721066091749129,-4.180074089278481,77.7
,,0.005715919009741594,0.015297374153325468,0.0017470456648827595,0.02276033882794982,0.3689987187388604,0.251135057915852,0.6721066091749129,-4.180074089278481,77.8
,,0.005715919009741594,0.015297374153325468,0.0017470456648827595,0.02276033882794982,0.3699646573904312,0.251135057915852,0.6721066091749129,-4.180074089278481,77.9
,,0.005715919009741594,0.015297374153325468,0.0017470456648827595,0.02276033882794982,0.37093059604200196,0.251135057915852,0.6721066091749129,-4.180074089278481,78.0
,,0.005715919009741594,0.015297374153325468,0.0017470456648827595,0.02276033882794982,0.3718965346935727,0.251135057915852,0.6721066091749129,-4.180074089278481,78.1
,,0.005715919009741594,0.015297374153325468,0.0017470456648827595,0.02276033882794982,0.37286247334514344,0.251135057915852,0.6721066091749129,-4.180074089278481,78.2
,,0.005715919009741594,0.015297374153325468,0.0017470456648827595,0.02276033882794982,0.3738284119967142,0.251135057915852,0.6721066091749129,-4.180074089278481,78.3
,,0.005715919009741594,0.015297374153325468,0.0017470456648827595,0.02276033882794982,0.373826447880734,0.251135057915852,0.6721066091749129,-4.180074089278481,78.4
,,0.005778581409163402,0.01486177190500102,0.0016862237880440538,0.022326577102208475,0.37399306328248616,0.25882074904315727,0.6656538455028532,-4.20896300689518,78.5
,,0.006114502913017629,0.016573239087151536,0.0018825642099364608,0.024570306210105627,0.37493875748185257,0.24885741596914934,0.6745230989565387,-4.099965987639862,78.6
,,0.006114502913017629,0.016573239087151536,0.0018825642099364608,0.024570306210105627,0.37588445168121903,0.24885741596914934,0.6745230989565387,-4.099965987639862,78.7
,,0.006114502913017629,0.016573239087151536,0.0018825642099364608,0.024570306210105627,0.37683014588058544,0.24885741596914934,0.6745230989565387,-4.099965987639862,78.8
,,0.006114502913017629,0.016573239087151536,0.0018825642099364608,0.024570306210105627,0.3777758400799518,0.24885741596914934,0.6745230989565387,-4.099965987639862,78.9
,,0.006114502913017629,0.016573239087151536,0.0018825642099364608,0.024570306210105627,0.3787215342793182,0.24885741596914934,0.6745230989565387,-4.099965987639862,79.0
,,0.006114502913017629,0.016573239087151536,0.0018825642099364608,0.024570306210105627,0.3796672284786846,0.24885741596914934,0.6745230989565387,-4.099965987639862,79.1
,,0.006114502913017629,0.016573239087151536,0.0018825642099364608,0.024570306210105627,0.3806129226780511,0.24885741596914934,0.6745230989565387,-4.099965987639862,79.2
,,0.006114502913017629,0.016573239087151536,0.0018825642099364608,0.024570306210105627,0.38151458567641494,0.24885741596914934,0.6745230989565387,-4.099965987639862,79.3
,,0.006114502913017629,0.016573239087151536,0.0018825642099364608,0.024570306210105627,0.3824162486747789,0.24885741596914934,0.6745230989565387,-4.099965987639862,79.4
,,0.006195091151479038,0.016499657590761604,0.001887980349217954,0.024582729091458595,0.3833904621832953,0.2520099020914467,0.6711890095430658,-4.104415650365984,79.5
,,0.006787254409567921,0.01840529092025088,0.0020458028105487455,0.027238348140367546,0.3841884960482745,0.2491801035287133,0.6757124486919244,-3.995117105688144,79.6
,,0.006787254409567921,0.01840529092025088,0.0020458028105487455,0.027238348140367546,0.3849865299132539,0.2491801035287133,0.6757124486919244,-3.995117105688144,79.7
,,0.006787254409567921,0.01840529092025088,0.0020458028105487455,0.027238348140367546,0.38578456377823306,0.2491801035287133,0.6757124486919244,-3.995117105688144,79.8
,,0.006787254409567921,0.01840529092025088,0.0020458028105487455,0.027238348140367546,0.38658259764321234,0.2491801035287133,0.6757124486919244,-3.995117105688144,79.9
,,0.006787254409567921,0.01840529092025088,0.0020458028105487455,0.027238348140367546,0.3873806315081916,0.2491801035287133,0.6757124486919244,-3.995117105688144,80.0
,,0.006787254409567921,0.01840529092025088,0.0020458028105487455,0.027238348140367546,0.38817866537317086,0.2491801035287133,0.6757124486919244,-3.995117105688144,80.1
,,0.006787254409567921,0.01840529092025088,0.0020458028105487455,0.027238348140367546,0.38897669923815015,0.2491801035287133,0.6757124486919244,-3.995117105688144,80.2
,,0.006787254409567921,0.01840529092025088,0.0020458028105487455,0.027238348140367546,0.3896231742095248,0.2491801035287133,0.6757124486919244,-3.995117105688144,80.3
,,0.00659611749363008,0.018128908392841665,0.002067827272939256,0.026792853159411,0.39021496898524227,0.2461894391905474,0.6766322453595757,-4.010247466020258,80.4
,,0.006102292034264495,0.02091969241926748,0.0020754189085560163,0.029097403362087992,0.39000515912658396,0.20971947078327208,0.7189539272265258,-3.8670643426053806,80.5
,,0.006102292034264495,0.02091969241926748,0.0020754189085560163,0.029097403362087992,0.3897953492679257,0.20971947078327208,0.7189539272265258,-3.8670643426053806,80.6
,,0.006102292034264495,0.02091969241926748,0.0020754189085560163,0.029097403362087992,0.3894885662061778,0.20971947078327208,0.7189539272265258,-3.8670643426053806,80.7
,,0.006102292034264495,0.02091969241926748,0.0020754189085560163,0.029097403362087992,0.3891817831444299,0.20971947078327208,0.7189539272265258,-3.8670643426053806,80.8
,,0.006102292034264495,0.02091969241926748,0.0020754189085560163,0.029097403362087992,0.388875000082682,0.20971947078327208,0.7189539272265258,-3.8670643426053806,80.9
,,0.006102292034264495,0.02091969241926748,0.0020754189085560163,0.029097403362087992,0.388568217020934,0.20971947078327208,0.7189539272265258,-3.8670643426053806,81.0
,,0.006102292034264495,0.02091969241926748,0.0020754189085560163,0.029097403362087992,0.38826143395918616,0.20971947078327208,0.7189539272265258,-3.8670643426053806,81.1
,,0.006102292034264495,0.02091969241926748,0.0020754189085560163,0.029097403362087992,0.38771474117598625,0.20971947078327208,0.7189539272265258,-3.8670643426053806,81.2
,,0.006102292034264495,0.02091969241926748,0.0020754189085560163,0.029097403362087992,0.3871680483927864,0.20971947078327208,0.7189539272265258,-3.8670643426053806,81.3
,,0.007046453472323533,0.019618623915540048,0.0020340662360212422,0.028699143623884822,0.38737103115064114,0.24552835320351274,0.683596143935545,-3.9312759641272494,81.4
,,0.007046453472323533,0.019618623915540048,0.0020340662360212422,0.028699143623884822,0.38757401390849583,0.24552835320351274,0.683596143935545,-3.9312759641272494,81.5
,,0.007046453472323533,0.019618623915540048,0.0020340662360212422,0.028699143623884822,0.38777699666635057,0.24552835320351274,0.683596143935545,-3.9312759641272494,81.6
,,0.007046453472323533,0.019618623915540048,0.0020340662360212422,0.028699143623884822,0.38705549526060723,0.24552835320351274,0.683596143935545,-3.9312759641272494,81.7
,,0.007046453472323533,0.019618623915540048,0.0020340662360212422,0.028699143623884822,0.3863339938548639,0.24552835320351274,0.683596143935545,-3.9312759641272494,81.8
,,0.007046453472323533,0.019618623915540048,0.0020340662360212422,0.028699143623884822,0.38561249244912066,0.24552835320351274,0.683596143935545,-3.9312759641272494,81.9
,,0.007046453472323533,0.019618623915540048,0.0020340662360212422,0.028699143623884822,0.3848909910433773,0.24552835320351274,0.683596143935545,-3.9312759641272494,82.0
,,0.007046453472323533,0.019618623915540048,0.0020340662360212422,0.028699143623884822,0.38472625286252105,0.24552835320351274,0.683596143935545,-3.9312759641272494,82.1
,,0.007046453472323533,0.019618623915540048,0.0020340662360212422,0.028699143623884822,0.38456151468166483,0.24552835320351274,0.683596143935545,-3.9312759641272494,82.2
,,0.007296541220420172,0.01958597298152137,0.0014132557311561573,0.0282957699330977,0.3845453040199138,0.2578668556350316,0.6921873137868414,-3.9329416331636358,82.3
,,0.006495820143107643,0.018766077078794796,0.0018674933323759393,0.02712939055427838,0.3842358468594548,0.23943848388747657,0.6917249777966477,-3.9757044497586094,82.4
,,0.006495820143107643,0.018766077078794796,0.0018674933323759393,0.02712939055427838,0.3839263896989957,0.23943848388747657,0.6917249777966477,-3.9757044497586094,82.5
,,0.006495820143107643,0.018766077078794796,0.0018674933323759393,0.02712939055427838,0.3836169325385367,0.23943848388747657,0.6917249777966477,-3.9757044497586094,82.6
,,0.006495820143107643,0.018766077078794796,0.0018674933323759393,0.02712939055427838,0.38339885667150664,0.23943848388747657,0.6917249777966477,-3.9757044497586094,82.7
,,0.006495820143107643,0.018766077078794796,0.0018674933323759393,0.02712939055427838,0.3831807808044767,0.23943848388747657,0.6917249777966477,-3.9757044497586094,82.8
,,0.006495820143107643,0.018766077078794796,0.0018674933323759393,0.02712939055427838,0.38296270493744666,0.23943848388747657,0.6917249777966477,-3.9757044497586094,82.9
,,0.006495820143107643,0.018766077078794796,0.0018674933323759393,0.02712939055427838,0.3823707394681802,0.23943848388747657,0.6917249777966477,-3.9757044497586094,83.0
,,0.006495820143107643,0.018766077078794796,0.0018674933323759393,0.02712939055427838,0.3817787739989138,0.23943848388747657,0.6917249777966477,-3.9757044497586094,83.1
,,0.006495820143107643,0.018766077078794796,0.0018674933323759393,0.02712939055427838,0.38118680852964737,0.23943848388747657,0.6917249777966477,-3.9757044497586094,83.2
,,0.006421114090397515,0.017867657117869237,0.0012504044292389097,0.02553917563750566,0.38074177475775095,0.25142213599752067,0.6996176137975894,-4.024763065408356,83.3
,,0.005519146144122987,0.01675634340775863,0.0016271238962618554,0.02390261344814347,0.37996347133929365,0.2309013680071734,0.7010255779817292,-4.088978381492976,83.4
,,0.005519146144122987,0.01675634340775863,0.0016271238962618554,0.02390261344814347,0.37918516792083634,0.2309013680071734,0.7010255779817292,-4.088978381492976,83.5
,,0.005519146144122987,0.01675634340775863,0.0016271238962618554,0.02390261344814347,0.3784068645023791,0.2309013680071734,0.7010255779817292,-4.088978381492976,83.6
,,0.005519146144122987,0.01675634340775863,0.0016271238962618554,0.02390261344814347,0.3776285610839218,0.2309013680071734,0.7010255779817292,-4.088978381492976,83.7
,,0.005519146144122987,0.01675634340775863,0.0016271238962618554,0.02390261344814347,0.3758764272345011,0.2309013680071734,0.7010255779817292,-4.088978381492976,83.8
,,0.005519146144122987,0.01675634340775863,0.0016271238962618554,0.02390261344814347,0.373886936388427,0.2309013680071734,0.7010255779817292,-4.088978381492976,83.9
,,0.005519146144122987,0.01675634340775863,0.0016271238962618554,0.02390261344814347,0.371897445542353,0.2309013680071734,0.7010255779817292,-4.088978381492976,84.0
,,0.005519146144122987,0.01675634340775863,0.0016271238962618554,0.02390261344814347,0.36990795469627896,0.2309013680071734,0.7010255779817292,-4.088978381492976,84.1
,,0.00526895622451911,0.015579934506152731,0.0013841913317527647,0.022233082062424605,0.36801637579726865,0.23698721615497467,0.7007545990433716,-4.161771442261289,84.2
,,0.00526895622451911,0.015579934506152731,0.0013841913317527647,0.022233082062424605,0.3661247968982584,0.23698721615497467,0.7007545990433716,-4.161771442261289,84.3
,,0.004729980509824016,0.014968088065610872,0.0014570067503391685,0.021155075325774056,0.36398672602344834,0.22358608688390233,0.7075412323100861,-4.201834806435269,84.4
,,0.004729980509824016,0.014968088065610872,0.0014570067503391685,0.021155075325774056,0.36184865514863834,0.22358608688390233,0.7075412323100861,-4.201834806435269,84.5
,,0.004729980509824016,0.014968088065610872,0.0014570067503391685,0.021155075325774056,0.35971058427382824,0.22358608688390233,0.7075412323100861,-4.201834806435269,84.6
,,0.004729980509824016,0.014968088065610872,0.0014570067503391685,0.021155075325774056,0.3575725133990183,0.22358608688390233,0.7075412323100861,-4.201834806435269,84.7
,,0.004729980509824016,0.014968088065610872,0.0014570067503391685,0.021155075325774056,0.3569522710972101,0.22358608688390233,0.7075412323100861,-4.201834806435269,84.8
,,0.004729980509824016,0.014968088065610872,0.0014570067503391685,0.021155075325774056,0.3559860255605893,0.22358608688390233,0.7075412323100861,-4.201834806435269,84.9
,,0.004729980509824016,0.014968088065610872,0.0014570067503391685,0.021155075325774056,0.3550197800239686,0.22358608688390233,0.7075412323100861,-4.201834806435269,85.0
,,0.00441455923002748,0.013693792852372086,0.001262409351805726,0.019370761434205293,0.3541243382734106,0.2278980743747202,0.7069310568345187,-4.290812625287405,85.1
,,0.00441455923002748,0.013693792852372086,0.001262409351805726,0.019370761434205293,0.3532288965228526,0.2278980743747202,0.7069310568345187,-4.290812625287405,85.2
,,0.00441455923002748,0.013693792852372086,0.001262409351805726,0.019370761434205293,0.3523334547722946,0.2278980743747202,0.7069310568345187,-4.290812625287405,85.3
,,0.0041801076483021955,0.013233392133837858,0.0013360458291129178,0.01874954561125297,0.3513657806517622,0.22294447742741072,0.7057980181607992,-4.325011936603912,85.4
,,0.0041801076483021955,0.013233392133837858,0.0013360458291129178,0.01874954561125297,0.3503981065312299,0.22294447742741072,0.7057980181607992,-4.325011936603912,85.5
,,0.0041801076483021955,0.013233392133837858,0.0013360458291129178,0.01874954561125297,0.3494304324106975,0.22294447742741072,0.7057980181607992,-4.325011936603912,85.6
,,0.0041801076483021955,0.013233392133837858,0.0013360458291129178,0.01874954561125297,0.34846275829016515,0.22294447742741072,0.7057980181607992,-4.325011936603912,85.7
,,0.0041801076483021955,0.013233392133837858,0.0013360458291129178,0.01874954561125297,0.34765800029115973,0.22294447742741072,0.7057980181607992,-4.325011936603912,85.8
,,0.0041801076483021955,0.013233392133837858,0.0013360458291129178,0.01874954561125297,0.34685324229215436,0.22294447742741072,0.7057980181607992,-4.325011936603912,85.9
,,0.007498167379203847,0.015263024195583199,0.0019490272672611888,0.024710218842048232,0.34799723758919077,0.3034439891906001,0.6176806564582431,-4.182322094806144,86.0
,,0.007498167379203847,0.015263024195583199,0.0019490272672611888,0.024710218842048232,0.3491412328862272,0.3034439891906001,0.6176806564582431,-4.182322094806144,86.1
,,0.007498167379203847,0.015263024195583199,0.0019490272672611888,0.024710218842048232,0.35028522818326374,0.3034439891906001,0.6176806564582431,-4.182322094806144,86.2
,,0.007498167379203847,0.015263024195583199,0.0019490272672611888,0.024710218842048232,0.35142922348030015,0.3034439891906001,0.6176806564582431,-4.182322094806144,86.3
,,0.007498167379203847,0.015263024195583199,0.0019490272672611888,0.024710218842048232,0.3525732187773366,0.3034439891906001,0.6176806564582431,-4.182322094806144,86.4
,,0.008497224811139643,0.015209486055602904,0.0021096087451793334,0.02581631961192188,0.3544662778601402,0.3291416026324549,0.5891423054965287,-4.185835963183017,86.5
,,0.008497224811139643,0.015209486055602904,0.0021096087451793334,0.02581631961192188,0.3561389529497677,0.3291416026324549,0.5891423054965287,-4.185835963183017,86.6
,,0.008497224811139643,0.015209486055602904,0.0021096087451793334,0.02581631961192188,0.35819479384312713,0.3291416026324549,0.5891423054965287,-4.185835963183017,86.7
,,0.008497224811139643,0.015209486055602904,0.0021096087451793334,0.02581631961192188,0.36025063473648655,0.3291416026324549,0.5891423054965287,-4.185835963183017,86.8
,,0.008497224811139643,0.015209486055602904,0.0021096087451793334,0.02581631961192188,0.36230647562984597,0.3291416026324549,0.5891423054965287,-4.185835963183017,86.9
,,0.003823070394076056,0.01106084145930264,0.0012697508677552427,0.016153662721133936,0.3619952145018927,0.23666894995116552,0.6847265323196127,-4.504344204470715,87.0
,,0.003823070394076056,0.01106084145930264,0.0012697508677552427,0.016153662721133936,0.36168395337393955,0.23666894995116552,0.6847265323196127,-4.504344204470715,87.1
,,0.003823070394076056,0.01106084145930264,0.0012697508677552427,0.016153662721133936,0.3613726922459863,0.23666894995116552,0.6847265323196127,-4.504344204470715,87.2
,,0.003823070394076056,0.01106084145930264,0.0012697508677552427,0.016153662721133936,0.361061431118033,0.23666894995116552,0.6847265323196127,-4.504344204470715,87.3
,,0.003823070394076056,0.01106084145930264,0.0012697508677552427,0.016153662721133936,0.36075016999007975,0.23666894995116552,0.6847265323196127,-4.504344204470715,87.4
,,0.008563859334496729,0.012693423894916508,0.0020095970606769558,0.02326688029009019,0.36392624937442675,0.3680708039807228,0.5455576225370824,-4.366671223174027,87.5
,,0.008563859334496729,0.012693423894916508,0.0020095970606769558,0.02326688029009019,0.3673232567413105,0.3680708039807228,0.5455576225370824,-4.366671223174027,87.6
,,0.008563859334496729,0.012693423894916508,0.0020095970606769558,0.02326688029009019,0.37072026410819436,0.3680708039807228,0.5455576225370824,-4.366671223174027,87.7
,,0.008563859334496729,0.012693423894916508,0.0020095970606769558,0.02326688029009019,0.3741172714750781,0.3680708039807228,0.5455576225370824,-4.366671223174027,87.8
,,0.0041660266201721426,0.010450762346381115,0.0013861937999278266,0.016002982766481086,0.3744472207840062,0.2603281326340024,0.6530509030023248,-4.561080351425366,87.9
,,0.0041660266201721426,0.010450762346381115,0.0013861937999278266,0.016002982766481086,0.37477717009293443,0.2603281326340024,0.6530509030023248,-4.561080351425366,88.0
,,0.0041660266201721426,0.010450762346381115,0.0013861937999278266,0.016002982766481086,0.37510711940186275,0.2603281326340024,0.6530509030023248,-4.561080351425366,88.1
,,0.0041660266201721426,0.010450762346381115,0.0013861937999278266,0.016002982766481086,0.37543706871079097,0.2603281326340024,0.6530509030023248,-4.561080351425366,88.2
,,0.0041660266201721426,0.010450762346381115,0.0013861937999278266,0.016002982766481086,0.3757670180197192,0.2603281326340024,0.6530509030023248,-4.561080351425366,88.3
,,0.008488260150470274,0.010849657664134146,0.0019659304269709376,0.02130384824157536,0.38036051239097024,0.39843788099771926,0.5092815880541517,-4.523621751186139,88.4
,,0.008488260150470274,0.010849657664134146,0.0019659304269709376,0.02130384824157536,0.38488145625206877,0.39843788099771926,0.5092815880541517,-4.523621751186139,88.5
,,0.008488260150470274,0.010849657664134146,0.0019659304269709376,0.02130384824157536,0.38947685986952374,0.39843788099771926,0.5092815880541517,-4.523621751186139,88.6
,,0.008488260150470274,0.010849657664134146,0.0019659304269709376,0.02130384824157536,0.3940722634869787,0.39843788099771926,0.5092815880541517,-4.523621751186139,88.7
,,0.008488260150470274,0.010849657664134146,0.0019659304269709376,0.02130384824157536,0.3986676671044336,0.39843788099771926,0.5092815880541517,-4.523621751186139,88.8
,,0.004819003206978881,0.010177568583636727,0.0015530289728803112,0.01654960076349592,0.3998312903996166,0.29118546579131616,0.6149736618472256,-4.587569138859,88.9
,,0.004819003206978881,0.010177568583636727,0.0015530289728803112,0.01654960076349592,0.40099491369479967,0.29118546579131616,0.6149736618472256,-4.587569138859,89.0
,,0.004819003206978881,0.010177568583636727,0.0015530289728803112,0.01654960076349592,0.4021585369899826,0.29118546579131616,0.6149736618472256,-4.587569138859,89.1
,,0.004819003206978881,0.010177568583636727,0.0015530289728803112,0.01654960076349592,0.4033221602851657,0.29118546579131616,0.6149736618472256,-4.587569138859,89.2
,,0.004819003206978881,0.010177568583636727,0.0015530289728803112,0.01654960076349592,0.40448578358034876,0.29118546579131616,0.6149736618472256,-4.587569138859,89.3
,,0.005746868532552371,0.010287552346504341,0.0015221482071204628,0.017556569086177174,0.40664998621915927,0.32733437292580453,0.5859659877740034,-4.576820624631813,89.4
,,0.005746868532552371,0.010287552346504341,0.0015221482071204628,0.017556569086177174,0.4096157934923455,0.32733437292580453,0.5859659877740034,-4.576820624631813,89.5
,,0.005746868532552371,0.010287552346504341,0.0015221482071204628,0.017556569086177174,0.4125816007655317,0.32733437292580453,0.5859659877740034,-4.576820624631813,89.6
,,0.005746868532552371,0.010287552346504341,0.0015221482071204628,0.017556569086177174,0.41554740803871787,0.32733437292580453,0.5859659877740034,-4.576820624631813,89.7
,,0.005887103398355392,0.010221646994472713,0.0017672843981459542,0.01787603479097406,0.41870567303807343,0.32932937685531355,0.5718072891441122,-4.583247553132503,89.8
,,0.005887103398355392,0.010221646994472713,0.0017672843981459542,0.01787603479097406,0.42186393803742883,0.32932937685531355,0.5718072891441122,-4.583247553132503,89.9
,,0.005887103398355392,0.010221646994472713,0.0017672843981459542,0.01787603479097406,0.42502220303678434,0.32932937685531355,0.5718072891441122,-4.583247553132503,90.0
,,0.005887103398355392,0.010221646994472713,0.0017672843981459542,0.01787603479097406,0.42818046803613974,0.32932937685531355,0.5718072891441122,-4.583247553132503,90.1
,,0.005887103398355392,0.010221646994472713,0.0017672843981459542,0.01787603479097406,0.4313387330354953,0.32932937685531355,0.5718072891441122,-4.583247553132503,90.2
,,0.005887103398355392,0.010221646994472713,0.0017672843981459542,0.01787603479097406,0.43449699803485076,0.32932937685531355,0.5718072891441122,-4.583247553132503,90.3
,,0.005887103398355392,0.010221646994472713,0.0017672843981459542,0.01787603479097406,0.43690558749315156,0.32932937685531355,0.5718072891441122,-4.583247553132503,90.4
,,0.007013014272074746,0.010378957798532363,0.001695975029228663,0.019087947099835773,0.44042251832420437,0.36740537027866577,0.5437440571396838,-4.567974811050958,90.5
,,0.007013014272074746,0.010378957798532363,0.001695975029228663,0.019087947099835773,0.4439394491552572,0.36740537027866577,0.5437440571396838,-4.567974811050958,90.6
,,0.007013014272074746,0.010378957798532363,0.001695975029228663,0.019087947099835773,0.44745637998631,0.36740537027866577,0.5437440571396838,-4.567974811050958,90.7
,,0.0072384654405222475,0.010556915789234608,0.001993962965127952,0.019789344194884807,0.45108403946290415,0.3657759129983328,0.5334646608432524,-4.5509741087768205,90.8
,,0.0072384654405222475,0.010556915789234608,0.001993962965127952,0.019789344194884807,0.4547116989394983,0.3657759129983328,0.5334646608432524,-4.5509741087768205,90.9
,,0.0072384654405222475,0.010556915789234608,0.001993962965127952,0.019789344194884807,0.45833935841609247,0.3657759129983328,0.5334646608432524,-4.5509741087768205,91.0
,,0.0072384654405222475,0.010556915789234608,0.001993962965127952,0.019789344194884807,0.46196701789268657,0.3657759129983328,0.5334646608432524,-4.5509741087768205,91.1
,,0.0072384654405222475,0.010556915789234608,0.001993962965127952,0.019789344194884807,0.46559467736928073,0.3657759129983328,0.5334646608432524,-4.5509741087768205,91.2
,,0.0072384654405222475,0.010556915789234608,0.001993962965127952,0.019789344194884807,0.4690738093267696,0.3657759129983328,0.5334646608432524,-4.5509741087768205,91.3
,,0.008229824295287498,0.01077065060200044,0.0018971582124375865,0.020897633109725526,0.4737177014510457,0.39381609640076554,0.5154005023175519,-4.530930380910385,91.4
,,0.008229824295287498,0.01077065060200044,0.0018971582124375865,0.020897633109725526,0.4783615935753218,0.39381609640076554,0.5154005023175519,-4.530930380910385,91.5
,,0.008229824295287498,0.01077065060200044,0.0018971582124375865,0.020897633109725526,0.48300548569959795,0.39381609640076554,0.5154005023175519,-4.530930380910385,91.6
,,0.008229824295287498,0.01077065060200044,0.0018971582124375865,0.020897633109725526,0.487649377823874,0.39381609640076554,0.5154005023175519,-4.530930380910385,91.7
,,0.008472893135862214,0.011134046845307504,0.0021838331287020525,0.02179077310987177,0.49225874000292086,0.3888293955033555,0.5109523553463782,-4.4977475818192625,91.8
,,0.008472893135862214,0.011134046845307504,0.0021838331287020525,0.02179077310987177,0.4968681021819676,0.3888293955033555,0.5109523553463782,-4.4977475818192625,91.9
,,0.008472893135862214,0.011134046845307504,0.0021838331287020525,0.02179077310987177,0.5014774643610145,0.3888293955033555,0.5109523553463782,-4.4977475818192625,92.0
,,0.008472893135862214,0.011134046845307504,0.0021838331287020525,0.02179077310987177,0.5060868265400613,0.3888293955033555,0.5109523553463782,-4.4977475818192625,92.1
,,0.008472893135862214,0.011134046845307504,0.0021838331287020525,0.02179077310987177,0.5106961887191082,0.3888293955033555,0.5109523553463782,-4.4977475818192625,92.2
,,0.008472893135862214,0.011134046845307504,0.0021838331287020525,0.02179077310987177,0.515158619200785,0.3888293955033555,0.5109523553463782,-4.4977475818192625,92.3
,,0.009110629434253744,0.011482181322368125,0.002088309837031169,0.02268112059365304,0.5203150808273748,0.40168339111089657,0.506244004786132,-4.466958895481211,92.4
,,0.009110629434253744,0.011482181322368125,0.002088309837031169,0.02268112059365304,0.5254715424539645,0.40168339111089657,0.506244004786132,-4.466958895481211,92.5
,,0.009110629434253744,0.011482181322368125,0.002088309837031169,0.02268112059365304,0.5306280040805542,0.40168339111089657,0.506244004786132,-4.466958895481211,92.6
,,0.009110629434253744,0.011482181322368125,0.002088309837031169,0.02268112059365304,0.535784465707144,0.40168339111089657,0.506244004786132,-4.466958895481211,92.7
,,0.007240594627455759,0.011168423873672843,0.0018674998497956621,0.020276518350924266,0.5393281647756828,0.357092598548888,0.5508057981346561,-4.4946647793778505,92.8
,,0.007240594627455759,0.011168423873672843,0.0018674998497956621,0.020276518350924266,0.5428718638442217,0.357092598548888,0.5508057981346561,-4.4946647793778505,92.9
,,0.007240594627455759,0.011168423873672843,0.0018674998497956621,0.020276518350924266,0.5464155629127605,0.357092598548888,0.5508057981346561,-4.4946647793778505,93.0
,,0.007240594627455759,0.011168423873672843,0.0018674998497956621,0.020276518350924266,0.5499592619812994,0.357092598548888,0.5508057981346561,-4.4946647793778505,93.1
,,0.007240594627455759,0.011168423873672843,0.0018674998497956621,0.020276518350924266,0.5534050491027744,0.357092598548888,0.5508057981346561,-4.4946647793778505,93.2
,,0.007240594627455759,0.011168423873672843,0.0018674998497956621,0.020276518350924266,0.5568508362242497,0.357092598548888,0.5508057981346561,-4.4946647793778505,93.3
,,0.00928272550792232,0.012417611443859382,0.0021960023888414754,0.023896339340623178,0.56164573458837,0.38845805525291977,0.5196449241390606,-4.388639536280993,93.4
,,0.00928272550792232,0.012417611443859382,0.0021960023888414754,0.023896339340623178,0.5664406329524903,0.38845805525291977,0.5196449241390606,-4.388639536280993,93.5
,,0.00928272550792232,0.012417611443859382,0.0021960023888414754,0.023896339340623178,0.5712355313166105,0.38845805525291977,0.5196449241390606,-4.388639536280993,93.6
,,0.008960323452818933,0.012917041180484902,0.0022893973817985106,0.024166762015102348,0.5754319538337497,0.37077054208666543,0.5344961469150379,-4.34920781765304,93.7
,,0.008960323452818933,0.012917041180484902,0.0022893973817985106,0.024166762015102348,0.5796283763508887,0.37077054208666543,0.5344961469150379,-4.34920781765304,93.8
,,0.008960323452818933,0.012917041180484902,0.0022893973817985106,0.024166762015102348,0.583824798868028,0.37077054208666543,0.5344961469150379,-4.34920781765304,93.9
,,0.008960323452818933,0.012917041180484902,0.0022893973817985106,0.024166762015102348,0.5880212213851671,0.37077054208666543,0.5344961469150379,-4.34920781765304,94.0
,,0.008960323452818933,0.012917041180484902,0.0022893973817985106,0.024166762015102348,0.5921468401162435,0.37077054208666543,0.5344961469150379,-4.34920781765304,94.1
,,0.008960323452818933,0.012917041180484902,0.0022893973817985106,0.024166762015102348,0.5962724588473199,0.37077054208666543,0.5344961469150379,-4.34920781765304,94.2
,,0.008960323452818933,0.012917041180484902,0.0022893973817985106,0.024166762015102348,0.6003980775783962,0.37077054208666543,0.5344961469150379,-4.34920781765304,94.3
,,0.008960323452818933,0.012917041180484902,0.0022893973817985106,0.024166762015102348,0.6045959286794471,0.37077054208666543,0.5344961469150379,-4.34920781765304,94.4
,,0.008186760046858841,0.01316983329539395,0.0021987741276411153,0.023555367469893902,0.6079931952489537,0.34755390920232226,0.559101160795997,-4.3298264212118465,94.5
,,0.007570368498676719,0.01373702947351823,0.0021499208438042396,0.02345731881599919,0.6106067103266183,0.322729488312761,0.5856180572584798,-4.287660211084245,94.6
,,0.007570368498676719,0.01373702947351823,0.0021499208438042396,0.02345731881599919,0.6132202254042829,0.322729488312761,0.5856180572584798,-4.287660211084245,94.7
,,0.007570368498676719,0.01373702947351823,0.0021499208438042396,0.02345731881599919,0.6158337404819474,0.322729488312761,0.5856180572584798,-4.287660211084245,94.8
,,0.007570368498676719,0.01373702947351823,0.0021499208438042396,0.02345731881599919,0.618447255559612,0.322729488312761,0.5856180572584798,-4.287660211084245,94.9
,,0.007570368498676719,0.01373702947351823,0.0021499208438042396,0.02345731881599919,0.6191120173412348,0.322729488312761,0.5856180572584798,-4.287660211084245,95.0
,,0.007570368498676719,0.01373702947351823,0.0021499208438042396,0.02345731881599919,0.6197767791228574,0.322729488312761,0.5856180572584798,-4.287660211084245,95.1
,,0.007570368498676719,0.01373702947351823,0.0021499208438042396,0.02345731881599919,0.6204415409044802,0.322729488312761,0.5856180572584798,-4.287660211084245,95.2
,,0.007570368498676719,0.01373702947351823,0.0021499208438042396,0.02345731881599919,0.6211063026861029,0.322729488312761,0.5856180572584798,-4.287660211084245,95.3
,,0.007570368498676719,0.01373702947351823,0.0021499208438042396,0.02345731881599919,0.6217710644677256,0.322729488312761,0.5856180572584798,-4.287660211084245,95.4
,,0.007570368498676719,0.01373702947351823,0.0021499208438042396,0.02345731881599919,0.6216867624635812,0.322729488312761,0.5856180572584798,-4.287660211084245,95.5
,,0.005868297568299325,0.014605227519766164,0.0020196761738491133,0.022493201261914602,0.6199435962564191,0.26089205800312215,0.6493174248387523,-4.226375765053148,95.6
,,0.005868297568299325,0.014605227519766164,0.0020196761738491133,0.022493201261914602,0.6182004300492572,0.26089205800312215,0.6493174248387523,-4.226375765053148,95.7
,,0.005868297568299325,0.014605227519766164,0.0020196761738491133,0.022493201261914602,0.6164572638420951,0.26089205800312215,0.6493174248387523,-4.226375765053148,95.8
,,0.005868297568299325,0.014605227519766164,0.0020196761738491133,0.022493201261914602,0.6147140976349331,0.26089205800312215,0.6493174248387523,-4.226375765053148,95.9
,,0.005868297568299325,0.014605227519766164,0.0020196761738491133,0.022493201261914602,0.6153380334490838,0.26089205800312215,0.6493174248387523,-4.226375765053148,96.0
,,0.005868297568299325,0.014605227519766164,0.0020196761738491133,0.022493201261914602,0.6159619692632344,0.26089205800312215,0.6493174248387523,-4.226375765053148,96.1
,,0.005868297568299325,0.014605227519766164,0.0020196761738491133,0.022493201261914602,0.6165859050773851,0.26089205800312215,0.6493174248387523,-4.226375765053148,96.2
,,0.005868297568299325,0.014605227519766164,0.0020196761738491133,0.022493201261914602,0.6172098408915357,0.26089205800312215,0.6493174248387523,-4.226375765053148,96.3
,,0.005868297568299325,0.014605227519766164,0.0020196761738491133,0.022493201261914602,0.6178337767056864,0.26089205800312215,0.6493174248387523,-4.226375765053148,96.4
,,0.005868297568299325,0.014605227519766164,0.0020196761738491133,0.022493201261914602,0.6148018361368262,0.26089205800312215,0.6493174248387523,-4.226375765053148,96.5
,,0.001951650233423259,0.011086424787123976,0.0010206331812725885,0.014058708201819824,0.6092615101570741,0.13882144827293794,0.7885806169366897,-4.50203391128005,96.6
,,0.001951650233423259,0.011086424787123976,0.0010206331812725885,0.014058708201819824,0.603721184177322,0.13882144827293794,0.7885806169366897,-4.50203391128005,96.7
,,0.001951650233423259,0.011086424787123976,0.0010206331812725885,0.014058708201819824,0.5981808581975699,0.13882144827293794,0.7885806169366897,-4.50203391128005,96.8
,,0.001951650233423259,0.011086424787123976,0.0010206331812725885,0.014058708201819824,0.5957075902757735,0.13882144827293794,0.7885806169366897,-4.50203391128005,96.9
,,0.001951650233423259,0.011086424787123976,0.0010206331812725885,0.014058708201819824,0.593234322353977,0.13882144827293794,0.7885806169366897,-4.50203391128005,97.0
,,0.001951650233423259,0.011086424787123976,0.0010206331812725885,0.014058708201819824,0.5907610544321804,0.13882144827293794,0.7885806169366897,-4.50203391128005,97.1
,,0.001951650233423259,0.011086424787123976,0.0010206331812725885,0.014058708201819824,0.5882877865103839,0.13882144827293794,0.7885806169366897,-4.50203391128005,97.2
,,0.001951650233423259,0.011086424787123976,0.0010206331812725885,0.014058708201819824,0.5858145185885875,0.13882144827293794,0.7885806169366897,-4.50203391128005,97.3
,,0.001951650233423259,0.011086424787123976,0.0010206331812725885,0.014058708201819824,0.5790777056044681,0.13882144827293794,0.7885806169366897,-4.50203391128005,97.4
,,0.001951650233423259,0.011086424787123976,0.0010206331812725885,0.014058708201819824,0.5723408926203488,0.13882144827293794,0.7885806169366897,-4.50203391128005,97.5
,,0.003934847476577324,0.016235693564038013,0.0013788150400656073,0.021549356080680947,0.5663409484198338,0.18259698627862594,0.7534189654322597,-4.1205431540418145,97.6
,,0.003595974457840676,0.01664778231154551,0.0020035506703294085,0.022247307439715598,0.5600481751234991,0.16163638982312034,0.7483054907501351,-4.095478265928631,97.7
,,0.003595974457840676,0.01664778231154551,0.0020035506703294085,0.022247307439715598,0.5537554018271643,0.16163638982312034,0.7483054907501351,-4.095478265928631,97.8
,,0.003595974457840676,0.01664778231154551,0.0020035506703294085,0.022247307439715598,0.5508944088531016,0.16163638982312034,0.7483054907501351,-4.095478265928631,97.9
,,0.003595974457840676,0.01664778231154551,0.0020035506703294085,0.022247307439715598,0.5480334158790389,0.16163638982312034,0.7483054907501351,-4.095478265928631,98.0
,,0.003595974457840676,0.01664778231154551,0.0020035506703294085,0.022247307439715598,0.545172422904976,0.16163638982312034,0.7483054907501351,-4.095478265928631,98.1
,,0.003595974457840676,0.01664778231154551,0.0020035506703294085,0.022247307439715598,0.5423114299309132,0.16163638982312034,0.7483054907501351,-4.095478265928631,98.2
,,0.003595974457840676,0.01664778231154551,0.0020035506703294085,0.022247307439715598,0.5394504369568505,0.16163638982312034,0.7483054907501351,-4.095478265928631,98.3
,,0.003595974457840676,0.01664778231154551,0.0020035506703294085,0.022247307439715598,0.5356435448348175,0.16163638982312034,0.7483054907501351,-4.095478265928631,98.4
,,0.003595974457840676,0.01664778231154551,0.0020035506703294085,0.022247307439715598,0.5318366527127845,0.16163638982312034,0.7483054907501351,-4.095478265928631,98.5
,,0.0034000415656425167,0.017637317669814474,0.0014470505148363251,0.022484409750293317,0.5277716741628778,0.15121773724116383,0.7844243129212849,-4.037738299500042,98.6
,,0.0034000415656425167,0.017637317669814474,0.0014470505148363251,0.022484409750293317,0.5237066956129711,0.15121773724116383,0.7844243129212849,-4.037738299500042,98.7
,,0.0034147245547905543,0.017803498084127685,0.002105200292939686,0.023323422931857928,0.5194384296846827,0.14640752194766035,0.7633312715780467,-4.028360319411727,98.8
,,0.0034147245547905543,0.017803498084127685,0.002105200292939686,0.023323422931857928,0.5151701637563942,0.14640752194766035,0.7633312715780467,-4.028360319411727,98.9
,,0.0034147245547905543,0.017803498084127685,0.002105200292939686,0.023323422931857928,0.5109018978281058,0.14640752194766035,0.7633312715780467,-4.028360319411727,99.0
,,0.0034147245547905543,0.017803498084127685,0.002105200292939686,0.023323422931857928,0.5066336318998175,0.14640752194766035,0.7633312715780467,-4.028360319411727,99.1
,,0.0034147245547905543,0.017803498084127685,0.002105200292939686,0.023323422931857928,0.5023653659715289,0.14640752194766035,0.7633312715780467,-4.028360319411727,99.2
,,0.0034147245547905543,0.017803498084127685,0.002105200292939686,0.023323422931857928,0.4980971000432406,0.14640752194766035,0.7633312715780467,-4.028360319411727,99.3
,,0.0034147245547905543,0.017803498084127685,0.002105200292939686,0.023323422931857928,0.49382883411495215,0.14640752194766035,0.7633312715780467,-4.028360319411727,99.4
,,0.0034147245547905543,0.017803498084127685,0.002105200292939686,0.023323422931857928,0.4884522268139117,0.14640752194766035,0.7633312715780467,-4.028360319411727,99.5
,,0.0036054342554703587,0.01933233068951306,0.0015531903572094962,0.024490955302192915,0.48301669601864927,0.1472149293885457,0.789366133373411,-3.945976419335905,99.6
,,0.003993388203946468,0.01988323535889293,0.0023251342045910455,0.02620175776743044,0.4777405465741962,0.15240917191099168,0.7588512013346058,-3.9178783465840312,99.7
,,0.003993388203946468,0.01988323535889293,0.0023251342045910455,0.02620175776743044,0.47235366848420157,0.15240917191099168,0.7588512013346058,-3.9178783465840312,99.8
,,0.003993388203946468,0.01988323535889293,0.0023251342045910455,0.02620175776743044,0.4669667903942071,0.15240917191099168,0.7588512013346058,-3.9178783465840312,99.9
,,0.003993388203946468,0.01988323535889293,0.0023251342045910455,0.02620175776743044,0.46157991230421264,0.15240917191099168,0.7588512013346058,-3.9178783465840312,100.0
,,0.003993388203946468,0.01988323535889293,0.0023251342045910455,0.02620175776743044,0.4561930342142181,0.15240917191099168,0.7588512013346058,-3.9178783465840312,100.1
,,0.003981735004666235,0.019786843674848523,0.0023185948816546896,0.02608717356116945,0.4508104835207375,0.1526319053051043,0.7584893636887164,-3.9227380229998423,100.2
,,0.003981735004666235,0.019786843674848523,0.0023185948816546896,0.02608717356116945,0.44542793282725696,0.1526319053051043,0.7584893636887164,-3.9227380229998423,100.3
,,0.003993388203946468,0.01988323535889293,0.0023251342045910455,0.02620175776743044,0.43916954106918327,0.15240917191099168,0.7588512013346058,-3.9178783465840312,100.4
,,0.003993388203946468,0.01988323535889293,0.0023251342045910455,0.02620175776743044,0.43291114931110963,0.15240917191099168,0.7588512013346058,-3.9178783465840312,100.5
,,0.003993388203946468,0.01988323535889293,0.0023251342045910455,0.02620175776743044,0.42665275755303605,0.15240917191099168,0.7588512013346058,-3.9178783465840312,100.6
,,0.004466911349168543,0.021352156471054096,0.001674448668759087,0.027493516488981726,0.4204872536971677,0.1624714448935151,0.7766251537743877,-3.8466025387382516,100.7
,,0.00352546574949611,0.01106358206880199,0.0014258588702343489,0.01601490668853245,0.41557242553151164,0.22013651518934774,0.690830254835273,-4.504096459302586,100.8
,,0.00352546574949611,0.01106358206880199,0.0014258588702343489,0.01601490668853245,0.41065759736585566,0.22013651518934774,0.690830254835273,-4.504096459302586,100.9
,,0.00352546574949611,0.01106358206880199,0.0014258588702343489,0.01601490668853245,0.40574276920019964,0.22013651518934774,0.690830254835273,-4.504096459302586,101.0
,,0.00352546574949611,0.01106358206880199,0.0014258588702343489,0.01601490668853245,0.4008279410345436,0.22013651518934774,0.690830254835273,-4.504096459302586,101.1
,,0.00352546574949611,0.01106358206880199,0.0014258588702343489,0.01601490668853245,0.39591311286888753,0.22013651518934774,0.690830254835273,-4.504096459302586,101.2
,,0.00352546574949611,0.01106358206880199,0.0014258588702343489,0.01601490668853245,0.3909982847032315,0.22013651518934774,0.690830254835273,-4.504096459302586,101.3
,,0.00352546574949611,0.01106358206880199,0.0014258588702343489,0.01601490668853245,0.38572269503922346,0.22013651518934774,0.690830254835273,-4.504096459302586,101.4
,,0.003517257585563835,0.011037926975809268,0.0014224153105966547,0.01597759987196976,0.38044707211588824,0.2201367923685661,0.6908376141759323,-4.506418029695239,101.5
,,0.003517257585563835,0.011037926975809268,0.0014224153105966547,0.01597759987196976,0.37517144919255296,0.2201367923685661,0.6908376141759323,-4.506418029695239,101.6
,,0.0062435890134962925,0.024590106823185392,0.0018804957732383926,0.032714191609920076,0.3691764322222655,0.1908526149123312,0.7516648161872604,-3.705411078591638,101.7
,,0.007177645346699391,0.024834483761122742,0.0029130145028928383,0.03492514361071497,0.3651843196601496,0.20551512763135218,0.7110774987193916,-3.695522117386495,101.8
,,0.007177645346699391,0.024834483761122742,0.0029130145028928383,0.03492514361071497,0.3611922070980337,0.20551512763135218,0.7110774987193916,-3.695522117386495,101.9
,,0.007178526977189945,0.02477711067356783,0.0029085721626544896,0.03486420981341227,0.35720792593987666,0.20589960350767406,0.7106746662600703,-3.6978350087089753,102.0
,,0.007178526977189945,0.02477711067356783,0.0029085721626544896,0.03486420981341227,0.3532236447817196,0.20589960350767406,0.7106746662600703,-3.6978350087089753,102.1
,,0.007178526977189945,0.02477711067356783,0.0029085721626544896,0.03486420981341227,0.3492393636235625,0.20589960350767406,0.7106746662600703,-3.6978350087089753,102.2
,,0.007178526977189945,0.02477711067356783,0.0029085721626544896,0.03486420981341227,0.34525508246540537,0.20589960350767406,0.7106746662600703,-3.6978350087089753,102.3
,,0.007178526977189945,0.02477711067356783,0.0029085721626544896,0.03486420981341227,0.3401681820404029,0.20589960350767406,0.7106746662600703,-3.6978350087089753,102.4
,,0.007178526977189945,0.02477711067356783,0.0029085721626544896,0.03486420981341227,0.3350812816154004,0.20589960350767406,0.7106746662600703,-3.6978350087089753,102.5
,,0.007178526977189945,0.02477711067356783,0.0029085721626544896,0.03486420981341227,0.3299943811903979,0.20589960350767406,0.7106746662600703,-3.6978350087089753,102.6
,,0.008153581578480265,0.024894621730925198,0.002945234881281238,0.035993438190686705,0.3259259530910105,0.22652966730447005,0.6916433378505829,-3.693103493583659,102.7
,,,0.009788052773408423,0.0017679946508148037,0.011556047424223226,0.3217938587683411,,0.8470069751436967,-4.6265927417725585,102.8
,,,0.009788052773408423,0.0017679946508148037,0.011556047424223226,0.3175678532110657,,0.8470069751436967,-4.6265927417725585,102.9
,,,0.009788052773408423,0.0017679946508148037,0.011556047424223226,0.31324469810074934,,0.8470069751436967,-4.6265927417725585,103.0
,,,0.009788052773408423,0.0017679946508148037,0.011556047424223226,0.30882100449949546,,0.8470069751436967,-4.6265927417725585,103.1
,,,0.009788052773408423,0.0017679946508148037,0.011556047424223226,0.30429322398997677,,0.8470069751436967,-4.6265927417725585,103.2
,,,0.009788052773408423,0.0017679946508148037,0.011556047424223226,0.29965763918261235,,0.8470069751436967,-4.6265927417725585,103.3
,,,0.009788052773408423,0.0017679946508148037,0.011556047424223226,0.29491035353651635,,0.8470069751436967,-4.6265927417725585,103.4
,,,0.009788052773408423,0.0017679946508148037,0.011556047424223226,0.29092597077513715,,0.8470069751436967,-4.6265927417725585,103.5
,,,0.009788052773408423,0.0017679946508148037,0.011556047424223226,0.2877140431834249,,0.8470069751436967,-4.6265927417725585,103.6
,,0.009792865298796784,0.025184104580951265,0.002848786084688067,0.03782575596443612,0.2857110670837358,0.25889410665061297,0.6657924987574454,-3.6815422540813993,103.7
,,0.009792865298796784,0.025184104580951265,0.002848786084688067,0.03782575596443612,0.28370809098404665,0.25889410665061297,0.6657924987574454,-3.6815422540813993,103.8
,,0.007551544383903101,0.00863573099260353,0.0017848856693695823,0.017972161045876213,0.28770020580840955,0.42018009768701875,0.4805059875971362,-4.7518469163511465,103.9
,,0.007551544383903101,0.00863573099260353,0.0017848856693695823,0.017972161045876213,0.29169232063277245,0.42018009768701875,0.4805059875971362,-4.7518469163511465,104.0
,,0.007551544383903101,0.00863573099260353,0.0017848856693695823,0.017972161045876213,0.29568443545713535,0.42018009768701875,0.4805059875971362,-4.7518469163511465,104.1
,,0.007551544383903101,0.00863573099260353,0.0017848856693695823,0.017972161045876213,0.29967655028149826,0.42018009768701875,0.4805059875971362,-4.7518469163511465,104.2
,,0.007551544383903101,0.00863573099260353,0.0017848856693695823,0.017972161045876213,0.30366866510586116,0.42018009768701875,0.4805059875971362,-4.7518469163511465,104.3
,,0.007551544383903101,0.00863573099260353,0.0017848856693695823,0.017972161045876213,0.3076607799302241,0.42018009768701875,0.4805059875971362,-4.7518469163511465,104.4
,,0.007551544383903101,0.00863573099260353,0.0017848856693695823,0.017972161045876213,0.311652894754587,0.42018009768701875,0.4805059875971362,-4.7518469163511465,104.5
,,0.007551544383903101,0.00863573099260353,0.0017848856693695823,0.017972161045876213,0.3174881920267473,0.42018009768701875,0.4805059875971362,-4.7518469163511465,104.6
,,,0.008638645343754348,0.001414093879406135,0.010052739223160483,0.31643436533417857,,0.8593324816236945,-4.751509497376161,104.7
,,,0.008638645343754348,0.001414093879406135,0.010052739223160483,0.315353859484836,,0.8593324816236945,-4.751509497376161,104.8
,,0.01012244809645986,0.023045254795170063,0.0026889290977853367,0.03585663198941526,0.31582788301282405,0.28230337136650113,0.6427055056920274,-3.7702953964520387,104.9
,,0.01012244809645986,0.023045254795170063,0.0026889290977853367,0.03585663198941526,0.31630190654081214,0.28230337136650113,0.6427055056920274,-3.7702953964520387,105.0
,,0.01012244809645986,0.023045254795170063,0.0026889290977853367,0.03585663198941526,0.31677593006880017,0.28230337136650113,0.6427055056920274,-3.7702953964520387,105.1
,,0.01012244809645986,0.023045254795170063,0.0026889290977853367,0.03585663198941526,0.31724995359678826,0.28230337136650113,0.6427055056920274,-3.7702953964520387,105.2
,,0.01012244809645986,0.023045254795170063,0.0026889290977853367,0.03585663198941526,0.31772397712477635,0.28230337136650113,0.6427055056920274,-3.7702953964520387,105.3
,,0.01012244809645986,0.023045254795170063,0.0026889290977853367,0.03585663198941526,0.31819800065276443,0.28230337136650113,0.6427055056920274,-3.7702953964520387,105.4
,,0.01012244809645986,0.023045254795170063,0.0026889290977853367,0.03585663198941526,0.31867202418075247,0.28230337136650113,0.6427055056920274,-3.7702953964520387,105.5
,,0.01012244809645986,0.023045254795170063,0.0026889290977853367,0.03585663198941526,0.3220037019743135,0.28230337136650113,0.6427055056920274,-3.7702953964520387,105.6
,,,0.008654404556328184,0.0014485316839819864,0.010102936240310171,0.32387503609639456,,0.856622703585674,-4.74968689037191,105.7
,,,0.008654404556328184,0.0014485316839819864,0.010102936240310171,0.3257949762995688,,0.856622703585674,-4.74968689037191,105.8
,,0.007840866052863635,0.00902791904938608,0.0018020701769135374,0.018670855279163255,0.33478813824527964,0.41995216264217267,0.48353002122303806,-4.707433386683565,105.9
,,0.007840866052863635,0.00902791904938608,0.0018020701769135374,0.018670855279163255,0.34378130019099057,0.41995216264217267,0.48353002122303806,-4.707433386683565,106.0
,,0.007840866052863635,0.00902791904938608,0.0018020701769135374,0.018670855279163255,0.3527744621367015,0.41995216264217267,0.48353002122303806,-4.707433386683565,106.1
,,0.007840866052863635,0.00902791904938608,0.0018020701769135374,0.018670855279163255,0.36176762408241236,0.41995216264217267,0.48353002122303806,-4.707433386683565,106.2
,,0.007840866052863635,0.00902791904938608,0.0018020701769135374,0.018670855279163255,0.37076078602812323,0.41995216264217267,0.48353002122303806,-4.707433386683565,106.3
,,0.007840866052863635,0.00902791904938608,0.0018020701769135374,0.018670855279163255,0.37975394797383416,0.41995216264217267,0.48353002122303806,-4.707433386683565,106.4
,,0.007840866052863635,0.00902791904938608,0.0018020701769135374,0.018670855279163255,0.3887471099195451,0.41995216264217267,0.48353002122303806,-4.707433386683565,106.5
,,0.009001362382492762,0.019179681611035112,0.0020434423899398455,0.030224486383467718,0.3916946395499195,0.29781688490218167,0.6345742775475607,-3.953903809714934,106.6
,,0.009001362382492762,0.019179681611035112,0.0020434423899398455,0.030224486383467718,0.3949844369546286,0.29781688490218167,0.6345742775475607,-3.953903809714934,106.7
,,0.009001362382492762,0.019179681611035112,0.0020434423899398455,0.030224486383467718,0.3982742343593377,0.29781688490218167,0.6345742775475607,-3.953903809714934,106.8
,,0.00779504233946352,0.018414437538108612,0.002097798120143302,0.028307277997715437,0.4009665491934133,0.27537237385002633,0.6505195426983394,-3.9946202732328895,106.9
,,0.00779504233946352,0.018414437538108612,0.002097798120143302,0.028307277997715437,0.40365886402748896,0.27537237385002633,0.6505195426983394,-3.9946202732328895,107.0
,,0.00779504233946352,0.018414437538108612,0.002097798120143302,0.028307277997715437,0.4063511788615646,0.27537237385002633,0.6505195426983394,-3.9946202732328895,107.1
,,0.00779504233946352,0.018414437538108612,0.002097798120143302,0.028307277997715437,0.40904349369564025,0.27537237385002633,0.6505195426983394,-3.9946202732328895,107.2
,,0.00779504233946352,0.018414437538108612,0.002097798120143302,0.028307277997715437,0.41173580852971586,0.27537237385002633,0.6505195426983394,-3.9946202732328895,107.3
,,0.00779504233946352,0.018414437538108612,0.002097798120143302,0.028307277997715437,0.41442812336379153,0.27537237385002633,0.6505195426983394,-3.9946202732328895,107.4
,,0.0074785441943787025,0.017158979598121543,0.001882482863541571,0.026520006656041817,0.41728312729989164,0.28199631664402064,0.6470201844467625,-4.065233650669304,107.5
,,0.0074785441943787025,0.017158979598121543,0.001882482863541571,0.026520006656041817,0.4204397906971429,0.28199631664402064,0.6470201844467625,-4.065233650669304,107.6
,,0.0074785441943787025,0.017158979598121543,0.001882482863541571,0.026520006656041817,0.42359645409439406,0.28199631664402064,0.6470201844467625,-4.065233650669304,107.7
,,0.0074785441943787025,0.017158979598121543,0.001882482863541571,0.026520006656041817,0.4267657755266988,0.28199631664402064,0.6470201844467625,-4.065233650669304,107.8
,,0.006252547888947964,0.016831677023530278,0.0018985839960280223,0.024982808908506265,0.4290992076625553,0.2502740148974628,0.6737303673567046,-4.084492630851768,107.9
,,0.006252547888947964,0.016831677023530278,0.0018985839960280223,0.024982808908506265,0.43143263979841184,0.2502740148974628,0.6737303673567046,-4.084492630851768,108.0
,,0.006252547888947964,0.016831677023530278,0.0018985839960280223,0.024982808908506265,0.4337660719342683,0.2502740148974628,0.6737303673567046,-4.084492630851768,108.1
,,0.006252547888947964,0.016831677023530278,0.0018985839960280223,0.024982808908506265,0.4360995040701249,0.2502740148974628,0.6737303673567046,-4.084492630851768,108.2
,,0.006252547888947964,0.016831677023530278,0.0018985839960280223,0.024982808908506265,0.4384329362059813,0.2502740148974628,0.6737303673567046,-4.084492630851768,108.3
,,0.006252547888947964,0.016831677023530278,0.0018985839960280223,0.024982808908506265,0.4407663683418379,0.2502740148974628,0.6737303673567046,-4.084492630851768,108.4
,,0.004950152811601101,0.01359359243108944,0.0018462142266312538,0.020389959469321796,0.44300471416268683,0.24277403881302326,0.6666806989754936,-4.298156742036538,108.5
,,0.004950152811601101,0.01359359243108944,0.0018462142266312538,0.020389959469321796,0.44531193160015903,0.24277403881302326,0.6666806989754936,-4.298156742036538,108.6
,,0.004950152811601101,0.01359359243108944,0.0018462142266312538,0.020389959469321796,0.4474328591470748,0.24277403881302326,0.6666806989754936,-4.298156742036538,108.7
,,0.004950152811601101,0.01359359243108944,0.0018462142266312538,0.020389959469321796,0.44955378669399076,0.24277403881302326,0.6666806989754936,-4.298156742036538,108.8
,,0.005033993754525557,0.01616316632692933,0.0018085626038356409,0.02300572268529053,0.45099023498335494,0.21881484982622207,0.7025715535232365,-4.125020309009793,108.9
,,0.005033993754525557,0.01616316632692933,0.0018085626038356409,0.02300572268529053,0.4524266832727191,0.21881484982622207,0.7025715535232365,-4.125020309009793,109.0
,,0.005033993754525557,0.01616316632692933,0.0018085626038356409,0.02300572268529053,0.45386313156208336,0.21881484982622207,0.7025715535232365,-4.125020309009793,109.1
,,0.005033993754525557,0.01616316632692933,0.0018085626038356409,0.02300572268529053,0.45529452185552227,0.21881484982622207,0.7025715535232365,-4.125020309009793,109.2
,,0.005033993754525557,0.01616316632692933,0.0018085626038356409,0.02300572268529053,0.456725912148961,0.21881484982622207,0.7025715535232365,-4.125020309009793,109.3
,,,0.015833917992706545,0.0019512632557230438,0.01778518124842959,0.46009280609516184,,0.8902871312657924,-4.145600931436244,109.4
,,,0.015833917992706545,0.0019512632557230438,0.01778518124842959,0.46354948387992795,,0.8902871312657924,-4.145600931436244,109.5
,,,0.015833917992706545,0.0019512632557230438,0.01778518124842959,0.4670995853886067,,0.8902871312657924,-4.145600931436244,109.6
,,,0.015833917992706545,0.0019512632557230438,0.01778518124842959,0.4706324306208317,,0.8902871312657924,-4.145600931436244,109.7
,,,0.015833917992706545,0.0019512632557230438,0.01778518124842959,0.47274322826161197,,0.8902871312657924,-4.145600931436244,109.8
,,0.0032499366637457152,0.017586487989829258,0.0018594190816398205,0.022695843735214796,0.4708840944540909,0.1431952344077486,0.7748770301296233,-4.040624399642589,109.9
,,0.0032499366637457152,0.017586487989829258,0.0018594190816398205,0.022695843735214796,0.4690249606465699,0.1431952344077486,0.7748770301296233,-4.040624399642589,110.0
,,0.0032499366637457152,0.017586487989829258,0.0018594190816398205,0.022695843735214796,0.4671658268390489,0.1431952344077486,0.7748770301296233,-4.040624399642589,110.1
,,0.0032499366637457152,0.017586487989829258,0.0018594190816398205,0.022695843735214796,0.4653066930315279,0.1431952344077486,0.7748770301296233,-4.040624399642589,110.2
,,0.0032499366637457152,0.017586487989829258,0.0018594190816398205,0.022695843735214796,0.4634475592240068,0.1431952344077486,0.7748770301296233,-4.040624399642589,110.3
,,0.004406211378705911,0.01660114399354931,0.00218748165150364,0.023194837023758862,0.46270813045586845,0.1899651795006171,0.7157258305606752,-4.098283670720133,110.4
,,0.004406211378705911,0.01660114399354931,0.00218748165150364,0.023194837023758862,0.46196874326188897,0.1899651795006171,0.7157258305606752,-4.098283670720133,110.5
,,0.004406211378705911,0.01660114399354931,0.00218748165150364,0.023194837023758862,0.4612293560679097,0.1899651795006171,0.7157258305606752,-4.098283670720133,110.6
,,0.004406211378705911,0.01660114399354931,0.00218748165150364,0.023194837023758862,0.4613892114326206,0.1899651795006171,0.7157258305606752,-4.098283670720133,110.7
,,0.004406211378705911,0.01660114399354931,0.00218748165150364,0.023194837023758862,0.4610613894846807,0.1899651795006171,0.7157258305606752,-4.098283670720133,110.8
,,0.004406211378705911,0.01660114399354931,0.00218748165150364,0.023194837023758862,0.46073356753674066,0.1899651795006171,0.7157258305606752,-4.098283670720133,110.9
,,0.00428349331766568,0.01786098776619438,0.0020474268902010238,0.024191907974061087,0.46004050993011486,0.1770630626678352,0.7383042207892486,-4.025136399005191,111.0
,,0.00428349331766568,0.01786098776619438,0.0020474268902010238,0.024191907974061087,0.45934745232348917,0.1770630626678352,0.7383042207892486,-4.025136399005191,111.1
,,0.00428349331766568,0.01786098776619438,0.0020474268902010238,0.024191907974061087,0.45865439471686337,0.1770630626678352,0.7383042207892486,-4.025136399005191,111.2
,,0.00428349331766568,0.01786098776619438,0.0020474268902010238,0.024191907974061087,0.4579613371102377,0.1770630626678352,0.7383042207892486,-4.025136399005191,111.3
,,0.00446370918261806,0.018476669856188007,0.002630519384283234,0.0255708984230893,0.4572927552125403,0.17456207868658785,0.7225663154449222,-3.991246431594265,111.4
,,0.00446370918261806,0.018476669856188007,0.002630519384283234,0.0255708984230893,0.45662417331484306,0.17456207868658785,0.7225663154449222,-3.991246431594265,111.5
,,0.00446370918261806,0.018476669856188007,0.002630519384283234,0.0255708984230893,0.4559555914171458,0.17456207868658785,0.7225663154449222,-3.991246431594265,111.6
,,0.00446370918261806,0.018476669856188007,0.002630519384283234,0.0255708984230893,0.4547620139211561,0.17456207868658785,0.7225663154449222,-3.991246431594265,111.7
,,0.00446370918261806,0.018476669856188007,0.002630519384283234,0.0255708984230893,0.4518417978284343,0.17456207868658785,0.7225663154449222,-3.991246431594265,111.8
,,0.00446370918261806,0.018476669856188007,0.002630519384283234,0.0255708984230893,0.4490005064949751,0.17456207868658785,0.7225663154449222,-3.991246431594265,111.9
,,0.004712208138090662,0.02048132898216899,0.0024094818632652004,0.027603018983524852,0.4460814778502375,0.17071350568222962,0.7419959749472869,-3.888241589208736,112.0
,,0.004712208138090662,0.02048132898216899,0.0024094818632652004,0.027603018983524852,0.4432392657487825,0.17071350568222962,0.7419959749472869,-3.888241589208736,112.1
,,0.004712208138090662,0.02048132898216899,0.0024094818632652004,0.027603018983524852,0.44047087733827434,0.17071350568222962,0.7419959749472869,-3.888241589208736,112.2
,,0.005025365220423428,0.02145352080135315,0.0031842946764254715,0.029663180698202053,0.43782694701362357,0.16941424021760507,0.7232373702478067,-3.8418665071543705,112.3
,,0.005025365220423428,0.02145352080135315,0.0031842946764254715,0.029663180698202053,0.4352499516339006,0.16941424021760507,0.7232373702478067,-3.8418665071543705,112.4
,,0.005025365220423428,0.02145352080135315,0.0031842946764254715,0.029663180698202053,0.4327373811386708,0.16941424021760507,0.7232373702478067,-3.8418665071543705,112.5
,,0.005025365220423428,0.02145352080135315,0.0031842946764254715,0.029663180698202053,0.4302868494211009,0.16941424021760507,0.7232373702478067,-3.8418665071543705,112.6
,,0.005025365220423428,0.02145352080135315,0.0031842946764254715,0.029663180698202053,0.4283781243641441,0.16941424021760507,0.7232373702478067,-3.8418665071543705,112.7
,,0.005025365220423428,0.02145352080135315,0.0031842946764254715,0.029663180698202053,0.4264693993071873,0.16941424021760507,0.7232373702478067,-3.8418665071543705,112.8
,,0.005025365220423428,0.02145352080135315,0.0031842946764254715,0.029663180698202053,0.41856558332617855,0.16941424021760507,0.7232373702478067,-3.8418665071543705,112.9
,,0.00567386691862244,0.024247771705056632,0.0024668221278627478,0.03238846075154182,0.4106586942959152,0.1751817402545856,0.7486546486746005,-3.71943055427192,113.0
,,0.00567386691862244,0.024247771705056632,0.0024668221278627478,0.03238846075154182,0.4027518052656518,0.1751817402545856,0.7486546486746005,-3.71943055427192,113.1
,,0.00609181462650527,0.025161128306587684,0.0039024130595371946,0.03515535599263015,0.39494512296708634,0.1732826892090735,0.715712516518461,-3.6824550029015333,113.2
,,0.00609181462650527,0.025161128306587684,0.0039024130595371946,0.03515535599263015,0.3871384406685208,0.1732826892090735,0.715712516518461,-3.6824550029015333,113.3
,,0.00609181462650527,0.025161128306587684,0.0039024130595371946,0.03515535599263015,0.37933175836995536,0.1732826892090735,0.715712516518461,-3.6824550029015333,113.4
,,0.00609181462650527,0.025161128306587684,0.0039024130595371946,0.03515535599263015,0.37152507607138985,0.1732826892090735,0.715712516518461,-3.6824550029015333,113.5
,,0.00609181462650527,0.025161128306587684,0.0039024130595371946,0.03515535599263015,0.3637183937728244,0.1732826892090735,0.715712516518461,-3.6824550029015333,113.6
,,0.00609181462650527,0.025161128306587684,0.0039024130595371946,0.03515535599263015,0.3622353906816121,0.1732826892090735,0.715712516518461,-3.6824550029015333,113.7
,,0.00609181462650527,0.025161128306587684,0.0039024130595371946,0.03515535599263015,0.36078812260464593,0.1732826892090735,0.715712516518461,-3.6824550029015333,113.8
,,0.00609181462650527,0.025161128306587684,0.0039024130595371946,0.03515535599263015,0.35841306181127386,0.1732826892090735,0.715712516518461,-3.6824550029015333,113.9
,,0.00609181462650527,0.025161128306587684,0.0039024130595371946,0.03515535599263015,0.3560380010179018,0.1732826892090735,0.715712516518461,-3.6824550029015333,114.0
,,0.007602935033096862,0.028942272852195673,0.004656437343209301,0.04120164522850184,0.35391090345149834,0.18452988930251313,0.702454299863114,-3.5424520241592696,114.1
,,0.007602935033096862,0.028942272852195673,0.004656437343209301,0.04120164522850184,0.35178380588509495,0.18452988930251313,0.702454299863114,-3.5424520241592696,114.2
,,0.007602935033096862,0.028942272852195673,0.004656437343209301,0.04120164522850184,0.3496567083186915,0.18452988930251313,0.702454299863114,-3.5424520241592696,114.3
,,0.007602935033096862,0.028942272852195673,0.004656437343209301,0.04120164522850184,0.34752961075228805,0.18452988930251313,0.702454299863114,-3.5424520241592696,114.4
,,0.007602935033096862,0.028942272852195673,0.004656437343209301,0.04120164522850184,0.3454025131858846,0.18452988930251313,0.702454299863114,-3.5424520241592696,114.5
,,0.007602935033096862,0.028942272852195673,0.004656437343209301,0.04120164522850184,0.34327541561948116,0.18452988930251313,0.702454299863114,-3.5424520241592696,114.6
,,0.007602935033096862,0.028942272852195673,0.004656437343209301,0.04120164522850184,0.3423161021970089,0.18452988930251313,0.702454299863114,-3.5424520241592696,114.7
,,0.007602935033096862,0.028942272852195673,0.004656437343209301,0.04120164522850184,0.3413793608550655,0.18452988930251313,0.702454299863114,-3.5424520241592696,114.8
,,0.007602935033096862,0.028942272852195673,0.004656437343209301,0.04120164522850184,0.33425206647694894,0.18452988930251313,0.702454299863114,-3.5424520241592696,114.9
,,0.009122169596991568,0.031693250751478566,0.005403497355106572,0.0462189177035767,0.32742046381098006,0.19736874098818716,0.6857203138061787,-3.4516515308154587,115.0
,,0.009122169596991568,0.031693250751478566,0.005403497355106572,0.0462189177035767,0.3205888611450113,0.19736874098818716,0.6857203138061787,-3.4516515308154587,115.1
,,0.009122169596991568,0.031693250751478566,0.005403497355106572,0.0462189177035767,0.3137572584790424,0.19736874098818716,0.6857203138061787,-3.4516515308154587,115.2
,,0.009122169596991568,0.031693250751478566,0.005403497355106572,0.0462189177035767,0.3069256558130736,0.19736874098818716,0.6857203138061787,-3.4516515308154587,115.3
,,0.009122169596991568,0.031693250751478566,0.005403497355106572,0.0462189177035767,0.3000940531471048,0.19736874098818716,0.6857203138061787,-3.4516515308154587,115.4
,,0.009122169596991568,0.031693250751478566,0.005403497355106572,0.0462189177035767,0.2932624504811359,0.19736874098818716,0.6857203138061787,-3.4516515308154587,115.5
,,0.009122169596991568,0.031693250751478566,0.005403497355106572,0.0462189177035767,0.291127265435832,0.19736874098818716,0.6857203138061787,-3.4516515308154587,115.6
,,0.009122169596991568,0.031693250751478566,0.005403497355106572,0.0462189177035767,0.2889920803905281,0.19736874098818716,0.6857203138061787,-3.4516515308154587,115.7
,,0.009122169596991568,0.031693250751478566,0.005403497355106572,0.0462189177035767,0.2868568953452242,0.19736874098818716,0.6857203138061787,-3.4516515308154587,115.8
,,0.009186971630332967,0.029427498042247383,0.00624241545854475,0.0448568851311251,0.28554958452130536,0.20480627675055285,0.6560307956342772,-3.525825734205637,115.9
,,0.009186971630332967,0.029427498042247383,0.00624241545854475,0.0448568851311251,0.2842422736973865,0.20480627675055285,0.6560307956342772,-3.525825734205637,116.0
,,0.010011156317721839,0.03177270381306573,0.005845283501452494,0.047629143632240065,0.28296904126216244,0.2101897190304574,0.6670853471226146,-3.4491477284653613,116.1
,,0.010011156317721839,0.03177270381306573,0.005845283501452494,0.047629143632240065,0.2816958088269383,0.2101897190304574,0.6670853471226146,-3.4491477284653613,116.2
,,0.010011156317721839,0.03177270381306573,0.005845283501452494,0.047629143632240065,0.28042257639171414,0.2101897190304574,0.6670853471226146,-3.4491477284653613,116.3
,,0.010011156317721839,0.03177270381306573,0.005845283501452494,0.047629143632240065,0.27914934395649,0.2101897190304574,0.6670853471226146,-3.4491477284653613,116.4
,,0.010011156317721839,0.03177270381306573,0.005845283501452494,0.047629143632240065,0.277728734334726,0.2101897190304574,0.6670853471226146,-3.4491477284653613,116.5
,,0.010011156317721839,0.03177270381306573,0.005845283501452494,0.047629143632240065,0.276308124712962,0.2101897190304574,0.6670853471226146,-3.4491477284653613,116.6
,,0.009683687488152508,0.0284631884767653,0.006302747078503569,0.04444962304342138,0.27518317682405147,0.2178575840495392,0.6403471284550726,-3.5591436589778325,116.7
,,0.009683687488152508,0.0284631884767653,0.006302747078503569,0.04444962304342138,0.2740582289351408,0.2178575840495392,0.6403471284550726,-3.5591436589778325,116.8
,,0.009683687488152508,0.0284631884767653,0.006302747078503569,0.04444962304342138,0.27369049840889514,0.2178575840495392,0.6403471284550726,-3.5591436589778325,116.9
,,0.009845448082418214,0.024305901902425577,0.0027600508434401524,0.03691140082828394,0.2740856637302462,0.26673190021208804,0.6584930768544769,-3.7170360814823633,117.0
,,0.009845448082418214,0.024305901902425577,0.0027600508434401524,0.03691140082828394,0.27448082905159726,0.26673190021208804,0.6584930768544769,-3.7170360814823633,117.1
,,0.009845448082418214,0.024305901902425577,0.0027600508434401524,0.03691140082828394,0.27487599437294835,0.26673190021208804,0.6584930768544769,-3.7170360814823633,117.2
,,0.009845448082418214,0.024305901902425577,0.0027600508434401524,0.03691140082828394,0.2752711596942994,0.26673190021208804,0.6584930768544769,-3.7170360814823633,117.3
,,0.009845448082418214,0.024305901902425577,0.0027600508434401524,0.03691140082828394,0.27566632501565047,0.26673190021208804,0.6584930768544769,-3.7170360814823633,117.4
,,0.008847048190968123,0.020478256784244975,0.0022117227849978984,0.031537027760210994,0.2764647738908367,0.2805289153510557,0.6493401007840559,-3.8883916003903574,117.5
,,0.008847048190968123,0.020478256784244975,0.0022117227849978984,0.031537027760210994,0.27726322276602283,0.2805289153510557,0.6493401007840559,-3.8883916003903574,117.6
,,0.008847048190968123,0.020478256784244975,0.0022117227849978984,0.031537027760210994,0.27806167164120904,0.2805289153510557,0.6493401007840559,-3.8883916003903574,117.7
,,0.008847048190968123,0.020478256784244975,0.0022117227849978984,0.031537027760210994,0.27886012051639525,0.2805289153510557,0.6493401007840559,-3.8883916003903574,117.8
,,0.008847048190968123,0.020478256784244975,0.0022117227849978984,0.031537027760210994,0.2802786270719518,0.2805289153510557,0.6493401007840559,-3.8883916003903574,117.9
,,0.008717160928065692,0.025329126383388738,0.005539119084147467,0.039585406395601895,0.2806634167067875,0.22021147998203208,0.6398602083368509,-3.6758003049676398,118.0
,,0.008717160928065692,0.025329126383388738,0.005539119084147467,0.039585406395601895,0.2810482063416233,0.22021147998203208,0.6398602083368509,-3.6758003049676398,118.1
,,0.008717160928065692,0.025329126383388738,0.005539119084147467,0.039585406395601895,0.28143299597645904,0.22021147998203208,0.6398602083368509,-3.6758003049676398,118.2
,,0.008717160928065692,0.025329126383388738,0.005539119084147467,0.039585406395601895,0.28181778561129484,0.22021147998203208,0.6398602083368509,-3.6758003049676398,118.3
,,0.007961331913586202,0.021328135708302682,0.005371683174752832,0.03466115079664171,0.2828812808774224,0.22969035160706688,0.6153325904680911,-3.84772815264861,118.4
,,0.007961331913586202,0.021328135708302682,0.005371683174752832,0.03466115079664171,0.28392032797651257,0.22969035160706688,0.6153325904680911,-3.84772815264861,118.5
,,0.007961331913586202,0.021328135708302682,0.005371683174752832,0.03466115079664171,0.28493576036880525,0.22969035160706688,0.6153325904680911,-3.84772815264861,118.6
,,0.007961331913586202,0.021328135708302682,0.005371683174752832,0.03466115079664171,0.28592837405565313,0.22969035160706688,0.6153325904680911,-3.84772815264861,118.7
,,0.007961331913586202,0.021328135708302682,0.005371683174752832,0.03466115079664171,0.286898929660571,0.22969035160706688,0.6153325904680911,-3.84772815264861,118.8
,,0.007463888540308792,0.021612179202235397,0.005073098936620932,0.03414916667916512,0.2886829107669489,0.2185672233361587,0.6328757420432543,-3.8344982712414595,118.9
,,0.007463888540308792,0.021612179202235397,0.005073098936620932,0.03414916667916512,0.2904668918733268,0.2185672233361587,0.6328757420432543,-3.8344982712414595,119.0
,,0.007463888540308792,0.021612179202235397,0.005073098936620932,0.03414916667916512,0.2922508729797047,0.2185672233361587,0.6328757420432543,-3.8344982712414595,119.1
,,0.006830291349250659,0.018079025921628543,0.004804211107946029,0.02971352837882523,0.29439536841633224,0.2298714330445567,0.6084442645496188,-4.013002801485592,119.2
,,0.006830291349250659,0.018079025921628543,0.004804211107946029,0.02971352837882523,0.29653986385295983,0.2298714330445567,0.6084442645496188,-4.013002801485592,119.3
,,0.006830291349250659,0.018079025921628543,0.004804211107946029,0.02971352837882523,0.29778859525808127,0.2298714330445567,0.6084442645496188,-4.013002801485592,119.4
,,0.006830291349250659,0.018079025921628543,0.004804211107946029,0.02971352837882523,0.29903732666320276,0.2298714330445567,0.6084442645496188,-4.013002801485592,119.5
,,0.006830291349250659,0.018079025921628543,0.004804211107946029,0.02971352837882523,0.3002860580683242,0.2298714330445567,0.6084442645496188,-4.013002801485592,119.6
,,0.006830291349250659,0.018079025921628543,0.004804211107946029,0.02971352837882523,0.30153478947344564,0.2298714330445567,0.6084442645496188,-4.013002801485592,119.7
,,0.006830291349250659,0.018079025921628543,0.004804211107946029,0.02971352837882523,0.3027835208785671,0.2298714330445567,0.6084442645496188,-4.013002801485592,119.8
,,0.006292076706839407,0.018388472673070498,0.004552892562094212,0.029233441942004116,0.30363639786752505,0.2152355757259848,0.6290218137690107,-3.9960312958502366,119.9
,,0.006292076706839407,0.018388472673070498,0.004552892562094212,0.029233441942004116,0.30477363197947277,0.2152355757259848,0.6290218137690107,-3.9960312958502366,120.0
,,,0.015647011629165056,0.0043462958274583545,0.01999330745662341,0.30550340325890946,,0.7826124648516567,-4.1574753304423835,120.1
,,,0.015647011629165056,0.0043462958274583545,0.01999330745662341,0.3062497602492424,,0.7826124648516567,-4.1574753304423835,120.2
,,,0.015647011629165056,0.0043462958274583545,0.01999330745662341,0.307013274871537,,0.7826124648516567,-4.1574753304423835,120.3
,,,0.015647011629165056,0.0043462958274583545,0.01999330745662341,0.30777405435664257,,0.7826124648516567,-4.1574753304423835,120.4
,,,0.015647011629165056,0.0043462958274583545,0.01999330745662341,0.30855273453551535,,0.7826124648516567,-4.1574753304423835,120.5
,,,0.015647011629165056,0.0043462958274583545,0.01999330745662341,0.30934995471864696,,0.7826124648516567,-4.1574753304423835,120.6
,,,0.015647011629165056,0.0043462958274583545,0.01999330745662341,0.3101663850266733,,0.7826124648516567,-4.1574753304423835,120.7
,,0.0050259645007157076,0.01242337776685507,0.0016596210365781826,0.01910896330414896,0.3121298882290479,0.2630160736990093,0.6501335299627528,-4.388175277547145,120.8
,,0.0050259645007157076,0.01242337776685507,0.0016596210365781826,0.01910896330414896,0.3140933914314225,0.2630160736990093,0.6501335299627528,-4.388175277547145,120.9
,,,0.014437340058699163,0.004056080250040847,0.01849342030874001,0.3151180259837611,,0.7806744138008944,-4.237937368946827,121.0
,,,0.014437340058699163,0.004056080250040847,0.01849342030874001,0.31616796015467596,,0.7806744138008944,-4.237937368946827,121.1
,,,0.014437340058699163,0.004056080250040847,0.01849342030874001,0.3172441426798638,,0.7806744138008944,-4.237937368946827,121.2
,,,0.014437340058699163,0.004056080250040847,0.01849342030874001,0.31829477344776697,,0.7806744138008944,-4.237937368946827,121.3
,,,0.014437340058699163,0.004056080250040847,0.01849342030874001,0.3193723434661292,,0.7806744138008944,-4.237937368946827,121.4
,,,0.014437340058699163,0.004056080250040847,0.01849342030874001,0.32047790231613726,,0.7806744138008944,-4.237937368946827,121.5
,,,0.014437340058699163,0.004056080250040847,0.01849342030874001,0.3216125548200928,,0.7806744138008944,-4.237937368946827,121.6
,,0.005085343277779822,0.015319328290885387,0.0037874248885456717,0.02419209645721088,0.32289823521344496,0.21020680397725702,0.6332369052008798,-4.178639960873391,121.7
,,0.005085343277779822,0.015319328290885387,0.0037874248885456717,0.02419209645721088,0.3241839156067971,0.21020680397725702,0.6332369052008798,-4.178639960873391,121.8
,,,0.013675232778541477,0.0037350791461896993,0.017410311924731175,0.3253831103213476,,0.7854674194042408,-4.292168908622151,121.9
,,,0.013675232778541477,0.0037350791461896993,0.017410311924731175,0.32661807944696175,,0.7854674194042408,-4.292168908622151,122.0
,,,0.013675232778541477,0.0037350791461896993,0.017410311924731175,0.3278868833431408,,0.7854674194042408,-4.292168908622151,122.1
,,,0.013675232778541477,0.0037350791461896993,0.017410311924731175,0.3290781992188314,,0.7854674194042408,-4.292168908622151,122.2
,,,0.013675232778541477,0.0037350791461896993,0.017410311924731175,0.3303030732882034,,0.7854674194042408,-4.292168908622151,122.3
,,,0.013675232778541477,0.0037350791461896993,0.017410311924731175,0.33156294375955747,,0.7854674194042408,-4.292168908622151,122.4
,,,0.013675232778541477,0.0037350791461896993,0.017410311924731175,0.33285933221558844,,0.7854674194042408,-4.292168908622151,122.5
,,0.004971051593845588,0.014937708506414724,0.0034356290262430433,0.023344389126503357,0.33417343771344105,0.21294417116281927,0.6398843176177029,-4.203866490799395,122.6
,,0.004971051593845588,0.014937708506414724,0.0034356290262430433,0.023344389126503357,0.33548754321129365,0.21294417116281927,0.6398843176177029,-4.203866490799395,122.7
,,0.004971051593845588,0.014937708506414724,0.0034356290262430433,0.023344389126503357,0.3368016487091462,0.21294417116281927,0.6398843176177029,-4.203866490799395,122.8
,,0.005251802479676962,0.013508371560404759,0.00349867412201352,0.02225884816209524,0.3389272889447233,0.23594223930330302,0.6068764862419191,-4.304445670144435,122.9
,,0.005251802479676962,0.013508371560404759,0.00349867412201352,0.02225884816209524,0.34105292918030045,0.23594223930330302,0.6068764862419191,-4.304445670144435,123.0
,,0.005251802479676962,0.013508371560404759,0.00349867412201352,0.02225884816209524,0.342880294809524,0.23594223930330302,0.6068764862419191,-4.304445670144435,123.1
,,0.005251802479676962,0.013508371560404759,0.00349867412201352,0.02225884816209524,0.3447076604387475,0.23594223930330302,0.6068764862419191,-4.304445670144435,123.2
,,0.005251802479676962,0.013508371560404759,0.00349867412201352,0.02225884816209524,0.34653502606797104,0.23594223930330302,0.6068764862419191,-4.304445670144435,123.3
,,0.005251802479676962,0.013508371560404759,0.00349867412201352,0.02225884816209524,0.34836239169719463,0.23594223930330302,0.6068764862419191,-4.304445670144435,123.4
,,0.0039937212760893905,0.01481687434394625,0.002019779424333161,0.020830375044368802,0.3484616036857855,0.19172584591409153,0.711310973152727,-4.211988589324249,123.5
,,0.0039937212760893905,0.01481687434394625,0.002019779424333161,0.020830375044368802,0.3485608156743763,0.19172584591409153,0.711310973152727,-4.211988589324249,123.6
,,0.0039937212760893905,0.01481687434394625,0.002019779424333161,0.020830375044368802,0.34866002766296716,0.19172584591409153,0.711310973152727,-4.211988589324249,123.7
,,0.0039937212760893905,0.01481687434394625,0.002019779424333161,0.020830375044368802,0.34875923965155803,0.19172584591409153,0.711310973152727,-4.211988589324249,123.8
,,0.005492361460724142,0.013769143201524389,0.0033038062125647243,0.022565310874813258,0.3507330952342066,0.2433984398085362,0.6101907160912684,-4.285325190288968,123.9
,,0.005492361460724142,0.013769143201524389,0.0033038062125647243,0.022565310874813258,0.35234269291058623,0.2433984398085362,0.6101907160912684,-4.285325190288968,124.0
,,0.005492361460724142,0.013769143201524389,0.0033038062125647243,0.022565310874813258,0.3539522905869658,0.2433984398085362,0.6101907160912684,-4.285325190288968,124.1
,,0.005492361460724142,0.013769143201524389,0.0033038062125647243,0.022565310874813258,0.35556188826334545,0.2433984398085362,0.6101907160912684,-4.285325190288968,124.2
,,0.005492361460724142,0.013769143201524389,0.0033038062125647243,0.022565310874813258,0.35717148593972503,0.2433984398085362,0.6101907160912684,-4.285325190288968,124.3
,,0.005539253926007367,0.015507441843450591,0.0029288412411921367,0.023975537010650097,0.3581768894037669,0.23103774165920843,0.6468026904491057,-4.166435251344857,124.4
,,0.005539253926007367,0.015507441843450591,0.0029288412411921367,0.023975537010650097,0.35918229286780884,0.23103774165920843,0.6468026904491057,-4.166435251344857,124.5
,,0.005539253926007367,0.015507441843450591,0.0029288412411921367,0.023975537010650097,0.3601876963318507,0.23103774165920843,0.6468026904491057,-4.166435251344857,124.6
,,0.005539253926007367,0.015507441843450591,0.0029288412411921367,0.023975537010650097,0.36119309979589265,0.23103774165920843,0.6468026904491057,-4.166435251344857,124.7
,,0.005539253926007367,0.015507441843450591,0.0029288412411921367,0.023975537010650097,0.3621985032599345,0.23103774165920843,0.6468026904491057,-4.166435251344857,124.8
,,0.005763646052206133,0.013659170641771006,0.0031027148032953806,0.02252553149727252,0.36378939610024175,0.2558717006479522,0.6063861642254662,-4.293344141047911,124.9
,,0.005763646052206133,0.013659170641771006,0.0031027148032953806,0.02252553149727252,0.3653802889405489,0.2558717006479522,0.6063861642254662,-4.293344141047911,125.0
,,0.005763646052206133,0.013659170641771006,0.0031027148032953806,0.02252553149727252,0.3669292011571018,0.2558717006479522,0.6063861642254662,-4.293344141047911,125.1
,,0.005763646052206133,0.013659170641771006,0.0031027148032953806,0.02252553149727252,0.3684781133736547,0.2558717006479522,0.6063861642254662,-4.293344141047911,125.2
,,0.005763646052206133,0.013659170641771006,0.0031027148032953806,0.02252553149727252,0.3700270255902076,0.2558717006479522,0.6063861642254662,-4.293344141047911,125.3
,,0.005869852917911993,0.015223422548861838,0.002697089721775415,0.023790365188549246,0.3710486730345005,0.24673235872550894,0.6398986492308727,-4.1849200800241455,125.4
,,0.005869852917911993,0.015223422548861838,0.002697089721775415,0.023790365188549246,0.3720703204787934,0.24673235872550894,0.6398986492308727,-4.1849200800241455,125.5
,,0.005869852917911993,0.015223422548861838,0.002697089721775415,0.023790365188549246,0.3730919679230863,0.24673235872550894,0.6398986492308727,-4.1849200800241455,125.6
,,0.005869852917911993,0.015223422548861838,0.002697089721775415,0.023790365188549246,0.3737493943921249,0.24673235872550894,0.6398986492308727,-4.1849200800241455,125.7
,,0.005869852917911993,0.015223422548861838,0.002697089721775415,0.023790365188549246,0.3744068208611636,0.24673235872550894,0.6398986492308727,-4.1849200800241455,125.8
,,0.005869852917911993,0.015223422548861838,0.002697089721775415,0.023790365188549246,0.37506424733020227,0.24673235872550894,0.6398986492308727,-4.1849200800241455,125.9
,,0.006136600637613336,0.013137099426691841,0.0030088731401439876,0.022282573204449166,0.37596360694163833,0.2753991014102464,0.5895683279554425,-4.3323150340761325,126.0
,,0.006136600637613336,0.013137099426691841,0.0030088731401439876,0.022282573204449166,0.3768629665530743,0.2753991014102464,0.5895683279554425,-4.3323150340761325,126.1
,,0.006136600637613336,0.013137099426691841,0.0030088731401439876,0.022282573204449166,0.3777623261645103,0.2753991014102464,0.5895683279554425,-4.3323150340761325,126.2
,,0.006107674189808777,0.014179968370278365,0.002487899401791153,0.022775541961878296,0.3781342308578958,0.268168116483542,0.6225963094100152,-4.255924988467501,126.3
,,0.006107674189808777,0.014179968370278365,0.002487899401791153,0.022775541961878296,0.37850613555128126,0.268168116483542,0.6225963094100152,-4.255924988467501,126.4
,,0.006107674189808777,0.014179968370278365,0.002487899401791153,0.022775541961878296,0.3784873524791537,0.268168116483542,0.6225963094100152,-4.255924988467501,126.5
,,0.006107674189808777,0.014179968370278365,0.002487899401791153,0.022775541961878296,0.37846856940702606,0.268168116483542,0.6225963094100152,-4.255924988467501,126.6
,,0.006107674189808777,0.014179968370278365,0.002487899401791153,0.022775541961878296,0.37844978633489845,0.268168116483542,0.6225963094100152,-4.255924988467501,126.7
,,0.006107674189808777,0.014179968370278365,0.002487899401791153,0.022775541961878296,0.3784310032627708,0.268168116483542,0.6225963094100152,-4.255924988467501,126.8
,,0.006107674189808777,0.014179968370278365,0.002487899401791153,0.022775541961878296,0.37841222019064313,0.268168116483542,0.6225963094100152,-4.255924988467501,126.9
,,0.006107674189808777,0.014179968370278365,0.002487899401791153,0.022775541961878296,0.37966685651360627,0.268168116483542,0.6225963094100152,-4.255924988467501,127.0
,,0.006101142195224584,0.012670171844070991,0.0022885820090600725,0.021059896048355647,0.38165787475140617,0.28970428824604577,0.601625564294287,-4.368504721673112,127.1
,,0.006101142195224584,0.012670171844070991,0.0022885820090600725,0.021059896048355647,0.3836488929892061,0.28970428824604577,0.601625564294287,-4.368504721673112,127.2
,,0.006101142195224584,0.012670171844070991,0.0022885820090600725,0.021059896048355647,0.385639911227006,0.28970428824604577,0.601625564294287,-4.368504721673112,127.3
,,0.006101142195224584,0.012670171844070991,0.0022885820090600725,0.021059896048355647,0.3872088603485961,0.28970428824604577,0.601625564294287,-4.368504721673112,127.4
,,0.006101142195224584,0.012670171844070991,0.0022885820090600725,0.021059896048355647,0.38877780947018614,0.28970428824604577,0.601625564294287,-4.368504721673112,127.5
,,0.006101142195224584,0.012670171844070991,0.0022885820090600725,0.021059896048355647,0.39034675859177626,0.28970428824604577,0.601625564294287,-4.368504721673112,127.6
,,0.006101142195224584,0.012670171844070991,0.0022885820090600725,0.021059896048355647,0.3919157077133663,0.28970428824604577,0.601625564294287,-4.368504721673112,127.7
,,0.006101142195224584,0.012670171844070991,0.0022885820090600725,0.021059896048355647,0.39348465683495637,0.28970428824604577,0.601625564294287,-4.368504721673112,127.8
,,0.006101142195224584,0.012670171844070991,0.0022885820090600725,0.021059896048355647,0.39545828295047564,0.28970428824604577,0.601625564294287,-4.368504721673112,127.9
,,0.005859021599502481,0.012826797914231634,0.0016098308588418262,0.020295650372575944,0.39707312481085255,0.2886836091451081,0.6319973826295099,-4.356218709506575,128.0
,,0.005859021599502481,0.012826797914231634,0.0016098308588418262,0.020295650372575944,0.3986879666712295,0.2886836091451081,0.6319973826295099,-4.356218709506575,128.1
,,0.00863500716508357,0.04503201761544316,0.009190199515131819,0.06285722429565856,0.3959915994247861,0.1373749360052473,0.7164175338641775,-3.1003815396443652,128.2
,,0.00863500716508357,0.04503201761544316,0.009190199515131819,0.06285722429565856,0.3932952321783426,0.1373749360052473,0.7164175338641775,-3.1003815396443652,128.3
,,0.00863500716508357,0.04503201761544316,0.009190199515131819,0.06285722429565856,0.39059886493189916,0.1373749360052473,0.7164175338641775,-3.1003815396443652,128.4
,,0.00863500716508357,0.04503201761544316,0.009190199515131819,0.06285722429565856,0.38790249768545565,0.1373749360052473,0.7164175338641775,-3.1003815396443652,128.5
,,0.00863500716508357,0.04503201761544316,0.009190199515131819,0.06285722429565856,0.38520613043901225,0.1373749360052473,0.7164175338641775,-3.1003815396443652,128.6
,,0.00863500716508357,0.04503201761544316,0.009190199515131819,0.06285722429565856,0.38250976319256874,0.1373749360052473,0.7164175338641775,-3.1003815396443652,128.7
,,0.00863500716508357,0.04503201761544316,0.009190199515131819,0.06285722429565856,0.3798133959461253,0.1373749360052473,0.7164175338641775,-3.1003815396443652,128.8
,,0.00863500716508357,0.04503201761544316,0.009190199515131819,0.06285722429565856,0.3776333605468516,0.1373749360052473,0.7164175338641775,-3.1003815396443652,128.9
,,0.005735278716044941,0.011083152608014178,0.001870963791207742,0.01868939511526686,0.3801739712157761,0.30687342638285536,0.5930182619426057,-4.5023291067251625,129.0
,,0.005735278716044941,0.011083152608014178,0.001870963791207742,0.01868939511526686,0.3821354458318464,0.30687342638285536,0.5930182619426057,-4.5023291067251625,129.1
,,0.005735278716044941,0.011083152608014178,0.001870963791207742,0.01868939511526686,0.3840416676418302,0.30687342638285536,0.5930182619426057,-4.5023291067251625,129.2
,,0.005875909636061828,0.00992082654334427,0.0022734338223833967,0.018070170001789492,0.38693387018965075,0.325171796141372,0.5490167797182764,-4.613119040254709,129.3
,,0.005875909636061828,0.00992082654334427,0.0022734338223833967,0.018070170001789492,0.3897468343115037,0.325171796141372,0.5490167797182764,-4.613119040254709,129.4
,,0.005875909636061828,0.00992082654334427,0.0022734338223833967,0.018070170001789492,0.3924837723760093,0.325171796141372,0.5490167797182764,-4.613119040254709,129.5
,,0.005875909636061828,0.00992082654334427,0.0022734338223833967,0.018070170001789492,0.39514772542546134,0.325171796141372,0.5490167797182764,-4.613119040254709,129.6
,,0.005875909636061828,0.00992082654334427,0.0022734338223833967,0.018070170001789492,0.39774157444729624,0.325171796141372,0.5490167797182764,-4.613119040254709,129.7
,,0.005875909636061828,0.00992082654334427,0.0022734338223833967,0.018070170001789492,0.4002116171596037,0.325171796141372,0.5490167797182764,-4.613119040254709,129.8
,,0.005575646278896382,0.00971799723447215,0.0020033852021319105,0.017297028715500443,0.40243776680527305,0.32234705570557676,0.5618304388755238,-4.633775727576348,129.9
,,0.005575646278896382,0.00971799723447215,0.0020033852021319105,0.017297028715500443,0.40466252798988533,0.32234705570557676,0.5618304388755238,-4.633775727576348,130.0
,,0.005575646278896382,0.00971799723447215,0.0020033852021319105,0.017297028715500443,0.40683024401591783,0.32234705570557676,0.5618304388755238,-4.633775727576348,130.1
,,0.005575646278896382,0.00971799723447215,0.0020033852021319105,0.017297028715500443,0.40894308115521527,0.32234705570557676,0.5618304388755238,-4.633775727576348,130.2
,,0.007570858921980747,0.03301690791881223,0.008383273114071164,0.04897103995486415,0.40669757366131976,0.1545986960652396,0.6742129215398205,-3.4107354875516993,130.3
,,0.007570858921980747,0.03301690791881223,0.008383273114071164,0.04897103995486415,0.404507510796903,0.1545986960652396,0.6742129215398205,-3.4107354875516993,130.4
,,0.007570858921980747,0.03301690791881223,0.008383273114071164,0.04897103995486415,0.4023708640999111,0.1545986960652396,0.6742129215398205,-3.4107354875516993,130.5
,,0.007570858921980747,0.03301690791881223,0.008383273114071164,0.04897103995486415,0.40028570286549725,0.1545986960652396,0.6742129215398205,-3.4107354875516993,130.6
,,0.007570858921980747,0.03301690791881223,0.008383273114071164,0.04897103995486415,0.3990489132237297,0.1545986960652396,0.6742129215398205,-3.4107354875516993,130.7
,,0.007570858921980747,0.03301690791881223,0.008383273114071164,0.04897103995486415,0.3978121235819621,0.1545986960652396,0.6742129215398205,-3.4107354875516993,130.8
,,0.0056293260951580295,0.009130400489792377,0.0022445443229479204,0.017004270907898328,0.4004161168092252,0.331053658557231,0.5369474845023429,-4.696145720080754,130.9
,,0.0056293260951580295,0.009130400489792377,0.0022445443229479204,0.017004270907898328,0.4029588396076114,0.331053658557231,0.5369474845023429,-4.696145720080754,131.0
,,0.0056293260951580295,0.009130400489792377,0.0022445443229479204,0.017004270907898328,0.4054424293176631,0.331053658557231,0.5369474845023429,-4.696145720080754,131.1
,,0.0056293260951580295,0.009130400489792377,0.0022445443229479204,0.017004270907898328,0.40786892501139177,0.331053658557231,0.5369474845023429,-4.696145720080754,131.2
,,0.0056293260951580295,0.009130400489792377,0.0022445443229479204,0.017004270907898328,0.4102402730757175,0.331053658557231,0.5369474845023429,-4.696145720080754,131.3
,,0.006629800971242782,0.0252173542966234,0.006963404800178426,0.038810560068044606,0.40858483502330806,0.17082466626658016,0.6497549701012064,-3.680222858919591,131.4
,,0.006629800971242782,0.0252173542966234,0.006963404800178426,0.038810560068044606,0.4069661844831744,0.17082466626658016,0.6497549701012064,-3.680222858919591,131.5
,,0.006629800971242782,0.0252173542966234,0.006963404800178426,0.038810560068044606,0.40618974966946364,0.17082466626658016,0.6497549701012064,-3.680222858919591,131.6
,,0.006629800971242782,0.0252173542966234,0.006963404800178426,0.038810560068044606,0.4054133148557529,0.17082466626658016,0.6497549701012064,-3.680222858919591,131.7
,,0.006629800971242782,0.0252173542966234,0.006963404800178426,0.038810560068044606,0.4046368800420421,0.17082466626658016,0.6497549701012064,-3.680222858919591,131.8
,,0.0061248119368253525,0.02284452276971435,0.005983218494425367,0.03495255320096507,0.40329607155479813,0.17523217550402703,0.6535866675709285,-3.7790438941078683,131.9
,,0.0061248119368253525,0.02284452276971435,0.005983218494425367,0.03495255320096507,0.4019552630675542,0.17523217550402703,0.6535866675709285,-3.7790438941078683,132.0
,,0.0061248119368253525,0.02284452276971435,0.005983218494425367,0.03495255320096507,0.40061445458031014,0.17523217550402703,0.6535866675709285,-3.7790438941078683,132.1
,,0.0061248119368253525,0.02284452276971435,0.005983218494425367,0.03495255320096507,0.39927364609306626,0.17523217550402703,0.6535866675709285,-3.7790438941078683,132.2
,,,0.008943703469976761,0.0030613909112403416,0.012005094381217104,0.39939153743626654,,0.7449923495786818,-4.716805517191368,132.3
,,,0.008943703469976761,0.0030613909112403416,0.012005094381217104,0.39951210812817595,,0.7449923495786818,-4.716805517191368,132.4
,,,0.008943703469976761,0.0030613909112403416,0.012005094381217104,0.4010060551716655,,0.7449923495786818,-4.716805517191368,132.5
,,,0.008943703469976761,0.0030613909112403416,0.012005094381217104,0.4025347451696548,,0.7449923495786818,-4.716805517191368,132.6
,,,0.008943703469976761,0.0030613909112403416,0.012005094381217104,0.4040994043440674,,0.7449923495786818,-4.716805517191368,132.7
,,,0.008943703469976761,0.0030613909112403416,0.012005094381217104,0.40570131730834696,,0.7449923495786818,-4.716805517191368,132.8
,,0.005911091878302303,0.008893913165012968,0.002964271845910072,0.017769276889225343,0.4088648059735551,0.33265798688108567,0.5005219526071948,-4.722388150263424,132.9
,,0.005911091878302303,0.008893913165012968,0.002964271845910072,0.017769276889225343,0.41202829463876317,0.33265798688108567,0.5005219526071948,-4.722388150263424,133.0
,,0.005911091878302303,0.008893913165012968,0.002964271845910072,0.017769276889225343,0.4151917833039713,0.33265798688108567,0.5005219526071948,-4.722388150263424,133.1
,,0.006093139817097992,0.0085590446211549,0.0032339166028132523,0.017886101041066145,0.41891804199700244,0.34066339014345604,0.4785304858506333,-4.760766704735476,133.2
,,0.006093139817097992,0.0085590446211549,0.0032339166028132523,0.017886101041066145,0.42264430069003367,0.34066339014345604,0.4785304858506333,-4.760766704735476,133.3
,,0.006093139817097992,0.0085590446211549,0.0032339166028132523,0.017886101041066145,0.4268668617717708,0.34066339014345604,0.4785304858506333,-4.760766704735476,133.4
,,0.006093139817097992,0.0085590446211549,0.0032339166028132523,0.017886101041066145,0.43108942285350793,0.34066339014345604,0.4785304858506333,-4.760766704735476,133.5
,,0.006093139817097992,0.0085590446211549,0.0032339166028132523,0.017886101041066145,0.4353119839352451,0.34066339014345604,0.4785304858506333,-4.760766704735476,133.6
,,0.006093139817097992,0.0085590446211549,0.0032339166028132523,0.017886101041066145,0.43953454501698225,0.34066339014345604,0.4785304858506333,-4.760766704735476,133.7
,,0.006093139817097992,0.0085590446211549,0.0032339166028132523,0.017886101041066145,0.4437571060987194,0.34066339014345604,0.4785304858506333,-4.760766704735476,133.8
,,0.005569091747903468,0.014619546833169685,0.003259871207425948,0.023448509788499102,0.4432686893753596,0.23750301397127446,0.6234744538154062,-4.225395821504124,133.9
,,0.005569091747903468,0.014619546833169685,0.003259871207425948,0.023448509788499102,0.44278027265199993,0.23750301397127446,0.6234744538154062,-4.225395821504124,134.0
,,0.005569091747903468,0.014619546833169685,0.003259871207425948,0.023448509788499102,0.44229185592864007,0.23750301397127446,0.6234744538154062,-4.225395821504124,134.1
,,0.005569091747903468,0.014619546833169685,0.003259871207425948,0.023448509788499102,0.4418034392052803,0.23750301397127446,0.6234744538154062,-4.225395821504124,134.2
,,,0.01232000294963933,0.004024925409162329,0.01634492835880166,0.44204249702071113,,0.7537508075405588,-4.396531081458015,134.3
,,,0.01232000294963933,0.004024925409162329,0.01634492835880166,0.44273105953024927,,0.7537508075405588,-4.396531081458015,134.4
,,,0.01232000294963933,0.004024925409162329,0.01634492835880166,0.44343662358323277,,0.7537508075405588,-4.396531081458015,134.5
,,,0.01232000294963933,0.004024925409162329,0.01634492835880166,0.4441598267375409,,0.7537508075405588,-4.396531081458015,134.6
,,,0.01232000294963933,0.004024925409162329,0.01634492835880166,0.4449013388324643,,0.7537508075405588,-4.396531081458015,134.7
,,,0.01232000294963933,0.004024925409162329,0.01634492835880166,0.44566186405802694,,0.7537508075405588,-4.396531081458015,134.8
,,0.005997721405665201,0.008444578576653388,0.002444416998778631,0.01688671698109722,0.44982423366599517,0.35517391642075696,0.5000722512319087,-4.774230632080801,134.9
,,0.005997721405665201,0.008444578576653388,0.002444416998778631,0.01688671698109722,0.45294122463458963,0.35517391642075696,0.5000722512319087,-4.774230632080801,135.0
,,0.005997721405665201,0.008444578576653388,0.002444416998778631,0.01688671698109722,0.4560582156031842,0.35517391642075696,0.5000722512319087,-4.774230632080801,135.1
,,0.005997721405665201,0.008444578576653388,0.002444416998778631,0.01688671698109722,0.45917520657177885,0.35517391642075696,0.5000722512319087,-4.774230632080801,135.2
,,0.006552261799021698,0.007957939981197473,0.00351198728362575,0.01802218906384492,0.4642090018845816,0.36356636676098736,0.4415634500895474,-4.833585108951371,135.3
,,0.006552261799021698,0.007957939981197473,0.00351198728362575,0.01802218906384492,0.4692427971973843,0.36356636676098736,0.4415634500895474,-4.833585108951371,135.4
,,0.006552261799021698,0.007957939981197473,0.00351198728362575,0.01802218906384492,0.474276592510187,0.36356636676098736,0.4415634500895474,-4.833585108951371,135.5
,,0.006552261799021698,0.007957939981197473,0.00351198728362575,0.01802218906384492,0.4793103878229897,0.36356636676098736,0.4415634500895474,-4.833585108951371,135.6
,,0.006552261799021698,0.007957939981197473,0.00351198728362575,0.01802218906384492,0.48434418313579247,0.36356636676098736,0.4415634500895474,-4.833585108951371,135.7
,,0.006552261799021698,0.007957939981197473,0.00351198728362575,0.01802218906384492,0.48937797844859515,0.36356636676098736,0.4415634500895474,-4.833585108951371,135.8
,,0.006552261799021698,0.007957939981197473,0.00351198728362575,0.01802218906384492,0.4944117737613978,0.36356636676098736,0.4415634500895474,-4.833585108951371,135.9
,,0.00636637374497839,0.008267325921273336,0.0033207240139083863,0.017954423680160113,0.49876227285071967,0.35458524642109907,0.46046178192892073,-4.795444169117927,136.0
,,0.00636637374497839,0.008267325921273336,0.0033207240139083863,0.017954423680160113,0.5024613571692242,0.35458524642109907,0.46046178192892073,-4.795444169117927,136.1
,,0.00636637374497839,0.008267325921273336,0.0033207240139083863,0.017954423680160113,0.506160441487729,0.35458524642109907,0.46046178192892073,-4.795444169117927,136.2
,,,0.007702985055853949,0.0035777898806656633,0.011280774936519612,0.5064802411448686,,0.6828418348208357,-4.866147355655518,136.3
,,,0.007702985055853949,0.0035777898806656633,0.011280774936519612,0.5068084565824592,,0.6828418348208357,-4.866147355655518,136.4
,,,0.007702985055853949,0.0035777898806656633,0.011280774936519612,0.507145424431719,,0.6828418348208357,-4.866147355655518,136.5
,,,0.007702985055853949,0.0035777898806656633,0.011280774936519612,0.5074914995201478,,0.6828418348208357,-4.866147355655518,136.6
,,,0.007702985055853949,0.0035777898806656633,0.011280774936519612,0.5078470561178487,,0.6828418348208357,-4.866147355655518,136.7
,,,0.007702985055853949,0.0035777898806656633,0.011280774936519612,0.508212489287708,,0.6828418348208357,-4.866147355655518,136.8
,,,0.007702985055853949,0.0035777898806656633,0.011280774936519612,0.508588216349676,,0.6828418348208357,-4.866147355655518,136.9
,,0.0068827533117589166,0.008058135830029269,0.0032952091808285617,0.018236098322616745,0.5141847996319163,0.3774246656272301,0.4418782838012789,-4.8210730358113345,137.0
,,0.0068827533117589166,0.008058135830029269,0.0032952091808285617,0.018236098322616745,0.5197813829141567,0.3774246656272301,0.4418782838012789,-4.8210730358113345,137.1
,,0.007682804853334102,0.007454398137345719,0.00356679911546027,0.01870400210614009,0.531596705663461,0.41075727054222344,0.39854562114803294,-4.898951066774906,137.2
,,0.007682804853334102,0.007454398137345719,0.00356679911546027,0.01870400210614009,0.5434120284127653,0.41075727054222344,0.39854562114803294,-4.898951066774906,137.3
,,0.007682804853334102,0.007454398137345719,0.00356679911546027,0.01870400210614009,0.5552273511620694,0.41075727054222344,0.39854562114803294,-4.898951066774906,137.4
,,0.007682804853334102,0.007454398137345719,0.00356679911546027,0.01870400210614009,0.5670426739113739,0.41075727054222344,0.39854562114803294,-4.898951066774906,137.5
,,0.007682804853334102,0.007454398137345719,0.00356679911546027,0.01870400210614009,0.5788579966606782,0.41075727054222344,0.39854562114803294,-4.898951066774906,137.6
,,0.007682804853334102,0.007454398137345719,0.00356679911546027,0.01870400210614009,0.5906733194099825,0.41075727054222344,0.39854562114803294,-4.898951066774906,137.7
,,0.007682804853334102,0.007454398137345719,0.00356679911546027,0.01870400210614009,0.6024886421592869,0.41075727054222344,0.39854562114803294,-4.898951066774906,137.8
,,0.007484848714563259,0.0077418287810485575,0.0025941682205507053,0.01782084571616252,0.6134048910083942,0.42000524743755097,0.4344254422239427,-4.861117342668165,137.9
,,0.007484848714563259,0.0077418287810485575,0.0025941682205507053,0.01782084571616252,0.6197334697348867,0.42000524743755097,0.4344254422239427,-4.861117342668165,138.0
,,0.007484848714563259,0.0077418287810485575,0.0025941682205507053,0.01782084571616252,0.6260620484613789,0.42000524743755097,0.4344254422239427,-4.861117342668165,138.1
,,,0.00597761821224467,0.0019347583494626042,0.007912376561707275,0.6276132606631031,,0.7554769626579632,-5.119733082625807,138.2
,,,0.00597761821224467,0.0019347583494626042,0.007912376561707275,0.6281253332656854,,0.7554769626579632,-5.119733082625807,138.3
,,,0.00597761821224467,0.0019347583494626042,0.007912376561707275,0.6286524668271674,,0.7554769626579632,-5.119733082625807,138.4
,,,0.00597761821224467,0.0019347583494626042,0.007912376561707275,0.6291953357188428,,0.7554769626579632,-5.119733082625807,138.5
,,,0.00597761821224467,0.0019347583494626042,0.007912376561707275,0.6297546551829932,,0.7554769626579632,-5.119733082625807,138.6
,,,0.00597761821224467,0.0019347583494626042,0.007912376561707275,0.6303311844768098,,0.7554769626579632,-5.119733082625807,138.7
,,,0.00597761821224467,0.0019347583494626042,0.007912376561707275,0.6309257303110581,,0.7554769626579632,-5.119733082625807,138.8
,,0.007780660100855785,0.0072032022333021195,0.0024999655945222824,0.017483827928680185,0.638838581076951,0.4450204001431813,0.41199228582466796,-4.9332295972088565,138.9
,,0.007780660100855785,0.0072032022333021195,0.0024999655945222824,0.017483827928680185,0.6467514318428438,0.4450204001431813,0.41199228582466796,-4.9332295972088565,139.0
,,0.008129911567551783,0.006676463805587542,0.003274920748190591,0.018081296121329915,0.6568131953546358,0.44963101721237736,0.3692469699509835,-5.0091668020206,139.1
,,0.008129911567551783,0.006676463805587542,0.003274920748190591,0.018081296121329915,0.6668749588664279,0.44963101721237736,0.3692469699509835,-5.0091668020206,139.2
,,0.008129911567551783,0.006676463805587542,0.003274920748190591,0.018081296121329915,0.6823186270091083,0.44963101721237736,0.3692469699509835,-5.0091668020206,139.3
,,0.008129911567551783,0.006676463805587542,0.003274920748190591,0.018081296121329915,0.6977622951517887,0.44963101721237736,0.3692469699509835,-5.0091668020206,139.4
,,0.008129911567551783,0.006676463805587542,0.003274920748190591,0.018081296121329915,0.7132059632944692,0.44963101721237736,0.3692469699509835,-5.0091668020206,139.5
,,0.008129911567551783,0.006676463805587542,0.003274920748190591,0.018081296121329915,0.7286496314371496,0.44963101721237736,0.3692469699509835,-5.0091668020206,139.6
,,0.008129911567551783,0.006676463805587542,0.003274920748190591,0.018081296121329915,0.74409329957983,0.44963101721237736,0.3692469699509835,-5.0091668020206,139.7
,,0.008129911567551783,0.006676463805587542,0.003274920748190591,0.018081296121329915,0.7595369677225104,0.44963101721237736,0.3692469699509835,-5.0091668020206,139.8
,,0.008129911567551783,0.006676463805587542,0.003274920748190591,0.018081296121329915,0.7689299315991206,0.44963101721237736,0.3692469699509835,-5.0091668020206,139.9
,,0.007772376055328158,0.006641862196604513,0.0023999445148155957,0.016814182766748266,0.7775809131750756,0.46225119371836565,0.39501546335867493,-5.014362903517047,140.0
,,0.008043343476083787,0.0064895266300213205,0.003236815610073352,0.01776968571617846,0.7873135223752046,0.4526441043783178,0.36520210507228684,-5.037565689289703,140.1
,,0.008043343476083787,0.0064895266300213205,0.003236815610073352,0.01776968571617846,0.7970461315753335,0.4526441043783178,0.36520210507228684,-5.037565689289703,140.2
,,0.008043343476083787,0.0064895266300213205,0.003236815610073352,0.01776968571617846,0.8067787407754625,0.4526441043783178,0.36520210507228684,-5.037565689289703,140.3
,,0.008043343476083787,0.0064895266300213205,0.003236815610073352,0.01776968571617846,0.8220369947921662,0.4526441043783178,0.36520210507228684,-5.037565689289703,140.4
,,0.008043343476083787,0.0064895266300213205,0.003236815610073352,0.01776968571617846,0.8372952488088697,0.4526441043783178,0.36520210507228684,-5.037565689289703,140.5
,,0.008043343476083787,0.0064895266300213205,0.003236815610073352,0.01776968571617846,0.8525535028255733,0.4526441043783178,0.36520210507228684,-5.037565689289703,140.6
,,0.008043343476083787,0.0064895266300213205,0.003236815610073352,0.01776968571617846,0.867811756842277,0.4526441043783178,0.36520210507228684,-5.037565689289703,140.7
,,0.008043343476083787,0.0064895266300213205,0.003236815610073352,0.01776968571617846,0.8830700108589805,0.4526441043783178,0.36520210507228684,-5.037565689289703,140.8
,,0.008043343476083787,0.0064895266300213205,0.003236815610073352,0.01776968571617846,0.8982469794649809,0.4526441043783178,0.36520210507228684,-5.037565689289703,140.9
,,0.00774111761294912,0.006583822400068435,0.002406757126646457,0.01673169713966401,0.9124293242596516,0.4626618297194788,0.39349399795558604,-5.023139790444389,141.0
,,0.007916013436231497,0.006859197687155143,0.0033664648113867104,0.01814167593477335,0.9262725155227739,0.436344109810624,0.3780906302050995,-4.982164799309337,141.1
,,0.007916013436231497,0.006859197687155143,0.0033664648113867104,0.01814167593477335,0.9401157067858961,0.436344109810624,0.3780906302050995,-4.982164799309337,141.2
,,0.007916013436231497,0.006859197687155143,0.0033664648113867104,0.01814167593477335,0.9434073542743607,0.436344109810624,0.3780906302050995,-4.982164799309337,141.3
,,0.007916013436231497,0.006859197687155143,0.0033664648113867104,0.01814167593477335,0.9465992548692356,0.436344109810624,0.3780906302050995,-4.982164799309337,141.4
,,0.007916013436231497,0.006859197687155143,0.0033664648113867104,0.01814167593477335,0.949695874849338,0.436344109810624,0.3780906302050995,-4.982164799309337,141.5
,,0.007916013436231497,0.006859197687155143,0.0033664648113867104,0.01814167593477335,0.9527014177712023,0.436344109810624,0.3780906302050995,-4.982164799309337,141.6
,,0.007916013436231497,0.006859197687155143,0.0033664648113867104,0.01814167593477335,0.9556198435069255,0.436344109810624,0.3780906302050995,-4.982164799309337,141.7
,,0.007916013436231497,0.006859197687155143,0.0033664648113867104,0.01814167593477335,0.9584548856501992,0.436344109810624,0.3780906302050995,-4.982164799309337,141.8
,,0.005791839267912754,0.005587297399312695,0.00186954907554344,0.013248685742768888,0.9637689742506067,0.43716330663771164,0.42172465313114044,-5.187259579330684,141.9
,,0.005791839267912754,0.005587297399312695,0.00186954907554344,0.013248685742768888,0.969083062851014,0.43716330663771164,0.42172465313114044,-5.187259579330684,142.0
,,0.007885259255456625,0.007981897461138893,0.0038027465321549465,0.019669903248750467,0.9737012150904233,0.4008794123559066,0.4057924108826485,-4.830579118699836,142.1
,,0.007885259255456625,0.007981897461138893,0.0038027465321549465,0.019669903248750467,0.9776440432964449,0.4008794123559066,0.4057924108826485,-4.830579118699836,142.2
,,0.007885259255456625,0.007981897461138893,0.0038027465321549465,0.019669903248750467,0.9815868715024666,0.4008794123559066,0.4057924108826485,-4.830579118699836,142.3
,,0.007885259255456625,0.007981897461138893,0.0038027465321549465,0.019669903248750467,0.9855296997084881,0.4008794123559066,0.4057924108826485,-4.830579118699836,142.4
,,0.007885259255456625,0.007981897461138893,0.0038027465321549465,0.019669903248750467,0.9894725279145098,0.4008794123559066,0.4057924108826485,-4.830579118699836,142.5
,,0.007885259255456625,0.007981897461138893,0.0038027465321549465,0.019669903248750467,0.9934153561205314,0.4008794123559066,0.4057924108826485,-4.830579118699836,142.6
,,0.007885259255456625,0.007981897461138893,0.0038027465321549465,0.019669903248750467,0.9973581843265531,0.4008794123559066,0.4057924108826485,-4.830579118699836,142.7
,,0.007885259255456625,0.007981897461138893,0.0038027465321549465,0.019669903248750467,1.0013010125325748,0.4008794123559066,0.4057924108826485,-4.830579118699836,142.8
,,0.007862682511653311,0.00861349828436459,0.0029724093455750326,0.019448590141592934,1.0088995556710083,0.4042803336596675,0.442885485356786,-4.754424738257693,142.9
,,0.007862682511653311,0.00861349828436459,0.0029724093455750326,0.019448590141592934,1.0164980988094416,0.4042803336596675,0.442885485356786,-4.754424738257693,143.0
,,0.007862682511653311,0.00861349828436459,0.0029724093455750326,0.019448590141592934,1.024096641947875,0.4042803336596675,0.442885485356786,-4.754424738257693,143.1
,,0.007862682511653311,0.00861349828436459,0.0029724093455750326,0.019448590141592934,1.0316951850863083,0.4042803336596675,0.442885485356786,-4.754424738257693,143.2
,,0.007415261695016368,0.009422715928196665,0.004305258176220747,0.02114323579943378,1.0282481526049865,0.3507155558098137,0.4456610150679494,-4.664631916853488,143.3
,,0.007415261695016368,0.009422715928196665,0.004305258176220747,0.02114323579943378,1.0248968710259234,0.3507155558098137,0.4456610150679494,-4.664631916853488,143.4
,,0.007415261695016368,0.009422715928196665,0.004305258176220747,0.02114323579943378,1.0216374053805335,0.3507155558098137,0.4456610150679494,-4.664631916853488,143.5
,,0.007415261695016368,0.009422715928196665,0.004305258176220747,0.02114323579943378,1.018466033401235,0.3507155558098137,0.4456610150679494,-4.664631916853488,143.6
,,0.007415261695016368,0.009422715928196665,0.004305258176220747,0.02114323579943378,1.0153792313413847,0.3507155558098137,0.4456610150679494,-4.664631916853488,143.7
,,0.007415261695016368,0.009422715928196665,0.004305258176220747,0.02114323579943378,1.0123736609146883,0.3507155558098137,0.4456610150679494,-4.664631916853488,143.8
,,0.007415261695016368,0.009422715928196665,0.004305258176220747,0.02114323579943378,1.0133830119443243,0.3507155558098137,0.4456610150679494,-4.664631916853488,143.9
,,0.0072396250392261765,0.010109327737579239,0.003275339384994496,0.020624292161799913,1.0134604853812277,0.3510241700626861,0.49016604585846707,-4.594296742959918,144.0
,,0.0072396250392261765,0.010109327737579239,0.003275339384994496,0.020624292161799913,1.0135379588181308,0.3510241700626861,0.49016604585846707,-4.594296742959918,144.1
,,0.0072396250392261765,0.010109327737579239,0.003275339384994496,0.020624292161799913,1.013615432255034,0.3510241700626861,0.49016604585846707,-4.594296742959918,144.2
,,0.0072396250392261765,0.010109327737579239,0.003275339384994496,0.020624292161799913,1.012204532672164,0.3510241700626861,0.49016604585846707,-4.594296742959918,144.3
,,,0.005642348061554262,0.003378832140424307,0.00902118020197857,1.0147224391056215,,0.6254556427458078,-5.177454977139918,144.4
,,,0.005642348061554262,0.003378832140424307,0.00902118020197857,1.0173083970643075,,0.6254556427458078,-5.177454977139918,144.5
,,,0.005642348061554262,0.003378832140424307,0.00902118020197857,1.0199652031862454,,0.6254556427458078,-5.177454977139918,144.6
,,,0.005642348061554262,0.003378832140424307,0.00902118020197857,1.022695809478237,,0.6254556427458078,-5.177454977139918,144.7
,,,0.005642348061554262,0.003378832140424307,0.00902118020197857,1.0255033342573268,,0.6254556427458078,-5.177454977139918,144.8
,,,0.005642348061554262,0.003378832140424307,0.00902118020197857,1.028391074030105,,0.6254556427458078,-5.177454977139918,144.9
,,,0.005642348061554262,0.003378832140424307,0.00902118020197857,1.0321349382228406,,0.6254556427458078,-5.177454977139918,145.0
,,0.006516391012949021,0.01150640697947486,0.0034974333471934895,0.021520231339617373,1.0291822242366053,0.3028030187088538,0.5346785914095774,-4.464851270101493,145.1
,,0.006516391012949021,0.01150640697947486,0.0034974333471934895,0.021520231339617373,1.02622951025037,0.3028030187088538,0.5346785914095774,-4.464851270101493,145.2
,,0.006337404874112446,0.012189242480545896,0.005168460387326456,0.023695107741984796,1.0189964866854508,0.2674562590354189,0.5144202175940339,-4.407201480115063,145.3
,,0.006516391012949021,0.01150640697947486,0.0034974333471934895,0.021520231339617373,1.012620862643136,0.3028030187088538,0.5346785914095774,-4.464851270101493,145.4
,,0.006274286755365979,0.012182695400439692,0.005158996781815202,0.023615978937620873,1.005709688214657,0.2656797235439127,0.5158666271095093,-4.4077387439383715,145.5
,,0.006274286755365979,0.012182695400439692,0.005158996781815202,0.023615978937620873,0.9989878610307936,0.2656797235439127,0.5158666271095093,-4.4077387439383715,145.6
,,0.006274286755365979,0.012182695400439692,0.005158996781815202,0.023615978937620873,0.9924477048518996,0.2656797235439127,0.5158666271095093,-4.4077387439383715,145.7
,,0.006274286755365979,0.012182695400439692,0.005158996781815202,0.023615978937620873,0.986081952837776,0.2656797235439127,0.5158666271095093,-4.4077387439383715,145.8
,,0.006274286755365979,0.012182695400439692,0.005158996781815202,0.023615978937620873,0.9798837206134978,0.2656797235439127,0.5158666271095093,-4.4077387439383715,145.9
,,0.006274286755365979,0.012182695400439692,0.005158996781815202,0.023615978937620873,0.9754216039881086,0.2656797235439127,0.5158666271095093,-4.4077387439383715,146.0
,,0.005810690876575538,0.0066276177075733165,0.002620615052601926,0.01505892363675078,0.9757189964345104,0.3858636258965248,0.440112312635602,-5.016509859479998,146.1
,,0.005810690876575538,0.0066276177075733165,0.002620615052601926,0.01505892363675078,0.9736939762031044,0.3858636258965248,0.440112312635602,-5.016509859479998,146.2
,,0.005810690876575538,0.0066276177075733165,0.002620615052601926,0.01505892363675078,0.9716689559716984,0.3858636258965248,0.440112312635602,-5.016509859479998,146.3
,,0.005810690876575538,0.0066276177075733165,0.002620615052601926,0.01505892363675078,0.9696439357402924,0.3858636258965248,0.440112312635602,-5.016509859479998,146.4
,,0.006461092276614907,0.013349623996499558,0.005544731092831698,0.025355447365946162,0.962451173244838,0.25482067752007126,0.5264992490106437,-4.316267059588734,146.5
,,0.006461092276614907,0.013349623996499558,0.005544731092831698,0.025355447365946162,0.9552584107493838,0.25482067752007126,0.5264992490106437,-4.316267059588734,146.6
,,0.006461092276614907,0.013349623996499558,0.005544731092831698,0.025355447365946162,0.9480656482539294,0.25482067752007126,0.5264992490106437,-4.316267059588734,146.7
,,0.006461092276614907,0.013349623996499558,0.005544731092831698,0.025355447365946162,0.9408728857584748,0.25482067752007126,0.5264992490106437,-4.316267059588734,146.8
,,0.006461092276614907,0.013349623996499558,0.005544731092831698,0.025355447365946162,0.9345200475645202,0.25482067752007126,0.5264992490106437,-4.316267059588734,146.9
,,0.006461092276614907,0.013349623996499558,0.005544731092831698,0.025355447365946162,0.9281672093705654,0.25482067752007126,0.5264992490106437,-4.316267059588734,147.0
,,0.006461092276614907,0.013349623996499558,0.005544731092831698,0.025355447365946162,0.9218143711766106,0.25482067752007126,0.5264992490106437,-4.316267059588734,147.1
,,0.006481703089643807,0.013502363868110774,0.0039004116217960134,0.023884478579550596,0.9160770689376019,0.27137720708683627,0.5653195996361932,-4.304890507524665,147.2
,,0.006481703089643807,0.013502363868110774,0.0039004116217960134,0.023884478579550596,0.9104868770124139,0.27137720708683627,0.5653195996361932,-4.304890507524665,147.3
,,0.006481703089643807,0.013502363868110774,0.0039004116217960134,0.023884478579550596,0.9050382089334332,0.27137720708683627,0.5653195996361932,-4.304890507524665,147.4
,,0.007308432510679039,0.013722285338697047,0.005698288692043494,0.026729006541419582,0.9003826797079949,0.27342701642703426,0.5133855355765966,-4.288734100679742,147.5
,,0.007308432510679039,0.013722285338697047,0.005698288692043494,0.026729006541419582,0.8958421018214561,0.27342701642703426,0.5133855355765966,-4.288734100679742,147.6
,,0.007308432510679039,0.013722285338697047,0.005698288692043494,0.026729006541419582,0.8914122697370279,0.27342701642703426,0.5133855355765966,-4.288734100679742,147.7
,,0.007308432510679039,0.013722285338697047,0.005698288692043494,0.026729006541419582,0.8870891805943932,0.27342701642703426,0.5133855355765966,-4.288734100679742,147.8
,,0.007308432510679039,0.013722285338697047,0.005698288692043494,0.026729006541419582,0.8804919401589814,0.27342701642703426,0.5133855355765966,-4.288734100679742,147.9
,,0.007308432510679039,0.013722285338697047,0.005698288692043494,0.026729006541419582,0.8738946997235691,0.27342701642703426,0.5133855355765966,-4.288734100679742,148.0
,,0.007308432510679039,0.013722285338697047,0.005698288692043494,0.026729006541419582,0.8656404663274635,0.27342701642703426,0.5133855355765966,-4.288734100679742,148.1
,,0.007308432510679039,0.013722285338697047,0.005698288692043494,0.026729006541419582,0.8573862329313581,0.27342701642703426,0.5133855355765966,-4.288734100679742,148.2
,,0.006897963275380096,0.006147440037610994,0.0024221006537968946,0.015467503966787985,0.8562343037181788,0.44596486221639176,0.3974422796859049,-5.091719537868467,148.3
,,0.007562925925621689,0.005898782576971864,0.0033456653908555097,0.01680737389344906,0.8570104382317333,0.4499766574818365,0.3509639646483385,-5.13300929224821,148.4
,,0.007562925925621689,0.005898782576971864,0.0033456653908555097,0.01680737389344906,0.8577865727452878,0.4499766574818365,0.3509639646483385,-5.13300929224821,148.5
,,0.007562925925621689,0.005898782576971864,0.0033456653908555097,0.01680737389344906,0.8585627072588422,0.4499766574818365,0.3509639646483385,-5.13300929224821,148.6
,,0.007562925925621689,0.005898782576971864,0.0033456653908555097,0.01680737389344906,0.8593388417723969,0.4499766574818365,0.3509639646483385,-5.13300929224821,148.7
,,0.007562925925621689,0.005898782576971864,0.0033456653908555097,0.01680737389344906,0.8601149762859512,0.4499766574818365,0.3509639646483385,-5.13300929224821,148.8
,,0.007562925925621689,0.005898782576971864,0.0033456653908555097,0.01680737389344906,0.8608911107995056,0.4499766574818365,0.3509639646483385,-5.13300929224821,148.9
,,0.007562925925621689,0.005898782576971864,0.0033456653908555097,0.01680737389344906,0.862239376243686,0.4499766574818365,0.3509639646483385,-5.13300929224821,149.0
,,0.007562925925621689,0.005898782576971864,0.0033456653908555097,0.01680737389344906,0.8627536155680214,0.4499766574818365,0.3509639646483385,-5.13300929224821,149.1
,,0.007562925925621689,0.005898782576971864,0.0033456653908555097,0.01680737389344906,0.8632678548923567,0.4499766574818365,0.3509639646483385,-5.13300929224821,149.2
,,0.00825425500077921,0.0053944612066318225,0.0030128012580494506,0.016661517465460483,0.8667702724932218,0.4954083574854677,0.32376770110013103,-5.22238255428026,149.3
,,0.00825425500077921,0.0053944612066318225,0.0030128012580494506,0.016661517465460483,0.8702726900940873,0.4954083574854677,0.32376770110013103,-5.22238255428026,149.4
,,0.00825425500077921,0.0053944612066318225,0.0030128012580494506,0.016661517465460483,0.8737751076949524,0.4954083574854677,0.32376770110013103,-5.22238255428026,149.5
,,0.00825425500077921,0.0053944612066318225,0.0030128012580494506,0.016661517465460483,0.8772775252958177,0.4954083574854677,0.32376770110013103,-5.22238255428026,149.6
,,0.00825425500077921,0.0053944612066318225,0.0030128012580494506,0.016661517465460483,0.880779942896683,0.4954083574854677,0.32376770110013103,-5.22238255428026,149.7
,,0.00825425500077921,0.0053944612066318225,0.0030128012580494506,0.016661517465460483,0.8842823604975483,0.4954083574854677,0.32376770110013103,-5.22238255428026,149.8
,,0.00825425500077921,0.0053944612066318225,0.0030128012580494506,0.016661517465460483,0.8877847780984135,0.4954083574854677,0.32376770110013103,-5.22238255428026,149.9
,,0.00825425500077921,0.0053944612066318225,0.0030128012580494506,0.016661517465460483,0.89205413454175,0.4954083574854677,0.32376770110013103,-5.22238255428026,150.0
,,0.00825425500077921,0.0053944612066318225,0.0030128012580494506,0.016661517465460483,0.8965850069612202,0.4954083574854677,0.32376770110013103,-5.22238255428026,150.1
,,0.010859083915916008,0.011060134500668891,0.004589853776126533,0.02650907219271143,0.8945096967841841,0.4096365137555313,0.41722073184099717,-4.504408121961089,150.2
,,0.01036860578253198,0.009402396714281964,0.004191365328162534,0.023962367824976478,0.893891494423076,0.43270372353288744,0.39238178726568285,-4.66679065260094,150.3
,,0.01036860578253198,0.009402396714281964,0.004191365328162534,0.023962367824976478,0.8932732920619679,0.43270372353288744,0.39238178726568285,-4.66679065260094,150.4
,,0.01036860578253198,0.009402396714281964,0.004191365328162534,0.023962367824976478,0.8926550897008597,0.43270372353288744,0.39238178726568285,-4.66679065260094,150.5
,,0.01036860578253198,0.009402396714281964,0.004191365328162534,0.023962367824976478,0.8920368873397516,0.43270372353288744,0.39238178726568285,-4.66679065260094,150.6
,,0.01036860578253198,0.009402396714281964,0.004191365328162534,0.023962367824976478,0.8914186849786436,0.43270372353288744,0.39238178726568285,-4.66679065260094,150.7
,,0.01036860578253198,0.009402396714281964,0.004191365328162534,0.023962367824976478,0.8908004826175355,0.43270372353288744,0.39238178726568285,-4.66679065260094,150.8
,,0.01036860578253198,0.009402396714281964,0.004191365328162534,0.023962367824976478,0.8915975142358917,0.43270372353288744,0.39238178726568285,-4.66679065260094,150.9
,,0.01036860578253198,0.009402396714281964,0.004191365328162534,0.023962367824976478,0.892394545854248,0.43270372353288744,0.39238178726568285,-4.66679065260094,151.0
,,0.008643279544520288,0.0047492346602774,0.002507652079661308,0.015900166284459,0.9024191025496747,0.5435968020641601,0.2986908800393714,-5.349771798069604,151.1
,,0.008643279544520288,0.0047492346602774,0.002507652079661308,0.015900166284459,0.9124436592451013,0.5435968020641601,0.2986908800393714,-5.349771798069604,151.2
,,0.008165075933116116,0.004208202475283126,0.0022308801915087804,0.014604158599908023,0.9239181600668372,0.5590925267798407,0.2881509705947475,-5.47071968795451,151.3
,,0.008165075933116116,0.004208202475283126,0.0022308801915087804,0.014604158599908023,0.9353926608885732,0.5590925267798407,0.2881509705947475,-5.47071968795451,151.4
,,0.008165075933116116,0.004208202475283126,0.0022308801915087804,0.014604158599908023,0.9468671617103089,0.5590925267798407,0.2881509705947475,-5.47071968795451,151.5
,,0.008165075933116116,0.004208202475283126,0.0022308801915087804,0.014604158599908023,0.9583416625320449,0.5590925267798407,0.2881509705947475,-5.47071968795451,151.6
,,0.008165075933116116,0.004208202475283126,0.0022308801915087804,0.014604158599908023,0.9698161633537808,0.5590925267798407,0.2881509705947475,-5.47071968795451,151.7
,,0.008165075933116116,0.004208202475283126,0.0022308801915087804,0.014604158599908023,0.9812906641755167,0.5590925267798407,0.2881509705947475,-5.47071968795451,151.8
,,0.008165075933116116,0.004208202475283126,0.0022308801915087804,0.014604158599908023,0.993669504425181,0.5590925267798407,0.2881509705947475,-5.47071968795451,151.9
,,0.008445832683162631,0.004481808325837732,0.002214365868273021,0.015142006877273384,1.0053759767014467,0.5577749866062318,0.29598509379654764,-5.407728669837424,152.0
,,0.008445832683162631,0.004481808325837732,0.002214365868273021,0.015142006877273384,1.0170824489777126,0.5577749866062318,0.29598509379654764,-5.407728669837424,152.1
,,0.008445832683162631,0.004481808325837732,0.002214365868273021,0.015142006877273384,1.0287889212539785,0.5577749866062318,0.29598509379654764,-5.407728669837424,152.2
,,0.010920151123994923,0.007191452106814317,0.003261037548432343,0.021372640779241583,1.0376025904135027,0.5109406571134271,0.33647934202866947,-4.934862165635989,152.3
,,0.010920151123994923,0.007191452106814317,0.003261037548432343,0.021372640779241583,1.0464162595730269,0.5109406571134271,0.33647934202866947,-4.934862165635989,152.4
,,0.010920151123994923,0.007191452106814317,0.003261037548432343,0.021372640779241583,1.055229928732551,0.5109406571134271,0.33647934202866947,-4.934862165635989,152.5
,,0.010920151123994923,0.007191452106814317,0.003261037548432343,0.021372640779241583,1.0640435978920753,0.5109406571134271,0.33647934202866947,-4.934862165635989,152.6
,,0.010920151123994923,0.007191452106814317,0.003261037548432343,0.021372640779241583,1.0728572670515995,0.5109406571134271,0.33647934202866947,-4.934862165635989,152.7
,,0.010920151123994923,0.007191452106814317,0.003261037548432343,0.021372640779241583,1.0816709362111236,0.5109406571134271,0.33647934202866947,-4.934862165635989,152.8
,,0.01140662917336209,0.007515147333308601,0.0030424594793831364,0.021964235986053827,1.0904765091906634,0.5193273820498341,0.3421538239745893,-4.890834650738694,152.9
,,0.01140662917336209,0.007515147333308601,0.0030424594793831364,0.021964235986053827,1.1001353676768018,0.5193273820498341,0.3421538239745893,-4.890834650738694,153.0
,,0.01140662917336209,0.007515147333308601,0.0030424594793831364,0.021964235986053827,1.1097942261629403,0.5193273820498341,0.3421538239745893,-4.890834650738694,153.1
,,0.011288538593662597,0.00700019351531084,0.003118084604268257,0.021406816713241694,1.120595076863604,0.5273338275783809,0.32700768213616294,-4.961817485264535,153.2
,,0.011288538593662597,0.00700019351531084,0.003118084604268257,0.021406816713241694,1.1313959275642678,0.5273338275783809,0.32700768213616294,-4.961817485264535,153.3
,,0.011288538593662597,0.00700019351531084,0.003118084604268257,0.021406816713241694,1.137124592593501,0.5273338275783809,0.32700768213616294,-4.961817485264535,153.4
,,0.011288538593662597,0.00700019351531084,0.003118084604268257,0.021406816713241694,1.1427184655043992,0.5273338275783809,0.32700768213616294,-4.961817485264535,153.5
,,0.011288538593662597,0.00700019351531084,0.003118084604268257,0.021406816713241694,1.148182248347602,0.5273338275783809,0.32700768213616294,-4.961817485264535,153.6
,,0.01177697496030907,0.007524833155852358,0.002945521571871519,0.022247329688032946,1.1529741904045514,0.5293657767225888,0.33823534156101615,-4.889546640572752,153.7
,,0.01177697496030907,0.007524833155852358,0.002945521571871519,0.022247329688032946,1.1576572246874792,0.5293657767225888,0.33823534156101615,-4.889546640572752,153.8
,,0.01177697496030907,0.007524833155852358,0.002945521571871519,0.022247329688032946,1.162235022244948,0.5293657767225888,0.33823534156101615,-4.889546640572752,153.9
,,0.01177697496030907,0.007524833155852358,0.002945521571871519,0.022247329688032946,1.1667110909678065,0.5293657767225888,0.33823534156101615,-4.889546640572752,154.0
,,0.01177697496030907,0.007524833155852358,0.002945521571871519,0.022247329688032946,1.177808357941374,0.5293657767225888,0.33823534156101615,-4.889546640572752,154.1
,,0.011929548880106736,0.007440146699127011,0.003190338320156025,0.02256003389938977,1.189331415655757,0.5287912657094642,0.32979324110538066,-4.9008647127069285,154.2
,,0.011929548880106736,0.007440146699127011,0.003190338320156025,0.02256003389938977,1.2013701324698631,0.5287912657094642,0.32979324110538066,-4.9008647127069285,154.3
,,0.011929548880106736,0.007440146699127011,0.003190338320156025,0.02256003389938977,1.2128931901842461,0.5287912657094642,0.32979324110538066,-4.9008647127069285,154.4
,,0.011929548880106736,0.007440146699127011,0.003190338320156025,0.02256003389938977,1.2249863687418343,0.5287912657094642,0.32979324110538066,-4.9008647127069285,154.5
,,0.012314179565242419,0.007999340179505642,0.0030359661831693575,0.02334948592791742,1.2363684032726427,0.5273854680680219,0.3425917043398958,-4.828396218265557,154.6
,,0.012314179565242419,0.007999340179505642,0.0030359661831693575,0.02334948592791742,1.2477504378034512,0.5273854680680219,0.3425917043398958,-4.828396218265557,154.7
,,0.012314179565242419,0.007999340179505642,0.0030359661831693575,0.02334948592791742,1.2591324723342596,0.5273854680680219,0.3425917043398958,-4.828396218265557,154.8
,,0.012314179565242419,0.007999340179505642,0.0030359661831693575,0.02334948592791742,1.270514506865068,0.5273854680680219,0.3425917043398958,-4.828396218265557,154.9
,,0.012314179565242419,0.007999340179505642,0.0030359661831693575,0.02334948592791742,1.2818965413958765,0.5273854680680219,0.3425917043398958,-4.828396218265557,155.0
,,0.012314179565242419,0.007999340179505642,0.0030359661831693575,0.02334948592791742,1.289259434932728,0.5273854680680219,0.3425917043398958,-4.828396218265557,155.1
,,0.01198098356943201,0.00783328496615565,0.003278304988739388,0.02309257352432705,1.2965122984311996,0.5188240954093121,0.3392122994824988,-4.849373321052517,155.2
,,0.01198098356943201,0.00783328496615565,0.003278304988739388,0.02309257352432705,1.3037651619296708,0.5188240954093121,0.3392122994824988,-4.849373321052517,155.3
,,,0.008087720547216456,0.0030085392265299885,0.011096259773746444,1.3085632087687822,,0.7288690704909289,-4.817408349391986,155.4
,,,0.008087720547216456,0.0030085392265299885,0.011096259773746444,1.3179333522640968,,0.7288690704909289,-4.817408349391986,155.5
,,,0.008087720547216456,0.0030085392265299885,0.011096259773746444,1.3275189013570048,,0.7288690704909289,-4.817408349391986,155.6
,,,0.008087720547216456,0.0030085392265299885,0.011096259773746444,1.3373273701962596,,0.7288690704909289,-4.817408349391986,155.7
,,,0.008087720547216456,0.0030085392265299885,0.011096259773746444,1.3473666265376145,,0.7288690704909289,-4.817408349391986,155.8
,,,0.008087720547216456,0.0030085392265299885,0.011096259773746444,1.3576449127918588,,0.7288690704909289,-4.817408349391986,155.9
,,,0.008087720547216456,0.0030085392265299885,0.011096259773746444,1.368170868594398,,0.7288690704909289,-4.817408349391986,156.0
,,0.011309842498577489,0.00806354722403613,0.003305665315717592,0.02267905503833121,1.3792383192160989,0.4986910821223396,0.3555504058880519,-4.820401717042452,156.1
,,0.011309842498577489,0.00806354722403613,0.003305665315717592,0.02267905503833121,1.3903533419150063,0.4986910821223396,0.3555504058880519,-4.820401717042452,156.2
,,0.010997224001605367,0.008249694976184817,0.0030518680035069275,0.02229878698129711,1.4006304989760452,0.4931758848958547,0.3699616029833447,-4.797579051902709,156.3
,,0.010997224001605367,0.008249694976184817,0.0030518680035069275,0.02229878698129711,1.4109076560370841,0.4931758848958547,0.3699616029833447,-4.797579051902709,156.4
,,0.010997224001605367,0.008249694976184817,0.0030518680035069275,0.02229878698129711,1.4205516351207086,0.4931758848958547,0.3699616029833447,-4.797579051902709,156.5
,,0.010997224001605367,0.008249694976184817,0.0030518680035069275,0.02229878698129711,1.430195614204333,0.4931758848958547,0.3699616029833447,-4.797579051902709,156.6
,,0.010997224001605367,0.008249694976184817,0.0030518680035069275,0.02229878698129711,1.4398395932879575,0.4931758848958547,0.3699616029833447,-4.797579051902709,156.7
,,0.010997224001605367,0.008249694976184817,0.0030518680035069275,0.02229878698129711,1.449483572371582,0.4931758848958547,0.3699616029833447,-4.797579051902709,156.8
,,0.010997224001605367,0.008249694976184817,0.0030518680035069275,0.02229878698129711,1.4591275514552062,0.4931758848958547,0.3699616029833447,-4.797579051902709,156.9
,,0.006340252040575571,0.00936230360803111,0.003633316692493839,0.01933587234110052,1.460869898614348,0.32790100848456,0.48419349501654013,-4.671063906804084,157.0
,,0.01005225574386646,0.008447643281276222,0.003145965287468257,0.021645864312610938,1.4687898030948108,0.46439613584799144,0.3902659260575057,-4.773867778137461,157.1
,,0.01005225574386646,0.008447643281276222,0.003145965287468257,0.021645864312610938,1.4767097075752733,0.46439613584799144,0.3902659260575057,-4.773867778137461,157.2
,,0.01005225574386646,0.008447643281276222,0.003145965287468257,0.021645864312610938,1.4775273078728097,0.46439613584799144,0.3902659260575057,-4.773867778137461,157.3
,,0.01005225574386646,0.008447643281276222,0.003145965287468257,0.021645864312610938,1.4764168444436123,0.46439613584799144,0.3902659260575057,-4.773867778137461,157.4
,,0.01005225574386646,0.008447643281276222,0.003145965287468257,0.021645864312610938,1.4753063810144147,0.46439613584799144,0.3902659260575057,-4.773867778137461,157.5
,,0.01005225574386646,0.008447643281276222,0.003145965287468257,0.021645864312610938,1.4741959175852173,0.46439613584799144,0.3902659260575057,-4.773867778137461,157.6
,,0.01005225574386646,0.008447643281276222,0.003145965287468257,0.021645864312610938,1.4730854541560197,0.46439613584799144,0.3902659260575057,-4.773867778137461,157.7
,,0.01005225574386646,0.008447643281276222,0.003145965287468257,0.021645864312610938,1.4719749907268225,0.46439613584799144,0.3902659260575057,-4.773867778137461,157.8
,,0.009581223572258673,0.008518141212375777,0.0028576535841406403,0.020957018368775088,1.4700796382599557,0.45718448128738665,0.40645768698983353,-4.765557129504446,157.9
,,0.009004285365965384,0.008592747205989478,0.003274082755592135,0.020871115327547,1.4672576775135626,0.4314232960076152,0.41170522375717195,-4.756836779681543,158.0
,,0.009004285365965384,0.008592747205989478,0.003274082755592135,0.020871115327547,1.4644357167671695,0.4314232960076152,0.41170522375717195,-4.756836779681543,158.1
,,0.009004285365965384,0.008592747205989478,0.003274082755592135,0.020871115327547,1.4616137560207765,0.4314232960076152,0.41170522375717195,-4.756836779681543,158.2
,,0.009004285365965384,0.008592747205989478,0.003274082755592135,0.020871115327547,1.4558036169978537,0.4314232960076152,0.41170522375717195,-4.756836779681543,158.3
,,0.009004285365965384,0.008592747205989478,0.003274082755592135,0.020871115327547,1.4499934779749304,0.4314232960076152,0.41170522375717195,-4.756836779681543,158.4
,,0.009004285365965384,0.008592747205989478,0.003274082755592135,0.020871115327547,1.4441833389520073,0.4314232960076152,0.41170522375717195,-4.756836779681543,158.5
,,0.009004285365965384,0.008592747205989478,0.003274082755592135,0.020871115327547,1.4383731999290843,0.4314232960076152,0.41170522375717195,-4.756836779681543,158.6
,,0.009004285365965384,0.008592747205989478,0.003274082755592135,0.020871115327547,1.4325630609061613,0.4314232960076152,0.41170522375717195,-4.756836779681543,158.7
,,0.006086021559047544,0.011998916258796365,0.00435318615936945,0.02243812397721336,1.4202387123075932,0.2712357577321569,0.5347557697328731,-4.422938945039459,158.8
,,0.007947039737762807,0.008510872204532371,0.0033934935206326082,0.019851405462927785,1.4130533665434755,0.40032630196404934,0.4287289492135105,-4.766410849929339,158.9
,,0.007947039737762807,0.008510872204532371,0.0033934935206326082,0.019851405462927785,1.4058680207793575,0.40032630196404934,0.4287289492135105,-4.766410849929339,159.0
,,0.007947039737762807,0.008510872204532371,0.0033934935206326082,0.019851405462927785,1.3986826750152395,0.40032630196404934,0.4287289492135105,-4.766410849929339,159.1
,,0.007947039737762807,0.008510872204532371,0.0033934935206326082,0.019851405462927785,1.3981035118476277,0.40032630196404934,0.4287289492135105,-4.766410849929339,159.2
,,0.007947039737762807,0.008510872204532371,0.0033934935206326082,0.019851405462927785,1.3960672408640882,0.40032630196404934,0.4287289492135105,-4.766410849929339,159.3
,,0.007947039737762807,0.008510872204532371,0.0033934935206326082,0.019851405462927785,1.3940309698805489,0.40032630196404934,0.4287289492135105,-4.766410849929339,159.4
,,0.007947039737762807,0.008510872204532371,0.0033934935206326082,0.019851405462927785,1.3919946988970093,0.40032630196404934,0.4287289492135105,-4.766410849929339,159.5
,,0.007535197593868133,0.008369423903794469,0.0031130313074328292,0.01901765280509543,1.38955569319362,0.39622121988940795,0.44008711219883223,-4.783170225547948,159.6
,,0.007535197593868133,0.008369423903794469,0.0031130313074328292,0.01901765280509543,1.387116687490231,0.39622121988940795,0.44008711219883223,-4.783170225547948,159.7
,,0.007535197593868133,0.008369423903794469,0.0031130313074328292,0.01901765280509543,1.3846776817868416,0.39622121988940795,0.44008711219883223,-4.783170225547948,159.8
,,0.007171543641340528,0.008182708640515512,0.003446359853607135,0.018800612135463177,1.3819507494756296,0.3814526670550798,0.43523628813556825,-4.805732053531431,159.9
,,0.007171543641340528,0.008182708640515512,0.003446359853607135,0.018800612135463177,1.3792238171644176,0.3814526670550798,0.43523628813556825,-4.805732053531431,160.0
,,0.007171543641340528,0.008182708640515512,0.003446359853607135,0.018800612135463177,1.367856294056495,0.3814526670550798,0.43523628813556825,-4.805732053531431,160.1
,,0.007171543641340528,0.008182708640515512,0.003446359853607135,0.018800612135463177,1.3564887709485725,0.3814526670550798,0.43523628813556825,-4.805732053531431,160.2
,,0.007171543641340528,0.008182708640515512,0.003446359853607135,0.018800612135463177,1.3436713037143404,0.3814526670550798,0.43523628813556825,-4.805732053531431,160.3
,,0.007171543641340528,0.008182708640515512,0.003446359853607135,0.018800612135463177,1.3308538364801086,0.3814526670550798,0.43523628813556825,-4.805732053531431,160.4
,,0.0069073490747989874,0.007994698658463358,0.00318149097219607,0.018083538705458414,1.3178865446392887,0.38196888271176943,0.44209813071875165,-4.828976624655663,160.5
,,0.0069073490747989874,0.007994698658463358,0.00318149097219607,0.018083538705458414,1.3049192527984688,0.38196888271176943,0.44209813071875165,-4.828976624655663,160.6
,,0.0069073490747989874,0.007994698658463358,0.00318149097219607,0.018083538705458414,1.2919519609576486,0.38196888271176943,0.44209813071875165,-4.828976624655663,160.7
,,0.0069073490747989874,0.007994698658463358,0.00318149097219607,0.018083538705458414,1.2789846691168287,0.38196888271176943,0.44209813071875165,-4.828976624655663,160.8
,,0.006807214583006856,0.00772369361339283,0.0034522585693481946,0.01798316676574788,1.2662264218298538,0.3785325839257855,0.4294957453269004,-4.863462582034205,160.9
,,0.006807214583006856,0.00772369361339283,0.0034522585693481946,0.01798316676574788,1.254140542516277,0.3785325839257855,0.4294957453269004,-4.863462582034205,161.0
,,0.006807214583006856,0.00772369361339283,0.0034522585693481946,0.01798316676574788,1.2420546632027005,0.3785325839257855,0.4294957453269004,-4.863462582034205,161.1
,,0.006807214583006856,0.00772369361339283,0.0034522585693481946,0.01798316676574788,1.229968783889124,0.3785325839257855,0.4294957453269004,-4.863462582034205,161.2
,,0.007971798456753524,0.011809280525808609,0.0052934118737582615,0.025074490856320394,1.219806793625794,0.31792463912558827,0.4709679089189524,-4.438869571389948,161.3
,,0.007971798456753524,0.011809280525808609,0.0052934118737582615,0.025074490856320394,1.2096448033624643,0.31792463912558827,0.4709679089189524,-4.438869571389948,161.4
,,0.007971798456753524,0.011809280525808609,0.0052934118737582615,0.025074490856320394,1.1994828130991342,0.31792463912558827,0.4709679089189524,-4.438869571389948,161.5
,,0.007971798456753524,0.011809280525808609,0.0052934118737582615,0.025074490856320394,1.1893208228358043,0.31792463912558827,0.4709679089189524,-4.438869571389948,161.6
,,0.007971798456753524,0.011809280525808609,0.0052934118737582615,0.025074490856320394,1.1791588325724744,0.31792463912558827,0.4709679089189524,-4.438869571389948,161.7
,,0.006798699130546976,0.00719890573732968,0.003396708317183266,0.017394313185059924,1.1722421684866302,0.39085757846342667,0.4138654777995409,-4.9338262454368325,161.8
,,0.006798699130546976,0.00719890573732968,0.003396708317183266,0.017394313185059924,1.1653336005807708,0.39085757846342667,0.4138654777995409,-4.9338262454368325,161.9
,,0.006798699130546976,0.00719890573732968,0.003396708317183266,0.017394313185059924,1.1584250326749115,0.39085757846342667,0.4138654777995409,-4.9338262454368325,162.0
,,0.006798699130546976,0.00719890573732968,0.003396708317183266,0.017394313185059924,1.1515164647690521,0.39085757846342667,0.4138654777995409,-4.9338262454368325,162.1
,,0.006713749013192969,0.007035571982235924,0.003107757526011316,0.016857078521440208,1.1435845846377433,0.39827476657084293,0.4173660325119509,-4.956776286498996,162.2
,,0.006713749013192969,0.007035571982235924,0.003107757526011316,0.016857078521440208,1.1356527045064346,0.39827476657084293,0.4173660325119509,-4.956776286498996,162.3
,,0.006713749013192969,0.007035571982235924,0.003107757526011316,0.016857078521440208,1.1277208243751256,0.39827476657084293,0.4173660325119509,-4.956776286498996,162.4
,,0.006713749013192969,0.007035571982235924,0.003107757526011316,0.016857078521440208,1.1197889442438167,0.39827476657084293,0.4173660325119509,-4.956776286498996,162.5
,,0.006713749013192969,0.007035571982235924,0.003107757526011316,0.016857078521440208,1.1118570641125078,0.39827476657084293,0.4173660325119509,-4.956776286498996,162.6
,,0.006713749013192969,0.007035571982235924,0.003107757526011316,0.016857078521440208,1.104497745218761,0.39827476657084293,0.4173660325119509,-4.956776286498996,162.7
,,0.00705173946894395,0.006771387316435497,0.003284720002392395,0.017107846787771844,1.0981883628278923,0.41219327928423544,0.3958059363306593,-4.995049291864505,162.8
,,0.00705173946894395,0.006771387316435497,0.003284720002392395,0.017107846787771844,1.0918789804370235,0.41219327928423544,0.3958059363306593,-4.995049291864505,162.9
,,0.00705173946894395,0.006771387316435497,0.003284720002392395,0.017107846787771844,1.085569598046155,0.41219327928423544,0.3958059363306593,-4.995049291864505,163.0
,,0.008217759281801578,0.008148990340129359,0.0038469289923913543,0.020213678614322293,1.0788630648546862,0.4065444711275329,0.40314237183703094,-4.809861244050407,163.1
,,0.008217759281801578,0.008148990340129359,0.0038469289923913543,0.020213678614322293,1.0716948308599237,0.4065444711275329,0.40314237183703094,-4.809861244050407,163.2
,,0.008217759281801578,0.008148990340129359,0.0038469289923913543,0.020213678614322293,1.0645265968651612,0.4065444711275329,0.40314237183703094,-4.809861244050407,163.3
,,0.008217759281801578,0.008148990340129359,0.0038469289923913543,0.020213678614322293,1.0573583628703986,0.4065444711275329,0.40314237183703094,-4.809861244050407,163.4
,,0.008217759281801578,0.008148990340129359,0.0038469289923913543,0.020213678614322293,1.0501901288756363,0.4065444711275329,0.40314237183703094,-4.809861244050407,163.5
,,0.008217759281801578,0.008148990340129359,0.0038469289923913543,0.020213678614322293,1.0437930149099122,0.4065444711275329,0.40314237183703094,-4.809861244050407,163.6
,,0.006833630726150552,0.005981628965267695,0.002898303579084203,0.01571356327050245,1.0390103281543728,0.4348874032269094,0.3806666166226236,-5.119062345895666,163.7
,,0.006833630726150552,0.005981628965267695,0.002898303579084203,0.01571356327050245,1.0342276413988336,0.4348874032269094,0.3806666166226236,-5.119062345895666,163.8
,,0.006833630726150552,0.005981628965267695,0.002898303579084203,0.01571356327050245,1.0294449546432942,0.4348874032269094,0.3806666166226236,-5.119062345895666,163.9
,,0.006419151332250225,0.005701476328626149,0.002495163637277197,0.01461579129815357,1.0244627363478027,0.43919287032110016,0.3900901574413164,-5.167030132655511,164.0
,,0.006419151332250225,0.005701476328626149,0.002495163637277197,0.01461579129815357,1.019480518052311,0.43919287032110016,0.3900901574413164,-5.167030132655511,164.1
,,0.006419151332250225,0.005701476328626149,0.002495163637277197,0.01461579129815357,1.01461760943699,0.43919287032110016,0.3900901574413164,-5.167030132655511,164.2
,,0.006419151332250225,0.005701476328626149,0.002495163637277197,0.01461579129815357,1.0097547008216694,0.43919287032110016,0.3900901574413164,-5.167030132655511,164.3
,,0.006419151332250225,0.005701476328626149,0.002495163637277197,0.01461579129815357,1.0111370888242637,0.43919287032110016,0.3900901574413164,-5.167030132655511,164.4
,,0.0064716899908871615,0.005355324790509734,0.002506470528603479,0.014333485310000374,1.0134585220845393,0.4515084678233777,0.3736233494287227,-5.229663925099127,164.5
,,0.0064716899908871615,0.005355324790509734,0.002506470528603479,0.014333485310000374,1.0157259685248086,0.4515084678233777,0.3736233494287227,-5.229663925099127,164.6
,,0.0064716899908871615,0.005355324790509734,0.002506470528603479,0.014333485310000374,1.0179412897595541,0.4515084678233777,0.3736233494287227,-5.229663925099127,164.7
,,0.0064716899908871615,0.005355324790509734,0.002506470528603479,0.014333485310000374,1.0201062627844193,0.4515084678233777,0.3736233494287227,-5.229663925099127,164.8
,,0.006146442625573402,0.0052400149588259235,0.00216911421873126,0.013555571803130587,1.0218239664085536,0.4534255518571274,0.38655801724393285,-5.251430925915489,164.9
,,0.006146442625573402,0.0052400149588259235,0.00216911421873126,0.013555571803130587,1.02350349884104,0.4534255518571274,0.38655801724393285,-5.251430925915489,165.0
,,0.006146442625573402,0.0052400149588259235,0.00216911421873126,0.013555571803130587,1.0209523088693748,0.4534255518571274,0.38655801724393285,-5.251430925915489,165.1
,,0.006146442625573402,0.0052400149588259235,0.00216911421873126,0.013555571803130587,1.0184011188977093,0.4534255518571274,0.38655801724393285,-5.251430925915489,165.2
,,0.006146442625573402,0.0052400149588259235,0.00216911421873126,0.013555571803130587,1.0166226272365224,0.4534255518571274,0.38655801724393285,-5.251430925915489,165.3
,,0.006229212087048509,0.005044148036742303,0.002215410318061503,0.013488770441852314,1.0155325412524325,0.4618072576667779,0.3739516554519722,-5.289526512233553,165.4
,,0.006229212087048509,0.005044148036742303,0.002215410318061503,0.013488770441852314,1.0144424552683426,0.4618072576667779,0.3739516554519722,-5.289526512233553,165.5
,,0.006229212087048509,0.005044148036742303,0.002215410318061503,0.013488770441852314,1.0133523692842528,0.4618072576667779,0.3739516554519722,-5.289526512233553,165.6
,,0.00596640680658383,0.005005994744749004,0.001927966774411764,0.012900368325744597,1.0117835499098629,0.46249895010183395,0.38805052835265175,-5.297119135763556,165.7
,,0.00596640680658383,0.005005994744749004,0.001927966774411764,0.012900368325744597,1.0102147305354732,0.46249895010183395,0.38805052835265175,-5.297119135763556,165.8
,,0.00596640680658383,0.005005994744749004,0.001927966774411764,0.012900368325744597,1.008645911161083,0.46249895010183395,0.38805052835265175,-5.297119135763556,165.9
,,0.00596640680658383,0.005005994744749004,0.001927966774411764,0.012900368325744597,1.0143641523392717,0.46249895010183395,0.38805052835265175,-5.297119135763556,166.0
,,0.00596640680658383,0.005005994744749004,0.001927966774411764,0.012900368325744597,1.0143853128766867,0.46249895010183395,0.38805052835265175,-5.297119135763556,166.1
,,0.006047007319858567,0.004903741410772589,0.002007633623183773,0.01295838235381493,1.014865241926904,0.46664831726302136,0.3784223429191325,-5.317756812005117,166.2
,,0.006047007319858567,0.004903741410772589,0.002007633623183773,0.01295838235381493,1.0153451709771215,0.46664831726302136,0.3784223429191325,-5.317756812005117,166.3
,,0.006047007319858567,0.004903741410772589,0.002007633623183773,0.01295838235381493,1.0158251000273388,0.46664831726302136,0.3784223429191325,-5.317756812005117,166.4
,,0.006047007319858567,0.004903741410772589,0.002007633623183773,0.01295838235381493,1.0163050290775564,0.46664831726302136,0.3784223429191325,-5.317756812005117,166.5
,,0.0058274323661876995,0.004909822220393201,0.0017446841132367822,0.012481938699817683,1.016271082421026,0.4668691704336617,0.39335413660258695,-5.316517545490447,166.6
,,0.0058274323661876995,0.004909822220393201,0.0017446841132367822,0.012481938699817683,1.0162371357644955,0.4668691704336617,0.39335413660258695,-5.316517545490447,166.7
,,0.0058274323661876995,0.004909822220393201,0.0017446841132367822,0.012481938699817683,1.0162031891079646,0.4668691704336617,0.39335413660258695,-5.316517545490447,166.8
,,0.0058274323661876995,0.004909822220393201,0.0017446841132367822,0.012481938699817683,1.0168930845639512,0.4668691704336617,0.39335413660258695,-5.316517545490447,166.9
,,0.0058274323661876995,0.004909822220393201,0.0017446841132367822,0.012481938699817683,1.0184375187666124,0.4668691704336617,0.39335413660258695,-5.316517545490447,167.0
,,0.005876563214222418,0.004872241197074595,0.00184808526501027,0.012596889676307283,1.0201957160864017,0.46650906416012244,0.386781286672574,-5.3242012430112515,167.1
,,0.005876563214222418,0.004872241197074595,0.00184808526501027,0.012596889676307283,1.0219539134061912,0.46650906416012244,0.386781286672574,-5.3242012430112515,167.2
,,0.005876563214222418,0.004872241197074595,0.00184808526501027,0.012596889676307283,1.0237121107259808,0.46650906416012244,0.386781286672574,-5.3242012430112515,167.3
,,0.005876563214222418,0.004872241197074595,0.00184808526501027,0.012596889676307283,1.02547030804577,0.46650906416012244,0.386781286672574,-5.3242012430112515,167.4
,,0.005876563214222418,0.004872241197074595,0.00184808526501027,0.012596889676307283,1.0272285053655597,0.46650906416012244,0.386781286672574,-5.3242012430112515,167.5
,,0.011050992065003854,0.009210093372870501,0.0031218898005612073,0.02338297523843556,1.0289172245960143,0.4726084663015373,0.3938803030390885,-4.687455290561047,167.6
,,0.011050992065003854,0.009210093372870501,0.0031218898005612073,0.02338297523843556,1.0306059438264688,0.4726084663015373,0.3938803030390885,-4.687455290561047,167.7
,,0.011050992065003854,0.009210093372870501,0.0031218898005612073,0.02338297523843556,1.0383022118877958,0.4726084663015373,0.3938803030390885,-4.687455290561047,167.8
,,0.005688274098670161,0.004955956716101898,0.001731544016998451,0.012375774831770511,1.040680140582591,0.45962973437974075,0.4004562771600529,-5.307165048888993,167.9
,,0.005688274098670161,0.004955956716101898,0.001731544016998451,0.012375774831770511,1.0430580692773863,0.45962973437974075,0.4004562771600529,-5.307165048888993,168.0
,,0.005688274098670161,0.004955956716101898,0.001731544016998451,0.012375774831770511,1.0454359979721817,0.45962973437974075,0.4004562771600529,-5.307165048888993,168.1
,,0.005688274098670161,0.004955956716101898,0.001731544016998451,0.012375774831770511,1.047813926666977,0.45962973437974075,0.4004562771600529,-5.307165048888993,168.2
,,0.005688274098670161,0.004955956716101898,0.001731544016998451,0.012375774831770511,1.0501918553617724,0.45962973437974075,0.4004562771600529,-5.307165048888993,168.3
,,0.005688274098670161,0.004955956716101898,0.001731544016998451,0.012375774831770511,1.0525697840565678,0.45962973437974075,0.4004562771600529,-5.307165048888993,168.4
,,0.005559557901582321,0.005104752526592084,0.0015112351597265342,0.01217554558790094,1.0542958173262063,0.45661673733183294,0.4192627336277045,-5.277583305212022,168.5
,,0.005559557901582321,0.005104752526592084,0.0015112351597265342,0.01217554558790094,1.0563932615041505,0.45661673733183294,0.4192627336277045,-5.277583305212022,168.6
,,0.005392752823321185,0.005120120310181827,0.001660333358183445,0.012173206491686458,1.0580924033078236,0.4430018357943817,0.420605722385351,-5.274577342124408,168.7
,,0.005392752823321185,0.005120120310181827,0.001660333358183445,0.012173206491686458,1.0597915451114968,0.4430018357943817,0.420605722385351,-5.274577342124408,168.8
,,0.005392752823321185,0.005120120310181827,0.001660333358183445,0.012173206491686458,1.061756219231273,0.4430018357943817,0.420605722385351,-5.274577342124408,168.9
,,0.005392752823321185,0.005120120310181827,0.001660333358183445,0.012173206491686458,1.0637208933510496,0.4430018357943817,0.420605722385351,-5.274577342124408,169.0
,,0.005392752823321185,0.005120120310181827,0.001660333358183445,0.012173206491686458,1.0656855674708259,0.4430018357943817,0.420605722385351,-5.274577342124408,169.1
,,0.005392752823321185,0.005120120310181827,0.001660333358183445,0.012173206491686458,1.0676502415906022,0.4430018357943817,0.420605722385351,-5.274577342124408,169.2
,,0.005392752823321185,0.005120120310181827,0.001660333358183445,0.012173206491686458,1.0696149157103787,0.4430018357943817,0.420605722385351,-5.274577342124408,169.3
,,0.005392752823321185,0.005120120310181827,0.001660333358183445,0.012173206491686458,1.071579589830155,0.4430018357943817,0.420605722385351,-5.274577342124408,169.4
,,0.005392752823321185,0.005120120310181827,0.001660333358183445,0.012173206491686458,1.0736824355315626,0.4430018357943817,0.420605722385351,-5.274577342124408,169.5
,,0.00494648033791652,0.0053337437047631985,0.0016160342791968106,0.011896258321876529,1.0743869081092845,0.41580135569351495,0.44835473141624316,-5.233701903727453,169.6
,,0.00494648033791652,0.0053337437047631985,0.0016160342791968106,0.011896258321876529,1.0750913806870062,0.41580135569351495,0.44835473141624316,-5.233701903727453,169.7
,,0.00494648033791652,0.0053337437047631985,0.0016160342791968106,0.011896258321876529,1.075795853264728,0.41580135569351495,0.44835473141624316,-5.233701903727453,169.8
,,0.00494648033791652,0.0053337437047631985,0.0016160342791968106,0.011896258321876529,1.0763075403094593,0.41580135569351495,0.44835473141624316,-5.233701903727453,169.9
,,0.00494648033791652,0.0053337437047631985,0.0016160342791968106,0.011896258321876529,1.0768192273541906,0.41580135569351495,0.44835473141624316,-5.233701903727453,170.0
,,0.00494648033791652,0.0053337437047631985,0.0016160342791968106,0.011896258321876529,1.077330914398922,0.41580135569351495,0.44835473141624316,-5.233701903727453,170.1
,,0.00494648033791652,0.0053337437047631985,0.0016160342791968106,0.011896258321876529,1.0778426014436533,0.41580135569351495,0.44835473141624316,-5.233701903727453,170.2
,,0.00494648033791652,0.0053337437047631985,0.0016160342791968106,0.011896258321876529,1.0806464734223766,0.41580135569351495,0.44835473141624316,-5.233701903727453,170.3
,,0.004789543497382584,0.005544853392555048,0.0014289112151763684,0.011763308105114001,1.0827435465590707,0.4071595723400605,0.4713685421658274,-5.194885098104622,170.4
,,,0.005312317492956233,0.001115414482444959,0.006427731975401192,1.0873244265507842,,0.8264684204765181,-5.237727099588786,170.5
,,0.011071834329319706,0.013622195537406095,0.0041512664889991405,0.028845296355724942,1.088871996917285,0.38383500009083016,0.47225015022951883,-4.29605479173615,170.6
,,0.011071834329319706,0.013622195537406095,0.0041512664889991405,0.028845296355724942,1.090419567283786,0.38383500009083016,0.47225015022951883,-4.29605479173615,170.7
,,0.011071834329319706,0.013622195537406095,0.0041512664889991405,0.028845296355724942,1.0889405975072382,0.38383500009083016,0.47225015022951883,-4.29605479173615,170.8
,,0.011071834329319706,0.013622195537406095,0.0041512664889991405,0.028845296355724942,1.0874616277306903,0.38383500009083016,0.47225015022951883,-4.29605479173615,170.9
,,0.011071834329319706,0.013622195537406095,0.0041512664889991405,0.028845296355724942,1.0859826579541427,0.38383500009083016,0.47225015022951883,-4.29605479173615,171.0
,,0.011071834329319706,0.013622195537406095,0.0041512664889991405,0.028845296355724942,1.0845036881775947,0.38383500009083016,0.47225015022951883,-4.29605479173615,171.1
,,0.011071834329319706,0.013622195537406095,0.0041512664889991405,0.028845296355724942,1.082914039310111,0.38383500009083016,0.47225015022951883,-4.29605479173615,171.2
,,0.011071834329319706,0.013622195537406095,0.0041512664889991405,0.028845296355724942,1.0813243904426273,0.38383500009083016,0.47225015022951883,-4.29605479173615,171.3
,,0.004022288525883585,0.005364663920969402,0.001100974869465143,0.010487927316318129,1.0790268266217853,0.38351605656394283,0.5115084953556591,-5.2279215477377825,171.4
,,0.004022288525883585,0.005364663920969402,0.001100974869465143,0.010487927316318129,1.0767292628009435,0.38351605656394283,0.5115084953556591,-5.2279215477377825,171.5
,,0.003794563957624605,0.005597525917241133,0.0015963875777648888,0.010988477452630627,1.0736241219497218,0.34532208615636656,0.5093995907413991,-5.1854305793562805,171.6
,,0.003794563957624605,0.005597525917241133,0.0015963875777648888,0.010988477452630627,1.0705189810985005,0.34532208615636656,0.5093995907413991,-5.1854305793562805,171.7
,,0.003794563957624605,0.005597525917241133,0.0015963875777648888,0.010988477452630627,1.0664346859805496,0.34532208615636656,0.5093995907413991,-5.1854305793562805,171.8
,,0.003794563957624605,0.005597525917241133,0.0015963875777648888,0.010988477452630627,1.062350390862599,0.34532208615636656,0.5093995907413991,-5.1854305793562805,171.9
,,0.003794563957624605,0.005597525917241133,0.0015963875777648888,0.010988477452630627,1.0582660957446484,0.34532208615636656,0.5093995907413991,-5.1854305793562805,172.0
,,0.003794563957624605,0.005597525917241133,0.0015963875777648888,0.010988477452630627,1.0545521772160216,0.34532208615636656,0.5093995907413991,-5.1854305793562805,172.1
,,0.003794563957624605,0.005597525917241133,0.0015963875777648888,0.010988477452630627,1.0508382586873948,0.34532208615636656,0.5093995907413991,-5.1854305793562805,172.2
,,0.003794563957624605,0.005597525917241133,0.0015963875777648888,0.010988477452630627,1.0471243401587678,0.34532208615636656,0.5093995907413991,-5.1854305793562805,172.3
,,0.003794563957624605,0.005597525917241133,0.0015963875777648888,0.010988477452630627,1.043410421630141,0.34532208615636656,0.5093995907413991,-5.1854305793562805,172.4
,,0.003535387854927118,0.005219755219038639,0.0010760773613781652,0.009831220435343922,1.0396898618034693,0.35960823767282774,0.5309366475268172,-5.255304771091572,172.5
,,0.0033738352894791684,0.005457044471955894,0.001576541199113143,0.010407420960548206,1.0353057523949711,0.32417592237966447,0.5243416685691982,-5.210847941286621,172.6
,,0.0033738352894791684,0.005457044471955894,0.001576541199113143,0.010407420960548206,1.0294160535657388,0.32417592237966447,0.5243416685691982,-5.210847941286621,172.7
,,0.0033738352894791684,0.005457044471955894,0.001576541199113143,0.010407420960548206,1.0235263547365065,0.32417592237966447,0.5243416685691982,-5.210847941286621,172.8
,,0.0033738352894791684,0.005457044471955894,0.001576541199113143,0.010407420960548206,1.0176366559072743,0.32417592237966447,0.5243416685691982,-5.210847941286621,172.9
,,0.0033738352894791684,0.005457044471955894,0.001576541199113143,0.010407420960548206,1.0119330370535031,0.32417592237966447,0.5243416685691982,-5.210847941286621,173.0
,,0.0033738352894791684,0.005457044471955894,0.001576541199113143,0.010407420960548206,1.006229418199732,0.32417592237966447,0.5243416685691982,-5.210847941286621,173.1
,,0.0033738352894791684,0.005457044471955894,0.001576541199113143,0.010407420960548206,1.000525799345961,0.32417592237966447,0.5243416685691982,-5.210847941286621,173.2
,,0.0033738352894791684,0.005457044471955894,0.001576541199113143,0.010407420960548206,0.99482218049219,0.32417592237966447,0.5243416685691982,-5.210847941286621,173.3
,,0.003407378435478669,0.004956408597405908,0.001105751677823818,0.009469538710708396,0.9898962697473607,0.3598251762385763,0.5234054951167869,-5.307073873616487,173.4
,,0.0034026658078882273,0.005321633774207107,0.0016238754720511118,0.010348175054146447,0.9835023771558561,0.3288179596966521,0.5142581901022986,-5.235974922359395,173.5
,,0.0034026658078882273,0.005321633774207107,0.0016238754720511118,0.010348175054146447,0.9771084845643516,0.3288179596966521,0.5142581901022986,-5.235974922359395,173.6
,,0.0034026658078882273,0.005321633774207107,0.0016238754720511118,0.010348175054146447,0.970714591972847,0.3288179596966521,0.5142581901022986,-5.235974922359395,173.7
,,0.0034026658078882273,0.005321633774207107,0.0016238754720511118,0.010348175054146447,0.9643206993813423,0.3288179596966521,0.5142581901022986,-5.235974922359395,173.8
,,0.0034026658078882273,0.005321633774207107,0.0016238754720511118,0.010348175054146447,0.9583254251113583,0.3288179596966521,0.5142581901022986,-5.235974922359395,173.9
,,0.0034026658078882273,0.005321633774207107,0.0016238754720511118,0.010348175054146447,0.9523301508413744,0.3288179596966521,0.5142581901022986,-5.235974922359395,174.0
,,0.0034026658078882273,0.005321633774207107,0.0016238754720511118,0.010348175054146447,0.9463348765713904,0.3288179596966521,0.5142581901022986,-5.235974922359395,174.1
,,0.0034026658078882273,0.005321633774207107,0.0016238754720511118,0.010348175054146447,0.9403396023014063,0.3288179596966521,0.5142581901022986,-5.235974922359395,174.2
,,0.0034026658078882273,0.005321633774207107,0.0016238754720511118,0.010348175054146447,0.9343443280314223,0.3288179596966521,0.5142581901022986,-5.235974922359395,174.3
,,0.00370729750093354,0.004717599437936296,0.001110788922060519,0.009535685860930355,0.9292983242654135,0.3887814211794761,0.4947310038038544,-5.356455202419861,174.4
,,0.0038167350239347877,0.005110889014493174,0.001608407179801661,0.010536031218229623,0.9238134541414904,0.36225547788155815,0.4850867379407747,-5.2763819144595185,174.5
,,0.0038167350239347877,0.005110889014493174,0.001608407179801661,0.010536031218229623,0.9183285840175673,0.36225547788155815,0.4850867379407747,-5.2763819144595185,174.6
,,0.0038167350239347877,0.005110889014493174,0.001608407179801661,0.010536031218229623,0.9133278263108017,0.36225547788155815,0.4850867379407747,-5.2763819144595185,174.7
,,0.0038167350239347877,0.005110889014493174,0.001608407179801661,0.010536031218229623,0.9083270686040358,0.36225547788155815,0.4850867379407747,-5.2763819144595185,174.8
,,0.0038167350239347877,0.005110889014493174,0.001608407179801661,0.010536031218229623,0.9033263108972701,0.36225547788155815,0.4850867379407747,-5.2763819144595185,174.9
,,0.0038167350239347877,0.005110889014493174,0.001608407179801661,0.010536031218229623,0.8983255531905044,0.36225547788155815,0.4850867379407747,-5.2763819144595185,175.0
,,0.0038167350239347877,0.005110889014493174,0.001608407179801661,0.010536031218229623,0.8933247954837386,0.36225547788155815,0.4850867379407747,-5.2763819144595185,175.1
,,0.0038167350239347877,0.005110889014493174,0.001608407179801661,0.010536031218229623,0.8878601145617792,0.36225547788155815,0.4850867379407747,-5.2763819144595185,175.2
,,0.0038167350239347877,0.005110889014493174,0.001608407179801661,0.010536031218229623,0.8823954336398198,0.36225547788155815,0.4850867379407747,-5.2763819144595185,175.3
,,0.0068159252638735944,0.00844264958255741,0.00258509579554049,0.017843670641971496,0.8776109289505483,0.38197999731295884,0.47314533830829586,-4.774459088057848,175.4
,,0.004504580202575986,0.004868806521021822,0.0015411613020367308,0.01091454802563454,0.8741508200877302,0.4127133979342313,0.4460841172338663,-5.324906439473586,175.5
,,0.004504580202575986,0.004868806521021822,0.0015411613020367308,0.01091454802563454,0.8712103608160056,0.4127133979342313,0.4460841172338663,-5.324906439473586,175.6
,,0.004504580202575986,0.004868806521021822,0.0015411613020367308,0.01091454802563454,0.8682699015442811,0.4127133979342313,0.4460841172338663,-5.324906439473586,175.7
,,0.004504580202575986,0.004868806521021822,0.0015411613020367308,0.01091454802563454,0.8653294422725566,0.4127133979342313,0.4460841172338663,-5.324906439473586,175.8
,,0.004504580202575986,0.004868806521021822,0.0015411613020367308,0.01091454802563454,0.8623889830008319,0.4127133979342313,0.4460841172338663,-5.324906439473586,175.9
,,0.004504580202575986,0.004868806521021822,0.0015411613020367308,0.01091454802563454,0.8594485237291073,0.4127133979342313,0.4460841172338663,-5.324906439473586,176.0
,,0.004504580202575986,0.004868806521021822,0.0015411613020367308,0.01091454802563454,0.8562918995074774,0.4127133979342313,0.4460841172338663,-5.324906439473586,176.1
,,0.004504580202575986,0.004868806521021822,0.0015411613020367308,0.01091454802563454,0.8531352752858474,0.4127133979342313,0.4460841172338663,-5.324906439473586,176.2
,,0.004504580202575986,0.004868806521021822,0.0015411613020367308,0.01091454802563454,0.8499786510642177,0.4127133979342313,0.4460841172338663,-5.324906439473586,176.3
,,0.0048240528964992695,0.005330815551670458,0.001373326925887531,0.011528195374057259,0.8465944454491214,0.4184568997984878,0.46241544133323603,-5.234251040939018,176.4
,,0.0048240528964992695,0.005330815551670458,0.001373326925887531,0.011528195374057259,0.8432102398340253,0.4184568997984878,0.46241544133323603,-5.234251040939018,176.5
,,0.006293009101383212,0.004692948947184865,0.0018581192899434214,0.012844077338511499,0.8447953121442684,0.48995415828853217,0.3653784404671555,-5.361694120732146,176.6
,,0.006293009101383212,0.004692948947184865,0.0018581192899434214,0.012844077338511499,0.8463803844545117,0.48995415828853217,0.3653784404671555,-5.361694120732146,176.7
,,0.006293009101383212,0.004692948947184865,0.0018581192899434214,0.012844077338511499,0.847965456764755,0.48995415828853217,0.3653784404671555,-5.361694120732146,176.8
,,0.006293009101383212,0.004692948947184865,0.0018581192899434214,0.012844077338511499,0.8501360718584644,0.48995415828853217,0.3653784404671555,-5.361694120732146,176.9
,,0.006293009101383212,0.004692948947184865,0.0018581192899434214,0.012844077338511499,0.8523066869521738,0.48995415828853217,0.3653784404671555,-5.361694120732146,177.0
,,0.006293009101383212,0.004692948947184865,0.0018581192899434214,0.012844077338511499,0.8544773020458832,0.48995415828853217,0.3653784404671555,-5.361694120732146,177.1
,,0.006293009101383212,0.004692948947184865,0.0018581192899434214,0.012844077338511499,0.8566479171395925,0.48995415828853217,0.3653784404671555,-5.361694120732146,177.2
,,0.005689352348780398,0.005090848084562298,0.001285926355059188,0.012066126788401884,0.8563085874539353,0.47151438473604274,0.4219123645754897,-5.280310844506708,177.3
,,0.005689352348780398,0.005090848084562298,0.001285926355059188,0.012066126788401884,0.855969257768278,0.47151438473604274,0.4219123645754897,-5.280310844506708,177.4
,,0.005689352348780398,0.005090848084562298,0.001285926355059188,0.012066126788401884,0.8562891481754757,0.47151438473604274,0.4219123645754897,-5.280310844506708,177.5
,,0.005689352348780398,0.005090848084562298,0.001285926355059188,0.012066126788401884,0.8566090385826739,0.47151438473604274,0.4219123645754897,-5.280310844506708,177.6
,,0.006025458057210591,0.004483415369878913,0.0012993307179213188,0.011808204145010824,0.8598752909618715,0.5102772600485955,0.3796864717801509,-5.407370163655552,177.7
,,0.006025458057210591,0.004483415369878913,0.0012993307179213188,0.011808204145010824,0.8631415433410694,0.5102772600485955,0.3796864717801509,-5.407370163655552,177.8
,,0.006025458057210591,0.004483415369878913,0.0012993307179213188,0.011808204145010824,0.8664077957202673,0.5102772600485955,0.3796864717801509,-5.407370163655552,177.9
,,0.006025458057210591,0.004483415369878913,0.0012993307179213188,0.011808204145010824,0.8696740480994651,0.5102772600485955,0.3796864717801509,-5.407370163655552,178.0
,,0.006025458057210591,0.004483415369878913,0.0012993307179213188,0.011808204145010824,0.8729403004786631,0.5102772600485955,0.3796864717801509,-5.407370163655552,178.1
,,0.006025458057210591,0.004483415369878913,0.0012993307179213188,0.011808204145010824,0.8762065528578609,0.5102772600485955,0.3796864717801509,-5.407370163655552,178.2
,,0.0064101442242770895,0.004868308687178611,0.0011633670547277516,0.012441819966183452,0.8791667930470521,0.5152095305750845,0.3912858971123637,-5.325008694367977,178.3
,,0.0064101442242770895,0.004868308687178611,0.0011633670547277516,0.012441819966183452,0.8821270332362434,0.5152095305750845,0.3912858971123637,-5.325008694367977,178.4
,,0.0064101442242770895,0.004868308687178611,0.0011633670547277516,0.012441819966183452,0.8850872734254347,0.5152095305750845,0.3912858971123637,-5.325008694367977,178.5
,,0.0064101442242770895,0.004868308687178611,0.0011633670547277516,0.012441819966183452,0.8894615987958813,0.5152095305750845,0.3912858971123637,-5.325008694367977,178.6
,,0.0064101442242770895,0.004868308687178611,0.0011633670547277516,0.012441819966183452,0.893835924166328,0.5152095305750845,0.3912858971123637,-5.325008694367977,178.7
,,0.006011784657341129,0.003175715015159142,0.0012580688065372849,0.010445568479037555,0.904685985508996,0.5755344641515431,0.3040251013175828,-5.752222470366635,178.8
,,0.006011784657341129,0.003175715015159142,0.0012580688065372849,0.010445568479037555,0.915536046851664,0.5755344641515431,0.3040251013175828,-5.752222470366635,178.9
,,0.006011784657341129,0.003175715015159142,0.0012580688065372849,0.010445568479037555,0.9263861081943322,0.5755344641515431,0.3040251013175828,-5.752222470366635,179.0
,,0.006011784657341129,0.003175715015159142,0.0012580688065372849,0.010445568479037555,0.9372361695370003,0.5755344641515431,0.3040251013175828,-5.752222470366635,179.1
,,0.006011784657341129,0.003175715015159142,0.0012580688065372849,0.010445568479037555,0.9480862308796684,0.5755344641515431,0.3040251013175828,-5.752222470366635,179.2
,,0.006011784657341129,0.003175715015159142,0.0012580688065372849,0.010445568479037555,0.9589362922223363,0.5755344641515431,0.3040251013175828,-5.752222470366635,179.3
,,0.00699809616034744,0.004713656951023545,0.0010124685797459677,0.012724221691116951,0.9659122567531386,0.5499822566933865,0.37044756570959847,-5.357291249491385,179.4
,,0.00699809616034744,0.004713656951023545,0.0010124685797459677,0.012724221691116951,0.9716759278207754,0.5499822566933865,0.37044756570959847,-5.357291249491385,179.5
,,0.00699809616034744,0.004713656951023545,0.0010124685797459677,0.012724221691116951,0.9791410796310565,0.5499822566933865,0.37044756570959847,-5.357291249491385,179.6
,,0.00699809616034744,0.004713656951023545,0.0010124685797459677,0.012724221691116951,0.9866062314413375,0.5499822566933865,0.37044756570959847,-5.357291249491385,179.7
,,0.00699809616034744,0.004713656951023545,0.0010124685797459677,0.012724221691116951,0.9940713832516186,0.5499822566933865,0.37044756570959847,-5.357291249491385,179.8
,,0.007082406796883905,0.004267838069917778,0.0010251008564149855,0.012375345723216667,1.0034792109831172,0.5722997122898161,0.3448661690243639,-5.456647886769002,179.9
,,0.007082406796883905,0.004267838069917778,0.0010251008564149855,0.012375345723216667,1.012887038714616,0.5722997122898161,0.3448661690243639,-5.456647886769002,180.0
,,0.007082406796883905,0.004267838069917778,0.0010251008564149855,0.012375345723216667,1.0222948664461151,0.5722997122898161,0.3448661690243639,-5.456647886769002,180.1
,,0.007082406796883905,0.004267838069917778,0.0010251008564149855,0.012375345723216667,1.0317026941776137,0.5722997122898161,0.3448661690243639,-5.456647886769002,180.2
,,0.007082406796883905,0.004267838069917778,0.0010251008564149855,0.012375345723216667,1.0411105219091126,0.5722997122898161,0.3448661690243639,-5.456647886769002,180.3
,,0.0073141456759708385,0.004566566380064444,0.0008755741309088524,0.012756286186944134,1.0505760591740818,0.5733757904755035,0.3579855698705047,-5.388993695627134,180.4
,,0.0073141456759708385,0.004566566380064444,0.0008755741309088524,0.012756286186944134,1.0600415964390517,0.5733757904755035,0.3579855698705047,-5.388993695627134,180.5
,,0.0073141456759708385,0.004566566380064444,0.0008755741309088524,0.012756286186944134,1.0703057376562852,0.5733757904755035,0.3579855698705047,-5.388993695627134,180.6
,,0.0073141456759708385,0.004566566380064444,0.0008755741309088524,0.012756286186944134,1.0805698788735192,0.5733757904755035,0.3579855698705047,-5.388993695627134,180.7
,,0.0073141456759708385,0.004566566380064444,0.0008755741309088524,0.012756286186944134,1.090834020090753,0.5733757904755035,0.3579855698705047,-5.388993695627134,180.8
,,0.007234339053739345,0.004207785412362897,0.0008938951699555116,0.012336019636057753,1.1024048479664605,0.5864402998025088,0.34109749631588515,-5.470818800007934,180.9
,,0.007234339053739345,0.004207785412362897,0.0008938951699555116,0.012336019636057753,1.113975675842168,0.5864402998025088,0.34109749631588515,-5.470818800007934,181.0
,,0.007234339053739345,0.004207785412362897,0.0008938951699555116,0.012336019636057753,1.1255465037178756,0.5864402998025088,0.34109749631588515,-5.470818800007934,181.1
,,0.007234339053739345,0.004207785412362897,0.0008938951699555116,0.012336019636057753,1.1371173315935832,0.5864402998025088,0.34109749631588515,-5.470818800007934,181.2
,,0.007234339053739345,0.004207785412362897,0.0008938951699555116,0.012336019636057753,1.148688159469291,0.5864402998025088,0.34109749631588515,-5.470818800007934,181.3
,,0.007234339053739345,0.004207785412362897,0.0008938951699555116,0.012336019636057753,1.1602589873449984,0.5864402998025088,0.34109749631588515,-5.470818800007934,181.4
,,0.007352020580087565,0.00448202417835805,0.0007467010684059718,0.012580745826851586,1.1709592734487229,0.5843867034016262,0.35626060966845763,-5.4076805090713105,181.5
,,0.007352020580087565,0.00448202417835805,0.0007467010684059718,0.012580745826851586,1.1823157363611423,0.5843867034016262,0.35626060966845763,-5.4076805090713105,181.6
,,0.007352020580087565,0.00448202417835805,0.0007467010684059718,0.012580745826851586,1.1936721992735617,0.5843867034016262,0.35626060966845763,-5.4076805090713105,181.7
,,0.007119491136148775,0.004168521339981284,0.0007784389986520055,0.012066451474782065,1.2057795817912962,0.5900235998154015,0.34546373046733464,-5.480193900783712,181.8
,,0.007119491136148775,0.004168521339981284,0.0007784389986520055,0.012066451474782065,1.2178869643090304,0.5900235998154015,0.34546373046733464,-5.480193900783712,181.9
,,0.007119491136148775,0.004168521339981284,0.0007784389986520055,0.012066451474782065,1.2299943468267651,0.5900235998154015,0.34546373046733464,-5.480193900783712,182.0
,,0.007119491136148775,0.004168521339981284,0.0007784389986520055,0.012066451474782065,1.2421017293444996,0.5900235998154015,0.34546373046733464,-5.480193900783712,182.1
,,0.007119491136148775,0.004168521339981284,0.0007784389986520055,0.012066451474782065,1.2542091118622338,0.5900235998154015,0.34546373046733464,-5.480193900783712,182.2
,,0.007119491136148775,0.004168521339981284,0.0007784389986520055,0.012066451474782065,1.2663164943799683,0.5900235998154015,0.34546373046733464,-5.480193900783712,182.3
,,0.007119491136148775,0.004168521339981284,0.0007784389986520055,0.012066451474782065,1.2776548099899714,0.5900235998154015,0.34546373046733464,-5.480193900783712,182.4
,,0.007119491136148775,0.004168521339981284,0.0007784389986520055,0.012066451474782065,1.289527200727152,0.5900235998154015,0.34546373046733464,-5.480193900783712,182.5
,,0.007119491136148775,0.004168521339981284,0.0007784389986520055,0.012066451474782065,1.301399591464333,0.5900235998154015,0.34546373046733464,-5.480193900783712,182.6
,,0.0065517503879292055,0.004118831330107343,0.0006483658342116709,0.01131894755224822,1.3119693626933149,0.5788303512924987,0.3638881893475372,-5.492185813600105,182.7
,,0.0065517503879292055,0.004118831330107343,0.0006483658342116709,0.01131894755224822,1.322539133922297,0.5788303512924987,0.3638881893475372,-5.492185813600105,182.8
,,0.0065517503879292055,0.004118831330107343,0.0006483658342116709,0.01131894755224822,1.3331089051512788,0.5788303512924987,0.3638881893475372,-5.492185813600105,182.9
,,0.0065517503879292055,0.004118831330107343,0.0006483658342116709,0.01131894755224822,1.3436786763802608,0.5788303512924987,0.3638881893475372,-5.492185813600105,183.0
,,0.0065517503879292055,0.004118831330107343,0.0006483658342116709,0.01131894755224822,1.3542484476092427,0.5788303512924987,0.3638881893475372,-5.492185813600105,183.1
,,0.0065517503879292055,0.004118831330107343,0.0006483658342116709,0.01131894755224822,1.3648182188382245,0.5788303512924987,0.3638881893475372,-5.492185813600105,183.2
,,0.0065517503879292055,0.004118831330107343,0.0006483658342116709,0.01131894755224822,1.3753879900672064,0.5788303512924987,0.3638881893475372,-5.492185813600105,183.3
,,0.0065517503879292055,0.004118831330107343,0.0006483658342116709,0.01131894755224822,1.38433063256516,0.5788303512924987,0.3638881893475372,-5.492185813600105,183.4
,,0.0065517503879292055,0.004118831330107343,0.0006483658342116709,0.01131894755224822,1.3937072651281626,0.5788303512924987,0.3638881893475372,-5.492185813600105,183.5
,,0.0065517503879292055,0.004118831330107343,0.0006483658342116709,0.01131894755224822,1.403083897691165,0.5788303512924987,0.3638881893475372,-5.492185813600105,183.6
,,0.0065517503879292055,0.004118831330107343,0.0006483658342116709,0.01131894755224822,1.4124605302541673,0.5788303512924987,0.3638881893475372,-5.492185813600105,183.7
,,0.005984907624190736,0.003915708117478207,0.00033652561998267057,0.010237141361651613,1.4211455372428634,0.584626841884809,0.38250015108187047,-5.542759092975823,183.8
,,0.005984907624190736,0.003915708117478207,0.00033652561998267057,0.010237141361651613,1.4298305442315593,0.584626841884809,0.38250015108187047,-5.542759092975823,183.9
,,0.0054698342175027795,0.003905648839135036,0.0005355212878185441,0.00991100434445636,1.437093967969095,0.5518950479082664,0.3940719530931927,-5.54533135350438,184.0
,,0.0054698342175027795,0.003905648839135036,0.0005355212878185441,0.00991100434445636,1.4443573917066304,0.5518950479082664,0.3940719530931927,-5.54533135350438,184.1
,,0.0054698342175027795,0.003905648839135036,0.0005355212878185441,0.00991100434445636,1.4516208154441659,0.5518950479082664,0.3940719530931927,-5.54533135350438,184.2
,,0.0054698342175027795,0.003905648839135036,0.0005355212878185441,0.00991100434445636,1.4588842391817012,0.5518950479082664,0.3940719530931927,-5.54533135350438,184.3
,,0.0054698342175027795,0.003905648839135036,0.0005355212878185441,0.00991100434445636,1.465475044200245,0.5518950479082664,0.3940719530931927,-5.54533135350438,184.4
,,0.0054698342175027795,0.003905648839135036,0.0005355212878185441,0.00991100434445636,1.4707561689015187,0.5518950479082664,0.3940719530931927,-5.54533135350438,184.5
,,0.0054698342175027795,0.003905648839135036,0.0005355212878185441,0.00991100434445636,1.4760372936027923,0.5518950479082664,0.3940719530931927,-5.54533135350438,184.6
,,0.0054698342175027795,0.003905648839135036,0.0005355212878185441,0.00991100434445636,1.481318418304066,0.5518950479082664,0.3940719530931927,-5.54533135350438,184.7
,,0.004790468723088682,0.0037279339571743304,0.00026780167098458286,0.008786204351247596,1.485316505761251,0.5452261900109869,0.42429401913978737,-5.591901097665945,184.8
,,0.004790468723088682,0.0037279339571743304,0.00026780167098458286,0.008786204351247596,1.4893145932184366,0.5452261900109869,0.42429401913978737,-5.591901097665945,184.9
,,0.004790468723088682,0.0037279339571743304,0.00026780167098458286,0.008786204351247596,1.4933126806756216,0.5452261900109869,0.42429401913978737,-5.591901097665945,185.0
,,0.004468304587316304,0.0036790409517763025,0.0005036945744237034,0.008651040113516311,1.4965275457232947,0.5165048975249882,0.42527151689288784,-5.60510317169658,185.1
,,0.004468304587316304,0.0036790409517763025,0.0005036945744237034,0.008651040113516311,1.4997424107709674,0.5165048975249882,0.42527151689288784,-5.60510317169658,185.2
,,0.004468304587316304,0.0036790409517763025,0.0005036945744237034,0.008651040113516311,1.5029572758186407,0.5165048975249882,0.42527151689288784,-5.60510317169658,185.3
,,0.004468304587316304,0.0036790409517763025,0.0005036945744237034,0.008651040113516311,1.5063971935776304,0.5165048975249882,0.42527151689288784,-5.60510317169658,185.4
,,0.004468304587316304,0.0036790409517763025,0.0005036945744237034,0.008651040113516311,1.5098371113366202,0.5165048975249882,0.42527151689288784,-5.60510317169658,185.5
,,0.004468304587316304,0.0036790409517763025,0.0005036945744237034,0.008651040113516311,1.508432443458776,0.5165048975249882,0.42527151689288784,-5.60510317169658,185.6
,,0.004468304587316304,0.0036790409517763025,0.0005036945744237034,0.008651040113516311,1.5070277755809318,0.5165048975249882,0.42527151689288784,-5.60510317169658,185.7
,,0.00380031228868013,0.003478959517354814,0.0005563966067901186,0.007835668412825063,1.5042657815401241,0.48500167292173224,0.44399014022347,-5.661022019167814,185.8
,,0.00380031228868013,0.003478959517354814,0.0005563966067901186,0.007835668412825063,1.501503787499317,0.48500167292173224,0.44399014022347,-5.661022019167814,185.9
,,0.00380031228868013,0.003478959517354814,0.0005563966067901186,0.007835668412825063,1.4987417934585092,0.48500167292173224,0.44399014022347,-5.661022019167814,186.0
,,0.00380031228868013,0.003478959517354814,0.0005563966067901186,0.007835668412825063,1.495979799417702,0.48500167292173224,0.44399014022347,-5.661022019167814,186.1
,,0.001466560904787761,0.0014003571980398108,0.00018905684022024234,0.003055974943047814,1.4927167601734435,0.47989951885047744,0.4582358246181146,-6.571027933446962,186.2
,,0.001466560904787761,0.0014003571980398108,0.00018905684022024234,0.003055974943047814,1.4919357774332256,0.47989951885047744,0.4582358246181146,-6.571027933446962,186.3
,,0.001466560904787761,0.0014003571980398108,0.00018905684022024234,0.003055974943047814,1.4911547946930075,0.47989951885047744,0.4582358246181146,-6.571027933446962,186.4
,,0.001466560904787761,0.0014003571980398108,0.00018905684022024234,0.003055974943047814,1.4903738119527894,0.47989951885047744,0.4582358246181146,-6.571027933446962,186.5
,,0.001466560904787761,0.0014003571980398108,0.00018905684022024234,0.003055974943047814,1.4895928292125717,0.47989951885047744,0.4582358246181146,-6.571027933446962,186.6
,,0.001466560904787761,0.0014003571980398108,0.00018905684022024234,0.003055974943047814,1.4862965242298691,0.47989951885047744,0.4582358246181146,-6.571027933446962,186.7
,,0.0009726160297107337,0.0012573185328559264,0.00017585362870996816,0.0024057881912766285,1.479958968609585,0.4042816542359933,0.5226222896159166,-6.678773974271813,186.8
,,0.0009726160297107337,0.0012573185328559264,0.00017585362870996816,0.0024057881912766285,1.4736214129893008,0.4042816542359933,0.5226222896159166,-6.678773974271813,186.9
,,0.0009726160297107337,0.0012573185328559264,0.00017585362870996816,0.0024057881912766285,1.4672838573690172,0.4042816542359933,0.5226222896159166,-6.678773974271813,187.0
,,0.0009726160297107337,0.0012573185328559264,0.00017585362870996816,0.0024057881912766285,1.4609463017487327,0.4042816542359933,0.5226222896159166,-6.678773974271813,187.1
,,0.0009726160297107337,0.0012573185328559264,0.00017585362870996816,0.0024057881912766285,1.4546087461284487,0.4042816542359933,0.5226222896159166,-6.678773974271813,187.2
,,0.0009726160297107337,0.0012573185328559264,0.00017585362870996816,0.0024057881912766285,1.4485738025627268,0.4042816542359933,0.5226222896159166,-6.678773974271813,187.3
,,0.0009229051642635279,0.0012943946903546534,0.0001085553637577186,0.0023258552183758998,1.4418659435478742,0.39680249955883967,0.5565241895230711,-6.649712113681243,187.4
,,0.0009229051642635279,0.0012943946903546534,0.0001085553637577186,0.0023258552183758998,1.4351580845330216,0.39680249955883967,0.5565241895230711,-6.649712113681243,187.5
,,0.0009229051642635279,0.0012943946903546534,0.0001085553637577186,0.0023258552183758998,1.4284502255181695,0.39680249955883967,0.5565241895230711,-6.649712113681243,187.6
,,0.0029073230850372163,0.0031184428851562373,0.0005386503052361472,0.006564416275429601,1.4241790138121224,0.4428913345912009,0.4750525795916491,-5.770421477010697,187.7
,,0.0029073230850372163,0.0031184428851562373,0.0005386503052361472,0.006564416275429601,1.4135040187557677,0.4428913345912009,0.4750525795916491,-5.770421477010697,187.8
,,0.0029073230850372163,0.0031184428851562373,0.0005386503052361472,0.006564416275429601,1.402829023699413,0.4428913345912009,0.4750525795916491,-5.770421477010697,187.9
,,0.0029073230850372163,0.0031184428851562373,0.0005386503052361472,0.006564416275429601,1.3921540286430583,0.4428913345912009,0.4750525795916491,-5.770421477010697,188.0
,,0.0029073230850372163,0.0031184428851562373,0.0005386503052361472,0.006564416275429601,1.3814790335867035,0.4428913345912009,0.4750525795916491,-5.770421477010697,188.1
,,0.0029073230850372163,0.0031184428851562373,0.0005386503052361472,0.006564416275429601,1.3708040385303488,0.4428913345912009,0.4750525795916491,-5.770421477010697,188.2
,,0.0029073230850372163,0.0031184428851562373,0.0005386503052361472,0.006564416275429601,1.360129043473994,0.4428913345912009,0.4750525795916491,-5.770421477010697,188.3
,,0.0029073230850372163,0.0031184428851562373,0.0005386503052361472,0.006564416275429601,1.3539918985514026,0.4428913345912009,0.4750525795916491,-5.770421477010697,188.4
,,0.0007350699051600004,0.0013107580472393875,6.943529192053248e-05,0.0021152632443199202,1.343726952995018,0.34750752991802364,0.6196666305052779,-6.6371496471145806,188.5
,,0.0029220552264037497,0.0031542574784693468,0.0005147926582309624,0.006591105363104059,1.337524084592576,0.44333310809457577,0.47856274550341277,-5.75900215824084,188.6
,,0.0029220552264037497,0.0031542574784693468,0.0005147926582309624,0.006591105363104059,1.3313212161901335,0.44333310809457577,0.47856274550341277,-5.75900215824084,188.7
,,0.0029220552264037497,0.0031542574784693468,0.0005147926582309624,0.006591105363104059,1.3251183477876913,0.44333310809457577,0.47856274550341277,-5.75900215824084,188.8
,,0.0029220552264037497,0.0031542574784693468,0.0005147926582309624,0.006591105363104059,1.3169728034640316,0.44333310809457577,0.47856274550341277,-5.75900215824084,188.9
,,0.0029220552264037497,0.0031542574784693468,0.0005147926582309624,0.006591105363104059,1.3088272591403716,0.44333310809457577,0.47856274550341277,-5.75900215824084,189.0
,,0.0029220552264037497,0.0031542574784693468,0.0005147926582309624,0.006591105363104059,1.3006817148167114,0.44333310809457577,0.47856274550341277,-5.75900215824084,189.1
,,0.0029220552264037497,0.0031542574784693468,0.0005147926582309624,0.006591105363104059,1.2925361704930516,0.44333310809457577,0.47856274550341277,-5.75900215824084,189.2
,,0.0029220552264037497,0.0031542574784693468,0.0005147926582309624,0.006591105363104059,1.2843906261693916,0.44333310809457577,0.47856274550341277,-5.75900215824084,189.3
,,0.0032076606361724908,0.0033128790598028948,0.00048383633864676956,0.0070043760346221555,1.27735247804844,0.45795094671063374,0.4729727592333076,-5.709937661068726,189.4
,,0.0029220552264037497,0.0031542574784693468,0.0005147926582309624,0.006591105363104059,1.2698492734229634,0.44333310809457577,0.47856274550341277,-5.75900215824084,189.5
,,0.000883178159335759,0.0014675603218446559,5.576531333623345e-05,0.002406503794516648,1.258739577098408,0.36699637097939725,0.6098308779685173,-6.524153901931583,189.6
,,0.000883178159335759,0.0014675603218446559,5.576531333623345e-05,0.002406503794516648,1.2476298807738524,0.36699637097939725,0.6098308779685173,-6.524153901931583,189.7
,,0.000883178159335759,0.0014675603218446559,5.576531333623345e-05,0.002406503794516648,1.236520184449297,0.36699637097939725,0.6098308779685173,-6.524153901931583,189.8
,,0.000883178159335759,0.0014675603218446559,5.576531333623345e-05,0.002406503794516648,1.2241038014662675,0.36699637097939725,0.6098308779685173,-6.524153901931583,189.9
,,0.000883178159335759,0.0014675603218446559,5.576531333623345e-05,0.002406503794516648,1.2116874184832382,0.36699637097939725,0.6098308779685173,-6.524153901931583,190.0
,,0.000883178159335759,0.0014675603218446559,5.576531333623345e-05,0.002406503794516648,1.199271035500209,0.36699637097939725,0.6098308779685173,-6.524153901931583,190.1
,,0.000883178159335759,0.0014675603218446559,5.576531333623345e-05,0.002406503794516648,1.1868546525171797,0.36699637097939725,0.6098308779685173,-6.524153901931583,190.2
,,0.000883178159335759,0.0014675603218446559,5.576531333623345e-05,0.002406503794516648,1.1744382695341502,0.36699637097939725,0.6098308779685173,-6.524153901931583,190.3
,,0.000883178159335759,0.0014675603218446559,5.576531333623345e-05,0.002406503794516648,1.162021886551121,0.36699637097939725,0.6098308779685173,-6.524153901931583,190.4
,,0.000883178159335759,0.0014675603218446559,5.576531333623345e-05,0.002406503794516648,1.1504826128459191,0.36699637097939725,0.6098308779685173,-6.524153901931583,190.5
,,0.0032276642818372865,0.003650406032594477,0.00031515858608347175,0.007193228900515236,1.1420810389308247,0.4487086851366701,0.5074780857221166,-5.612916875767942,190.6
,,0.0032144597982354936,0.003599872670950225,0.0003901328282739289,0.007204465297459648,1.1337766189840577,0.4461760402078608,0.499672428461772,-5.62685680332607,190.7
,,0.0032144597982354936,0.003599872670950225,0.0003901328282739289,0.007204465297459648,1.1247212794319759,0.4461760402078608,0.499672428461772,-5.62685680332607,190.8
,,0.0032144597982354936,0.003599872670950225,0.0003901328282739289,0.007204465297459648,1.1156659398798938,0.4461760402078608,0.499672428461772,-5.62685680332607,190.9
,,0.0032144597982354936,0.003599872670950225,0.0003901328282739289,0.007204465297459648,1.106610600327812,0.4461760402078608,0.499672428461772,-5.62685680332607,191.0
,,0.0032144597982354936,0.003599872670950225,0.0003901328282739289,0.007204465297459648,1.0975552607757297,0.4461760402078608,0.499672428461772,-5.62685680332607,191.1
,,0.0032144597982354936,0.003599872670950225,0.0003901328282739289,0.007204465297459648,1.0884999212236477,0.4461760402078608,0.499672428461772,-5.62685680332607,191.2
,,0.0032144597982354936,0.003599872670950225,0.0003901328282739289,0.007204465297459648,1.0794445816715659,0.4461760402078608,0.499672428461772,-5.62685680332607,191.3
,,0.0032144597982354936,0.003599872670950225,0.0003901328282739289,0.007204465297459648,1.0703892421194838,0.4461760402078608,0.499672428461772,-5.62685680332607,191.4
,,0.0032144597982354936,0.003599872670950225,0.0003901328282739289,0.007204465297459648,1.061333902567402,0.4461760402078608,0.499672428461772,-5.62685680332607,191.5
,,0.0032144597982354936,0.003599872670950225,0.0003901328282739289,0.007204465297459648,1.05227856301532,0.4461760402078608,0.499672428461772,-5.62685680332607,191.6
,,0.001459796189574582,0.0017354582880994961,3.537440543601816e-05,0.003230628883110096,1.04395052987028,0.45186130700634664,0.5371889965983301,-6.356483757466107,191.7
,,0.003113494478419909,0.0036982093940492273,0.0003060521049717772,0.007117755977440913,1.03563064698179,0.43742641477002714,0.519575187147518,-5.5999065240266335,191.8
,,0.003113494478419909,0.0036982093940492273,0.0003060521049717772,0.007117755977440913,1.0273107640932997,0.43742641477002714,0.519575187147518,-5.5999065240266335,191.9
,,0.003113494478419909,0.0036982093940492273,0.0003060521049717772,0.007117755977440913,1.0189908812048094,0.43742641477002714,0.519575187147518,-5.5999065240266335,192.0
,,0.003113494478419909,0.0036982093940492273,0.0003060521049717772,0.007117755977440913,1.0106709983163193,0.43742641477002714,0.519575187147518,-5.5999065240266335,192.1
,,0.003113494478419909,0.0036982093940492273,0.0003060521049717772,0.007117755977440913,1.002351115427829,0.43742641477002714,0.519575187147518,-5.5999065240266335,192.2
,,0.003113494478419909,0.0036982093940492273,0.0003060521049717772,0.007117755977440913,0.9940312325393388,0.43742641477002714,0.519575187147518,-5.5999065240266335,192.3
,,0.003113494478419909,0.0036982093940492273,0.0003060521049717772,0.007117755977440913,0.9857113496508486,0.43742641477002714,0.519575187147518,-5.5999065240266335,192.4
,,0.003113494478419909,0.0036982093940492273,0.0003060521049717772,0.007117755977440913,0.9773914667623584,0.43742641477002714,0.519575187147518,-5.5999065240266335,192.5
,,0.003113494478419909,0.0036982093940492273,0.0003060521049717772,0.007117755977440913,0.9690715838738682,0.43742641477002714,0.519575187147518,-5.5999065240266335,192.6
,,0.003113494478419909,0.0036982093940492273,0.0003060521049717772,0.007117755977440913,0.960751700985378,0.43742641477002714,0.519575187147518,-5.5999065240266335,192.7
,,0.003115285166376885,0.003901777954119054,0.00016949449271492587,0.007186557613210865,0.9526404953477454,0.43348781628775035,0.5429272489162983,-5.546322944059285,192.8
,,0.0028831901713862627,0.0037677682587197894,0.00024215580016980962,0.006893114230275861,0.9441603768770894,0.4182710564584504,0.5465988423883995,-5.5812724266222755,192.9
,,0.0028831901713862627,0.0037677682587197894,0.00024215580016980962,0.006893114230275861,0.9371018416575939,0.4182710564584504,0.5465988423883995,-5.5812724266222755,193.0
,,0.0028831901713862627,0.0037677682587197894,0.00024215580016980962,0.006893114230275861,0.9300433064380982,0.4182710564584504,0.5465988423883995,-5.5812724266222755,193.1
,,0.0028831901713862627,0.0037677682587197894,0.00024215580016980962,0.006893114230275861,0.9229847712186027,0.4182710564584504,0.5465988423883995,-5.5812724266222755,193.2
,,0.0028831901713862627,0.0037677682587197894,0.00024215580016980962,0.006893114230275861,0.9159262359991072,0.4182710564584504,0.5465988423883995,-5.5812724266222755,193.3
,,0.0028831901713862627,0.0037677682587197894,0.00024215580016980962,0.006893114230275861,0.9088677007796117,0.4182710564584504,0.5465988423883995,-5.5812724266222755,193.4
,,0.0028831901713862627,0.0037677682587197894,0.00024215580016980962,0.006893114230275861,0.9018091655601161,0.4182710564584504,0.5465988423883995,-5.5812724266222755,193.5
,,0.0028831901713862627,0.0037677682587197894,0.00024215580016980962,0.006893114230275861,0.8947506303406206,0.4182710564584504,0.5465988423883995,-5.5812724266222755,193.6
,,0.0028831901713862627,0.0037677682587197894,0.00024215580016980962,0.006893114230275861,0.887692095121125,0.4182710564584504,0.5465988423883995,-5.5812724266222755,193.7
,,0.0028831901713862627,0.0037677682587197894,0.00024215580016980962,0.006893114230275861,0.8819165971457178,0.4182710564584504,0.5465988423883995,-5.5812724266222755,193.8
,,0.002820131746556022,0.003906606066363749,0.00012119394391680959,0.00684793175683658,0.8756595769815401,0.41182240809286175,0.5704797017674159,-5.545086295644624,193.9
,,0.0019216957496920762,0.0020562358288216333,7.010825450647423e-05,0.004048039833020184,0.8717656879115583,0.4747225395404093,0.5079583980495334,-6.186878235232816,194.0
,,0.0019216957496920762,0.0020562358288216333,7.010825450647423e-05,0.004048039833020184,0.868655021251089,0.4747225395404093,0.5079583980495334,-6.186878235232816,194.1
,,0.0019216957496920762,0.0020562358288216333,7.010825450647423e-05,0.004048039833020184,0.8655443545906195,0.4747225395404093,0.5079583980495334,-6.186878235232816,194.2
,,0.0019216957496920762,0.0020562358288216333,7.010825450647423e-05,0.004048039833020184,0.8624336879301502,0.4747225395404093,0.5079583980495334,-6.186878235232816,194.3
,,0.0019216957496920762,0.0020562358288216333,7.010825450647423e-05,0.004048039833020184,0.8593230212696809,0.4747225395404093,0.5079583980495334,-6.186878235232816,194.4
,,0.0019216957496920762,0.0020562358288216333,7.010825450647423e-05,0.004048039833020184,0.8562123546092113,0.4747225395404093,0.5079583980495334,-6.186878235232816,194.5
,,0.0019216957496920762,0.0020562358288216333,7.010825450647423e-05,0.004048039833020184,0.8531016879487419,0.4747225395404093,0.5079583980495334,-6.186878235232816,194.6
,,0.0019216957496920762,0.0020562358288216333,7.010825450647423e-05,0.004048039833020184,0.8499910212882724,0.4747225395404093,0.5079583980495334,-6.186878235232816,194.7
,,0.0019216957496920762,0.0020562358288216333,7.010825450647423e-05,0.004048039833020184,0.8482376807907663,0.4747225395404093,0.5079583980495334,-6.186878235232816,194.8
,,0.0019216957496920762,0.0020562358288216333,7.010825450647423e-05,0.004048039833020184,0.8464843402932601,0.4747225395404093,0.5079583980495334,-6.186878235232816,194.9
,,0.0024246670837884594,0.0038656507465068576,0.00010606046268809533,0.006396378292983412,0.8413161569979243,0.3790687437058294,0.6043499257614785,-5.55562524203196,195.0
,,0.0024246670837884594,0.0038656507465068576,0.00010606046268809533,0.006396378292983412,0.8361479737025886,0.3790687437058294,0.6043499257614785,-5.55562524203196,195.1
,,0.002122030527290278,0.003628971869293378,0.00023232502355438308,0.005983327420138039,0.8310087596080876,0.35465726313893103,0.6065140037430302,-5.618805902422642,195.2
,,0.002122030527290278,0.003628971869293378,0.00023232502355438308,0.005983327420138039,0.8258695455135867,0.35465726313893103,0.6065140037430302,-5.618805902422642,195.3
,,0.002122030527290278,0.003628971869293378,0.00023232502355438308,0.005983327420138039,0.8207303314190857,0.35465726313893103,0.6065140037430302,-5.618805902422642,195.4
,,0.002122030527290278,0.003628971869293378,0.00023232502355438308,0.005983327420138039,0.8155911173245847,0.35465726313893103,0.6065140037430302,-5.618805902422642,195.5
,,0.002122030527290278,0.003628971869293378,0.00023232502355438308,0.005983327420138039,0.8104519032300836,0.35465726313893103,0.6065140037430302,-5.618805902422642,195.6
,,0.002122030527290278,0.003628971869293378,0.00023232502355438308,0.005983327420138039,0.8053126891355826,0.35465726313893103,0.6065140037430302,-5.618805902422642,195.7
,,0.002122030527290278,0.003628971869293378,0.00023232502355438308,0.005983327420138039,0.8032147256786633,0.35465726313893103,0.6065140037430302,-5.618805902422642,195.8
,,0.002122030527290278,0.003628971869293378,0.00023232502355438308,0.005983327420138039,0.8011167622217439,0.35465726313893103,0.6065140037430302,-5.618805902422642,195.9
,,0.002048560992881612,0.003815811567891218,0.0001290041749757741,0.005993376735748604,0.7984867334354148,0.34180414200605663,0.6366714018044459,-5.5686019060987375,196.0
,,0.002048560992881612,0.003815811567891218,0.0001290041749757741,0.005993376735748604,0.7958567046490854,0.34180414200605663,0.6366714018044459,-5.5686019060987375,196.1
,,0.002048560992881612,0.003815811567891218,0.0001290041749757741,0.005993376735748604,0.7932266758627561,0.34180414200605663,0.6366714018044459,-5.5686019060987375,196.2
,,,0.0035671604171426006,0.00028979936769714035,0.003856959784839741,0.7934476076990067,,0.9248632643679011,-5.635985401050708,196.3
,,,0.0035671604171426006,0.00028979936769714035,0.003856959784839741,0.7943617696954193,,0.9248632643679011,-5.635985401050708,196.4
,,,0.0035671604171426006,0.00028979936769714035,0.003856959784839741,0.7952969469101401,,0.9248632643679011,-5.635985401050708,196.5
,,,0.0035671604171426006,0.00028979936769714035,0.003856959784839741,0.79625387243218,,0.9248632643679011,-5.635985401050708,196.6
,,,0.0035671604171426006,0.00028979936769714035,0.003856959784839741,0.7946533343454151,,0.9248632643679011,-5.635985401050708,196.7
,,,0.0035671604171426006,0.00028979936769714035,0.003856959784839741,0.793014688208965,,0.9248632643679011,-5.635985401050708,196.8
,,,0.0035671604171426006,0.00028979936769714035,0.003856959784839741,0.7913365566234442,,0.9248632643679011,-5.635985401050708,196.9
,,0.0017799324253427676,0.0038049200879464277,0.00029654649717499406,0.005881399010464189,0.7857401466767726,0.30263759050795747,0.6469413282752473,-5.571460289742794,197.0
,,0.0017799324253427676,0.0038049200879464277,0.00029654649717499406,0.005881399010464189,0.7801437367301013,0.30263759050795747,0.6469413282752473,-5.571460289742794,197.1
,,0.0017799324253427676,0.0038049200879464277,0.00029654649717499406,0.005881399010464189,0.7745473267834297,0.30263759050795747,0.6469413282752473,-5.571460289742794,197.2
,,0.0017799324253427676,0.0038049200879464277,0.00029654649717499406,0.005881399010464189,0.7689509168367584,0.30263759050795747,0.6469413282752473,-5.571460289742794,197.3
,,0.0017799324253427676,0.0038049200879464277,0.00029654649717499406,0.005881399010464189,0.763354506890087,0.30263759050795747,0.6469413282752473,-5.571460289742794,197.4
,,0.0017799324253427676,0.0038049200879464277,0.00029654649717499406,0.005881399010464189,0.762234025341504,0.30263759050795747,0.6469413282752473,-5.571460289742794,197.5
,,0.0016404290341805654,0.0035187983727963893,0.0003919173879243888,0.005551144794901344,0.7566895147747106,0.29551184391502067,0.633886973373197,-5.649635719017262,197.6
,,0.0016404290341805654,0.0035187983727963893,0.0003919173879243888,0.005551144794901344,0.751145004207917,0.29551184391502067,0.633886973373197,-5.649635719017262,197.7
,,0.0016404290341805654,0.0035187983727963893,0.0003919173879243888,0.005551144794901344,0.7456004936411236,0.29551184391502067,0.633886973373197,-5.649635719017262,197.8
,,0.0019777116903999044,0.0023013932698313128,0.00029109330699119546,0.004570198267222413,0.7447928982302372,0.4327408954189377,0.5035653018244237,-6.074240569959433,197.9
,,0.0019777116903999044,0.0023013932698313128,0.00029109330699119546,0.004570198267222413,0.7439853028193507,0.4327408954189377,0.5035653018244237,-6.074240569959433,198.0
,,0.0019777116903999044,0.0023013932698313128,0.00029109330699119546,0.004570198267222413,0.7431777074084643,0.4327408954189377,0.5035653018244237,-6.074240569959433,198.1
,,0.0019777116903999044,0.0023013932698313128,0.00029109330699119546,0.004570198267222413,0.742370111997578,0.4327408954189377,0.5035653018244237,-6.074240569959433,198.2
,,0.0019777116903999044,0.0023013932698313128,0.00029109330699119546,0.004570198267222413,0.7415625165866916,0.4327408954189377,0.5035653018244237,-6.074240569959433,198.3
,,0.0019777116903999044,0.0023013932698313128,0.00029109330699119546,0.004570198267222413,0.7402506430383686,0.4327408954189377,0.5035653018244237,-6.074240569959433,198.4
,,0.0019777116903999044,0.0023013932698313128,0.00029109330699119546,0.004570198267222413,0.7394430476274823,0.4327408954189377,0.5035653018244237,-6.074240569959433,198.5
,,0.0019777116903999044,0.0023013932698313128,0.00029109330699119546,0.004570198267222413,0.7425461058661996,0.4327408954189377,0.5035653018244237,-6.074240569959433,198.6
,,0.0019777116903999044,0.0023013932698313128,0.00029109330699119546,0.004570198267222413,0.7456491641049169,0.4327408954189377,0.5035653018244237,-6.074240569959433,198.7
,,0.0022170696330399025,0.002451135746053185,0.000375589541074628,0.005043794920167715,0.7492962344054902,0.4395637943515318,0.48597054100123493,-6.011203792023168,198.8
,,0.0022170696330399025,0.002451135746053185,0.000375589541074628,0.005043794920167715,0.7529433047060634,0.4395637943515318,0.48597054100123493,-6.011203792023168,198.9
,,0.0022170696330399025,0.002451135746053185,0.000375589541074628,0.005043794920167715,0.7565903750066367,0.4395637943515318,0.48597054100123493,-6.011203792023168,199.0
,,0.0022170696330399025,0.002451135746053185,0.000375589541074628,0.005043794920167715,0.76023744530721,0.4395637943515318,0.48597054100123493,-6.011203792023168,199.1
,,0.0022170696330399025,0.002451135746053185,0.000375589541074628,0.005043794920167715,0.7638845156077833,0.4395637943515318,0.48597054100123493,-6.011203792023168,199.2
,,0.0022170696330399025,0.002451135746053185,0.000375589541074628,0.005043794920167715,0.7675315859083566,0.4395637943515318,0.48597054100123493,-6.011203792023168,199.3
,,0.0022170696330399025,0.002451135746053185,0.000375589541074628,0.005043794920167715,0.7711786562089299,0.4395637943515318,0.48597054100123493,-6.011203792023168,199.4
,,0.0022170696330399025,0.002451135746053185,0.000375589541074628,0.005043794920167715,0.7748257265095032,0.4395637943515318,0.48597054100123493,-6.011203792023168,199.5
,,0.0022170696330399025,0.002451135746053185,0.000375589541074628,0.005043794920167715,0.7750704717364659,0.4395637943515318,0.48597054100123493,-6.011203792023168,199.6
,,0.002464430269980963,0.002786071714157274,0.00028202750122741495,0.005532529485365653,0.7749694681151058,0.44544367571826604,0.5035800932515299,-5.88312266305227,199.7
,,0.002464430269980963,0.002786071714157274,0.00028202750122741495,0.005532529485365653,0.7748684644937459,0.44544367571826604,0.5035800932515299,-5.88312266305227,199.8
,,,0.004168337886647578,0.0006037141688735935,0.004772052055521172,0.7734286033051003,,0.8734896095328406,-5.480237910962786,199.9
,,,0.004168337886647578,0.0006037141688735935,0.004772052055521172,0.7719531899883401,,0.8734896095328406,-5.480237910962786,200.0
,,,0.004168337886647578,0.0006037141688735935,0.004772052055521172,0.7704408913386608,,0.8734896095328406,-5.480237910962786,200.1
,,,0.004168337886647578,0.0006037141688735935,0.004772052055521172,0.7688903066472176,,0.8734896095328406,-5.480237910962786,200.2
,,,0.004168337886647578,0.0006037141688735935,0.004772052055521172,0.7672999633739425,,0.8734896095328406,-5.480237910962786,200.3
,,,0.004168337886647578,0.0006037141688735935,0.004772052055521172,0.7656683124831795,,0.8734896095328406,-5.480237910962786,200.4
,,,0.004168337886647578,0.0006037141688735935,0.004772052055521172,0.7639937234110808,,0.8734896095328406,-5.480237910962786,200.5
,,0.002071178827252916,0.004752513025373898,0.0006216927516037129,0.007445384604230528,0.7579788549725169,0.2781829196675824,0.6383166589773592,-5.349081742863962,200.6
,,0.002071178827252916,0.004752513025373898,0.0006216927516037129,0.007445384604230528,0.7526452783642702,0.2781829196675824,0.6383166589773592,-5.349081742863962,200.7
,,0.002071178827252916,0.004752513025373898,0.0006216927516037129,0.007445384604230528,0.7473020501364254,0.2781829196675824,0.6383166589773592,-5.349081742863962,200.8
,,0.002071178827252916,0.004752513025373898,0.0006216927516037129,0.007445384604230528,0.7419588219085805,0.2781829196675824,0.6383166589773592,-5.349081742863962,200.9
,,0.002071178827252916,0.004752513025373898,0.0006216927516037129,0.007445384604230528,0.7366155936807357,0.2781829196675824,0.6383166589773592,-5.349081742863962,201.0
,,0.0023465698887599543,0.004540201244568547,0.000675516434619996,0.007562287567948496,0.7323386236574598,0.3102989495804817,0.6003740539848601,-5.394783940913816,201.1
,,0.0023465698887599543,0.004540201244568547,0.000675516434619996,0.007562287567948496,0.7280616536341838,0.3102989495804817,0.6003740539848601,-5.394783940913816,201.2
,,0.0023465698887599543,0.004540201244568547,0.000675516434619996,0.007562287567948496,0.723784683610908,0.3102989495804817,0.6003740539848601,-5.394783940913816,201.3
,,0.0023465698887599543,0.004540201244568547,0.000675516434619996,0.007562287567948496,0.7195077135876321,0.3102989495804817,0.6003740539848601,-5.394783940913816,201.4
,,0.0026146386633853535,0.005295663286584777,0.0006710201098116001,0.00858132205978173,0.7149266559417612,0.3046894925013289,0.6171150843299633,-5.240867041185722,201.5
,,0.0026146386633853535,0.005295663286584777,0.0006710201098116001,0.00858132205978173,0.7103455982958904,0.3046894925013289,0.6171150843299633,-5.240867041185722,201.6
,,0.0026146386633853535,0.005295663286584777,0.0006710201098116001,0.00858132205978173,0.7057645406500197,0.3046894925013289,0.6171150843299633,-5.240867041185722,201.7
,,0.0026146386633853535,0.005295663286584777,0.0006710201098116001,0.00858132205978173,0.7017553954924434,0.3046894925013289,0.6171150843299633,-5.240867041185722,201.8
,,0.0026146386633853535,0.005295663286584777,0.0006710201098116001,0.00858132205978173,0.6981831207950266,0.3046894925013289,0.6171150843299633,-5.240867041185722,201.9
,,0.0026146386633853535,0.005295663286584777,0.0006710201098116001,0.00858132205978173,0.6946108460976098,0.3046894925013289,0.6171150843299633,-5.240867041185722,202.0
,,0.00453859063950067,0.00465238248004951,0.0006318417188343607,0.009822814838384542,0.6973781651283266,0.4620458304645276,0.4736302736634543,-5.370375829294137,202.1
,,0.00453859063950067,0.00465238248004951,0.0006318417188343607,0.009822814838384542,0.7001454841590432,0.4620458304645276,0.4736302736634543,-5.370375829294137,202.2
,,0.00453859063950067,0.00465238248004951,0.0006318417188343607,0.009822814838384542,0.7029128031897598,0.4620458304645276,0.4736302736634543,-5.370375829294137,202.3
,,0.0032460893022238464,0.00590276829632609,0.0006818115489123488,0.009830669147462284,0.7000799305390678,0.33020023902053514,0.6004442025037376,-5.132333835344528,202.4
,,0.0032460893022238464,0.00590276829632609,0.0006818115489123488,0.009830669147462284,0.6972470578883758,0.33020023902053514,0.6004442025037376,-5.132333835344528,202.5
,,0.0032460893022238464,0.00590276829632609,0.0006818115489123488,0.009830669147462284,0.6944141852376837,0.33020023902053514,0.6004442025037376,-5.132333835344528,202.6
,,0.0032460893022238464,0.00590276829632609,0.0006818115489123488,0.009830669147462284,0.6915813125869917,0.33020023902053514,0.6004442025037376,-5.132333835344528,202.7
,,0.0032460893022238464,0.00590276829632609,0.0006818115489123488,0.009830669147462284,0.6887484399362996,0.33020023902053514,0.6004442025037376,-5.132333835344528,202.8
,,0.0032460893022238464,0.00590276829632609,0.0006818115489123488,0.009830669147462284,0.6864857909302043,0.33020023902053514,0.6004442025037376,-5.132333835344528,202.9
,,0.0032460893022238464,0.00590276829632609,0.0006818115489123488,0.009830669147462284,0.6814246972072977,0.33020023902053514,0.6004442025037376,-5.132333835344528,203.0
,,0.0035235186702262966,0.005527476246484345,0.0007410694309612669,0.009792064347671908,0.6775152960460964,0.359834100872103,0.5644852862714815,-5.198023942576262,203.1
,,0.0035235186702262966,0.005527476246484345,0.0007410694309612669,0.009792064347671908,0.6736058948848949,0.359834100872103,0.5644852862714815,-5.198023942576262,203.2
,,0.003902805728329835,0.006418772381615222,0.000679099018999264,0.011000677128944321,0.6693093186697777,0.3547786815832461,0.5834888440391123,-5.048528397381668,203.3
,,0.003902805728329835,0.006418772381615222,0.000679099018999264,0.011000677128944321,0.6650127424546605,0.3547786815832461,0.5834888440391123,-5.048528397381668,203.4
,,0.003902805728329835,0.006418772381615222,0.000679099018999264,0.011000677128944321,0.6607161662395432,0.3547786815832461,0.5834888440391123,-5.048528397381668,203.5
,,0.003902805728329835,0.006418772381615222,0.000679099018999264,0.011000677128944321,0.6564195900244261,0.3547786815832461,0.5834888440391123,-5.048528397381668,203.6
,,0.003902805728329835,0.006418772381615222,0.000679099018999264,0.011000677128944321,0.6521230138093088,0.3547786815832461,0.5834888440391123,-5.048528397381668,203.7
,,0.003902805728329835,0.006418772381615222,0.000679099018999264,0.011000677128944321,0.6478264375941917,0.3547786815832461,0.5834888440391123,-5.048528397381668,203.8
,,0.003902805728329835,0.006418772381615222,0.000679099018999264,0.011000677128944321,0.6435298613790744,0.3547786815832461,0.5834888440391123,-5.048528397381668,203.9
,,0.003902805728329835,0.006418772381615222,0.000679099018999264,0.011000677128944321,0.6432771779508606,0.3547786815832461,0.5834888440391123,-5.048528397381668,204.0
,,0.004443406528745783,0.006758031937390643,0.0007043212281816387,0.011905759694318065,0.6436754175148465,0.3732148676632845,0.5676271074592463,-4.997023564836949,204.1
,,0.004443406528745783,0.006758031937390643,0.0007043212281816387,0.011905759694318065,0.6446326944503514,0.3732148676632845,0.5676271074592463,-4.997023564836949,204.2
,,0.004443406528745783,0.006758031937390643,0.0007043212281816387,0.011905759694318065,0.6455899713858564,0.3732148676632845,0.5676271074592463,-4.997023564836949,204.3
,,0.004443406528745783,0.006758031937390643,0.0007043212281816387,0.011905759694318065,0.6465472483213615,0.3732148676632845,0.5676271074592463,-4.997023564836949,204.4
,,0.004443406528745783,0.006758031937390643,0.0007043212281816387,0.011905759694318065,0.6475045252568664,0.3732148676632845,0.5676271074592463,-4.997023564836949,204.5
,,0.004443406528745783,0.006758031937390643,0.0007043212281816387,0.011905759694318065,0.6484618021923714,0.3732148676632845,0.5676271074592463,-4.997023564836949,204.6
,,0.004443406528745783,0.006758031937390643,0.0007043212281816387,0.011905759694318065,0.6494190791278766,0.3732148676632845,0.5676271074592463,-4.997023564836949,204.7
,,0.004443406528745783,0.006758031937390643,0.0007043212281816387,0.011905759694318065,0.6503763560633815,0.3732148676632845,0.5676271074592463,-4.997023564836949,204.8
,,0.004797282553841977,0.007660788901615437,0.0006538348446239431,0.013111906300081357,0.6509219556817774,0.3658722419189505,0.5842620231024609,-4.871640310765691,204.9
,,0.004797282553841977,0.007660788901615437,0.0006538348446239431,0.013111906300081357,0.6520976326639484,0.3658722419189505,0.5842620231024609,-4.871640310765691,205.0
,,0.007198594612987125,0.008922416207450674,0.0006027149126215174,0.016723725733059316,0.6556494437137301,0.43044203952454235,0.533518448572313,-4.7191884937955635,205.1
,,0.007198594612987125,0.008922416207450674,0.0006027149126215174,0.016723725733059316,0.659201254763512,0.43044203952454235,0.533518448572313,-4.7191884937955635,205.2
,,0.007198594612987125,0.008922416207450674,0.0006027149126215174,0.016723725733059316,0.6611181058893135,0.43044203952454235,0.533518448572313,-4.7191884937955635,205.3
,,0.007198594612987125,0.008922416207450674,0.0006027149126215174,0.016723725733059316,0.6629858069862483,0.43044203952454235,0.533518448572313,-4.7191884937955635,205.4
,,0.007198594612987125,0.008922416207450674,0.0006027149126215174,0.016723725733059316,0.6648062245111088,0.43044203952454235,0.533518448572313,-4.7191884937955635,205.5
,,0.007198594612987125,0.008922416207450674,0.0006027149126215174,0.016723725733059316,0.6665811315978478,0.43044203952454235,0.533518448572313,-4.7191884937955635,205.6
,,0.007198594612987125,0.008922416207450674,0.0006027149126215174,0.016723725733059316,0.6683122138182476,0.43044203952454235,0.533518448572313,-4.7191884937955635,205.7
,,0.005033107348510813,0.007721349634297829,0.0007398423939189282,0.01349429937672757,0.6681113691768781,0.37298026433228315,0.5721934439674697,-4.863766107129655,205.8
,,0.005033107348510813,0.007721349634297829,0.0007398423939189282,0.01349429937672757,0.6679153641654211,0.37298026433228315,0.5721934439674697,-4.863766107129655,205.9
,,0.005033107348510813,0.007721349634297829,0.0007398423939189282,0.01349429937672757,0.6701327782496678,0.37298026433228315,0.5721934439674697,-4.863766107129655,206.0
,,0.005033107348510813,0.007721349634297829,0.0007398423939189282,0.01349429937672757,0.6723501923339145,0.37298026433228315,0.5721934439674697,-4.863766107129655,206.1
,,0.004901759405996807,0.006857306527273029,0.000983236307843845,0.01274230224111368,0.6753264003742575,0.38468396944635586,0.5381528704559827,-4.982440548853759,206.2
,,0.004901759405996807,0.006857306527273029,0.000983236307843845,0.01274230224111368,0.6783026084146005,0.38468396944635586,0.5381528704559827,-4.982440548853759,206.3
,,0.004901759405996807,0.006857306527273029,0.000983236307843845,0.01274230224111368,0.6812788164549435,0.38468396944635586,0.5381528704559827,-4.982440548853759,206.4
,,0.004901759405996807,0.006857306527273029,0.000983236307843845,0.01274230224111368,0.6842550244952866,0.38468396944635586,0.5381528704559827,-4.982440548853759,206.5
,,0.006880186946088299,0.010155591500169953,0.0005637312446666472,0.017599509690924896,0.6868006582012788,0.3909306035744868,0.5770383197326591,-4.589730838460472,206.6
,,0.006880186946088299,0.010155591500169953,0.0005637312446666472,0.017599509690924896,0.689346291907271,0.3909306035744868,0.5770383197326591,-4.589730838460472,206.7
,,0.006880186946088299,0.010155591500169953,0.0005637312446666472,0.017599509690924896,0.6918919256132632,0.3909306035744868,0.5770383197326591,-4.589730838460472,206.8
,,0.006880186946088299,0.010155591500169953,0.0005637312446666472,0.017599509690924896,0.6897006441633483,0.3909306035744868,0.5770383197326591,-4.589730838460472,206.9
,,0.006880186946088299,0.010155591500169953,0.0005637312446666472,0.017599509690924896,0.6875093627134334,0.3909306035744868,0.5770383197326591,-4.589730838460472,207.0
,,0.006880186946088299,0.010155591500169953,0.0005637312446666472,0.017599509690924896,0.6853180812635187,0.3909306035744868,0.5770383197326591,-4.589730838460472,207.1
,,0.006880186946088299,0.010155591500169953,0.0005637312446666472,0.017599509690924896,0.6831267998136037,0.3909306035744868,0.5770383197326591,-4.589730838460472,207.2
,,0.006880186946088299,0.010155591500169953,0.0005637312446666472,0.017599509690924896,0.6809355183636888,0.3909306035744868,0.5770383197326591,-4.589730838460472,207.3
,,,0.010081323774714414,0.0006702840245828666,0.010751607799297281,0.6787596822764524,,0.9376573218540695,-4.597070698104942,207.4
,,,0.010081323774714414,0.0006702840245828666,0.010751607799297281,0.676530121841383,,0.9376573218540695,-4.597070698104942,207.5
,,,0.010081323774714414,0.0006702840245828666,0.010751607799297281,0.6742448223954367,,0.9376573218540695,-4.597070698104942,207.6
,,,0.010081323774714414,0.0006702840245828666,0.010751607799297281,0.6719016672673147,,0.9376573218540695,-4.597070698104942,207.7
,,,0.010081323774714414,0.0006702840245828666,0.010751607799297281,0.6689195466085479,,0.9376573218540695,-4.597070698104942,207.8
,,,0.010081323774714414,0.0006702840245828666,0.010751607799297281,0.6658599682703327,,0.9376573218540695,-4.597070698104942,207.9
,,,0.010081323774714414,0.0006702840245828666,0.010751607799297281,0.6627198747126907,,0.9376573218540695,-4.597070698104942,208.0
,,,0.010081323774714414,0.0006702840245828666,0.010751607799297281,0.6594960453268449,,0.9376573218540695,-4.597070698104942,208.1
,,,0.010081323774714414,0.0006702840245828666,0.010751607799297281,0.6561850854170574,,0.9376573218540695,-4.597070698104942,208.2
,,0.005083582398950344,0.008131874825656608,0.0013268485786938683,0.01454230580330082,0.6524098914672125,0.34957196387635237,0.5591874449381219,-4.811963776146041,208.3
,,0.005083582398950344,0.008131874825656608,0.0013268485786938683,0.01454230580330082,0.6486346975173676,0.34957196387635237,0.5591874449381219,-4.811963776146041,208.4
,,0.005315427718081643,0.009946466392764926,0.0008557241096148653,0.016117618220461434,0.6436332995247375,0.3297899010496271,0.617117632190705,-4.610537927293038,208.5
,,0.005315427718081643,0.009946466392764926,0.0008557241096148653,0.016117618220461434,0.6386319015321076,0.3297899010496271,0.617117632190705,-4.610537927293038,208.6
,,0.005315427718081643,0.009946466392764926,0.0008557241096148653,0.016117618220461434,0.6339001426916576,0.3297899010496271,0.617117632190705,-4.610537927293038,208.7
,,0.005315427718081643,0.009946466392764926,0.0008557241096148653,0.016117618220461434,0.6291683838512077,0.3297899010496271,0.617117632190705,-4.610537927293038,208.8
,,0.005315427718081643,0.009946466392764926,0.0008557241096148653,0.016117618220461434,0.6279048537624782,0.3297899010496271,0.617117632190705,-4.610537927293038,208.9
,,0.005315427718081643,0.009946466392764926,0.0008557241096148653,0.016117618220461434,0.6266745744655574,0.3297899010496271,0.617117632190705,-4.610537927293038,209.0
,,0.005369280078442235,0.008308660503253565,0.0018469926207784985,0.015524933202474297,0.62692850101859,0.3458488360894527,0.5351817231606102,-4.790456874051653,209.1
,,0.005369280078442235,0.008308660503253565,0.0018469926207784985,0.015524933202474297,0.6271759166343654,0.3458488360894527,0.5351817231606102,-4.790456874051653,209.2
,,0.005369280078442235,0.008308660503253565,0.0018469926207784985,0.015524933202474297,0.6274170685636655,0.3458488360894527,0.5351817231606102,-4.790456874051653,209.3
,,0.005369280078442235,0.008308660503253565,0.0018469926207784985,0.015524933202474297,0.627652191694733,0.3458488360894527,0.5351817231606102,-4.790456874051653,209.4
,,0.005369280078442235,0.008308660503253565,0.0018469926207784985,0.015524933202474297,0.6278815093163914,0.3458488360894527,0.5351817231606102,-4.790456874051653,209.5
,,0.005714212210383077,0.007757305465809158,0.0023964824946720907,0.015868000170864326,0.6315952902146951,0.36010915987227554,0.48886472033524175,-4.8591202388741,209.6
,,0.005714212210383077,0.007757305465809158,0.0023964824946720907,0.015868000170864326,0.6353090711129987,0.36010915987227554,0.48886472033524175,-4.8591202388741,209.7
,,0.005714212210383077,0.007757305465809158,0.0023964824946720907,0.015868000170864326,0.6390228520113023,0.36010915987227554,0.48886472033524175,-4.8591202388741,209.8
,,0.005714212210383077,0.007757305465809158,0.0023964824946720907,0.015868000170864326,0.6427366329096058,0.36010915987227554,0.48886472033524175,-4.8591202388741,209.9
,,0.0058489254810864975,0.008547746238018251,0.002413086287324118,0.016809758006428865,0.6458040173766165,0.34794822619395144,0.5084990655278427,-4.762087628674101,210.0
,,0.0058489254810864975,0.008547746238018251,0.002413086287324118,0.016809758006428865,0.6478709620467477,0.34794822619395144,0.5084990655278427,-4.762087628674101,210.1
,,0.0058489254810864975,0.008547746238018251,0.002413086287324118,0.016809758006428865,0.6499379067168788,0.34794822619395144,0.5084990655278427,-4.762087628674101,210.2
,,0.0058489254810864975,0.008547746238018251,0.002413086287324118,0.016809758006428865,0.6520048513870099,0.34794822619395144,0.5084990655278427,-4.762087628674101,210.3
,,0.0058489254810864975,0.008547746238018251,0.002413086287324118,0.016809758006428865,0.654071796057141,0.34794822619395144,0.5084990655278427,-4.762087628674101,210.4
,,0.0058489254810864975,0.008547746238018251,0.002413086287324118,0.016809758006428865,0.6564240575089662,0.34794822619395144,0.5084990655278427,-4.762087628674101,210.5
,,0.006416238954831401,0.008219078453525295,0.003001679008381287,0.017636996416737983,0.6599662775579954,0.36379431073321633,0.46601350135361874,-4.801297186475604,210.6
,,0.0058489254810864975,0.008547746238018251,0.002413086287324118,0.016809758006428865,0.6623185390098204,0.34794822619395144,0.5084990655278427,-4.762087628674101,210.7
,,0.006941170118997138,0.009268659650057617,0.003131347595547838,0.019341177364602592,0.6654685887288548,0.35888043360279476,0.47921899868519524,-4.681116499927822,210.8
,,0.006941170118997138,0.009268659650057617,0.003131347595547838,0.019341177364602592,0.6686186384478892,0.35888043360279476,0.47921899868519524,-4.681116499927822,210.9
,,0.006941170118997138,0.009268659650057617,0.003131347595547838,0.019341177364602592,0.6717686881669236,0.35888043360279476,0.47921899868519524,-4.681116499927822,211.0
,,0.006941170118997138,0.009268659650057617,0.003131347595547838,0.019341177364602592,0.6689704771040056,0.35888043360279476,0.47921899868519524,-4.681116499927822,211.1
,,0.006941170118997138,0.009268659650057617,0.003131347595547838,0.019341177364602592,0.6661722660410877,0.35888043360279476,0.47921899868519524,-4.681116499927822,211.2
,,0.006941170118997138,0.009268659650057617,0.003131347595547838,0.019341177364602592,0.6633740549781698,0.35888043360279476,0.47921899868519524,-4.681116499927822,211.3
,,0.006941170118997138,0.009268659650057617,0.003131347595547838,0.019341177364602592,0.6658303447521291,0.35888043360279476,0.47921899868519524,-4.681116499927822,211.4
,,0.006941170118997138,0.009268659650057617,0.003131347595547838,0.019341177364602592,0.6682866345260885,0.35888043360279476,0.47921899868519524,-4.681116499927822,211.5
,,0.006941170118997138,0.009268659650057617,0.003131347595547838,0.019341177364602592,0.6707429243000478,0.35888043360279476,0.47921899868519524,-4.681116499927822,211.6
,,0.007445925952765558,0.010581514410319957,0.0031499942729324047,0.02117743463601792,0.6726410279556161,0.3515971637141431,0.4996598781763324,-4.548646723823748,211.7
,,0.005149040137387679,0.011459987025945768,0.0017973616628960698,0.018406388826229515,0.6713987974662866,0.27974200621309175,0.6226092002150379,-4.468893699812609,211.8
,,0.005149040137387679,0.011459987025945768,0.0017973616628960698,0.018406388826229515,0.6701565669769571,0.27974200621309175,0.6226092002150379,-4.468893699812609,211.9
,,0.005149040137387679,0.011459987025945768,0.0017973616628960698,0.018406388826229515,0.6689143364876275,0.27974200621309175,0.6226092002150379,-4.468893699812609,212.0
,,0.005149040137387679,0.011459987025945768,0.0017973616628960698,0.018406388826229515,0.6665915055700314,0.27974200621309175,0.6226092002150379,-4.468893699812609,212.1
,,0.005149040137387679,0.011459987025945768,0.0017973616628960698,0.018406388826229515,0.6642686746524353,0.27974200621309175,0.6226092002150379,-4.468893699812609,212.2
,,0.005149040137387679,0.011459987025945768,0.0017973616628960698,0.018406388826229515,0.6623091190940689,0.27974200621309175,0.6226092002150379,-4.468893699812609,212.3
,,0.005149040137387679,0.011459987025945768,0.0017973616628960698,0.018406388826229515,0.6603495635357024,0.27974200621309175,0.6226092002150379,-4.468893699812609,212.4
,,0.005149040137387679,0.011459987025945768,0.0017973616628960698,0.018406388826229515,0.6583900079773359,0.27974200621309175,0.6226092002150379,-4.468893699812609,212.5
,,0.009475935487195627,0.012744169239118624,0.003813521830609816,0.026033626556924067,0.660063103434128,0.36398830053415465,0.4895272355256669,-4.362681426556836,212.6
,,0.009475935487195627,0.012744169239118624,0.003813521830609816,0.026033626556924067,0.66173619889092,0.36398830053415465,0.4895272355256669,-4.362681426556836,212.7
,,0.01079511359231212,0.01314353536988739,0.004595239824993186,0.028533888787192693,0.664369470788429,0.37832605547819537,0.4606289548512857,-4.3318252480893005,212.8
,,0.01079511359231212,0.01314353536988739,0.004595239824993186,0.028533888787192693,0.667002742685938,0.37832605547819537,0.4606289548512857,-4.3318252480893005,212.9
,,0.01079511359231212,0.01314353536988739,0.004595239824993186,0.028533888787192693,0.6696360145834471,0.37832605547819537,0.4606289548512857,-4.3318252480893005,213.0
,,0.01079511359231212,0.01314353536988739,0.004595239824993186,0.028533888787192693,0.6716585439203738,0.37832605547819537,0.4606289548512857,-4.3318252480893005,213.1
,,0.01079511359231212,0.01314353536988739,0.004595239824993186,0.028533888787192693,0.6736810732573005,0.37832605547819537,0.4606289548512857,-4.3318252480893005,213.2
,,0.01079511359231212,0.01314353536988739,0.004595239824993186,0.028533888787192693,0.6757036025942273,0.37832605547819537,0.4606289548512857,-4.3318252480893005,213.3
,,0.01079511359231212,0.01314353536988739,0.004595239824993186,0.028533888787192693,0.6777261319311539,0.37832605547819537,0.4606289548512857,-4.3318252480893005,213.4
,,0.012290209633082725,0.01619903628543629,0.0045152125968914705,0.033004458515410486,0.6789755142913841,0.37238028393479516,0.4908135753196076,-4.122803527066628,213.5
,,0.012290209633082725,0.01619903628543629,0.0045152125968914705,0.033004458515410486,0.6802248966516145,0.37238028393479516,0.4908135753196076,-4.122803527066628,213.6
,,0.012290209633082725,0.01619903628543629,0.0045152125968914705,0.033004458515410486,0.6814742790118447,0.37238028393479516,0.4908135753196076,-4.122803527066628,213.7
,,0.013754831410832478,0.016949030249761615,0.005420029283908395,0.03612389094450249,0.6833760176576344,0.3807682686221196,0.46919171237120016,-4.077544659195814,213.8
,,0.013754831410832478,0.016949030249761615,0.005420029283908395,0.03612389094450249,0.6856640214404649,0.3807682686221196,0.46919171237120016,-4.077544659195814,213.9
,,0.013754831410832478,0.016949030249761615,0.005420029283908395,0.03612389094450249,0.6879520252232955,0.3807682686221196,0.46919171237120016,-4.077544659195814,214.0
,,0.013754831410832478,0.016949030249761615,0.005420029283908395,0.03612389094450249,0.6880105698809601,0.3807682686221196,0.46919171237120016,-4.077544659195814,214.1
,,0.013754831410832478,0.016949030249761615,0.005420029283908395,0.03612389094450249,0.688069114538625,0.3807682686221196,0.46919171237120016,-4.077544659195814,214.2
,,0.013754831410832478,0.016949030249761615,0.005420029283908395,0.03612389094450249,0.6881276591962897,0.3807682686221196,0.46919171237120016,-4.077544659195814,214.3
,,0.01611541402320488,0.021775955637040743,0.005228070814898396,0.043119440475144016,0.6873036669722268,0.3737389410814486,0.5050148006812236,-3.826948870316067,214.4
,,0.01611541402320488,0.021775955637040743,0.005228070814898396,0.043119440475144016,0.6864796747481638,0.3737389410814486,0.5050148006812236,-3.826948870316067,214.5
,,0.01611541402320488,0.021775955637040743,0.005228070814898396,0.043119440475144016,0.6856556825241009,0.3737389410814486,0.5050148006812236,-3.826948870316067,214.6
,,0.01611541402320488,0.021775955637040743,0.005228070814898396,0.043119440475144016,0.684831690300038,0.3737389410814486,0.5050148006812236,-3.826948870316067,214.7
,,0.01721891320664313,0.022141084241815455,0.006194986794300668,0.04555498424275925,0.6863853650173513,0.3779808838234862,0.48602989573714267,-3.810320380822354,214.8
,,0.01721891320664313,0.022141084241815455,0.006194986794300668,0.04555498424275925,0.6879390397346647,0.3779808838234862,0.48602989573714267,-3.810320380822354,214.9
,,0.01721891320664313,0.022141084241815455,0.006194986794300668,0.04555498424275925,0.689492714451978,0.3779808838234862,0.48602989573714267,-3.810320380822354,215.0
,,0.01721891320664313,0.022141084241815455,0.006194986794300668,0.04555498424275925,0.6910463891692915,0.3779808838234862,0.48602989573714267,-3.810320380822354,215.1
,,0.017927603930380877,0.025453108756985834,0.005141093409729884,0.04852180609709659,0.6909169524817417,0.36947519831611575,0.5245705138438546,-3.670917391893992,215.2
,,0.017927603930380877,0.025453108756985834,0.005141093409729884,0.04852180609709659,0.690787515794192,0.36947519831611575,0.5245705138438546,-3.670917391893992,215.3
,,0.017927603930380877,0.025453108756985834,0.005141093409729884,0.04852180609709659,0.6906580791066422,0.36947519831611575,0.5245705138438546,-3.670917391893992,215.4
,,0.017927603930380877,0.025453108756985834,0.005141093409729884,0.04852180609709659,0.6905286424190924,0.36947519831611575,0.5245705138438546,-3.670917391893992,215.5
,,0.017927603930380877,0.025453108756985834,0.005141093409729884,0.04852180609709659,0.6908602567736143,0.36947519831611575,0.5245705138438546,-3.670917391893992,215.6
,,0.0192719374268204,0.026077134662412835,0.006495385473591912,0.051844457562825144,0.6916202337438687,0.37172608862705636,0.5029878966485963,-3.6466964151983037,215.7
,,0.019258161688811247,0.026108086678405203,0.006457536458731062,0.05182378482594751,0.6923628799182868,0.3716085529740956,0.5037857957710031,-3.6455101782206065,215.8
,,0.0192719374268204,0.026077134662412835,0.006495385473591912,0.051844457562825144,0.6931228568885411,0.37172608862705636,0.5029878966485963,-3.6466964151983037,215.9
,,0.0192719374268204,0.026077134662412835,0.006495385473591912,0.051844457562825144,0.6938828338587957,0.37172608862705636,0.5029878966485963,-3.6466964151983037,216.0
,,0.019576178867211875,0.02937641235187018,0.005164397555361193,0.05411698877444325,0.6937459616745232,0.36173814010244276,0.5428316138266582,-3.5275632276099573,216.1
,,0.019576178867211875,0.02937641235187018,0.005164397555361193,0.05411698877444325,0.693609089490251,0.36173814010244276,0.5428316138266582,-3.5275632276099573,216.2
,,0.019576178867211875,0.02937641235187018,0.005164397555361193,0.05411698877444325,0.6934722173059786,0.36173814010244276,0.5428316138266582,-3.5275632276099573,216.3
,,0.019576178867211875,0.02937641235187018,0.005164397555361193,0.05411698877444325,0.6931419594150287,0.36173814010244276,0.5428316138266582,-3.5275632276099573,216.4
,,0.019576178867211875,0.02937641235187018,0.005164397555361193,0.05411698877444325,0.6928196595455475,0.36173814010244276,0.5428316138266582,-3.5275632276099573,216.5
,,0.019576178867211875,0.02937641235187018,0.005164397555361193,0.05411698877444325,0.6925050334824824,0.36173814010244276,0.5428316138266582,-3.5275632276099573,216.6
,,0.020559991917118273,0.02923452305878595,0.006677555024572733,0.05647207000047696,0.6926317722566913,0.36407363705535545,0.5176810954253853,-3.5324049715362893,216.7
,,0.020559991917118273,0.02923452305878595,0.006677555024572733,0.05647207000047696,0.6927555636175464,0.36407363705535545,0.5176810954253853,-3.5324049715362893,216.8
,,0.020559991917118273,0.02923452305878595,0.006677555024572733,0.05647207000047696,0.6928765091999911,0.36407363705535545,0.5176810954253853,-3.5324049715362893,216.9
,,0.020559991917118273,0.02923452305878595,0.006677555024572733,0.05647207000047696,0.6929947060191984,0.36407363705535545,0.5176810954253853,-3.5324049715362893,217.0
,,0.01231573404649179,0.02213554718692541,0.0023478391909280204,0.03679912042434522,0.6914596881568603,0.33467468527709865,0.6015238117561413,-3.8105704926642097,217.1
,,0.01231573404649179,0.02213554718692541,0.0023478391909280204,0.03679912042434522,0.6899587818025742,0.33467468527709865,0.6015238117561413,-3.8105704926642097,217.2
,,0.01231573404649179,0.02213554718692541,0.0023478391909280204,0.03679912042434522,0.6891947305793354,0.33467468527709865,0.6015238117561413,-3.8105704926642097,217.3
,,0.01231573404649179,0.02213554718692541,0.0023478391909280204,0.03679912042434522,0.6884306793560967,0.33467468527709865,0.6015238117561413,-3.8105704926642097,217.4
,,0.01231573404649179,0.02213554718692541,0.0023478391909280204,0.03679912042434522,0.6886748403458145,0.33467468527709865,0.6015238117561413,-3.8105704926642097,217.5
,,0.01231573404649179,0.02213554718692541,0.0023478391909280204,0.03679912042434522,0.6889190013355325,0.33467468527709865,0.6015238117561413,-3.8105704926642097,217.6
,,0.012066494816457433,0.019151717926247917,0.002885152439772591,0.03410336518247794,0.6899817126672726,0.3538212358778339,0.5615785370086566,-3.9553628584366387,217.7
,,0.012066494816457433,0.019151717926247917,0.002885152439772591,0.03410336518247794,0.6910444239990128,0.3538212358778339,0.5615785370086566,-3.9553628584366387,217.8
,,0.012066494816457433,0.019151717926247917,0.002885152439772591,0.03410336518247794,0.692107135330753,0.3538212358778339,0.5615785370086566,-3.9553628584366387,217.9
,,0.020890370803931527,0.034222946451148,0.005975040978650235,0.06108835823372975,0.6929517616404394,0.34196975345127173,0.560220432184604,-3.37485891103516,218.0
,,0.020890370803931527,0.034222946451148,0.005975040978650235,0.06108835823372975,0.6925539069295417,0.34196975345127173,0.560220432184604,-3.37485891103516,218.1
,,0.020890370803931527,0.034222946451148,0.005975040978650235,0.06108835823372975,0.6921560522186438,0.34196975345127173,0.560220432184604,-3.37485891103516,218.2
,,0.020890370803931527,0.034222946451148,0.005975040978650235,0.06108835823372975,0.691758197507746,0.34196975345127173,0.560220432184604,-3.37485891103516,218.3
,,0.020890370803931527,0.034222946451148,0.005975040978650235,0.06108835823372975,0.6913603427968484,0.34196975345127173,0.560220432184604,-3.37485891103516,218.4
,,0.020890370803931527,0.034222946451148,0.005975040978650235,0.06108835823372975,0.6909624880859506,0.34196975345127173,0.560220432184604,-3.37485891103516,218.5
,,0.020890370803931527,0.034222946451148,0.005975040978650235,0.06108835823372975,0.6895602287712157,0.34196975345127173,0.560220432184604,-3.37485891103516,218.6
,,0.019609913681127855,0.029459861101753384,0.007268690972916808,0.05633846575579805,0.6887716200123503,0.34807326429739893,0.5229084730395154,-3.5247265827668675,218.7
,,0.019609913681127855,0.029459861101753384,0.007268690972916808,0.05633846575579805,0.6879830112534848,0.34807326429739893,0.5229084730395154,-3.5247265827668675,218.8
,,0.019609913681127855,0.029459861101753384,0.007268690972916808,0.05633846575579805,0.6871944024946193,0.34807326429739893,0.5229084730395154,-3.5247265827668675,218.9
,,0.019609913681127855,0.029459861101753384,0.007268690972916808,0.05633846575579805,0.6869875505239176,0.34807326429739893,0.5229084730395154,-3.5247265827668675,219.0
,,0.01902860506599278,0.031791363724913924,0.0063603437548566,0.05718031254576331,0.6860351187289487,0.33278245988535926,0.5559844343185469,-3.4485606070583477,219.1
,,0.01902860506599278,0.031791363724913924,0.0063603437548566,0.05718031254576331,0.68508268693398,0.33278245988535926,0.5559844343185469,-3.4485606070583477,219.2
,,0.01902860506599278,0.031791363724913924,0.0063603437548566,0.05718031254576331,0.6841302551390113,0.33278245988535926,0.5559844343185469,-3.4485606070583477,219.3
,,0.01902860506599278,0.031791363724913924,0.0063603437548566,0.05718031254576331,0.6831778233440425,0.33278245988535926,0.5559844343185469,-3.4485606070583477,219.4
,,0.01902860506599278,0.031791363724913924,0.0063603437548566,0.05718031254576331,0.6822253915490738,0.33278245988535926,0.5559844343185469,-3.4485606070583477,219.5
,,0.01785099345471635,0.02680019338310731,0.007470168270739216,0.052121355108562875,0.6809523378848691,0.34248905112951794,0.5141883461641691,-3.6193461757037735,219.6
,,0.01785099345471635,0.02680019338310731,0.007470168270739216,0.052121355108562875,0.6807502469581482,0.34248905112951794,0.5141883461641691,-3.6193461757037735,219.7
,,0.01785099345471635,0.02680019338310731,0.007470168270739216,0.052121355108562875,0.6798301465909391,0.34248905112951794,0.5141883461641691,-3.6193461757037735,219.8
,,0.01785099345471635,0.02680019338310731,0.007470168270739216,0.052121355108562875,0.6789100462237297,0.34248905112951794,0.5141883461641691,-3.6193461757037735,219.9
,,0.01785099345471635,0.02680019338310731,0.007470168270739216,0.052121355108562875,0.6779899458565205,0.34248905112951794,0.5141883461641691,-3.6193461757037735,220.0
,,0.017255730154523474,0.028415267381349238,0.006811976801253828,0.05248297433712654,0.6764164303201698,0.3287871995150386,0.5414187694245872,-3.5608286944110836,220.1
,,0.017255730154523474,0.028415267381349238,0.006811976801253828,0.05248297433712654,0.6748429147838193,0.3287871995150386,0.5414187694245872,-3.5608286944110836,220.2
,,0.017255730154523474,0.028415267381349238,0.006811976801253828,0.05248297433712654,0.6732693992474688,0.3287871995150386,0.5414187694245872,-3.5608286944110836,220.3
,,0.017255730154523474,0.028415267381349238,0.006811976801253828,0.05248297433712654,0.6716958837111181,0.3287871995150386,0.5414187694245872,-3.5608286944110836,220.4
,,0.016250961238689465,0.02365272404007256,0.007591669388545011,0.04749535466730703,0.6710089840355579,0.3421589617031675,0.4980007877771188,-3.7442769892786463,220.5
,,0.016250961238689465,0.02365272404007256,0.007591669388545011,0.04749535466730703,0.6703220843599976,0.3421589617031675,0.4980007877771188,-3.7442769892786463,220.6
,,0.016250961238689465,0.02365272404007256,0.007591669388545011,0.04749535466730703,0.6701375521909892,0.3421589617031675,0.4980007877771188,-3.7442769892786463,220.7
,,0.016250961238689465,0.02365272404007256,0.007591669388545011,0.04749535466730703,0.672779320752389,0.3421589617031675,0.4980007877771188,-3.7442769892786463,220.8
,,0.016250961238689465,0.02365272404007256,0.007591669388545011,0.04749535466730703,0.6754210893137887,0.3421589617031675,0.4980007877771188,-3.7442769892786463,220.9
,,0.016250961238689465,0.02365272404007256,0.007591669388545011,0.04749535466730703,0.6780628578751884,0.3421589617031675,0.4980007877771188,-3.7442769892786463,221.0
,,0.009765673834236915,0.017480560630413085,0.004431513017823304,0.031677747482473304,0.6792778928122484,0.30828182589813485,0.5518246093755482,-4.046665836590971,221.1
,,0.009765673834236915,0.017480560630413085,0.004431513017823304,0.031677747482473304,0.6804929277493084,0.30828182589813485,0.5518246093755482,-4.046665836590971,221.2
,,0.009765673834236915,0.017480560630413085,0.004431513017823304,0.031677747482473304,0.6817079626863682,0.30828182589813485,0.5518246093755482,-4.046665836590971,221.3
,,0.009765673834236915,0.017480560630413085,0.004431513017823304,0.031677747482473304,0.6829229976234281,0.30828182589813485,0.5518246093755482,-4.046665836590971,221.4
,,0.009557622693346972,0.014887288059742002,0.005041479590740391,0.029486390343829365,0.6850640307155563,0.32413674857787744,0.5048867591504795,-4.2072475805234975,221.5
,,0.009557622693346972,0.014887288059742002,0.005041479590740391,0.029486390343829365,0.6839356778940417,0.32413674857787744,0.5048867591504795,-4.2072475805234975,221.6
,,0.009557622693346972,0.014887288059742002,0.005041479590740391,0.029486390343829365,0.6828073250725273,0.32413674857787744,0.5048867591504795,-4.2072475805234975,221.7
,,0.009557622693346972,0.014887288059742002,0.005041479590740391,0.029486390343829365,0.6808148134543675,0.32413674857787744,0.5048867591504795,-4.2072475805234975,221.8
,,0.009557622693346972,0.014887288059742002,0.005041479590740391,0.029486390343829365,0.6788223018362077,0.32413674857787744,0.5048867591504795,-4.2072475805234975,221.9
,,0.009557622693346972,0.014887288059742002,0.005041479590740391,0.029486390343829365,0.6768297902180478,0.32413674857787744,0.5048867591504795,-4.2072475805234975,222.0
,,0.015751481698756863,0.022993868691333814,0.007671669567092721,0.0464170199571834,0.6753153978841256,0.3393471126170218,0.4953758063861946,-3.7725276772290486,222.1
,,0.015751481698756863,0.022993868691333814,0.007671669567092721,0.0464170199571834,0.6738010055502035,0.3393471126170218,0.4953758063861946,-3.7725276772290486,222.2
,,0.015751481698756863,0.022993868691333814,0.007671669567092721,0.0464170199571834,0.6722866132162812,0.3393471126170218,0.4953758063861946,-3.7725276772290486,222.3
,,0.015751481698756863,0.022993868691333814,0.007671669567092721,0.0464170199571834,0.6707722208823591,0.3393471126170218,0.4953758063861946,-3.7725276772290486,222.4
,,0.015751481698756863,0.022993868691333814,0.007671669567092721,0.0464170199571834,0.6699536608274638,0.3393471126170218,0.4953758063861946,-3.7725276772290486,222.5
,,0.01557527247154719,0.019409402554268543,0.008569665326045495,0.043554340351861225,0.670439884386565,0.3576055186628858,0.44563647153111147,-3.9419976625805293,222.6
,,0.01557527247154719,0.019409402554268543,0.008569665326045495,0.043554340351861225,0.6709261079456663,0.3576055186628858,0.44563647153111147,-3.9419976625805293,222.7
,,0.01557527247154719,0.019409402554268543,0.008569665326045495,0.043554340351861225,0.670825210847764,0.3576055186628858,0.44563647153111147,-3.9419976625805293,222.8
,,0.01557527247154719,0.019409402554268543,0.008569665326045495,0.043554340351861225,0.6707243137498616,0.3576055186628858,0.44563647153111147,-3.9419976625805293,222.9
,,0.016291964692638883,0.021670979424774337,0.008332302081907755,0.046295246199320975,0.6700603835245916,0.351914419517178,0.4681037731492222,-3.831781267188307,223.0
,,0.016291964692638883,0.021670979424774337,0.008332302081907755,0.046295246199320975,0.6693964532993216,0.351914419517178,0.4681037731492222,-3.831781267188307,223.1
,,0.016291964692638883,0.021670979424774337,0.008332302081907755,0.046295246199320975,0.6687325230740515,0.351914419517178,0.4681037731492222,-3.831781267188307,223.2
,,0.016291964692638883,0.021670979424774337,0.008332302081907755,0.046295246199320975,0.6680685928487815,0.351914419517178,0.4681037731492222,-3.831781267188307,223.3
,,0.016291964692638883,0.021670979424774337,0.008332302081907755,0.046295246199320975,0.6681989458170664,0.351914419517178,0.4681037731492222,-3.831781267188307,223.4
,,0.016291964692638883,0.021670979424774337,0.008332302081907755,0.046295246199320975,0.6683292987853513,0.351914419517178,0.4681037731492222,-3.831781267188307,223.5
,,0.016291964692638883,0.021670979424774337,0.008332302081907755,0.046295246199320975,0.6684596517536362,0.351914419517178,0.4681037731492222,-3.831781267188307,223.6
,,0.01582800637363859,0.01861621806605687,0.008932927981301799,0.04337715242099725,0.6696837775027554,0.3648927024996884,0.42917105035796344,-3.983722139145679,223.7
,,0.01582800637363859,0.01861621806605687,0.008932927981301799,0.04337715242099725,0.6704897345404613,0.3648927024996884,0.42917105035796344,-3.983722139145679,223.8
,,0.01582800637363859,0.01861621806605687,0.008932927981301799,0.04337715242099725,0.6712956915781673,0.3648927024996884,0.42917105035796344,-3.983722139145679,223.9
,,0.01505768022556476,0.02280190949522377,0.007915626249193399,0.04577521596998193,0.6699921211357307,0.32894831638673544,0.49812784084244643,-3.7809109967380437,224.0
,,0.01505768022556476,0.02280190949522377,0.007915626249193399,0.04577521596998193,0.6686885506932942,0.32894831638673544,0.49812784084244643,-3.7809109967380437,224.1
,,0.01505768022556476,0.02280190949522377,0.007915626249193399,0.04577521596998193,0.6682000038668345,0.32894831638673544,0.49812784084244643,-3.7809109967380437,224.2
,,0.01505768022556476,0.02280190949522377,0.007915626249193399,0.04577521596998193,0.6677114570403749,0.32894831638673544,0.49812784084244643,-3.7809109967380437,224.3
,,0.01505768022556476,0.02280190949522377,0.007915626249193399,0.04577521596998193,0.6672229102139153,0.32894831638673544,0.49812784084244643,-3.7809109967380437,224.4
,,0.01505768022556476,0.02280190949522377,0.007915626249193399,0.04577521596998193,0.6667343633874557,0.32894831638673544,0.49812784084244643,-3.7809109967380437,224.5
,,0.01505768022556476,0.02280190949522377,0.007915626249193399,0.04577521596998193,0.666245816560996,0.32894831638673544,0.49812784084244643,-3.7809109967380437,224.6
,,0.014794349301963819,0.01733329282229066,0.008321112739594527,0.04044875486384901,0.6675178865065817,0.3657553700172422,0.42852475634008336,-4.055126186247089,224.7
,,0.014794349301963819,0.01733329282229066,0.008321112739594527,0.04044875486384901,0.66880555416842,0.3657553700172422,0.42852475634008336,-4.055126186247089,224.8
,,0.014952931301091885,0.019048987184398097,0.007436159037035111,0.04143807752252509,0.6693159614926425,0.360850024786109,0.4596976578858748,-3.9607413449961264,224.9
,,0.014952931301091885,0.019048987184398097,0.007436159037035111,0.04143807752252509,0.669826368816865,0.360850024786109,0.4596976578858748,-3.9607413449961264,225.0
,,0.014952931301091885,0.019048987184398097,0.007436159037035111,0.04143807752252509,0.6711439403801616,0.360850024786109,0.4596976578858748,-3.9607413449961264,225.1
,,0.014952931301091885,0.019048987184398097,0.007436159037035111,0.04143807752252509,0.6724615119434582,0.360850024786109,0.4596976578858748,-3.9607413449961264,225.2
,,0.014952931301091885,0.019048987184398097,0.007436159037035111,0.04143807752252509,0.6737790835067548,0.360850024786109,0.4596976578858748,-3.9607413449961264,225.3
,,0.014952931301091885,0.019048987184398097,0.007436159037035111,0.04143807752252509,0.6750966550700513,0.360850024786109,0.4596976578858748,-3.9607413449961264,225.4
,,0.014952931301091885,0.019048987184398097,0.007436159037035111,0.04143807752252509,0.6764142266333479,0.360850024786109,0.4596976578858748,-3.9607413449961264,225.5
,,0.014952931301091885,0.019048987184398097,0.007436159037035111,0.04143807752252509,0.6777317981966445,0.360850024786109,0.4596976578858748,-3.9607413449961264,225.6
,,0.014952931301091885,0.019048987184398097,0.007436159037035111,0.04143807752252509,0.678639516881695,0.360850024786109,0.4596976578858748,-3.9607413449961264,225.7
,,0.013070579539185034,0.016273646099022494,0.007232479152617111,0.03657670479082464,0.6797494812349232,0.3573471042274924,0.44491832143131654,-4.118208283348054,225.8
,,0.012741467460040172,0.017452806187970786,0.006059929845087209,0.036254203493098165,0.6800469792762812,0.3514480041594572,0.48140089993408175,-4.048254830198507,225.9
,,0.012741467460040172,0.017452806187970786,0.006059929845087209,0.036254203493098165,0.6803444773176391,0.3514480041594572,0.48140089993408175,-4.048254830198507,226.0
,,0.012741467460040172,0.017452806187970786,0.006059929845087209,0.036254203493098165,0.682274194392543,0.3514480041594572,0.48140089993408175,-4.048254830198507,226.1
,,0.012741467460040172,0.017452806187970786,0.006059929845087209,0.036254203493098165,0.6842039114674467,0.3514480041594572,0.48140089993408175,-4.048254830198507,226.2
,,0.012741467460040172,0.017452806187970786,0.006059929845087209,0.036254203493098165,0.6861336285423506,0.3514480041594572,0.48140089993408175,-4.048254830198507,226.3
,,0.012741467460040172,0.017452806187970786,0.006059929845087209,0.036254203493098165,0.6880633456172544,0.3514480041594572,0.48140089993408175,-4.048254830198507,226.4
,,0.012741467460040172,0.017452806187970786,0.006059929845087209,0.036254203493098165,0.6899930626921582,0.3514480041594572,0.48140089993408175,-4.048254830198507,226.5
,,0.012741467460040172,0.017452806187970786,0.006059929845087209,0.036254203493098165,0.691922779767062,0.3514480041594572,0.48140089993408175,-4.048254830198507,226.6
,,0.012741467460040172,0.017452806187970786,0.006059929845087209,0.036254203493098165,0.6930339464999434,0.3514480041594572,0.48140089993408175,-4.048254830198507,226.7
,,0.0245547507105993,0.03904967158469587,0.010018013423737196,0.07362243571903236,0.6930201740154894,0.33352266154719973,0.5304045051391992,-3.2429208128548326,226.8
,,0.0245547507105993,0.03904967158469587,0.010018013423737196,0.07362243571903236,0.6930064015310353,0.33352266154719973,0.5304045051391992,-3.2429208128548326,226.9
,,0.0245547507105993,0.03904967158469587,0.010018013423737196,0.07362243571903236,0.6932107140686351,0.33352266154719973,0.5304045051391992,-3.2429208128548326,227.0
,,0.0245547507105993,0.03904967158469587,0.010018013423737196,0.07362243571903236,0.6934150266062349,0.33352266154719973,0.5304045051391992,-3.2429208128548326,227.1
,,0.0245547507105993,0.03904967158469587,0.010018013423737196,0.07362243571903236,0.6936193391438347,0.33352266154719973,0.5304045051391992,-3.2429208128548326,227.2
,,0.0245547507105993,0.03904967158469587,0.010018013423737196,0.07362243571903236,0.6938236516814345,0.33352266154719973,0.5304045051391992,-3.2429208128548326,227.3
,,0.0245547507105993,0.03904967158469587,0.010018013423737196,0.07362243571903236,0.6940279642190341,0.33352266154719973,0.5304045051391992,-3.2429208128548326,227.4
,,0.0245547507105993,0.03904967158469587,0.010018013423737196,0.07362243571903236,0.6942322767566339,0.33352266154719973,0.5304045051391992,-3.2429208128548326,227.5
,,0.0245547507105993,0.03904967158469587,0.010018013423737196,0.07362243571903236,0.6944365892942337,0.33352266154719973,0.5304045051391992,-3.2429208128548326,227.6
,,0.0245547507105993,0.03904967158469587,0.010018013423737196,0.07362243571903236,0.694027251275964,0.33352266154719973,0.5304045051391992,-3.2429208128548326,227.7
,,0.009956287905912605,0.016998006626736766,0.0028773091594717914,0.029831603692121164,0.6931392971734327,0.3337496706066179,0.5697986203546314,-4.074659199051868,227.8
,,0.009106507815666109,0.015706111903977502,0.003741851876682046,0.028554471596325657,0.6921854981183738,0.3189170489443734,0.5500403623647702,-4.153705349135856,227.9
,,0.009106507815666109,0.015706111903977502,0.003741851876682046,0.028554471596325657,0.6912316990633148,0.3189170489443734,0.5500403623647702,-4.153705349135856,228.0
,,0.009106507815666109,0.015706111903977502,0.003741851876682046,0.028554471596325657,0.6910234798325229,0.3189170489443734,0.5500403623647702,-4.153705349135856,228.1
,,0.009106507815666109,0.015706111903977502,0.003741851876682046,0.028554471596325657,0.6908152606017309,0.3189170489443734,0.5500403623647702,-4.153705349135856,228.2
,,0.009106507815666109,0.015706111903977502,0.003741851876682046,0.028554471596325657,0.690607041370939,0.3189170489443734,0.5500403623647702,-4.153705349135856,228.3
,,0.009106507815666109,0.015706111903977502,0.003741851876682046,0.028554471596325657,0.690398822140147,0.3189170489443734,0.5500403623647702,-4.153705349135856,228.4
,,0.009106507815666109,0.015706111903977502,0.003741851876682046,0.028554471596325657,0.6901906029093551,0.3189170489443734,0.5500403623647702,-4.153705349135856,228.5
,,0.009106507815666109,0.015706111903977502,0.003741851876682046,0.028554471596325657,0.6892320428103152,0.3189170489443734,0.5500403623647702,-4.153705349135856,228.6
,,0.009106507815666109,0.015706111903977502,0.003741851876682046,0.028554471596325657,0.6882734827112754,0.3189170489443734,0.5500403623647702,-4.153705349135856,228.7
,,0.009106507815666109,0.015706111903977502,0.003741851876682046,0.028554471596325657,0.6873149226122355,0.3189170489443734,0.5500403623647702,-4.153705349135856,228.8
,,0.00840581409715433,0.015244704892025483,0.00344433735765983,0.027094856346839644,0.6860406486113259,0.3102365256915189,0.5626420268437272,-4.1835230564186565,228.9
,,0.00840581409715433,0.015244704892025483,0.00344433735765983,0.027094856346839644,0.6847663746104162,0.3102365256915189,0.5626420268437272,-4.1835230564186565,229.0
,,0.00840581409715433,0.015244704892025483,0.00344433735765983,0.027094856346839644,0.6841455157786479,0.3102365256915189,0.5626420268437272,-4.1835230564186565,229.1
,,0.00840581409715433,0.015244704892025483,0.00344433735765983,0.027094856346839644,0.6835246569468796,0.3102365256915189,0.5626420268437272,-4.1835230564186565,229.2
,,0.00840581409715433,0.015244704892025483,0.00344433735765983,0.027094856346839644,0.6829037981151114,0.3102365256915189,0.5626420268437272,-4.1835230564186565,229.3
,,0.00840581409715433,0.015244704892025483,0.00344433735765983,0.027094856346839644,0.682282939283343,0.3102365256915189,0.5626420268437272,-4.1835230564186565,229.4
,,0.00840581409715433,0.015244704892025483,0.00344433735765983,0.027094856346839644,0.6807754645907843,0.3102365256915189,0.5626420268437272,-4.1835230564186565,229.5
,,0.00840581409715433,0.015244704892025483,0.00344433735765983,0.027094856346839644,0.6792679898982257,0.3102365256915189,0.5626420268437272,-4.1835230564186565,229.6
,,0.00840581409715433,0.015244704892025483,0.00344433735765983,0.027094856346839644,0.677760515205667,0.3102365256915189,0.5626420268437272,-4.1835230564186565,229.7
,,0.00840581409715433,0.015244704892025483,0.00344433735765983,0.027094856346839644,0.6762530405131084,0.3102365256915189,0.5626420268437272,-4.1835230564186565,229.8
,,0.023582671028002735,0.03500844612675488,0.009830246390731922,0.06842136354548954,0.6761037398574129,0.34466824111629896,0.511659579883697,-3.3521659286979237,229.9
,,0.023582671028002735,0.03500844612675488,0.009830246390731922,0.06842136354548954,0.6759544392017176,0.34466824111629896,0.511659579883697,-3.3521659286979237,230.0
,,0.023582671028002735,0.03500844612675488,0.009830246390731922,0.06842136354548954,0.6772318721703618,0.34466824111629896,0.511659579883697,-3.3521659286979237,230.1
,,0.023582671028002735,0.03500844612675488,0.009830246390731922,0.06842136354548954,0.6785093051390062,0.34466824111629896,0.511659579883697,-3.3521659286979237,230.2
,,0.023582671028002735,0.03500844612675488,0.009830246390731922,0.06842136354548954,0.6797867381076507,0.34466824111629896,0.511659579883697,-3.3521659286979237,230.3
,,0.023582671028002735,0.03500844612675488,0.009830246390731922,0.06842136354548954,0.6810641710762949,0.34466824111629896,0.511659579883697,-3.3521659286979237,230.4
,,0.023582671028002735,0.03500844612675488,0.009830246390731922,0.06842136354548954,0.681415605889871,0.34466824111629896,0.511659579883697,-3.3521659286979237,230.5
,,0.023582671028002735,0.03500844612675488,0.009830246390731922,0.06842136354548954,0.6817670407034472,0.34466824111629896,0.511659579883697,-3.3521659286979237,230.6
,,0.023582671028002735,0.03500844612675488,0.009830246390731922,0.06842136354548954,0.6821184755170233,0.34466824111629896,0.511659579883697,-3.3521659286979237,230.7
,,0.023582671028002735,0.03500844612675488,0.009830246390731922,0.06842136354548954,0.6824699103305994,0.34466824111629896,0.511659579883697,-3.3521659286979237,230.8
,,0.023582671028002735,0.03500844612675488,0.009830246390731922,0.06842136354548954,0.6828213451441755,0.34466824111629896,0.511659579883697,-3.3521659286979237,230.9
,,0.009292195763679022,0.01559203076473124,0.004123805494905514,0.029008032023315776,0.6823097796967882,0.320331822448701,0.5375073618299524,-4.160995343668816,231.0
,,0.009292195763679022,0.01559203076473124,0.004123805494905514,0.029008032023315776,0.6813200949651633,0.320331822448701,0.5375073618299524,-4.160995343668816,231.1
,,0.009292195763679022,0.01559203076473124,0.004123805494905514,0.029008032023315776,0.6803304102335385,0.320331822448701,0.5375073618299524,-4.160995343668816,231.2
,,0.009292195763679022,0.01559203076473124,0.004123805494905514,0.029008032023315776,0.6793407255019136,0.320331822448701,0.5375073618299524,-4.160995343668816,231.3
,,0.009292195763679022,0.01559203076473124,0.004123805494905514,0.029008032023315776,0.6783510407702887,0.320331822448701,0.5375073618299524,-4.160995343668816,231.4
,,0.009292195763679022,0.01559203076473124,0.004123805494905514,0.029008032023315776,0.6773613560386639,0.320331822448701,0.5375073618299524,-4.160995343668816,231.5
,,0.009292195763679022,0.01559203076473124,0.004123805494905514,0.029008032023315776,0.6750668876930424,0.320331822448701,0.5375073618299524,-4.160995343668816,231.6
,,0.009292195763679022,0.01559203076473124,0.004123805494905514,0.029008032023315776,0.6727724193474208,0.320331822448701,0.5375073618299524,-4.160995343668816,231.7
,,0.009292195763679022,0.01559203076473124,0.004123805494905514,0.029008032023315776,0.6704779510017993,0.320331822448701,0.5375073618299524,-4.160995343668816,231.8
,,0.010083128534417226,0.015280612120309836,0.005229015856564651,0.03059275651129171,0.6688935510759197,0.3295920238732188,0.49948464482662097,-4.181170435816451,231.9
,,0.010083128534417226,0.015280612120309836,0.005229015856564651,0.03059275651129171,0.6678721842774077,0.3295920238732188,0.49948464482662097,-4.181170435816451,232.0
,,0.010083128534417226,0.015280612120309836,0.005229015856564651,0.03059275651129171,0.6668508174788959,0.3295920238732188,0.49948464482662097,-4.181170435816451,232.1
,,0.010614577501951848,0.015790025267215506,0.004885202352600509,0.031289805121767864,0.6659668830695783,0.3392343755623917,0.5046380188616328,-4.148376850512225,232.2
,,0.010614577501951848,0.015790025267215506,0.004885202352600509,0.031289805121767864,0.6650829486602609,0.3392343755623917,0.5046380188616328,-4.148376850512225,232.3
,,0.010614577501951848,0.015790025267215506,0.004885202352600509,0.031289805121767864,0.6641990142509434,0.3392343755623917,0.5046380188616328,-4.148376850512225,232.4
,,0.010614577501951848,0.015790025267215506,0.004885202352600509,0.031289805121767864,0.663315079841626,0.3392343755623917,0.5046380188616328,-4.148376850512225,232.5
,,0.010614577501951848,0.015790025267215506,0.004885202352600509,0.031289805121767864,0.6624311454323085,0.3392343755623917,0.5046380188616328,-4.148376850512225,232.6
,,0.010614577501951848,0.015790025267215506,0.004885202352600509,0.031289805121767864,0.6604534382421566,0.3392343755623917,0.5046380188616328,-4.148376850512225,232.7
,,0.010614577501951848,0.015790025267215506,0.004885202352600509,0.031289805121767864,0.6584757310520047,0.3392343755623917,0.5046380188616328,-4.148376850512225,232.8
,,0.010614577501951848,0.015790025267215506,0.004885202352600509,0.031289805121767864,0.6564980238618529,0.3392343755623917,0.5046380188616328,-4.148376850512225,232.9
,,,0.015342916915153786,0.006193726022566692,0.02153664293772048,0.6564545267646934,,0.7124098662694242,-4.17710135019675,233.0
,,,0.015342916915153786,0.006193726022566692,0.02153664293772048,0.6564100410971438,,0.7124098662694242,-4.17710135019675,233.1
,,,0.015342916915153786,0.006193726022566692,0.02153664293772048,0.6563645327705703,,0.7124098662694242,-4.17710135019675,233.2
,,,0.015342916915153786,0.006193726022566692,0.02153664293772048,0.6563179661108205,,0.7124098662694242,-4.17710135019675,233.3
,,,0.015342916915153786,0.006193726022566692,0.02153664293772048,0.656270303764959,,0.7124098662694242,-4.17710135019675,233.4
,,0.01273331579008944,0.01608757086741275,0.0049453391494140905,0.03376622580691628,0.6578130208102646,0.37710213344250326,0.4764397110712196,-4.129708300946813,233.5
,,0.01273331579008944,0.01608757086741275,0.0049453391494140905,0.03376622580691628,0.6593557378555703,0.37710213344250326,0.4764397110712196,-4.129708300946813,233.6
,,0.01273331579008944,0.01608757086741275,0.0049453391494140905,0.03376622580691628,0.6586260680613654,0.37710213344250326,0.4764397110712196,-4.129708300946813,233.7
,,0.01273331579008944,0.01608757086741275,0.0049453391494140905,0.03376622580691628,0.6578963982671604,0.37710213344250326,0.4764397110712196,-4.129708300946813,233.8
,,0.01273331579008944,0.01608757086741275,0.0049453391494140905,0.03376622580691628,0.6579731947779281,0.37710213344250326,0.4764397110712196,-4.129708300946813,233.9
,,0.01273331579008944,0.01608757086741275,0.0049453391494140905,0.03376622580691628,0.6580499912886958,0.37710213344250326,0.4764397110712196,-4.129708300946813,234.0
,,0.014122341370230863,0.01545115073455932,0.007320336010514838,0.03689382811530502,0.6595679538285941,0.3827833025647007,0.41880042066303147,-4.170071797210719,234.1
,,0.014122341370230863,0.01545115073455932,0.007320336010514838,0.03689382811530502,0.6610859163684925,0.3827833025647007,0.41880042066303147,-4.170071797210719,234.2
,,0.014122341370230863,0.01545115073455932,0.007320336010514838,0.03689382811530502,0.6626038789083908,0.3827833025647007,0.41880042066303147,-4.170071797210719,234.3
,,0.014122341370230863,0.01545115073455932,0.007320336010514838,0.03689382811530502,0.6641218414482891,0.3827833025647007,0.41880042066303147,-4.170071797210719,234.4
,,0.014122341370230863,0.01545115073455932,0.007320336010514838,0.03689382811530502,0.6656398039881873,0.3827833025647007,0.41880042066303147,-4.170071797210719,234.5
,,0.015403467431944227,0.016622679143701764,0.00578857553067727,0.037814722106323265,0.6673066417184695,0.4073404899984312,0.4395822107845708,-4.0969873025641,234.6
,,0.015403467431944227,0.016622679143701764,0.00578857553067727,0.037814722106323265,0.6689734794487519,0.4073404899984312,0.4395822107845708,-4.0969873025641,234.7
,,0.015403467431944227,0.016622679143701764,0.00578857553067727,0.037814722106323265,0.6704261747068457,0.4073404899984312,0.4395822107845708,-4.0969873025641,234.8
,,0.015403467431944227,0.016622679143701764,0.00578857553067727,0.037814722106323265,0.6727391284128024,0.4073404899984312,0.4395822107845708,-4.0969873025641,234.9
,,0.015403467431944227,0.016622679143701764,0.00578857553067727,0.037814722106323265,0.6750520821187591,0.4073404899984312,0.4395822107845708,-4.0969873025641,235.0
,,0.015403467431944227,0.016622679143701764,0.00578857553067727,0.037814722106323265,0.6773650358247157,0.4073404899984312,0.4395822107845708,-4.0969873025641,235.1
,,0.016541413292989752,0.015645393634999283,0.0083614341262345,0.04054824105422353,0.6812146576606218,0.4079440405533149,0.3858464196776706,-4.157578741743213,235.2
,,0.016541413292989752,0.015645393634999283,0.0083614341262345,0.04054824105422353,0.685064279496528,0.4079440405533149,0.3858464196776706,-4.157578741743213,235.3
,,0.016541413292989752,0.015645393634999283,0.0083614341262345,0.04054824105422353,0.6889139013324341,0.4079440405533149,0.3858464196776706,-4.157578741743213,235.4
,,0.016541413292989752,0.015645393634999283,0.0083614341262345,0.04054824105422353,0.6927635231683403,0.4079440405533149,0.3858464196776706,-4.157578741743213,235.5
,,0.016541413292989752,0.015645393634999283,0.0083614341262345,0.04054824105422353,0.6966131450042464,0.4079440405533149,0.3858464196776706,-4.157578741743213,235.6
,,0.017753765071808852,0.01724538257475735,0.006538352121355949,0.04153749976792215,0.7001358119104599,0.4274153516943121,0.41517623042095836,-4.060210848162265,235.7
,,0.017753765071808852,0.01724538257475735,0.006538352121355949,0.04153749976792215,0.7048495909291465,0.4274153516943121,0.41517623042095836,-4.060210848162265,235.8
,,0.017753765071808852,0.01724538257475735,0.006538352121355949,0.04153749976792215,0.709563369947833,0.4274153516943121,0.41517623042095836,-4.060210848162265,235.9
,,0.017753765071808852,0.01724538257475735,0.006538352121355949,0.04153749976792215,0.7142771489665194,0.4274153516943121,0.41517623042095836,-4.060210848162265,236.0
,,0.017753765071808852,0.01724538257475735,0.006538352121355949,0.04153749976792215,0.7189909279852058,0.4274153516943121,0.41517623042095836,-4.060210848162265,236.1
,,0.017753765071808852,0.01724538257475735,0.006538352121355949,0.04153749976792215,0.7237047070038923,0.4274153516943121,0.41517623042095836,-4.060210848162265,236.2
,,,0.01576179781357225,0.008761115955371752,0.024522913768944,0.7248344282366499,,0.642737562186966,-4.150166126593157,236.3
,,0.017753765071808852,0.01724538257475735,0.006538352121355949,0.04153749976792215,0.7296043236722255,0.4274153516943121,0.41517623042095836,-4.060210848162265,236.4
,,0.01744975693642618,0.01540364894811078,0.008732576527205159,0.04158598241174212,0.7356046160250317,0.419606702173257,0.37040483486958437,-4.173150852946994,236.5
,,0.01744975693642618,0.01540364894811078,0.008732576527205159,0.04158598241174212,0.7416049083778378,0.419606702173257,0.37040483486958437,-4.173150852946994,236.6
,,0.01744975693642618,0.01540364894811078,0.008732576527205159,0.04158598241174212,0.747605200730644,0.419606702173257,0.37040483486958437,-4.173150852946994,236.7
,,0.01744975693642618,0.01540364894811078,0.008732576527205159,0.04158598241174212,0.7541182960308731,0.419606702173257,0.37040483486958437,-4.173150852946994,236.8
,,0.017738184675666704,0.017244396506541984,0.00757008149883626,0.04255266268104495,0.7594614873721833,0.41685252010253554,0.4052483539231844,-4.06026802847724,236.9
,,0.017738184675666704,0.017244396506541984,0.00757008149883626,0.04255266268104495,0.7648046787134937,0.41685252010253554,0.4052483539231844,-4.06026802847724,237.0
,,0.017738184675666704,0.017244396506541984,0.00757008149883626,0.04255266268104495,0.7701478700548039,0.41685252010253554,0.4052483539231844,-4.06026802847724,237.1
,,0.017738184675666704,0.017244396506541984,0.00757008149883626,0.04255266268104495,0.7754910613961142,0.41685252010253554,0.4052483539231844,-4.06026802847724,237.2
,,0.017738184675666704,0.017244396506541984,0.00757008149883626,0.04255266268104495,0.7808342527374244,0.41685252010253554,0.4052483539231844,-4.06026802847724,237.3
,,0.017738184675666704,0.017244396506541984,0.00757008149883626,0.04255266268104495,0.7861774440787345,0.41685252010253554,0.4052483539231844,-4.06026802847724,237.4
,,0.017738184675666704,0.017244396506541984,0.00757008149883626,0.04255266268104495,0.7915206354200448,0.41685252010253554,0.4052483539231844,-4.06026802847724,237.5
,,0.017738184675666704,0.017244396506541984,0.00757008149883626,0.04255266268104495,0.796863826761355,0.41685252010253554,0.4052483539231844,-4.06026802847724,237.6
,,0.017738184675666704,0.017244396506541984,0.00757008149883626,0.04255266268104495,0.8022070181026654,0.41685252010253554,0.4052483539231844,-4.06026802847724,237.7
,,0.015379969763991037,0.01451952769331298,0.007475561699583283,0.037375059156887304,0.807914808498839,0.4115035564072649,0.3884817314232234,-4.232260798123282,237.8
,,0.015379969763991037,0.01451952769331298,0.007475561699583283,0.037375059156887304,0.8139608637898734,0.4115035564072649,0.3884817314232234,-4.232260798123282,237.9
,,0.014921164090115038,0.01664934927512858,0.0061013182551578095,0.03767183162040143,0.8180657287695102,0.39608278780993444,0.4419575199553615,-4.095384145894288,238.0
,,0.014921164090115038,0.01664934927512858,0.0061013182551578095,0.03767183162040143,0.8221705937491472,0.39608278780993444,0.4419575199553615,-4.095384145894288,238.1
,,0.014921164090115038,0.01664934927512858,0.0061013182551578095,0.03767183162040143,0.8262754587287844,0.39608278780993444,0.4419575199553615,-4.095384145894288,238.2
,,0.014921164090115038,0.01664934927512858,0.0061013182551578095,0.03767183162040143,0.8303803237084214,0.39608278780993444,0.4419575199553615,-4.095384145894288,238.3
,,0.014921164090115038,0.01664934927512858,0.0061013182551578095,0.03767183162040143,0.8344851886880584,0.39608278780993444,0.4419575199553615,-4.095384145894288,238.4
,,0.014921164090115038,0.01664934927512858,0.0061013182551578095,0.03767183162040143,0.8385900536676955,0.39608278780993444,0.4419575199553615,-4.095384145894288,238.5
,,0.014921164090115038,0.01664934927512858,0.0061013182551578095,0.03767183162040143,0.8426949186473325,0.39608278780993444,0.4419575199553615,-4.095384145894288,238.6
,,0.014921164090115038,0.01664934927512858,0.0061013182551578095,0.03767183162040143,0.8467997836269694,0.39608278780993444,0.4419575199553615,-4.095384145894288,238.7
,,0.014921164090115038,0.01664934927512858,0.0061013182551578095,0.03767183162040143,0.8509046486066064,0.39608278780993444,0.4419575199553615,-4.095384145894288,238.8
,,0.013164941588852353,0.014834564997680636,0.006095398705259061,0.03409490529179205,0.8534501536256902,0.38612635747727564,0.43509623712760054,-4.210795348373643,238.9
,,0.013164941588852353,0.014834564997680636,0.006095398705259061,0.03409490529179205,0.8559956586447741,0.38612635747727564,0.43509623712760054,-4.210795348373643,239.0
,,0.012257845897981031,0.016630877938027137,0.00480391641974577,0.03369264025575394,0.8567507229773338,0.36381375294231116,0.49360566022091307,-4.096494194745809,239.1
,,0.012257845897981031,0.016630877938027137,0.00480391641974577,0.03369264025575394,0.8575057873098937,0.36381375294231116,0.49360566022091307,-4.096494194745809,239.2
,,0.012257845897981031,0.016630877938027137,0.00480391641974577,0.03369264025575394,0.8582608516424535,0.36381375294231116,0.49360566022091307,-4.096494194745809,239.3
,,0.012257845897981031,0.016630877938027137,0.00480391641974577,0.03369264025575394,0.8590159159750131,0.36381375294231116,0.49360566022091307,-4.096494194745809,239.4
,,0.012257845897981031,0.016630877938027137,0.00480391641974577,0.03369264025575394,0.859770980307573,0.36381375294231116,0.49360566022091307,-4.096494194745809,239.5
,,0.012257845897981031,0.016630877938027137,0.00480391641974577,0.03369264025575394,0.8605260446401329,0.36381375294231116,0.49360566022091307,-4.096494194745809,239.6
,,0.012257845897981031,0.016630877938027137,0.00480391641974577,0.03369264025575394,0.8612811089726927,0.36381375294231116,0.49360566022091307,-4.096494194745809,239.7
,,0.012257845897981031,0.016630877938027137,0.00480391641974577,0.03369264025575394,0.8620361733052524,0.36381375294231116,0.49360566022091307,-4.096494194745809,239.8
,,0.012257845897981031,0.016630877938027137,0.00480391641974577,0.03369264025575394,0.8627912376378123,0.36381375294231116,0.49360566022091307,-4.096494194745809,239.9
,,0.012257845897981031,0.016630877938027137,0.00480391641974577,0.03369264025575394,0.8644709451071186,0.36381375294231116,0.49360566022091307,-4.096494194745809,240.0
,,0.011548982924708025,0.015625690902535527,0.005074935617913789,0.03224960944515734,0.8661750428086766,0.35811233448727053,0.484523415054315,-4.158838866574975,240.1
,,0.009799353101638092,0.014937858872975121,0.003863244332242114,0.028600456306855326,0.8668899220852302,0.34262925725731364,0.5222944247010011,-4.203856424609957,240.2
,,0.009799353101638092,0.014937858872975121,0.003863244332242114,0.028600456306855326,0.8676048013617839,0.34262925725731364,0.5222944247010011,-4.203856424609957,240.3
,,0.009799353101638092,0.014937858872975121,0.003863244332242114,0.028600456306855326,0.8683196806383374,0.34262925725731364,0.5222944247010011,-4.203856424609957,240.4
,,0.009799353101638092,0.014937858872975121,0.003863244332242114,0.028600456306855326,0.8690345599148911,0.34262925725731364,0.5222944247010011,-4.203856424609957,240.5
,,0.009799353101638092,0.014937858872975121,0.003863244332242114,0.028600456306855326,0.8697494391914447,0.34262925725731364,0.5222944247010011,-4.203856424609957,240.6
,,0.009799353101638092,0.014937858872975121,0.003863244332242114,0.028600456306855326,0.8704643184679982,0.34262925725731364,0.5222944247010011,-4.203856424609957,240.7
,,0.009799353101638092,0.014937858872975121,0.003863244332242114,0.028600456306855326,0.8711791977445519,0.34262925725731364,0.5222944247010011,-4.203856424609957,240.8
,,0.009799353101638092,0.014937858872975121,0.003863244332242114,0.028600456306855326,0.8711332894285247,0.34262925725731364,0.5222944247010011,-4.203856424609957,240.9
,,0.009799353101638092,0.014937858872975121,0.003863244332242114,0.028600456306855326,0.8710873811124977,0.34262925725731364,0.5222944247010011,-4.203856424609957,241.0
,,0.009799353101638092,0.014937858872975121,0.003863244332242114,0.028600456306855326,0.8710414727964707,0.34262925725731364,0.5222944247010011,-4.203856424609957,241.1
,,0.01076245413722554,0.016368276170725136,0.004389803606621733,0.03152053391457241,0.8708663061721756,0.3414426343917321,0.5192893056661658,-4.112410197314698,241.2
,,0.010458107995859476,0.018039483297781905,0.003573895058717659,0.03207148635235904,0.8697651305922927,0.32608741238119204,0.5624773077115274,-4.015192406787678,241.3
,,0.010458107995859476,0.018039483297781905,0.003573895058717659,0.03207148635235904,0.8686639550124097,0.32608741238119204,0.5624773077115274,-4.015192406787678,241.4
,,0.010458107995859476,0.018039483297781905,0.003573895058717659,0.03207148635235904,0.8675627794325267,0.32608741238119204,0.5624773077115274,-4.015192406787678,241.5
,,0.010458107995859476,0.018039483297781905,0.003573895058717659,0.03207148635235904,0.8664616038526435,0.32608741238119204,0.5624773077115274,-4.015192406787678,241.6
,,0.010458107995859476,0.018039483297781905,0.003573895058717659,0.03207148635235904,0.8653604282727605,0.32608741238119204,0.5624773077115274,-4.015192406787678,241.7
,,0.010458107995859476,0.018039483297781905,0.003573895058717659,0.03207148635235904,0.8642592526928775,0.32608741238119204,0.5624773077115274,-4.015192406787678,241.8
,,0.010458107995859476,0.018039483297781905,0.003573895058717659,0.03207148635235904,0.8631580771129945,0.32608741238119204,0.5624773077115274,-4.015192406787678,241.9
,,0.010458107995859476,0.018039483297781905,0.003573895058717659,0.03207148635235904,0.8598236802398772,0.32608741238119204,0.5624773077115274,-4.015192406787678,242.0
,,0.010458107995859476,0.018039483297781905,0.003573895058717659,0.03207148635235904,0.8565668274800882,0.32608741238119204,0.5624773077115274,-4.015192406787678,242.1
,,0.010458107995859476,0.018039483297781905,0.003573895058717659,0.03207148635235904,0.8533848448986852,0.32608741238119204,0.5624773077115274,-4.015192406787678,242.2
,,0.011806482306889878,0.018646864893394215,0.004355593589016218,0.03480894078930031,0.8508823101553461,0.3391795911962652,0.5356918214278428,-3.9820772492539493,242.3
,,0.01249196191272361,0.021185611915348457,0.00392151061050465,0.037599084438576715,0.8479470445100397,0.3322411196775536,0.5634608457011253,-3.854433010952176,242.4
,,0.01249196191272361,0.021185611915348457,0.00392151061050465,0.037599084438576715,0.8456789934242309,0.3322411196775536,0.5634608457011253,-3.854433010952176,242.5
,,0.01249196191272361,0.021185611915348457,0.00392151061050465,0.037599084438576715,0.8434109423384224,0.3322411196775536,0.5634608457011253,-3.854433010952176,242.6
,,0.01249196191272361,0.021185611915348457,0.00392151061050465,0.037599084438576715,0.8411428912526137,0.3322411196775536,0.5634608457011253,-3.854433010952176,242.7
,,0.01249196191272361,0.021185611915348457,0.00392151061050465,0.037599084438576715,0.8388748401668052,0.3322411196775536,0.5634608457011253,-3.854433010952176,242.8
,,0.01249196191272361,0.021185611915348457,0.00392151061050465,0.037599084438576715,0.8366067890809965,0.3322411196775536,0.5634608457011253,-3.854433010952176,242.9
,,0.01249196191272361,0.021185611915348457,0.00392151061050465,0.037599084438576715,0.834338737995188,0.3322411196775536,0.5634608457011253,-3.854433010952176,243.0
,,0.01249196191272361,0.021185611915348457,0.00392151061050465,0.037599084438576715,0.8306942923871761,0.3322411196775536,0.5634608457011253,-3.854433010952176,243.1
,,0.01249196191272361,0.021185611915348457,0.00392151061050465,0.037599084438576715,0.827049846779164,0.3322411196775536,0.5634608457011253,-3.854433010952176,243.2
,,0.01249196191272361,0.021185611915348457,0.00392151061050465,0.037599084438576715,0.823405401171152,0.3322411196775536,0.5634608457011253,-3.854433010952176,243.3
,,0.01249196191272361,0.021185611915348457,0.00392151061050465,0.037599084438576715,0.8197609555631401,0.3322411196775536,0.5634608457011253,-3.854433010952176,243.4
,,0.015053243754632765,0.022739935355112456,0.00434591630315324,0.04213909541289847,0.8169292092247608,0.3572275011395968,0.5396398553954703,-3.783632633446881,243.5
,,0.015053243754632765,0.022739935355112456,0.00434591630315324,0.04213909541289847,0.8139552787157901,0.3572275011395968,0.5396398553954703,-3.783632633446881,243.6
,,0.015053243754632765,0.022739935355112456,0.00434591630315324,0.04213909541289847,0.8109813482068192,0.3572275011395968,0.5396398553954703,-3.783632633446881,243.7
,,0.015053243754632765,0.022739935355112456,0.00434591630315324,0.04213909541289847,0.8080074176978487,0.3572275011395968,0.5396398553954703,-3.783632633446881,243.8
,,0.015053243754632765,0.022739935355112456,0.00434591630315324,0.04213909541289847,0.8050334871888779,0.3572275011395968,0.5396398553954703,-3.783632633446881,243.9
,,0.015053243754632765,0.022739935355112456,0.00434591630315324,0.04213909541289847,0.8020595566799072,0.3572275011395968,0.5396398553954703,-3.783632633446881,244.0
,,0.015053243754632765,0.022739935355112456,0.00434591630315324,0.04213909541289847,0.7990856261709364,0.3572275011395968,0.5396398553954703,-3.783632633446881,244.1
,,0.015053243754632765,0.022739935355112456,0.00434591630315324,0.04213909541289847,0.7946440912681938,0.3572275011395968,0.5396398553954703,-3.783632633446881,244.2
,,0.015053243754632765,0.022739935355112456,0.00434591630315324,0.04213909541289847,0.790202556365451,0.3572275011395968,0.5396398553954703,-3.783632633446881,244.3
,,0.015053243754632765,0.022739935355112456,0.00434591630315324,0.04213909541289847,0.7857610214627083,0.3572275011395968,0.5396398553954703,-3.783632633446881,244.4
,,0.015053243754632765,0.022739935355112456,0.00434591630315324,0.04213909541289847,0.7813194865599656,0.3572275011395968,0.5396398553954703,-3.783632633446881,244.5
,,0.015053243754632765,0.022739935355112456,0.00434591630315324,0.04213909541289847,0.776877951657223,0.3572275011395968,0.5396398553954703,-3.783632633446881,244.6
,,0.017362164324741795,0.02550283988412405,0.0035325269366433855,0.046397531145509235,0.772960131775937,0.3742044866631284,0.5496594162336683,-3.668965465013848,244.7
,,0.018073483105240973,0.023070574555718884,0.004673747972951337,0.04581780563391119,0.770195192935027,0.39446417948624374,0.5035285788249019,-3.7691973022206455,244.8
,,0.018073483105240973,0.023070574555718884,0.004673747972951337,0.04581780563391119,0.7674302540941172,0.39446417948624374,0.5035285788249019,-3.7691973022206455,244.9
,,0.018073483105240973,0.023070574555718884,0.004673747972951337,0.04581780563391119,0.7646653152532075,0.39446417948624374,0.5035285788249019,-3.7691973022206455,245.0
,,0.018073483105240973,0.023070574555718884,0.004673747972951337,0.04581780563391119,0.7619003764122976,0.39446417948624374,0.5035285788249019,-3.7691973022206455,245.1
,,0.018073483105240973,0.023070574555718884,0.004673747972951337,0.04581780563391119,0.7591354375713878,0.39446417948624374,0.5035285788249019,-3.7691973022206455,245.2
,,0.018073483105240973,0.023070574555718884,0.004673747972951337,0.04581780563391119,0.7594050414117016,0.39446417948624374,0.5035285788249019,-3.7691973022206455,245.3
,,0.018073483105240973,0.023070574555718884,0.004673747972951337,0.04581780563391119,0.7566708241134686,0.39446417948624374,0.5035285788249019,-3.7691973022206455,245.4
,,0.018073483105240973,0.023070574555718884,0.004673747972951337,0.04581780563391119,0.7527882363591536,0.39446417948624374,0.5035285788249019,-3.7691973022206455,245.5
,,0.018073483105240973,0.023070574555718884,0.004673747972951337,0.04581780563391119,0.7489056486048388,0.39446417948624374,0.5035285788249019,-3.7691973022206455,245.6
,,0.018073483105240973,0.023070574555718884,0.004673747972951337,0.04581780563391119,0.7450230608505239,0.39446417948624374,0.5035285788249019,-3.7691973022206455,245.7
,,0.017384411496694393,0.02108365692194049,0.00321831518414012,0.041686383602775004,0.7415976356369509,0.41702853532099476,0.5057684332333635,-3.859257092084169,245.8
,,0.017384411496694393,0.02108365692194049,0.00321831518414012,0.041686383602775004,0.7393299657375634,0.41702853532099476,0.5057684332333635,-3.859257092084169,245.9
,,0.01776920711519902,0.019702461583994222,0.004301622247944206,0.04177329094713745,0.737921552552317,0.4253724500108285,0.471652128364197,-3.927011697541988,246.0
,,0.01776920711519902,0.019702461583994222,0.004301622247944206,0.04177329094713745,0.7365131393670709,0.4253724500108285,0.471652128364197,-3.927011697541988,246.1
,,0.01776920711519902,0.019702461583994222,0.004301622247944206,0.04177329094713745,0.7351047261818245,0.4253724500108285,0.471652128364197,-3.927011697541988,246.2
,,0.01776920711519902,0.019702461583994222,0.004301622247944206,0.04177329094713745,0.7336963129965781,0.4253724500108285,0.471652128364197,-3.927011697541988,246.3
,,0.01776920711519902,0.019702461583994222,0.004301622247944206,0.04177329094713745,0.732287899811332,0.4253724500108285,0.471652128364197,-3.927011697541988,246.4
,,0.01776920711519902,0.019702461583994222,0.004301622247944206,0.04177329094713745,0.7308794866260856,0.4253724500108285,0.471652128364197,-3.927011697541988,246.5
,,0.01776920711519902,0.019702461583994222,0.004301622247944206,0.04177329094713745,0.7294710734408393,0.4253724500108285,0.471652128364197,-3.927011697541988,246.6
,,0.01776920711519902,0.019702461583994222,0.004301622247944206,0.04177329094713745,0.728062660255593,0.4253724500108285,0.471652128364197,-3.927011697541988,246.7
,,0.01776920711519902,0.019702461583994222,0.004301622247944206,0.04177329094713745,0.7263139546191408,0.4253724500108285,0.471652128364197,-3.927011697541988,246.8
,,0.01776920711519902,0.019702461583994222,0.004301622247944206,0.04177329094713745,0.7245652489826884,0.4253724500108285,0.471652128364197,-3.927011697541988,246.9
,,0.01776920711519902,0.019702461583994222,0.004301622247944206,0.04177329094713745,0.7246283209702071,0.4253724500108285,0.471652128364197,-3.927011697541988,247.0
,,0.016623177362902166,0.017452057875771986,0.002858525597338341,0.03693376083601249,0.7252539237241857,0.450080820003947,0.4725231733984493,-4.048297707443211,247.1
,,0.015163888753939448,0.015650848574660092,0.0035379684459516452,0.034352705774551184,0.7260615349053267,0.4414175946854528,0.45559289208171755,-4.157230141442927,247.2
,,0.015163888753939448,0.015650848574660092,0.0035379684459516452,0.034352705774551184,0.7268691460864676,0.4414175946854528,0.45559289208171755,-4.157230141442927,247.3
,,0.015163888753939448,0.015650848574660092,0.0035379684459516452,0.034352705774551184,0.7276767572676085,0.4414175946854528,0.45559289208171755,-4.157230141442927,247.4
,,0.015163888753939448,0.015650848574660092,0.0035379684459516452,0.034352705774551184,0.7284843684487495,0.4414175946854528,0.45559289208171755,-4.157230141442927,247.5
,,0.015163888753939448,0.015650848574660092,0.0035379684459516452,0.034352705774551184,0.7292919796298906,0.4414175946854528,0.45559289208171755,-4.157230141442927,247.6
,,0.015163888753939448,0.015650848574660092,0.0035379684459516452,0.034352705774551184,0.7300995908110314,0.4414175946854528,0.45559289208171755,-4.157230141442927,247.7
,,0.015163888753939448,0.015650848574660092,0.0035379684459516452,0.034352705774551184,0.7309072019921724,0.4414175946854528,0.45559289208171755,-4.157230141442927,247.8
,,0.015163888753939448,0.015650848574660092,0.0035379684459516452,0.034352705774551184,0.7318120417662998,0.4414175946854528,0.45559289208171755,-4.157230141442927,247.9
,,0.015163888753939448,0.015650848574660092,0.0035379684459516452,0.034352705774551184,0.7327168815404274,0.4414175946854528,0.45559289208171755,-4.157230141442927,248.0
,,0.015163888753939448,0.015650848574660092,0.0035379684459516452,0.034352705774551184,0.7352927992886439,0.4414175946854528,0.45559289208171755,-4.157230141442927,248.1
,,0.015163888753939448,0.015650848574660092,0.0035379684459516452,0.034352705774551184,0.7378687170368603,0.4414175946854528,0.45559289208171755,-4.157230141442927,248.2
,,,0.013522249197270025,0.0022553872356339912,0.015777636432904016,0.7378778773830537,,0.8570516410854534,-4.303418861458909,248.3
,,0.011134561756677394,0.011815397829318142,0.0025746049853925647,0.0255245645713881,0.7401848860743807,0.4362292538051263,0.4629030123617731,-4.438351697363958,248.4
,,0.011134561756677394,0.011815397829318142,0.0025746049853925647,0.0255245645713881,0.7424918947657078,0.4362292538051263,0.4629030123617731,-4.438351697363958,248.5
,,0.011134561756677394,0.011815397829318142,0.0025746049853925647,0.0255245645713881,0.7447989034570348,0.4362292538051263,0.4629030123617731,-4.438351697363958,248.6
,,0.011134561756677394,0.011815397829318142,0.0025746049853925647,0.0255245645713881,0.7471059121483618,0.4362292538051263,0.4629030123617731,-4.438351697363958,248.7
,,0.011134561756677394,0.011815397829318142,0.0025746049853925647,0.0255245645713881,0.7494129208396888,0.4362292538051263,0.4629030123617731,-4.438351697363958,248.8
,,0.011134561756677394,0.011815397829318142,0.0025746049853925647,0.0255245645713881,0.751719929531016,0.4362292538051263,0.4629030123617731,-4.438351697363958,248.9
,,0.011134561756677394,0.011815397829318142,0.0025746049853925647,0.0255245645713881,0.7540269382223429,0.4362292538051263,0.4629030123617731,-4.438351697363958,249.0
,,0.011134561756677394,0.011815397829318142,0.0025746049853925647,0.0255245645713881,0.7563109269191851,0.4362292538051263,0.4629030123617731,-4.438351697363958,249.1
,,0.011134561756677394,0.011815397829318142,0.0025746049853925647,0.0255245645713881,0.7595285599722115,0.4362292538051263,0.4629030123617731,-4.438351697363958,249.2
,,0.011134561756677394,0.011815397829318142,0.0025746049853925647,0.0255245645713881,0.7627461930252376,0.4362292538051263,0.4629030123617731,-4.438351697363958,249.3
,,0.005675669968061224,0.008655546565749107,0.0027539703432857185,0.017085186877096047,0.7627430298034964,0.33219829603794837,0.5066111730596582,-4.749554942059113,249.4
,,0.005675669968061224,0.008655546565749107,0.0027539703432857185,0.017085186877096047,0.7627398665817552,0.33219829603794837,0.5066111730596582,-4.749554942059113,249.5
,,0.005675669968061224,0.008655546565749107,0.0027539703432857185,0.017085186877096047,0.762736703360014,0.33219829603794837,0.5066111730596582,-4.749554942059113,249.6
,,0.005675669968061224,0.008655546565749107,0.0027539703432857185,0.017085186877096047,0.762733540138273,0.33219829603794837,0.5066111730596582,-4.749554942059113,249.7
,,0.005675669968061224,0.008655546565749107,0.0027539703432857185,0.017085186877096047,0.7627303769165316,0.33219829603794837,0.5066111730596582,-4.749554942059113,249.8
,,0.005675669968061224,0.008655546565749107,0.0027539703432857185,0.017085186877096047,0.7627272136947906,0.33219829603794837,0.5066111730596582,-4.749554942059113,249.9
,,0.005675669968061224,0.008655546565749107,0.0027539703432857185,0.017085186877096047,0.7627240504730494,0.33219829603794837,0.5066111730596582,-4.749554942059113,250.0
,,0.005675669968061224,0.008655546565749107,0.0027539703432857185,0.017085186877096047,0.7627208872513082,0.33219829603794837,0.5066111730596582,-4.749554942059113,250.1
,,0.005675669968061224,0.008655546565749107,0.0027539703432857185,0.017085186877096047,0.7627007440617807,0.33219829603794837,0.5066111730596582,-4.749554942059113,250.2
,,0.005675669968061224,0.008655546565749107,0.0027539703432857185,0.017085186877096047,0.763554586852808,0.33219829603794837,0.5066111730596582,-4.749554942059113,250.3
,,0.005675669968061224,0.008655546565749107,0.0027539703432857185,0.017085186877096047,0.7644084296438352,0.33219829603794837,0.5066111730596582,-4.749554942059113,250.4
,,0.0066615000579444885,0.009190997134993285,0.0016666173258516278,0.017519114518789403,0.7660382162192267,0.38024182391181766,0.5246268083433019,-4.689530846324929,250.5
,,0.0040457793578958295,0.00724065038367948,0.0019442555728547569,0.013230685314430066,0.7658025394352997,0.3057875886053532,0.5472619302480465,-4.928044244619237,250.6
,,0.0040457793578958295,0.00724065038367948,0.0019442555728547569,0.013230685314430066,0.7655668626513727,0.3057875886053532,0.5472619302480465,-4.928044244619237,250.7
,,0.0040457793578958295,0.00724065038367948,0.0019442555728547569,0.013230685314430066,0.7653311858674458,0.3057875886053532,0.5472619302480465,-4.928044244619237,250.8
,,0.0040457793578958295,0.00724065038367948,0.0019442555728547569,0.013230685314430066,0.7650955090835186,0.3057875886053532,0.5472619302480465,-4.928044244619237,250.9
,,0.0040457793578958295,0.00724065038367948,0.0019442555728547569,0.013230685314430066,0.7648598322995916,0.3057875886053532,0.5472619302480465,-4.928044244619237,251.0
,,0.0040457793578958295,0.00724065038367948,0.0019442555728547569,0.013230685314430066,0.7646241555156648,0.3057875886053532,0.5472619302480465,-4.928044244619237,251.1
,,0.0040457793578958295,0.00724065038367948,0.0019442555728547569,0.013230685314430066,0.7643884787317378,0.3057875886053532,0.5472619302480465,-4.928044244619237,251.2
,,0.0040457793578958295,0.00724065038367948,0.0019442555728547569,0.013230685314430066,0.7635524935816665,0.3057875886053532,0.5472619302480465,-4.928044244619237,251.3
,,0.0040457793578958295,0.00724065038367948,0.0019442555728547569,0.013230685314430066,0.7632054760693684,0.3057875886053532,0.5472619302480465,-4.928044244619237,251.4
,,0.0040457793578958295,0.00724065038367948,0.0019442555728547569,0.013230685314430066,0.7628584585570701,0.3057875886053532,0.5472619302480465,-4.928044244619237,251.5
,,0.0043282432412984125,0.008027022080549447,0.0009492072066665767,0.013304472528514437,0.762291777866273,0.32532242311914483,0.6033326058846571,-4.824941669051698,251.6
,,0.0043282432412984125,0.008027022080549447,0.0009492072066665767,0.013304472528514437,0.7617250971754759,0.32532242311914483,0.6033326058846571,-4.824941669051698,251.7
,,0.0043282432412984125,0.008027022080549447,0.0009492072066665767,0.013304472528514437,0.7611584164846786,0.32532242311914483,0.6033326058846571,-4.824941669051698,251.8
,,0.0043282432412984125,0.008027022080549447,0.0009492072066665767,0.013304472528514437,0.7605917357938815,0.32532242311914483,0.6033326058846571,-4.824941669051698,251.9
,,0.0043282432412984125,0.008027022080549447,0.0009492072066665767,0.013304472528514437,0.7600250551030843,0.32532242311914483,0.6033326058846571,-4.824941669051698,252.0
,,0.0043282432412984125,0.008027022080549447,0.0009492072066665767,0.013304472528514437,0.7594583744122871,0.32532242311914483,0.6033326058846571,-4.824941669051698,252.1
,,0.0043282432412984125,0.008027022080549447,0.0009492072066665767,0.013304472528514437,0.75889169372149,0.32532242311914483,0.6033326058846571,-4.824941669051698,252.2
,,0.0043282432412984125,0.008027022080549447,0.0009492072066665767,0.013304472528514437,0.7583250130306929,0.32532242311914483,0.6033326058846571,-4.824941669051698,252.3
,,0.004097468156389633,0.008229106816463454,0.0009097641106738869,0.013236339083526973,0.7572944527461374,0.30956204208224436,0.6217056517315145,-4.800077797951441,252.4
,,0.0043282432412984125,0.008027022080549447,0.0009492072066665767,0.013304472528514437,0.7559150727857076,0.32532242311914483,0.6033326058846571,-4.824941669051698,252.5
,,0.0037802514806720175,0.008219558395087442,0.0007486604603919704,0.012748470336151431,0.7536446841727382,0.2965258874982187,0.6447485995067861,-4.801238794582565,252.6
,,0.0037802514806720175,0.008219558395087442,0.0007486604603919704,0.012748470336151431,0.7513742955597691,0.2965258874982187,0.6447485995067861,-4.801238794582565,252.7
,,0.0037802514806720175,0.008219558395087442,0.0007486604603919704,0.012748470336151431,0.7491039069467995,0.2965258874982187,0.6447485995067861,-4.801238794582565,252.8
,,0.0037802514806720175,0.008219558395087442,0.0007486604603919704,0.012748470336151431,0.7468335183338302,0.2965258874982187,0.6447485995067861,-4.801238794582565,252.9
,,0.0037802514806720175,0.008219558395087442,0.0007486604603919704,0.012748470336151431,0.7445631297208608,0.2965258874982187,0.6447485995067861,-4.801238794582565,253.0
,,0.0037802514806720175,0.008219558395087442,0.0007486604603919704,0.012748470336151431,0.7422927411078917,0.2965258874982187,0.6447485995067861,-4.801238794582565,253.1
,,0.0037802514806720175,0.008219558395087442,0.0007486604603919704,0.012748470336151431,0.7400223524949223,0.2965258874982187,0.6447485995067861,-4.801238794582565,253.2
,,0.0037802514806720175,0.008219558395087442,0.0007486604603919704,0.012748470336151431,0.737751963881953,0.2965258874982187,0.6447485995067861,-4.801238794582565,253.3
,,0.0037802514806720175,0.008219558395087442,0.0007486604603919704,0.012748470336151431,0.7354815752689838,0.2965258874982187,0.6447485995067861,-4.801238794582565,253.4
,,0.0037802514806720175,0.008219558395087442,0.0007486604603919704,0.012748470336151431,0.7332111866560145,0.2965258874982187,0.6447485995067861,-4.801238794582565,253.5
,,0.0037802514806720175,0.008219558395087442,0.0007486604603919704,0.012748470336151431,0.7309407980430451,0.2965258874982187,0.6447485995067861,-4.801238794582565,253.6
,,0.004276466071621307,0.008772844044858695,0.0010544630730518383,0.014103773189531838,0.7287685840798428,0.30321432528391784,0.6220210667717,-4.736094232711247,253.7
,,0.004276466071621307,0.008772844044858695,0.0010544630730518383,0.014103773189531838,0.7254434890762645,0.30321432528391784,0.6220210667717,-4.736094232711247,253.8
,,0.004276466071621307,0.008772844044858695,0.0010544630730518383,0.014103773189531838,0.7221183940726862,0.30321432528391784,0.6220210667717,-4.736094232711247,253.9
,,0.004276466071621307,0.008772844044858695,0.0010544630730518383,0.014103773189531838,0.7187932990691077,0.30321432528391784,0.6220210667717,-4.736094232711247,254.0
,,0.004276466071621307,0.008772844044858695,0.0010544630730518383,0.014103773189531838,0.7154682040655296,0.30321432528391784,0.6220210667717,-4.736094232711247,254.1
,,0.004276466071621307,0.008772844044858695,0.0010544630730518383,0.014103773189531838,0.7121431090619511,0.30321432528391784,0.6220210667717,-4.736094232711247,254.2
,,0.004276466071621307,0.008772844044858695,0.0010544630730518383,0.014103773189531838,0.7088180140583727,0.30321432528391784,0.6220210667717,-4.736094232711247,254.3
,,0.004276466071621307,0.008772844044858695,0.0010544630730518383,0.014103773189531838,0.7054929190547944,0.30321432528391784,0.6220210667717,-4.736094232711247,254.4
,,0.004276466071621307,0.008772844044858695,0.0010544630730518383,0.014103773189531838,0.702167824051216,0.30321432528391784,0.6220210667717,-4.736094232711247,254.5
,,0.0042813629701373935,0.009463071516204383,0.00045998918349056124,0.014204423669832336,0.6984490452542604,0.3014105372842578,0.6662059465532741,-4.660358264028783,254.6
,,0.004777285312307444,0.009826294620543533,0.0006810228453426662,0.015284602778193641,0.6951094255407386,0.312555411588657,0.6428884520677626,-4.622693361913199,254.7
,,0.004777285312307444,0.009826294620543533,0.0006810228453426662,0.015284602778193641,0.6913075066287137,0.312555411588657,0.6428884520677626,-4.622693361913199,254.8
,,0.004777285312307444,0.009826294620543533,0.0006810228453426662,0.015284602778193641,0.6875055877166888,0.312555411588657,0.6428884520677626,-4.622693361913199,254.9
,,0.004777285312307444,0.009826294620543533,0.0006810228453426662,0.015284602778193641,0.6828347575207008,0.312555411588657,0.6428884520677626,-4.622693361913199,255.0
,,0.004777285312307444,0.009826294620543533,0.0006810228453426662,0.015284602778193641,0.6781639273247129,0.312555411588657,0.6428884520677626,-4.622693361913199,255.1
,,0.004777285312307444,0.009826294620543533,0.0006810228453426662,0.015284602778193641,0.6734930971287248,0.312555411588657,0.6428884520677626,-4.622693361913199,255.2
,,0.004777285312307444,0.009826294620543533,0.0006810228453426662,0.015284602778193641,0.6688222669327369,0.312555411588657,0.6428884520677626,-4.622693361913199,255.3
,,0.004777285312307444,0.009826294620543533,0.0006810228453426662,0.015284602778193641,0.664151436736749,0.312555411588657,0.6428884520677626,-4.622693361913199,255.4
,,0.004777285312307444,0.009826294620543533,0.0006810228453426662,0.015284602778193641,0.6594806065407609,0.312555411588657,0.6428884520677626,-4.622693361913199,255.5
,,0.004777285312307444,0.009826294620543533,0.0006810228453426662,0.015284602778193641,0.654809776344773,0.312555411588657,0.6428884520677626,-4.622693361913199,255.6
,,0.009324213340871211,0.014227193604192511,0.001467518464532164,0.025018925409595886,0.6520401375384439,0.3726864039210475,0.5686572613041062,-4.2526001031824245,255.7
,,0.005485622156764404,0.010529263292604098,0.0005041765191384504,0.01651906196850695,0.6477604825427606,0.33207830851549336,0.6374007987062337,-4.5535969179994185,255.8
,,0.006313265895277122,0.010820771840448638,0.0008015212142684713,0.01793555894999423,0.6441825274953384,0.35199716456448393,0.6033138900559394,-4.526287673500911,255.9
,,0.006313265895277122,0.010820771840448638,0.0008015212142684713,0.01793555894999423,0.6406045724479164,0.35199716456448393,0.6033138900559394,-4.526287673500911,256.0
,,0.006313265895277122,0.010820771840448638,0.0008015212142684713,0.01793555894999423,0.6364577660636244,0.35199716456448393,0.6033138900559394,-4.526287673500911,256.1
,,0.006313265895277122,0.010820771840448638,0.0008015212142684713,0.01793555894999423,0.6321269062136626,0.35199716456448393,0.6033138900559394,-4.526287673500911,256.2
,,0.006313265895277122,0.010820771840448638,0.0008015212142684713,0.01793555894999423,0.627796046363701,0.35199716456448393,0.6033138900559394,-4.526287673500911,256.3
,,0.006313265895277122,0.010820771840448638,0.0008015212142684713,0.01793555894999423,0.6234651865137393,0.35199716456448393,0.6033138900559394,-4.526287673500911,256.4
,,0.006313265895277122,0.010820771840448638,0.0008015212142684713,0.01793555894999423,0.6191343266637775,0.35199716456448393,0.6033138900559394,-4.526287673500911,256.5
,,0.006313265895277122,0.010820771840448638,0.0008015212142684713,0.01793555894999423,0.6148034668138158,0.35199716456448393,0.6033138900559394,-4.526287673500911,256.6
,,0.006313265895277122,0.010820771840448638,0.0008015212142684713,0.01793555894999423,0.6104726069638541,0.35199716456448393,0.6033138900559394,-4.526287673500911,256.7
,,0.006313265895277122,0.010820771840448638,0.0008015212142684713,0.01793555894999423,0.6061417471138925,0.35199716456448393,0.6033138900559394,-4.526287673500911,256.8
,,0.007319365365126271,0.01147610372767753,0.0006215255145235006,0.019416994607327303,0.6024215875747917,0.3769566564314848,0.5910339864515822,-4.467488342242528,256.9
,,0.008269955814110996,0.011704794997456512,0.000996268353924795,0.0209710191654923,0.5994739271757048,0.39435164065460226,0.5581414477326256,-4.4477566922928915,257.0
,,0.008269955814110996,0.011704794997456512,0.000996268353924795,0.0209710191654923,0.5965262667766178,0.39435164065460226,0.5581414477326256,-4.4477566922928915,257.1
,,0.008269955814110996,0.011704794997456512,0.000996268353924795,0.0209710191654923,0.5935786063775308,0.39435164065460226,0.5581414477326256,-4.4477566922928915,257.2
,,0.008269955814110996,0.011704794997456512,0.000996268353924795,0.0209710191654923,0.5948337803960737,0.39435164065460226,0.5581414477326256,-4.4477566922928915,257.3
,,0.008269955814110996,0.011704794997456512,0.000996268353924795,0.0209710191654923,0.5922134142659919,0.39435164065460226,0.5581414477326256,-4.4477566922928915,257.4
,,0.008269955814110996,0.011704794997456512,0.000996268353924795,0.0209710191654923,0.5895930481359101,0.39435164065460226,0.5581414477326256,-4.4477566922928915,257.5
,,0.008269955814110996,0.011704794997456512,0.000996268353924795,0.0209710191654923,0.5869726820058283,0.39435164065460226,0.5581414477326256,-4.4477566922928915,257.6
,,0.008269955814110996,0.011704794997456512,0.000996268353924795,0.0209710191654923,0.5843523158757465,0.39435164065460226,0.5581414477326256,-4.4477566922928915,257.7
,,0.008269955814110996,0.011704794997456512,0.000996268353924795,0.0209710191654923,0.5817319497456647,0.39435164065460226,0.5581414477326256,-4.4477566922928915,257.8
,,0.008269955814110996,0.011704794997456512,0.000996268353924795,0.0209710191654923,0.5791115836155828,0.39435164065460226,0.5581414477326256,-4.4477566922928915,257.9
,,0.010038732788726518,0.012032249964128272,0.0011959717724034159,0.023266954525258204,0.5779109349110807,0.4314588219024816,0.5171390158117286,-4.420164737046278,258.0
,,0.010038732788726518,0.012032249964128272,0.0011959717724034159,0.023266954525258204,0.5767102862065785,0.4314588219024816,0.5171390158117286,-4.420164737046278,258.1
,,0.010038732788726518,0.012032249964128272,0.0011959717724034159,0.023266954525258204,0.5755096375020764,0.4314588219024816,0.5171390158117286,-4.420164737046278,258.2
,,0.010038732788726518,0.012032249964128272,0.0011959717724034159,0.023266954525258204,0.5743089887975742,0.4314588219024816,0.5171390158117286,-4.420164737046278,258.3
,,0.010038732788726518,0.012032249964128272,0.0011959717724034159,0.023266954525258204,0.5762933497425642,0.4314588219024816,0.5171390158117286,-4.420164737046278,258.4
,,0.010038732788726518,0.012032249964128272,0.0011959717724034159,0.023266954525258204,0.5782777106875543,0.4314588219024816,0.5171390158117286,-4.420164737046278,258.5
,,0.010038732788726518,0.012032249964128272,0.0011959717724034159,0.023266954525258204,0.5802620716325443,0.4314588219024816,0.5171390158117286,-4.420164737046278,258.6
,,0.010038732788726518,0.012032249964128272,0.0011959717724034159,0.023266954525258204,0.5822464325775344,0.4314588219024816,0.5171390158117286,-4.420164737046278,258.7
,,0.010038732788726518,0.012032249964128272,0.0011959717724034159,0.023266954525258204,0.5842307935225244,0.4314588219024816,0.5171390158117286,-4.420164737046278,258.8
,,0.010038732788726518,0.012032249964128272,0.0011959717724034159,0.023266954525258204,0.5862151544675143,0.4314588219024816,0.5171390158117286,-4.420164737046278,258.9
,,0.010038732788726518,0.012032249964128272,0.0011959717724034159,0.023266954525258204,0.5881995154125044,0.4314588219024816,0.5171390158117286,-4.420164737046278,259.0
,,0.014571332392228398,0.015882702448453065,0.0014006446077004186,0.031854679448381884,0.5911073789832451,0.45743145574075383,0.4985987215532899,-4.142524658268395,259.1
,,0.011220756300442905,0.0120179292724528,0.0014371344575188866,0.024675820030414592,0.5941956198132735,0.45472678462610666,0.4870326196916618,-4.421355638222283,259.2
,,0.011220756300442905,0.0120179292724528,0.0014371344575188866,0.024675820030414592,0.597283860643302,0.45472678462610666,0.4870326196916618,-4.421355638222283,259.3
,,0.011220756300442905,0.0120179292724528,0.0014371344575188866,0.024675820030414592,0.6003721014733304,0.45472678462610666,0.4870326196916618,-4.421355638222283,259.4
,,0.011220756300442905,0.0120179292724528,0.0014371344575188866,0.024675820030414592,0.6026930201165988,0.45472678462610666,0.4870326196916618,-4.421355638222283,259.5
,,0.011220756300442905,0.0120179292724528,0.0014371344575188866,0.024675820030414592,0.6068586747485266,0.45472678462610666,0.4870326196916618,-4.421355638222283,259.6
,,0.011220756300442905,0.0120179292724528,0.0014371344575188866,0.024675820030414592,0.6110243293804544,0.45472678462610666,0.4870326196916618,-4.421355638222283,259.7
,,0.011220756300442905,0.0120179292724528,0.0014371344575188866,0.024675820030414592,0.6151899840123822,0.45472678462610666,0.4870326196916618,-4.421355638222283,259.8
,,0.011220756300442905,0.0120179292724528,0.0014371344575188866,0.024675820030414592,0.6193556386443099,0.45472678462610666,0.4870326196916618,-4.421355638222283,259.9
,,0.011220756300442905,0.0120179292724528,0.0014371344575188866,0.024675820030414592,0.6235212932762377,0.45472678462610666,0.4870326196916618,-4.421355638222283,260.0
,,0.011220756300442905,0.0120179292724528,0.0014371344575188866,0.024675820030414592,0.6276869479081655,0.45472678462610666,0.4870326196916618,-4.421355638222283,260.1
,,0.011341371019531366,0.012158854151145915,0.0017102669776269848,0.025210492148304266,0.6318425848433603,0.4498671010789538,0.48229340703147505,-4.409697637875425,260.2
,,,0.01361985112772463,0.0016172862446230197,0.01523713737234765,0.6326637474918417,,0.8938589181746126,-4.296226908737202,260.3
,,,0.01361985112772463,0.0016172862446230197,0.01523713737234765,0.6335035729277885,,0.8938589181746126,-4.296226908737202,260.4
,,,0.01361985112772463,0.0016172862446230197,0.01523713737234765,0.6343627046955962,,0.8938589181746126,-4.296226908737202,260.5
,,,0.01361985112772463,0.0016172862446230197,0.01523713737234765,0.6354691421194737,,0.8938589181746126,-4.296226908737202,260.6
,,,0.01361985112772463,0.0016172862446230197,0.01523713737234765,0.6366016133650897,,0.8938589181746126,-4.296226908737202,260.7
,,,0.01361985112772463,0.0016172862446230197,0.01523713737234765,0.6377610482117917,,0.8938589181746126,-4.296226908737202,260.8
,,,0.01361985112772463,0.0016172862446230197,0.01523713737234765,0.6389484212475708,,0.8938589181746126,-4.296226908737202,260.9
,,,0.01361985112772463,0.0016172862446230197,0.01523713737234765,0.6401647546012957,,0.8938589181746126,-4.296226908737202,261.0
,,,0.01361985112772463,0.0016172862446230197,0.01523713737234765,0.6414111208773349,,0.8938589181746126,-4.296226908737202,261.1
,,0.011018843249086177,0.011896160646318963,0.001819705581203839,0.024734709476608982,0.6461894291375726,0.4454810055281398,0.4809500858527922,-4.431539565685559,261.2
,,0.010933864748106962,0.011529078086707662,0.001722750388010643,0.024185693222825266,0.6512408337410014,0.4520798575989593,0.476689999351645,-4.462882905685677,261.3
,,0.010933864748106962,0.011529078086707662,0.001722750388010643,0.024185693222825266,0.6568019332067079,0.4520798575989593,0.476689999351645,-4.462882905685677,261.4
,,0.010933864748106962,0.011529078086707662,0.001722750388010643,0.024185693222825266,0.6618533378101367,0.4520798575989593,0.476689999351645,-4.462882905685677,261.5
,,0.010933864748106962,0.011529078086707662,0.001722750388010643,0.024185693222825266,0.6678837519206768,0.4520798575989593,0.476689999351645,-4.462882905685677,261.6
,,0.010933864748106962,0.011529078086707662,0.001722750388010643,0.024185693222825266,0.6739141660312169,0.4520798575989593,0.476689999351645,-4.462882905685677,261.7
,,0.010933864748106962,0.011529078086707662,0.001722750388010643,0.024185693222825266,0.679944580141757,0.4520798575989593,0.476689999351645,-4.462882905685677,261.8
,,0.010933864748106962,0.011529078086707662,0.001722750388010643,0.024185693222825266,0.685974994252297,0.4520798575989593,0.476689999351645,-4.462882905685677,261.9
,,0.010933864748106962,0.011529078086707662,0.001722750388010643,0.024185693222825266,0.6920054083628371,0.4520798575989593,0.476689999351645,-4.462882905685677,262.0
,,0.008323808114229265,0.011795602365828202,0.0013663163812492082,0.021485726861306675,0.6950394965235254,0.3874110551605069,0.5489971292090995,-4.440028497835306,262.1
,,0.010933864748106962,0.011529078086707662,0.001722750388010643,0.024185693222825266,0.7010699106340654,0.4520798575989593,0.476689999351645,-4.462882905685677,262.2
,,0.01007583700962598,0.011877497487128238,0.0018637333675316776,0.023817067864285897,0.7058650193842079,0.42305111053300015,0.4986968822026472,-4.4331096364689335,262.3
,,0.01007583700962598,0.011877497487128238,0.0018637333675316776,0.023817067864285897,0.7106601281343503,0.42305111053300015,0.4986968822026472,-4.4331096364689335,262.4
,,0.01007583700962598,0.011877497487128238,0.0018637333675316776,0.023817067864285897,0.7154552368844928,0.42305111053300015,0.4986968822026472,-4.4331096364689335,262.5
,,0.01007583700962598,0.011877497487128238,0.0018637333675316776,0.023817067864285897,0.7202503456346353,0.42305111053300015,0.4986968822026472,-4.4331096364689335,262.6
,,0.01007583700962598,0.011877497487128238,0.0018637333675316776,0.023817067864285897,0.7247052443636043,0.42305111053300015,0.4986968822026472,-4.4331096364689335,262.7
,,0.01007583700962598,0.011877497487128238,0.0018637333675316776,0.023817067864285897,0.7291601430925733,0.42305111053300015,0.4986968822026472,-4.4331096364689335,262.8
,,0.01007583700962598,0.011877497487128238,0.0018637333675316776,0.023817067864285897,0.7336150418215424,0.42305111053300015,0.4986968822026472,-4.4331096364689335,262.9
,,0.01007583700962598,0.011877497487128238,0.0018637333675316776,0.023817067864285897,0.7380699405505113,0.42305111053300015,0.4986968822026472,-4.4331096364689335,263.0
,,0.01007583700962598,0.011877497487128238,0.0018637333675316776,0.023817067864285897,0.7425248392794803,0.42305111053300015,0.4986968822026472,-4.4331096364689335,263.1
,,0.01007583700962598,0.011877497487128238,0.0018637333675316776,0.023817067864285897,0.7469797380084493,0.42305111053300015,0.4986968822026472,-4.4331096364689335,263.2
,,0.009024299518757264,0.012552617432993131,0.002004970323954759,0.023581887275705156,0.749837163009485,0.3826792747014102,0.5322991025372789,-4.377826074752181,263.3
,,0.009024299518757264,0.012552617432993131,0.002004970323954759,0.023581887275705156,0.7526945880105208,0.3826792747014102,0.5322991025372789,-4.377826074752181,263.4
,,0.009024299518757264,0.012552617432993131,0.002004970323954759,0.023581887275705156,0.7555520130115565,0.3826792747014102,0.5322991025372789,-4.377826074752181,263.5
,,0.009024299518757264,0.012552617432993131,0.002004970323954759,0.023581887275705156,0.7588420041559326,0.3826792747014102,0.5322991025372789,-4.377826074752181,263.6
,,0.009024299518757264,0.012552617432993131,0.002004970323954759,0.023581887275705156,0.7617153884061655,0.3826792747014102,0.5322991025372789,-4.377826074752181,263.7
,,0.009024299518757264,0.012552617432993131,0.002004970323954759,0.023581887275705156,0.7645887726563982,0.3826792747014102,0.5322991025372789,-4.377826074752181,263.8
,,0.009024299518757264,0.012552617432993131,0.002004970323954759,0.023581887275705156,0.7674621569066311,0.3826792747014102,0.5322991025372789,-4.377826074752181,263.9
,,0.009024299518757264,0.012552617432993131,0.002004970323954759,0.023581887275705156,0.770335541156864,0.3826792747014102,0.5322991025372789,-4.377826074752181,264.0
,,0.009024299518757264,0.012552617432993131,0.002004970323954759,0.023581887275705156,0.7732089254070968,0.3826792747014102,0.5322991025372789,-4.377826074752181,264.1
,,0.009024299518757264,0.012552617432993131,0.002004970323954759,0.023581887275705156,0.7760823096573297,0.3826792747014102,0.5322991025372789,-4.377826074752181,264.2
,,0.008312875073444132,0.01358050267767048,0.0021824853028402026,0.024075863053954816,0.7776371829254953,0.34527838336738753,0.564071271182932,-4.299120141507909,264.3
,,0.008312875073444132,0.01358050267767048,0.0021824853028402026,0.024075863053954816,0.7791920561936612,0.34527838336738753,0.564071271182932,-4.299120141507909,264.4
,,0.008312875073444132,0.01358050267767048,0.0021824853028402026,0.024075863053954816,0.780746929461827,0.34527838336738753,0.564071271182932,-4.299120141507909,264.5
,,0.008312875073444132,0.01358050267767048,0.0021824853028402026,0.024075863053954816,0.7823018027299926,0.34527838336738753,0.564071271182932,-4.299120141507909,264.6
,,0.008312875073444132,0.01358050267767048,0.0021824853028402026,0.024075863053954816,0.7817677126193975,0.34527838336738753,0.564071271182932,-4.299120141507909,264.7
,,0.008312875073444132,0.01358050267767048,0.0021824853028402026,0.024075863053954816,0.782892776099574,0.34527838336738753,0.564071271182932,-4.299120141507909,264.8
,,0.008312875073444132,0.01358050267767048,0.0021824853028402026,0.024075863053954816,0.7832468359328959,0.34527838336738753,0.564071271182932,-4.299120141507909,264.9
,,0.008312875073444132,0.01358050267767048,0.0021824853028402026,0.024075863053954816,0.7836008957662177,0.34527838336738753,0.564071271182932,-4.299120141507909,265.0
,,0.008312875073444132,0.01358050267767048,0.0021824853028402026,0.024075863053954816,0.7839549555995395,0.34527838336738753,0.564071271182932,-4.299120141507909,265.1
,,0.008312875073444132,0.01358050267767048,0.0021824853028402026,0.024075863053954816,0.7843090154328614,0.34527838336738753,0.564071271182932,-4.299120141507909,265.2
,,0.00810970510459641,0.014633441145776156,0.00243291857932079,0.025176064829693354,0.7839479088987542,0.32211964655539005,0.581244179531865,-4.224445880003358,265.3
,,0.00810970510459641,0.014633441145776156,0.00243291857932079,0.025176064829693354,0.7835868023646472,0.32211964655539005,0.581244179531865,-4.224445880003358,265.4
,,0.00810970510459641,0.014633441145776156,0.00243291857932079,0.025176064829693354,0.78322569583054,0.32211964655539005,0.581244179531865,-4.224445880003358,265.5
,,0.00810970510459641,0.014633441145776156,0.00243291857932079,0.025176064829693354,0.7828645892964329,0.32211964655539005,0.581244179531865,-4.224445880003358,265.6
,,0.00810970510459641,0.014633441145776156,0.00243291857932079,0.025176064829693354,0.7825034827623257,0.32211964655539005,0.581244179531865,-4.224445880003358,265.7
,,0.00810970510459641,0.014633441145776156,0.00243291857932079,0.025176064829693354,0.7821423762282186,0.32211964655539005,0.581244179531865,-4.224445880003358,265.8
,,0.00810970510459641,0.014633441145776156,0.00243291857932079,0.025176064829693354,0.7811102533031654,0.32211964655539005,0.581244179531865,-4.224445880003358,265.9
,,0.00810970510459641,0.014633441145776156,0.00243291857932079,0.025176064829693354,0.7792293350267391,0.32211964655539005,0.581244179531865,-4.224445880003358,266.0
,,0.00810970510459641,0.014633441145776156,0.00243291857932079,0.025176064829693354,0.7773484167503129,0.32211964655539005,0.581244179531865,-4.224445880003358,266.1
,,0.009011452605106142,0.0155690624446768,0.0017522519318210247,0.026332766981603965,0.7757713898732209,0.3422144209684281,0.5912429352962917,-4.162469510448498,266.2
,,0.006975098243748972,0.012583820449310772,0.000711795041067575,0.020270713734127317,0.7738917197237677,0.34409731868522486,0.6207882275070036,-4.375343381500968,266.3
,,0.006975098243748972,0.012583820449310772,0.000711795041067575,0.020270713734127317,0.7720120495743145,0.34409731868522486,0.6207882275070036,-4.375343381500968,266.4
,,0.006975098243748972,0.012583820449310772,0.000711795041067575,0.020270713734127317,0.7701323794248612,0.34409731868522486,0.6207882275070036,-4.375343381500968,266.5
,,0.006975098243748972,0.012583820449310772,0.000711795041067575,0.020270713734127317,0.768252709275408,0.34409731868522486,0.6207882275070036,-4.375343381500968,266.6
,,0.006975098243748972,0.012583820449310772,0.000711795041067575,0.020270713734127317,0.7663730391259548,0.34409731868522486,0.6207882275070036,-4.375343381500968,266.7
,,0.006975098243748972,0.012583820449310772,0.000711795041067575,0.020270713734127317,0.7644933689765016,0.34409731868522486,0.6207882275070036,-4.375343381500968,266.8
,,0.006975098243748972,0.012583820449310772,0.000711795041067575,0.020270713734127317,0.7626136988270483,0.34409731868522486,0.6207882275070036,-4.375343381500968,266.9
,,0.006975098243748972,0.012583820449310772,0.000711795041067575,0.020270713734127317,0.7591565648713955,0.34409731868522486,0.6207882275070036,-4.375343381500968,267.0
,,0.006975098243748972,0.012583820449310772,0.000711795041067575,0.020270713734127317,0.7556994309157427,0.34409731868522486,0.6207882275070036,-4.375343381500968,267.1
,,0.010170838514777977,0.01691384679824671,0.0020118032542750406,0.029096488567299728,0.7528230510900638,0.3495555311168557,0.5813019931640633,-4.079622655352219,267.2
,,0.010268245340674175,0.017117661660269342,0.003147819263315586,0.030533726264259105,0.7499285298781246,0.33629191706920974,0.5606148922709843,-4.067644502861799,267.3
,,0.010268245340674175,0.017117661660269342,0.003147819263315586,0.030533726264259105,0.7470340086661856,0.33629191706920974,0.5606148922709843,-4.067644502861799,267.4
,,0.010268245340674175,0.017117661660269342,0.003147819263315586,0.030533726264259105,0.7441394874542465,0.33629191706920974,0.5606148922709843,-4.067644502861799,267.5
,,0.010268245340674175,0.017117661660269342,0.003147819263315586,0.030533726264259105,0.7412449662423075,0.33629191706920974,0.5606148922709843,-4.067644502861799,267.6
,,0.010268245340674175,0.017117661660269342,0.003147819263315586,0.030533726264259105,0.7383504450303684,0.33629191706920974,0.5606148922709843,-4.067644502861799,267.7
,,0.010268245340674175,0.017117661660269342,0.003147819263315586,0.030533726264259105,0.7354559238184293,0.33629191706920974,0.5606148922709843,-4.067644502861799,267.8
,,0.010268245340674175,0.017117661660269342,0.003147819263315586,0.030533726264259105,0.7325614026064903,0.33629191706920974,0.5606148922709843,-4.067644502861799,267.9
,,0.010268245340674175,0.017117661660269342,0.003147819263315586,0.030533726264259105,0.7296668813945512,0.33629191706920974,0.5606148922709843,-4.067644502861799,268.0
,,0.010268245340674175,0.017117661660269342,0.003147819263315586,0.030533726264259105,0.7257462461540003,0.33629191706920974,0.5606148922709843,-4.067644502861799,268.1
,,0.010917198205857766,0.014598248305058268,0.0005885493342027196,0.026103995845118754,0.723452110367662,0.41821942780837507,0.5592342410592296,-4.226853736571513,268.2
,,0.012290550410010629,0.017986700465930205,0.0035122780090085636,0.0337895288849494,0.7203613104290955,0.3637384365984786,0.5323158108292501,-4.018122657183647,268.3
,,0.012290550410010629,0.017986700465930205,0.0035122780090085636,0.0337895288849494,0.7172705104905289,0.3637384365984786,0.5323158108292501,-4.018122657183647,268.4
,,0.012290550410010629,0.017986700465930205,0.0035122780090085636,0.0337895288849494,0.7141797105519624,0.3637384365984786,0.5323158108292501,-4.018122657183647,268.5
,,0.012290550410010629,0.017986700465930205,0.0035122780090085636,0.0337895288849494,0.7110889106133959,0.3637384365984786,0.5323158108292501,-4.018122657183647,268.6
,,0.012290550410010629,0.017986700465930205,0.0035122780090085636,0.0337895288849494,0.7079981106748294,0.3637384365984786,0.5323158108292501,-4.018122657183647,268.7
,,0.012290550410010629,0.017986700465930205,0.0035122780090085636,0.0337895288849494,0.7049073107362628,0.3637384365984786,0.5323158108292501,-4.018122657183647,268.8
,,0.012290550410010629,0.017986700465930205,0.0035122780090085636,0.0337895288849494,0.7018165107976964,0.3637384365984786,0.5323158108292501,-4.018122657183647,268.9
,,0.012290550410010629,0.017986700465930205,0.0035122780090085636,0.0337895288849494,0.6987257108591297,0.3637384365984786,0.5323158108292501,-4.018122657183647,269.0
,,0.014591967557536185,0.019030894191521566,0.0026725493548181278,0.03629541110387588,0.6966650135845117,0.40203340074519645,0.5243333416738546,-3.9616916102587423,269.1
,,0.014591967557536185,0.019030894191521566,0.0026725493548181278,0.03629541110387588,0.6946154470840412,0.40203340074519645,0.5243333416738546,-3.9616916102587423,269.2
,,0.014552141321190943,0.018296037634988147,0.0037746759826036485,0.036622854938782735,0.6958441757196193,0.3973513628447511,0.49957977513143237,-4.001070765257425,269.3
,,0.014552141321190943,0.018296037634988147,0.0037746759826036485,0.036622854938782735,0.6970432964362676,0.3973513628447511,0.49957977513143237,-4.001070765257425,269.4
,,0.014552141321190943,0.018296037634988147,0.0037746759826036485,0.036622854938782735,0.6982138666596625,0.3973513628447511,0.49957977513143237,-4.001070765257425,269.5
,,0.014552141321190943,0.018296037634988147,0.0037746759826036485,0.036622854938782735,0.6993568940542716,0.3973513628447511,0.49957977513143237,-4.001070765257425,269.6
,,0.014552141321190943,0.018296037634988147,0.0037746759826036485,0.036622854938782735,0.7004733394164478,0.3973513628447511,0.49957977513143237,-4.001070765257425,269.7
,,0.014552141321190943,0.018296037634988147,0.0037746759826036485,0.036622854938782735,0.7015641193679995,0.3973513628447511,0.49957977513143237,-4.001070765257425,269.8
,,0.014552141321190943,0.018296037634988147,0.0037746759826036485,0.036622854938782735,0.7026301088661067,0.3973513628447511,0.49957977513143237,-4.001070765257425,269.9
,,0.014552141321190943,0.018296037634988147,0.0037746759826036485,0.036622854938782735,0.7036721435440317,0.3973513628447511,0.49957977513143237,-4.001070765257425,270.0
,,0.015254831276379506,0.01727832518192449,0.0025766220368881243,0.035109778495192125,0.7056634342547021,0.43448953340644053,0.4921228763744709,-4.058302442645834,270.1
,,0.015254831276379506,0.01727832518192449,0.0025766220368881243,0.035109778495192125,0.7051816148345132,0.43448953340644053,0.4921228763744709,-4.058302442645834,270.2
,,0.014821888648963298,0.016326251645181873,0.003456244718824406,0.03460438501296958,0.7047314296447927,0.4283240012330263,0.4717971909936519,-4.114980936303427,270.3
,,0.014821888648963298,0.016326251645181873,0.003456244718824406,0.03460438501296958,0.7042812444550722,0.4283240012330263,0.4717971909936519,-4.114980936303427,270.4
,,0.014821888648963298,0.016326251645181873,0.003456244718824406,0.03460438501296958,0.7038310592653516,0.4283240012330263,0.4717971909936519,-4.114980936303427,270.5
,,0.014821888648963298,0.016326251645181873,0.003456244718824406,0.03460438501296958,0.7033808740756311,0.4283240012330263,0.4717971909936519,-4.114980936303427,270.6
,,0.014821888648963298,0.016326251645181873,0.003456244718824406,0.03460438501296958,0.7029306888859107,0.4283240012330263,0.4717971909936519,-4.114980936303427,270.7
,,0.014821888648963298,0.016326251645181873,0.003456244718824406,0.03460438501296958,0.7024805036961902,0.4283240012330263,0.4717971909936519,-4.114980936303427,270.8
,,0.014821888648963298,0.016326251645181873,0.003456244718824406,0.03460438501296958,0.7020303185064697,0.4283240012330263,0.4717971909936519,-4.114980936303427,270.9
,,,0.015338424371907787,0.0023061956045756686,0.017644619976483457,0.6992624247917125,,0.8692975191503507,-4.177394202014151,271.0
,,,0.015338424371907787,0.0023061956045756686,0.017644619976483457,0.6991896062418246,,0.8692975191503507,-4.177394202014151,271.1
,,,0.015338424371907787,0.0023061956045756686,0.017644619976483457,0.6963254309213875,,0.8692975191503507,-4.177394202014151,271.2
,,0.01422937910457319,0.014571820180104885,0.0030358359551742615,0.03183703523985234,0.697798840674476,0.44694422697881797,0.45770028742702956,-4.228665740009071,271.3
,,0.01422937910457319,0.014571820180104885,0.0030358359551742615,0.03183703523985234,0.6992722504275645,0.44694422697881797,0.45770028742702956,-4.228665740009071,271.4
,,0.01422937910457319,0.014571820180104885,0.0030358359551742615,0.03183703523985234,0.7007456601806529,0.44694422697881797,0.45770028742702956,-4.228665740009071,271.5
,,0.01422937910457319,0.014571820180104885,0.0030358359551742615,0.03183703523985234,0.7022190699337413,0.44694422697881797,0.45770028742702956,-4.228665740009071,271.6
,,0.01422937910457319,0.014571820180104885,0.0030358359551742615,0.03183703523985234,0.7036924796868298,0.44694422697881797,0.45770028742702956,-4.228665740009071,271.7
,,0.01422937910457319,0.014571820180104885,0.0030358359551742615,0.03183703523985234,0.7051658894399182,0.44694422697881797,0.45770028742702956,-4.228665740009071,271.8
,,0.01422937910457319,0.014571820180104885,0.0030358359551742615,0.03183703523985234,0.7066392991930067,0.44694422697881797,0.45770028742702956,-4.228665740009071,271.9
,,0.01422937910457319,0.014571820180104885,0.0030358359551742615,0.03183703523985234,0.7081127089460951,0.44694422697881797,0.45770028742702956,-4.228665740009071,272.0
,,0.014126152763941524,0.014150931760691474,0.0020368226432541598,0.030313907167887157,0.7098361092280365,0.46599577829762484,0.46681319179080194,-4.25797480824871,272.1
,,0.013079192509052541,0.013383404669302539,0.0026292073186370882,0.029091804496992165,0.7113183658284067,0.4495834045084695,0.4600403756558403,-4.313739797062277,272.2
,,0.014126152763941524,0.014150931760691474,0.0020368226432541598,0.030313907167887157,0.714529069236355,0.46599577829762484,0.46681319179080194,-4.25797480824871,272.3
,,0.013168227376974123,0.013531865152687476,0.0026427443243889417,0.029342836854050543,0.7174510180332909,0.44877144778032446,0.46116417509302654,-4.302707993182239,272.4
,,0.013168227376974123,0.013531865152687476,0.0026427443243889417,0.029342836854050543,0.720372966830227,0.44877144778032446,0.46116417509302654,-4.302707993182239,272.5
,,0.013168227376974123,0.013531865152687476,0.0026427443243889417,0.029342836854050543,0.723294915627163,0.44877144778032446,0.46116417509302654,-4.302707993182239,272.6
,,0.013168227376974123,0.013531865152687476,0.0026427443243889417,0.029342836854050543,0.7262168644240992,0.44877144778032446,0.46116417509302654,-4.302707993182239,272.7
,,0.013168227376974123,0.013531865152687476,0.0026427443243889417,0.029342836854050543,0.7291388132210351,0.44877144778032446,0.46116417509302654,-4.302707993182239,272.8
,,0.013168227376974123,0.013531865152687476,0.0026427443243889417,0.029342836854050543,0.7320607620179712,0.44877144778032446,0.46116417509302654,-4.302707993182239,272.9
,,0.013168227376974123,0.013531865152687476,0.0026427443243889417,0.029342836854050543,0.7349827108149072,0.44877144778032446,0.46116417509302654,-4.302707993182239,273.0
,,0.013168227376974123,0.013531865152687476,0.0026427443243889417,0.029342836854050543,0.7379046596118433,0.44877144778032446,0.46116417509302654,-4.302707993182239,273.1
,,0.011820614171329293,0.01253356274496922,0.0015993229825516367,0.025953499898850152,0.7404816606868513,0.45545356955317595,0.48292379809339353,-4.379345213302032,273.2
,,0.011820614171329293,0.01253356274496922,0.0015993229825516367,0.025953499898850152,0.7442862409520599,0.45545356955317595,0.48292379809339353,-4.379345213302032,273.3
,,0.010792193951403278,0.012067803359941502,0.0021505886017525767,0.025010585913097357,0.7475296674701717,0.4315050430606547,0.4825078229623531,-4.417214252155042,273.4
,,0.010792193951403278,0.012067803359941502,0.0021505886017525767,0.025010585913097357,0.7507730939882834,0.4315050430606547,0.4825078229623531,-4.417214252155042,273.5
,,0.010792193951403278,0.012067803359941502,0.0021505886017525767,0.025010585913097357,0.7540165205063951,0.4315050430606547,0.4825078229623531,-4.417214252155042,273.6
,,0.010792193951403278,0.012067803359941502,0.0021505886017525767,0.025010585913097357,0.7572599470245069,0.4315050430606547,0.4825078229623531,-4.417214252155042,273.7
,,0.010792193951403278,0.012067803359941502,0.0021505886017525767,0.025010585913097357,0.7605033735426187,0.4315050430606547,0.4825078229623531,-4.417214252155042,273.8
,,0.010792193951403278,0.012067803359941502,0.0021505886017525767,0.025010585913097357,0.7637468000607306,0.4315050430606547,0.4825078229623531,-4.417214252155042,273.9
,,0.010792193951403278,0.012067803359941502,0.0021505886017525767,0.025010585913097357,0.7669902265788423,0.4315050430606547,0.4825078229623531,-4.417214252155042,274.0
,,0.010792193951403278,0.012067803359941502,0.0021505886017525767,0.025010585913097357,0.7702336530969539,0.4315050430606547,0.4825078229623531,-4.417214252155042,274.1
,,0.010792193951403278,0.012067803359941502,0.0021505886017525767,0.025010585913097357,0.7734770796150656,0.4315050430606547,0.4825078229623531,-4.417214252155042,274.2
,,0.009549729365508524,0.01155215892189068,0.0012890216757366676,0.02239090996313587,0.7766089415493475,0.4265002798560258,0.5159307478307054,-4.46088293983742,274.3
,,0.008395518501423883,0.01100032548089002,0.0018443762846566264,0.02124022026697053,0.7790114298754919,0.39526513359559085,0.5179007252573556,-4.509830417449697,274.4
,,0.008395518501423883,0.01100032548089002,0.0018443762846566264,0.02124022026697053,0.7814139182016362,0.39526513359559085,0.5179007252573556,-4.509830417449697,274.5
,,0.008395518501423883,0.01100032548089002,0.0018443762846566264,0.02124022026697053,0.7838164065277805,0.39526513359559085,0.5179007252573556,-4.509830417449697,274.6
,,0.008395518501423883,0.01100032548089002,0.0018443762846566264,0.02124022026697053,0.7862188948539249,0.39526513359559085,0.5179007252573556,-4.509830417449697,274.7
,,0.008395518501423883,0.01100032548089002,0.0018443762846566264,0.02124022026697053,0.7886213831800692,0.39526513359559085,0.5179007252573556,-4.509830417449697,274.8
,,0.008395518501423883,0.01100032548089002,0.0018443762846566264,0.02124022026697053,0.7910238715062134,0.39526513359559085,0.5179007252573556,-4.509830417449697,274.9
,,0.008395518501423883,0.01100032548089002,0.0018443762846566264,0.02124022026697053,0.7934263598323578,0.39526513359559085,0.5179007252573556,-4.509830417449697,275.0
,,0.008395518501423883,0.01100032548089002,0.0018443762846566264,0.02124022026697053,0.7958288481585021,0.39526513359559085,0.5179007252573556,-4.509830417449697,275.1
,,0.008395518501423883,0.01100032548089002,0.0018443762846566264,0.02124022026697053,0.7979484031128525,0.39526513359559085,0.5179007252573556,-4.509830417449697,275.2
,,0.007432268607753637,0.010884728995633246,0.0011327126486767724,0.019449710252063657,0.7994257037025538,0.3821274718971743,0.559634506353551,-4.520394481653496,275.3
,,0.006555887706875107,0.010490168067466159,0.0017889899547057849,0.01883504572904705,0.800237938923485,0.3480685845516553,0.5569494344942535,-4.557316835018182,275.4
,,0.006555887706875107,0.010490168067466159,0.0017889899547057849,0.01883504572904705,0.801050174144416,0.3480685845516553,0.5569494344942535,-4.557316835018182,275.5
,,0.006555887706875107,0.010490168067466159,0.0017889899547057849,0.01883504572904705,0.8018624093653471,0.3480685845516553,0.5569494344942535,-4.557316835018182,275.6
,,0.006555887706875107,0.010490168067466159,0.0017889899547057849,0.01883504572904705,0.8026746445862784,0.3480685845516553,0.5569494344942535,-4.557316835018182,275.7
,,0.006555887706875107,0.010490168067466159,0.0017889899547057849,0.01883504572904705,0.8034868798072096,0.3480685845516553,0.5569494344942535,-4.557316835018182,275.8
,,0.006555887706875107,0.010490168067466159,0.0017889899547057849,0.01883504572904705,0.8042991150281407,0.3480685845516553,0.5569494344942535,-4.557316835018182,275.9
,,0.006555887706875107,0.010490168067466159,0.0017889899547057849,0.01883504572904705,0.8051113502490719,0.3480685845516553,0.5569494344942535,-4.557316835018182,276.0
,,0.006555887706875107,0.010490168067466159,0.0017889899547057849,0.01883504572904705,0.805923585470003,0.3480685845516553,0.5569494344942535,-4.557316835018182,276.1
,,0.006555887706875107,0.010490168067466159,0.0017889899547057849,0.01883504572904705,0.8061951185699238,0.3480685845516553,0.5569494344942535,-4.557316835018182,276.2
,,0.006555887706875107,0.010490168067466159,0.0017889899547057849,0.01883504572904705,0.806483541926018,0.3480685845516553,0.5569494344942535,-4.557316835018182,276.3
,,0.005022251790264844,0.00994776045534161,0.001883624296677305,0.016853636542283758,0.8053915872117616,0.2979921738352797,0.5902441547486721,-4.610407833011075,276.4
,,0.005022251790264844,0.00994776045534161,0.001883624296677305,0.016853636542283758,0.8042996324975056,0.2979921738352797,0.5902441547486721,-4.610407833011075,276.5
,,0.005022251790264844,0.00994776045534161,0.001883624296677305,0.016853636542283758,0.8032076777832493,0.2979921738352797,0.5902441547486721,-4.610407833011075,276.6
,,0.005022251790264844,0.00994776045534161,0.001883624296677305,0.016853636542283758,0.8021157230689929,0.2979921738352797,0.5902441547486721,-4.610407833011075,276.7
,,0.005022251790264844,0.00994776045534161,0.001883624296677305,0.016853636542283758,0.8010237683547367,0.2979921738352797,0.5902441547486721,-4.610407833011075,276.8
,,0.005022251790264844,0.00994776045534161,0.001883624296677305,0.016853636542283758,0.7999318136404803,0.2979921738352797,0.5902441547486721,-4.610407833011075,276.9
,,0.005022251790264844,0.00994776045534161,0.001883624296677305,0.016853636542283758,0.798839858926224,0.2979921738352797,0.5902441547486721,-4.610407833011075,277.0
,,0.005022251790264844,0.00994776045534161,0.001883624296677305,0.016853636542283758,0.797747904211968,0.2979921738352797,0.5902441547486721,-4.610407833011075,277.1
,,0.005022251790264844,0.00994776045534161,0.001883624296677305,0.016853636542283758,0.7949550252548709,0.2979921738352797,0.5902441547486721,-4.610407833011075,277.2
,,0.005022251790264844,0.00994776045534161,0.001883624296677305,0.016853636542283758,0.7929038680946763,0.2979921738352797,0.5902441547486721,-4.610407833011075,277.3
,,,0.012114827310846638,0.0014784924984916833,0.013593319809338322,0.7941781778285897,,0.8912338914092207,-4.413325178975649,277.4
,,0.0041197797671536284,0.00959204951537557,0.002138733189439173,0.015850562471968373,0.7912268545223291,0.2599137900903791,0.6051551503196845,-4.646820699116831,277.5
,,0.0041197797671536284,0.00959204951537557,0.002138733189439173,0.015850562471968373,0.7882755312160685,0.2599137900903791,0.6051551503196845,-4.646820699116831,277.6
,,0.0041197797671536284,0.00959204951537557,0.002138733189439173,0.015850562471968373,0.7853242079098078,0.2599137900903791,0.6051551503196845,-4.646820699116831,277.7
,,0.0041197797671536284,0.00959204951537557,0.002138733189439173,0.015850562471968373,0.7823728846035473,0.2599137900903791,0.6051551503196845,-4.646820699116831,277.8
,,0.0041197797671536284,0.00959204951537557,0.002138733189439173,0.015850562471968373,0.7794215612972868,0.2599137900903791,0.6051551503196845,-4.646820699116831,277.9
,,0.0041197797671536284,0.00959204951537557,0.002138733189439173,0.015850562471968373,0.7764702379910261,0.2599137900903791,0.6051551503196845,-4.646820699116831,278.0
,,0.0041197797671536284,0.00959204951537557,0.002138733189439173,0.015850562471968373,0.7725487017105814,0.2599137900903791,0.6051551503196845,-4.646820699116831,278.1
,,0.0041197797671536284,0.00959204951537557,0.002138733189439173,0.015850562471968373,0.7686271654301369,0.2599137900903791,0.6051551503196845,-4.646820699116831,278.2
,,0.0041197797671536284,0.00959204951537557,0.002138733189439173,0.015850562471968373,0.7643728425398845,0.2599137900903791,0.6051551503196845,-4.646820699116831,278.3
,,0.0036701555860404623,0.009211781217254895,0.0024654171682361933,0.01534735397153155,0.7597571280815085,0.23913930654420218,0.6002195058732739,-4.68727204706095,278.4
,,0.0036701555860404623,0.009211781217254895,0.0024654171682361933,0.01534735397153155,0.7551414136231325,0.23913930654420218,0.6002195058732739,-4.68727204706095,278.5
,,0.0036701555860404623,0.009211781217254895,0.0024654171682361933,0.01534735397153155,0.7505256991647563,0.23913930654420218,0.6002195058732739,-4.68727204706095,278.6
,,0.0036701555860404623,0.009211781217254895,0.0024654171682361933,0.01534735397153155,0.7459099847063804,0.23913930654420218,0.6002195058732739,-4.68727204706095,278.7
,,0.0036701555860404623,0.009211781217254895,0.0024654171682361933,0.01534735397153155,0.7412942702480044,0.23913930654420218,0.6002195058732739,-4.68727204706095,278.8
,,0.0036701555860404623,0.009211781217254895,0.0024654171682361933,0.01534735397153155,0.7366785557896283,0.23913930654420218,0.6002195058732739,-4.68727204706095,278.9
,,0.0036701555860404623,0.009211781217254895,0.0024654171682361933,0.01534735397153155,0.7320628413312523,0.23913930654420218,0.6002195058732739,-4.68727204706095,279.0
,,0.0036701555860404623,0.009211781217254895,0.0024654171682361933,0.01534735397153155,0.7264294860321445,0.23913930654420218,0.6002195058732739,-4.68727204706095,279.1
,,0.0036701555860404623,0.009211781217254895,0.0024654171682361933,0.01534735397153155,0.7207961307330365,0.23913930654420218,0.6002195058732739,-4.68727204706095,279.2
,,0.0036701555860404623,0.009211781217254895,0.0024654171682361933,0.01534735397153155,0.7148724511950841,0.23913930654420218,0.6002195058732739,-4.68727204706095,279.3
,,0.004493212022255989,0.011645237636893,0.0023330802962476535,0.01847152995539664,0.7088025089859286,0.24325066917065266,0.6304425061168649,-4.45285796907921,279.4
,,0.0035639364305188447,0.00886431359687412,0.0027844101555596938,0.01521266018295266,0.7029210929907662,0.23427437329551343,0.5826931969996602,-4.725721770894298,279.5
,,0.0035639364305188447,0.00886431359687412,0.0027844101555596938,0.01521266018295266,0.6970396769956039,0.23427437329551343,0.5826931969996602,-4.725721770894298,279.6
,,0.0035639364305188447,0.00886431359687412,0.0027844101555596938,0.01521266018295266,0.6911582610004413,0.23427437329551343,0.5826931969996602,-4.725721770894298,279.7
,,0.0035639364305188447,0.00886431359687412,0.0027844101555596938,0.01521266018295266,0.6852768450052789,0.23427437329551343,0.5826931969996602,-4.725721770894298,279.8
,,0.0035639364305188447,0.00886431359687412,0.0027844101555596938,0.01521266018295266,0.6793954290101165,0.23427437329551343,0.5826931969996602,-4.725721770894298,279.9
,,0.0035639364305188447,0.00886431359687412,0.0027844101555596938,0.01521266018295266,0.6762076012796673,0.23427437329551343,0.5826931969996602,-4.725721770894298,280.0
,,0.0035639364305188447,0.00886431359687412,0.0027844101555596938,0.01521266018295266,0.6730922241794555,0.23427437329551343,0.5826931969996602,-4.725721770894298,280.1
,,0.0035639364305188447,0.00886431359687412,0.0027844101555596938,0.01521266018295266,0.6700468555534058,0.23427437329551343,0.5826931969996602,-4.725721770894298,280.2
,,0.004630475093194573,0.011698933787145364,0.002640452645633805,0.01896986152597374,0.6635221746298502,0.24409640981587957,0.6167116070471604,-4.448257570634769,280.3
,,0.0035639364305188447,0.00886431359687412,0.0027844101555596938,0.01521266018295266,0.6570677324165322,0.23427437329551343,0.5826931969996602,-4.725721770894298,280.4
,,0.005582661575664065,0.012618630848034367,0.0032555599015453044,0.021456852325243737,0.6510667710096821,0.2601808266674851,0.588093288650204,-4.372580918401645,280.5
,,0.005582661575664065,0.012618630848034367,0.0032555599015453044,0.021456852325243737,0.6450658096028321,0.2601808266674851,0.588093288650204,-4.372580918401645,280.6
,,0.005582661575664065,0.012618630848034367,0.0032555599015453044,0.021456852325243737,0.6390648481959819,0.2601808266674851,0.588093288650204,-4.372580918401645,280.7
,,0.005582661575664065,0.012618630848034367,0.0032555599015453044,0.021456852325243737,0.633063886789132,0.2601808266674851,0.588093288650204,-4.372580918401645,280.8
,,0.005582661575664065,0.012618630848034367,0.0032555599015453044,0.021456852325243737,0.6270629253822818,0.2601808266674851,0.588093288650204,-4.372580918401645,280.9
,,0.005582661575664065,0.012618630848034367,0.0032555599015453044,0.021456852325243737,0.6210619639754317,0.2601808266674851,0.588093288650204,-4.372580918401645,281.0
,,0.005582661575664065,0.012618630848034367,0.0032555599015453044,0.021456852325243737,0.614816629804422,0.2601808266674851,0.588093288650204,-4.372580918401645,281.1
,,0.005582661575664065,0.012618630848034367,0.0032555599015453044,0.021456852325243737,0.6088070203558471,0.2601808266674851,0.588093288650204,-4.372580918401645,281.2
,,0.005582661575664065,0.012618630848034367,0.0032555599015453044,0.021456852325243737,0.6025616861848373,0.2601808266674851,0.588093288650204,-4.372580918401645,281.3
,,0.005582661575664065,0.012618630848034367,0.0032555599015453044,0.021456852325243737,0.5965986177571767,0.2601808266674851,0.588093288650204,-4.372580918401645,281.4
,,0.004171962842628448,0.008131864487763901,0.003365632564721139,0.015669459895113487,0.5914290852346886,0.2662480309183773,0.5189626536074685,-4.811965047427203,281.5
,,0.004171962842628448,0.008131864487763901,0.003365632564721139,0.015669459895113487,0.5862595527122004,0.2662480309183773,0.5189626536074685,-4.811965047427203,281.6
,,0.004171962842628448,0.008131864487763901,0.003365632564721139,0.015669459895113487,0.5810900201897122,0.2662480309183773,0.5189626536074685,-4.811965047427203,281.7
,,0.004171962842628448,0.008131864487763901,0.003365632564721139,0.015669459895113487,0.5759204876672241,0.2662480309183773,0.5189626536074685,-4.811965047427203,281.8
,,0.004171962842628448,0.008131864487763901,0.003365632564721139,0.015669459895113487,0.5707509551447361,0.2662480309183773,0.5189626536074685,-4.811965047427203,281.9
,,0.004171962842628448,0.008131864487763901,0.003365632564721139,0.015669459895113487,0.565581422622248,0.2662480309183773,0.5189626536074685,-4.811965047427203,282.0
,,0.004171962842628448,0.008131864487763901,0.003365632564721139,0.015669459895113487,0.5604118900997598,0.2662480309183773,0.5189626536074685,-4.811965047427203,282.1
,,0.004171962842628448,0.008131864487763901,0.003365632564721139,0.015669459895113487,0.555579553664999,0.2662480309183773,0.5189626536074685,-4.811965047427203,282.2
,,0.004171962842628448,0.008131864487763901,0.003365632564721139,0.015669459895113487,0.5507472172302382,0.2662480309183773,0.5189626536074685,-4.811965047427203,282.3
,,0.004171962842628448,0.008131864487763901,0.003365632564721139,0.015669459895113487,0.5464634243460101,0.2662480309183773,0.5189626536074685,-4.811965047427203,282.4
,,0.004801088784842948,0.007912896995423531,0.0035672896781250296,0.01628127545839151,0.5432324778464452,0.29488407079117535,0.4860121073220437,-4.839261319573189,282.5
,,0.004801088784842948,0.007912896995423531,0.0035672896781250296,0.01628127545839151,0.54000153134688,0.29488407079117535,0.4860121073220437,-4.839261319573189,282.6
,,0.004801088784842948,0.007912896995423531,0.0035672896781250296,0.01628127545839151,0.5367705848473151,0.29488407079117535,0.4860121073220437,-4.839261319573189,282.7
,,0.004801088784842948,0.007912896995423531,0.0035672896781250296,0.01628127545839151,0.53353963834775,0.29488407079117535,0.4860121073220437,-4.839261319573189,282.8
,,0.004801088784842948,0.007912896995423531,0.0035672896781250296,0.01628127545839151,0.5303086918481851,0.29488407079117535,0.4860121073220437,-4.839261319573189,282.9
,,0.004801088784842948,0.007912896995423531,0.0035672896781250296,0.01628127545839151,0.52707774534862,0.29488407079117535,0.4860121073220437,-4.839261319573189,283.0
,,0.004801088784842948,0.007912896995423531,0.0035672896781250296,0.01628127545839151,0.523846798849055,0.29488407079117535,0.4860121073220437,-4.839261319573189,283.1
,,0.004801088784842948,0.007912896995423531,0.0035672896781250296,0.01628127545839151,0.52061585234949,0.29488407079117535,0.4860121073220437,-4.839261319573189,283.2
,,0.004801088784842948,0.007912896995423531,0.0035672896781250296,0.01628127545839151,0.5181448451145872,0.29488407079117535,0.4860121073220437,-4.839261319573189,283.3
,,0.004801088784842948,0.007912896995423531,0.0035672896781250296,0.01628127545839151,0.5163868210696617,0.29488407079117535,0.4860121073220437,-4.839261319573189,283.4
,,0.004801088784842948,0.007912896995423531,0.0035672896781250296,0.01628127545839151,0.5146287970247362,0.29488407079117535,0.4860121073220437,-4.839261319573189,283.5
,,0.005663389560924816,0.008141040694423906,0.003807401268859258,0.017611831524207977,0.5138698396274811,0.32156732553001777,0.4622483858781983,-4.8108372577019045,283.6
,,0.005663389560924816,0.008141040694423906,0.003807401268859258,0.017611831524207977,0.5131108822302259,0.32156732553001777,0.4622483858781983,-4.8108372577019045,283.7
,,0.005663389560924816,0.008141040694423906,0.003807401268859258,0.017611831524207977,0.512351924832971,0.32156732553001777,0.4622483858781983,-4.8108372577019045,283.8
,,0.005663389560924816,0.008141040694423906,0.003807401268859258,0.017611831524207977,0.5115929674357159,0.32156732553001777,0.4622483858781983,-4.8108372577019045,283.9
,,0.005663389560924816,0.008141040694423906,0.003807401268859258,0.017611831524207977,0.5108340100384609,0.32156732553001777,0.4622483858781983,-4.8108372577019045,284.0
,,0.005663389560924816,0.008141040694423906,0.003807401268859258,0.017611831524207977,0.5100750526412058,0.32156732553001777,0.4622483858781983,-4.8108372577019045,284.1
,,0.005663389560924816,0.008141040694423906,0.003807401268859258,0.017611831524207977,0.5093160952439507,0.32156732553001777,0.4622483858781983,-4.8108372577019045,284.2
,,0.005663389560924816,0.008141040694423906,0.003807401268859258,0.017611831524207977,0.5094603989117039,0.32156732553001777,0.4622483858781983,-4.8108372577019045,284.3
,,0.005663389560924816,0.008141040694423906,0.003807401268859258,0.017611831524207977,0.5102548226590413,0.32156732553001777,0.4622483858781983,-4.8108372577019045,284.4
,,0.005663389560924816,0.008141040694423906,0.003807401268859258,0.017611831524207977,0.5110492464063787,0.32156732553001777,0.4622483858781983,-4.8108372577019045,284.5
,,0.005663389560924816,0.008141040694423906,0.003807401268859258,0.017611831524207977,0.5118436701537161,0.32156732553001777,0.4622483858781983,-4.8108372577019045,284.6
,,0.005633634013823643,0.00788463293657007,0.0032428134712178098,0.01676108042161152,0.5128498795814999,0.33611401366225224,0.47041316778145914,-4.842839611766118,284.7
,,0.006378363677273866,0.008937858394260888,0.00397443609604806,0.019290658167582814,0.5138462728606221,0.3306452077406282,0.463325736043605,-4.717459271708835,284.8
,,0.006378363677273866,0.008937858394260888,0.00397443609604806,0.019290658167582814,0.5148426661397444,0.3306452077406282,0.463325736043605,-4.717459271708835,284.9
,,0.006378363677273866,0.008937858394260888,0.00397443609604806,0.019290658167582814,0.5158390594188665,0.3306452077406282,0.463325736043605,-4.717459271708835,285.0
,,0.006378363677273866,0.008937858394260888,0.00397443609604806,0.019290658167582814,0.5168354526979888,0.3306452077406282,0.463325736043605,-4.717459271708835,285.1
,,0.006378363677273866,0.008937858394260888,0.00397443609604806,0.019290658167582814,0.517831845977111,0.3306452077406282,0.463325736043605,-4.717459271708835,285.2
,,0.006378363677273866,0.008937858394260888,0.00397443609604806,0.019290658167582814,0.5188282392562332,0.3306452077406282,0.463325736043605,-4.717459271708835,285.3
,,0.006378363677273866,0.008937858394260888,0.00397443609604806,0.019290658167582814,0.5211739908737879,0.3306452077406282,0.463325736043605,-4.717459271708835,285.4
,,0.006378363677273866,0.008937858394260888,0.00397443609604806,0.019290658167582814,0.5235197424913427,0.3306452077406282,0.463325736043605,-4.717459271708835,285.5
,,0.006378363677273866,0.008937858394260888,0.00397443609604806,0.019290658167582814,0.5258654941088974,0.3306452077406282,0.463325736043605,-4.717459271708835,285.6
,,0.006378363677273866,0.008937858394260888,0.00397443609604806,0.019290658167582814,0.5282112457264522,0.3306452077406282,0.463325736043605,-4.717459271708835,285.7
,,0.009706664448956435,0.01192182280277828,0.0036547921286443096,0.025283279380379026,0.5316868684584078,0.38391635447770467,0.47152992392395726,-4.429384709339794,285.8
,,0.009706664448956435,0.01192182280277828,0.0036547921286443096,0.025283279380379026,0.5351624911903636,0.38391635447770467,0.47152992392395726,-4.429384709339794,285.9
,,0.006729070267043059,0.010419091382550528,0.004301197487801056,0.021449359137394642,0.5367465120169086,0.31371894255393634,0.4857530388582084,-4.564115445830353,286.0
,,0.006729070267043059,0.010419091382550528,0.004301197487801056,0.021449359137394642,0.5383305328434537,0.31371894255393634,0.4857530388582084,-4.564115445830353,286.1
,,0.006729070267043059,0.010419091382550528,0.004301197487801056,0.021449359137394642,0.5399145536699986,0.31371894255393634,0.4857530388582084,-4.564115445830353,286.2
,,0.006729070267043059,0.010419091382550528,0.004301197487801056,0.021449359137394642,0.5414985744965436,0.31371894255393634,0.4857530388582084,-4.564115445830353,286.3
,,0.006729070267043059,0.010419091382550528,0.004301197487801056,0.021449359137394642,0.5426579282421788,0.31371894255393634,0.4857530388582084,-4.564115445830353,286.4
,,0.006729070267043059,0.010419091382550528,0.004301197487801056,0.021449359137394642,0.5450617169640009,0.31371894255393634,0.4857530388582084,-4.564115445830353,286.5
,,0.006729070267043059,0.010419091382550528,0.004301197487801056,0.021449359137394642,0.547465505685823,0.31371894255393634,0.4857530388582084,-4.564115445830353,286.6
,,0.006729070267043059,0.010419091382550528,0.004301197487801056,0.021449359137394642,0.549869294407645,0.31371894255393634,0.4857530388582084,-4.564115445830353,286.7
,,0.006660051703604842,0.010761627776982821,0.003925902105241765,0.021347581585829428,0.5519734151120522,0.31198155523273885,0.5041146105339827,-4.531768455301485,286.8
,,0.006660051703604842,0.010761627776982821,0.003925902105241765,0.021347581585829428,0.5540775358164594,0.31198155523273885,0.5041146105339827,-4.531768455301485,286.9
,,0.006660051703604842,0.010761627776982821,0.003925902105241765,0.021347581585829428,0.5561816565208667,0.31198155523273885,0.5041146105339827,-4.531768455301485,287.0
,,0.006660051703604842,0.010761627776982821,0.003925902105241765,0.021347581585829428,0.5582857772252738,0.31198155523273885,0.5041146105339827,-4.531768455301485,287.1
,,0.006660051703604842,0.010761627776982821,0.003925902105241765,0.021347581585829428,0.5603898979296811,0.31198155523273885,0.5041146105339827,-4.531768455301485,287.2
,,0.007039109189519959,0.013189084371098803,0.003196125693716124,0.023424319254334885,0.561547761993258,0.3005043225842009,0.5630509142184801,-4.328365733078041,287.3
,,0.007039109189519959,0.013189084371098803,0.003196125693716124,0.023424319254334885,0.5630509557774863,0.3005043225842009,0.5630509142184801,-4.328365733078041,287.4
,,0.007039109189519959,0.013189084371098803,0.003196125693716124,0.023424319254334885,0.5645541495617146,0.3005043225842009,0.5630509142184801,-4.328365733078041,287.5
,,0.007039109189519959,0.013189084371098803,0.003196125693716124,0.023424319254334885,0.5660573433459428,0.3005043225842009,0.5630509142184801,-4.328365733078041,287.6
,,0.007039109189519959,0.013189084371098803,0.003196125693716124,0.023424319254334885,0.5675605371301712,0.3005043225842009,0.5630509142184801,-4.328365733078041,287.7
,,0.007039109189519959,0.013189084371098803,0.003196125693716124,0.023424319254334885,0.5690637309143994,0.3005043225842009,0.5630509142184801,-4.328365733078041,287.8
,,0.006864217317640629,0.013805720771825365,0.004969802129910841,0.025639740219376834,0.5701612996502641,0.2677178964728006,0.5384501033825572,-4.2826722240375465,287.9
,,0.006864217317640629,0.013805720771825365,0.004969802129910841,0.025639740219376834,0.5712588683861286,0.2677178964728006,0.5384501033825572,-4.2826722240375465,288.0
,,0.006864217317640629,0.013805720771825365,0.004969802129910841,0.025639740219376834,0.5723564371219931,0.2677178964728006,0.5384501033825572,-4.2826722240375465,288.1
,,0.006864217317640629,0.013805720771825365,0.004969802129910841,0.025639740219376834,0.5734540058578577,0.2677178964728006,0.5384501033825572,-4.2826722240375465,288.2
,,0.006864217317640629,0.013805720771825365,0.004969802129910841,0.025639740219376834,0.5745515745937223,0.2677178964728006,0.5384501033825572,-4.2826722240375465,288.3
,,0.006864217317640629,0.013805720771825365,0.004969802129910841,0.025639740219376834,0.5757889054376254,0.2677178964728006,0.5384501033825572,-4.2826722240375465,288.4
,,0.006959385551053895,0.016510101979972058,0.004111469035273668,0.027580956566299622,0.5760052215749105,0.2523257499907515,0.5986051259783092,-4.103782844208362,288.5
,,0.006959385551053895,0.016510101979972058,0.004111469035273668,0.027580956566299622,0.5762215377121954,0.2523257499907515,0.5986051259783092,-4.103782844208362,288.6
,,0.006959385551053895,0.016510101979972058,0.004111469035273668,0.027580956566299622,0.5764378538494804,0.2523257499907515,0.5986051259783092,-4.103782844208362,288.7
,,0.006959385551053895,0.016510101979972058,0.004111469035273668,0.027580956566299622,0.5766541699867656,0.2523257499907515,0.5986051259783092,-4.103782844208362,288.8
,,0.006662306984180684,0.017037269433877872,0.0063114363458938545,0.030011012763952412,0.5765318222407944,0.22199540670560383,0.5677005827121605,-4.072352014912223,288.9
,,0.006662306984180684,0.017037269433877872,0.0063114363458938545,0.030011012763952412,0.5764094744948232,0.22199540670560383,0.5677005827121605,-4.072352014912223,289.0
,,0.006662306984180684,0.017037269433877872,0.0063114363458938545,0.030011012763952412,0.576287126748852,0.22199540670560383,0.5677005827121605,-4.072352014912223,289.1
,,0.006662306984180684,0.017037269433877872,0.0063114363458938545,0.030011012763952412,0.5761647790028808,0.22199540670560383,0.5677005827121605,-4.072352014912223,289.2
,,0.006662306984180684,0.017037269433877872,0.0063114363458938545,0.030011012763952412,0.5761118895370334,0.22199540670560383,0.5677005827121605,-4.072352014912223,289.3
,,0.006662306984180684,0.017037269433877872,0.0063114363458938545,0.030011012763952412,0.5759895417910622,0.22199540670560383,0.5677005827121605,-4.072352014912223,289.4
,,0.006662306984180684,0.017037269433877872,0.0063114363458938545,0.030011012763952412,0.5754187519142504,0.22199540670560383,0.5677005827121605,-4.072352014912223,289.5
,,0.006417578052915525,0.019442000164053307,0.0050953399344313595,0.030954918151400192,0.5741706869930752,0.2073201428453862,0.6280746752087238,-3.940319596145172,289.6
,,0.006417578052915525,0.019442000164053307,0.0050953399344313595,0.030954918151400192,0.5729226220718999,0.2073201428453862,0.6280746752087238,-3.940319596145172,289.7
,,0.006417578052915525,0.019442000164053307,0.0050953399344313595,0.030954918151400192,0.5716745571507247,0.2073201428453862,0.6280746752087238,-3.940319596145172,289.8
,,0.006668410448386008,0.021553830881525664,0.008264797739457498,0.03648703906936917,0.5701964437438823,0.1827610740270819,0.5907256777001695,-3.8372017111069225,289.9
,,0.006668410448386008,0.021553830881525664,0.008264797739457498,0.03648703906936917,0.5687183303370401,0.1827610740270819,0.5907256777001695,-3.8372017111069225,290.0
,,0.006668410448386008,0.021553830881525664,0.008264797739457498,0.03648703906936917,0.5672402169301978,0.1827610740270819,0.5907256777001695,-3.8372017111069225,290.1
,,0.006668410448386008,0.021553830881525664,0.008264797739457498,0.03648703906936917,0.5657621035233555,0.1827610740270819,0.5907256777001695,-3.8372017111069225,290.2
,,0.006668410448386008,0.021553830881525664,0.008264797739457498,0.03648703906936917,0.5642839901165133,0.1827610740270819,0.5907256777001695,-3.8372017111069225,290.3
,,0.006668410448386008,0.021553830881525664,0.008264797739457498,0.03648703906936917,0.562805876709671,0.1827610740270819,0.5907256777001695,-3.8372017111069225,290.4
,,0.006668410448386008,0.021553830881525664,0.008264797739457498,0.03648703906936917,0.5605430444632692,0.1827610740270819,0.5907256777001695,-3.8372017111069225,290.5
,,0.006668410448386008,0.021553830881525664,0.008264797739457498,0.03648703906936917,0.5582802122168674,0.1827610740270819,0.5907256777001695,-3.8372017111069225,290.6
,,0.006668410448386008,0.021553830881525664,0.008264797739457498,0.03648703906936917,0.5560173799704656,0.1827610740270819,0.5907256777001695,-3.8372017111069225,290.7
,,0.006670746514195421,0.02603156790231877,0.006995318650655484,0.039697633067169676,0.5531642370430394,0.16803889800956903,0.6557460959516784,-3.6484453273556166,290.8
,,0.007166255244511539,0.029455934611986596,0.011349673185656267,0.0479718630421544,0.5501669971682507,0.14938455148623941,0.6140252377962209,-3.5248598743476744,290.9
,,0.007166255244511539,0.029455934611986596,0.011349673185656267,0.0479718630421544,0.5471697572934621,0.14938455148623941,0.6140252377962209,-3.5248598743476744,291.0
,,0.007166255244511539,0.029455934611986596,0.011349673185656267,0.0479718630421544,0.5441725174186735,0.14938455148623941,0.6140252377962209,-3.5248598743476744,291.1
,,0.007166255244511539,0.029455934611986596,0.011349673185656267,0.0479718630421544,0.5411752775438847,0.14938455148623941,0.6140252377962209,-3.5248598743476744,291.2
,,0.007166255244511539,0.029455934611986596,0.011349673185656267,0.0479718630421544,0.538178037669096,0.14938455148623941,0.6140252377962209,-3.5248598743476744,291.3
,,0.007166255244511539,0.029455934611986596,0.011349673185656267,0.0479718630421544,0.5351807977943074,0.14938455148623941,0.6140252377962209,-3.5248598743476744,291.4
,,0.007166255244511539,0.029455934611986596,0.011349673185656267,0.0479718630421544,0.5311424098280185,0.14938455148623941,0.6140252377962209,-3.5248598743476744,291.5
,,0.007166255244511539,0.029455934611986596,0.011349673185656267,0.0479718630421544,0.5271040218617298,0.14938455148623941,0.6140252377962209,-3.5248598743476744,291.6
,,0.007166255244511539,0.029455934611986596,0.011349673185656267,0.0479718630421544,0.523065633895441,0.14938455148623941,0.6140252377962209,-3.5248598743476744,291.7
,,0.007166255244511539,0.029455934611986596,0.011349673185656267,0.0479718630421544,0.5190272459291523,0.14938455148623941,0.6140252377962209,-3.5248598743476744,291.8
,,0.008445892019899929,0.042696571591345336,0.015763788431781972,0.06690625204302723,0.5144835761119073,0.12623472040353415,0.6381551841207199,-3.1536366525718327,291.9
,,0.008445892019899929,0.042696571591345336,0.015763788431781972,0.06690625204302723,0.5099399062946623,0.12623472040353415,0.6381551841207199,-3.1536366525718327,292.0
,,0.008445892019899929,0.042696571591345336,0.015763788431781972,0.06690625204302723,0.5053962364774175,0.12623472040353415,0.6381551841207199,-3.1536366525718327,292.1
,,0.008445892019899929,0.042696571591345336,0.015763788431781972,0.06690625204302723,0.5008525666601725,0.12623472040353415,0.6381551841207199,-3.1536366525718327,292.2
,,0.008445892019899929,0.042696571591345336,0.015763788431781972,0.06690625204302723,0.49630889684292756,0.12623472040353415,0.6381551841207199,-3.1536366525718327,292.3
,,0.008445892019899929,0.042696571591345336,0.015763788431781972,0.06690625204302723,0.49176522702568265,0.12623472040353415,0.6381551841207199,-3.1536366525718327,292.4
,,0.008445892019899929,0.042696571591345336,0.015763788431781972,0.06690625204302723,0.48722155720843774,0.12623472040353415,0.6381551841207199,-3.1536366525718327,292.5
,,0.008445892019899929,0.042696571591345336,0.015763788431781972,0.06690625204302723,0.4816899214840519,0.12623472040353415,0.6381551841207199,-3.1536366525718327,292.6
,,0.008445892019899929,0.042696571591345336,0.015763788431781972,0.06690625204302723,0.4761582857596661,0.12623472040353415,0.6381551841207199,-3.1536366525718327,292.7
,,0.008445892019899929,0.042696571591345336,0.015763788431781972,0.06690625204302723,0.4706266500352803,0.12623472040353415,0.6381551841207199,-3.1536366525718327,292.8
,,0.00931716453990306,0.046100089265504116,0.017451264747130504,0.07286851855253768,0.4651427404313489,0.12786268645197518,0.6326475435652816,-3.076940392636417,292.9
,,0.00931716453990306,0.046100089265504116,0.017451264747130504,0.07286851855253768,0.45965883082741743,0.12786268645197518,0.6326475435652816,-3.076940392636417,293.0
,,0.010378003449920346,0.060840318937735796,0.020567129114465763,0.0917854515021219,0.45382459266690084,0.11306806558205389,0.6628536215930614,-2.799502569367182,293.1
,,0.010378003449920346,0.060840318937735796,0.020567129114465763,0.0917854515021219,0.44799035450638436,0.11306806558205389,0.6628536215930614,-2.799502569367182,293.2
,,0.010378003449920346,0.060840318937735796,0.020567129114465763,0.0917854515021219,0.4421561163458677,0.11306806558205389,0.6628536215930614,-2.799502569367182,293.3
,,0.010378003449920346,0.060840318937735796,0.020567129114465763,0.0917854515021219,0.43632187818535123,0.11306806558205389,0.6628536215930614,-2.799502569367182,293.4
,,0.010378003449920346,0.060840318937735796,0.020567129114465763,0.0917854515021219,0.4304876400248346,0.11306806558205389,0.6628536215930614,-2.799502569367182,293.5
,,0.010378003449920346,0.060840318937735796,0.020567129114465763,0.0917854515021219,0.4246534018643181,0.11306806558205389,0.6628536215930614,-2.799502569367182,293.6
,,0.010378003449920346,0.060840318937735796,0.020567129114465763,0.0917854515021219,0.4186097311975824,0.11306806558205389,0.6628536215930614,-2.799502569367182,293.7
,,0.010378003449920346,0.060840318937735796,0.020567129114465763,0.0917854515021219,0.4125757676111897,0.11306806558205389,0.6628536215930614,-2.799502569367182,293.8
,,0.007743531973205161,0.025810573529920444,0.01985801826384866,0.05341212376697427,0.4079799841939179,0.1449770469152012,0.4832343615941295,-3.656971044269504,293.9
,,0.007743531973205161,0.025810573529920444,0.01985801826384866,0.05341212376697427,0.4033842007766461,0.1449770469152012,0.4832343615941295,-3.656971044269504,294.0
,,0.007743531973205161,0.025810573529920444,0.01985801826384866,0.05341212376697427,0.39878841735937437,0.1449770469152012,0.4832343615941295,-3.656971044269504,294.1
,,0.007743531973205161,0.025810573529920444,0.01985801826384866,0.05341212376697427,0.3941926339421026,0.1449770469152012,0.4832343615941295,-3.656971044269504,294.2
,,0.007981120108146495,0.03113576945146455,0.014832816714453613,0.05394970627406466,0.38911150488382185,0.14793630325997295,0.5771258381518289,-3.469397977570944,294.3
,,0.007981120108146495,0.03113576945146455,0.014832816714453613,0.05394970627406466,0.3840303758255412,0.14793630325997295,0.5771258381518289,-3.469397977570944,294.4
,,0.007981120108146495,0.03113576945146455,0.014832816714453613,0.05394970627406466,0.37894924676726044,0.14793630325997295,0.5771258381518289,-3.469397977570944,294.5
,,0.007981120108146495,0.03113576945146455,0.014832816714453613,0.05394970627406466,0.3738681177089797,0.14793630325997295,0.5771258381518289,-3.469397977570944,294.6
,,0.007981120108146495,0.03113576945146455,0.014832816714453613,0.05394970627406466,0.36878698865069903,0.14793630325997295,0.5771258381518289,-3.469397977570944,294.7
,,0.007981120108146495,0.03113576945146455,0.014832816714453613,0.05394970627406466,0.36258854260151063,0.14793630325997295,0.5771258381518289,-3.469397977570944,294.8
,,0.007981120108146495,0.03113576945146455,0.014832816714453613,0.05394970627406466,0.35639009655232234,0.14793630325997295,0.5771258381518289,-3.469397977570944,294.9
,,0.014964055004797087,0.08919160388006812,0.02811035690148974,0.13226601578635494,0.3510782503817348,0.11313605324717761,0.6743350009433751,-2.416968370731454,295.0
,,0.014964055004797087,0.08919160388006812,0.02811035690148974,0.13226601578635494,0.3457664042111473,0.11313605324717761,0.6743350009433751,-2.416968370731454,295.1
,,0.014964055004797087,0.08919160388006812,0.02811035690148974,0.13226601578635494,0.3404545580405598,0.11313605324717761,0.6743350009433751,-2.416968370731454,295.2
,,0.014964055004797087,0.08919160388006812,0.02811035690148974,0.13226601578635494,0.3351427118699723,0.11313605324717761,0.6743350009433751,-2.416968370731454,295.3
,,0.014964055004797087,0.08919160388006812,0.02811035690148974,0.13226601578635494,0.32983086569938475,0.11313605324717761,0.6743350009433751,-2.416968370731454,295.4
,,,0.09704330500115468,0.016875580657295466,0.11391888565845015,0.32628019664428004,,0.8518631870408953,-2.3325979567940456,295.5
,,,0.09704330500115468,0.016875580657295466,0.11391888565845015,0.32264883056519567,,0.8518631870408953,-2.3325979567940456,295.6
,,,0.09704330500115468,0.016875580657295466,0.11391888565845015,0.3189339848061323,,0.8518631870408953,-2.3325979567940456,295.7
,,,0.09704330500115468,0.016875580657295466,0.11391888565845015,0.31544635334996673,,0.8518631870408953,-2.3325979567940456,295.8
,,,0.09704330500115468,0.016875580657295466,0.11391888565845015,0.31187665997718544,,0.8518631870408953,-2.3325979567940456,295.9
,,0.008736690807382989,0.038572914025230914,0.02288797574387394,0.07019758057648784,0.3072605162811011,0.12445857443567333,0.5494906478037596,-3.255204958015389,296.0
,,0.008736690807382989,0.038572914025230914,0.02288797574387394,0.07019758057648784,0.3026443725850168,0.12445857443567333,0.5494906478037596,-3.255204958015389,296.1
,,0.008736690807382989,0.038572914025230914,0.02288797574387394,0.07019758057648784,0.29802822888893243,0.12445857443567333,0.5494906478037596,-3.255204958015389,296.2
,,0.008736690807382989,0.038572914025230914,0.02288797574387394,0.07019758057648784,0.2944140039890214,0.12445857443567333,0.5494906478037596,-3.255204958015389,296.3
,,0.008736690807382989,0.038572914025230914,0.02288797574387394,0.07019758057648784,0.29079977908911037,0.12445857443567333,0.5494906478037596,-3.255204958015389,296.4
,,0.008736690807382989,0.038572914025230914,0.02288797574387394,0.07019758057648784,0.2871855541891993,0.12445857443567333,0.5494906478037596,-3.255204958015389,296.5
,,0.008736690807382989,0.038572914025230914,0.02288797574387394,0.07019758057648784,0.28357132928928824,0.12445857443567333,0.5494906478037596,-3.255204958015389,296.6
,,0.00868863246781292,0.046802511622727236,0.014192668981175393,0.06968381307171555,0.27947647498967776,0.12468652452860118,0.6716410821916436,-3.061818410346275,296.7
,,0.00868863246781292,0.046802511622727236,0.014192668981175393,0.06968381307171555,0.2753816206900673,0.12468652452860118,0.6716410821916436,-3.061818410346275,296.8
,,0.00868863246781292,0.046802511622727236,0.014192668981175393,0.06968381307171555,0.2717162517357831,0.12468652452860118,0.6716410821916436,-3.061818410346275,296.9
,,0.013218495237339745,0.08703918179816816,0.021150505885548298,0.1214081829210562,0.2676535151781478,0.10887647701584388,0.7169136355064637,-2.4413968962154686,297.0
,,0.013218495237339745,0.08703918179816816,0.021150505885548298,0.1214081829210562,0.26359077862051244,0.10887647701584388,0.7169136355064637,-2.4413968962154686,297.1
,,0.013218495237339745,0.08703918179816816,0.021150505885548298,0.1214081829210562,0.2595280420628771,0.10887647701584388,0.7169136355064637,-2.4413968962154686,297.2
,,0.013218495237339745,0.08703918179816816,0.021150505885548298,0.1214081829210562,0.25546530550524177,0.10887647701584388,0.7169136355064637,-2.4413968962154686,297.3
,,0.013218495237339745,0.08703918179816816,0.021150505885548298,0.1214081829210562,0.25140256894760643,0.10887647701584388,0.7169136355064637,-2.4413968962154686,297.4
,,0.013218495237339745,0.08703918179816816,0.021150505885548298,0.1214081829210562,0.24823016261576192,0.10887647701584388,0.7169136355064637,-2.4413968962154686,297.5
,,0.013218495237339745,0.08703918179816816,0.021150505885548298,0.1214081829210562,0.24505775628391743,0.10887647701584388,0.7169136355064637,-2.4413968962154686,297.6
,,0.013218495237339745,0.08703918179816816,0.021150505885548298,0.1214081829210562,0.24188534995207292,0.10887647701584388,0.7169136355064637,-2.4413968962154686,297.7
,,0.013218495237339745,0.08703918179816816,0.021150505885548298,0.1214081829210562,0.2387129436202284,0.10887647701584388,0.7169136355064637,-2.4413968962154686,297.8
,,,0.05214841747201979,0.012063132691152813,0.06421155016317259,0.23689948914756892,,0.8121345356014874,-2.9536614436905264,297.9
,,,0.05214841747201979,0.012063132691152813,0.06421155016317259,0.23504233697677304,,0.8121345356014874,-2.9536614436905264,298.0
,,0.01323585445214668,0.08590078053392455,0.019402049990324736,0.11853868497639597,0.23218739640917518,0.11165852274118167,0.7246645308325258,-2.454562363491597,298.1
,,0.01323585445214668,0.08590078053392455,0.019402049990324736,0.11853868497639597,0.22933245584157735,0.11165852274118167,0.7246645308325258,-2.454562363491597,298.2
,,0.01323585445214668,0.08590078053392455,0.019402049990324736,0.11853868497639597,0.2264775152739795,0.11165852274118167,0.7246645308325258,-2.454562363491597,298.3
,,0.01323585445214668,0.08590078053392455,0.019402049990324736,0.11853868497639597,0.2236225747063816,0.11165852274118167,0.7246645308325258,-2.454562363491597,298.4
,,0.01323585445214668,0.08590078053392455,0.019402049990324736,0.11853868497639597,0.2207676341387838,0.11165852274118167,0.7246645308325258,-2.454562363491597,298.5
,,0.01323585445214668,0.08590078053392455,0.019402049990324736,0.11853868497639597,0.2186470881976043,0.11165852274118167,0.7246645308325258,-2.454562363491597,298.6
,,0.01323585445214668,0.08590078053392455,0.019402049990324736,0.11853868497639597,0.21652654225642481,0.11165852274118167,0.7246645308325258,-2.454562363491597,298.7
,,0.01323585445214668,0.08590078053392455,0.019402049990324736,0.11853868497639597,0.21440599631524532,0.11165852274118167,0.7246645308325258,-2.454562363491597,298.8
,,0.01323585445214668,0.08590078053392455,0.019402049990324736,0.11853868497639597,0.2125349005392469,0.11165852274118167,0.7246645308325258,-2.454562363491597,298.9
,,0.009402800409231561,0.05707099697545416,0.01086874916182095,0.07734254654650669,0.2107923968667002,0.12157345250556992,0.7378991192271762,-2.8634592252422464,299.0
,,0.009402800409231561,0.05707099697545416,0.01086874916182095,0.07734254654650669,0.20904989319415354,0.12157345250556992,0.7378991192271762,-2.8634592252422464,299.1
,,0.013814184684533812,0.08657733607810544,0.018836880736275475,0.11922840149891473,0.20724477151222845,0.11586320466319056,0.7261469162521106,-2.446717205770308,299.2
,,0.013814184684533812,0.08657733607810544,0.018836880736275475,0.11922840149891473,0.20543964983030336,0.11586320466319056,0.7261469162521106,-2.446717205770308,299.3
,,0.013814184684533812,0.08657733607810544,0.018836880736275475,0.11922840149891473,0.2036345281483783,0.11586320466319056,0.7261469162521106,-2.446717205770308,299.4
,,0.013814184684533812,0.08657733607810544,0.018836880736275475,0.11922840149891473,0.20182940646645323,0.11586320466319056,0.7261469162521106,-2.446717205770308,299.5
,,0.013814184684533812,0.08657733607810544,0.018836880736275475,0.11922840149891473,0.2000242847845282,0.11586320466319056,0.7261469162521106,-2.446717205770308,299.6
,,0.013814184684533812,0.08657733607810544,0.018836880736275475,0.11922840149891473,0.1982191631026031,0.11586320466319056,0.7261469162521106,-2.446717205770308,299.7
,,0.013814184684533812,0.08657733607810544,0.018836880736275475,0.11922840149891473,0.19705413733986107,0.11586320466319056,0.7261469162521106,-2.446717205770308,299.8
,,0.013814184684533812,0.08657733607810544,0.018836880736275475,0.11922840149891473,0.1960453612790784,0.11586320466319056,0.7261469162521106,-2.446717205770308,299.9
,,0.014084450926864703,0.09381610061226976,0.012625106671961872,0.12052565821109634,0.19492296340822426,0.11685852735353908,0.7783911077917886,-2.366418789381404,300.0
,,0.014084450926864703,0.09381610061226976,0.012625106671961872,0.12052565821109634,0.19380056553737005,0.11685852735353908,0.7783911077917886,-2.366418789381404,300.1
,,0.010326876196128704,0.056845516284625225,0.01605710360677512,0.08322949608752905,0.19305813552636572,0.12407712027077938,0.6829972420455739,-2.8674179311197636,300.2
,,0.010326876196128704,0.056845516284625225,0.01605710360677512,0.08322949608752905,0.1923157055153614,0.12407712027077938,0.6829972420455739,-2.8674179311197636,300.3
,,0.010326876196128704,0.056845516284625225,0.01605710360677512,0.08322949608752905,0.19157327550435704,0.12407712027077938,0.6829972420455739,-2.8674179311197636,300.4
,,0.010326876196128704,0.056845516284625225,0.01605710360677512,0.08322949608752905,0.19083084549335272,0.12407712027077938,0.6829972420455739,-2.8674179311197636,300.5
,,0.010326876196128704,0.056845516284625225,0.01605710360677512,0.08322949608752905,0.1900884154823484,0.12407712027077938,0.6829972420455739,-2.8674179311197636,300.6
,,0.010326876196128704,0.056845516284625225,0.01605710360677512,0.08322949608752905,0.18934598547134404,0.12407712027077938,0.6829972420455739,-2.8674179311197636,300.7
,,0.010326876196128704,0.056845516284625225,0.01605710360677512,0.08322949608752905,0.18860355546033972,0.12407712027077938,0.6829972420455739,-2.8674179311197636,300.8
,,0.010326876196128704,0.056845516284625225,0.01605710360677512,0.08322949608752905,0.18840902143229987,0.12407712027077938,0.6829972420455739,-2.8674179311197636,300.9
,,0.010326876196128704,0.056845516284625225,0.01605710360677512,0.08322949608752905,0.18821448740426003,0.12407712027077938,0.6829972420455739,-2.8674179311197636,301.0
,,0.015186998308130995,0.09499387847457409,0.013984285192097063,0.12416516197480215,0.18775739696315288,0.12231287799723578,0.7650606415175617,-2.3539428265675024,301.1
,,0.015186998308130995,0.09499387847457409,0.013984285192097063,0.12416516197480215,0.18730030652204574,0.12231287799723578,0.7650606415175617,-2.3539428265675024,301.2
,,0.015733231532511452,0.08683488303499803,0.021447481637312964,0.12401559620482244,0.18709998922988536,0.12686494291029868,0.7001932474007765,-2.443746859763894,301.3
,,0.015733231532511452,0.08683488303499803,0.021447481637312964,0.12401559620482244,0.18689967193772497,0.12686494291029868,0.7001932474007765,-2.443746859763894,301.4
,,0.015733231532511452,0.08683488303499803,0.021447481637312964,0.12401559620482244,0.1866993546455646,0.12686494291029868,0.7001932474007765,-2.443746859763894,301.5
,,0.015733231532511452,0.08683488303499803,0.021447481637312964,0.12401559620482244,0.18649903735340423,0.12686494291029868,0.7001932474007765,-2.443746859763894,301.6
,,0.015733231532511452,0.08683488303499803,0.021447481637312964,0.12401559620482244,0.18629872006124387,0.12686494291029868,0.7001932474007765,-2.443746859763894,301.7
,,0.015733231532511452,0.08683488303499803,0.021447481637312964,0.12401559620482244,0.1860984027690835,0.12686494291029868,0.7001932474007765,-2.443746859763894,301.8
,,0.015733231532511452,0.08683488303499803,0.021447481637312964,0.12401559620482244,0.18584633426197264,0.12686494291029868,0.7001932474007765,-2.443746859763894,301.9
,,0.015733231532511452,0.08683488303499803,0.021447481637312964,0.12401559620482244,0.1855942657548618,0.12686494291029868,0.7001932474007765,-2.443746859763894,302.0
,,,0.09460098972534915,0.015609040942794292,0.11021003066814344,0.18577739424908898,,0.8583700517260981,-2.35808734076604,302.1
,,,0.09460098972534915,0.015609040942794292,0.11021003066814344,0.18596504443453166,,0.8583700517260981,-2.35808734076604,302.2
,,,0.09460098972534915,0.015609040942794292,0.11021003066814344,0.18615738587461042,,0.8583700517260981,-2.35808734076604,302.3
,,0.015261815896844009,0.08248646420448506,0.022033289558696042,0.11978156966002512,0.18633794006496573,0.12741372433306286,0.6886407018926668,-2.495121069351163,302.4
,,0.015261815896844009,0.08248646420448506,0.022033289558696042,0.11978156966002512,0.18651849425532105,0.12741372433306286,0.6886407018926668,-2.495121069351163,302.5
,,0.015261815896844009,0.08248646420448506,0.022033289558696042,0.11978156966002512,0.1866990484456764,0.12741372433306286,0.6886407018926668,-2.495121069351163,302.6
,,0.015261815896844009,0.08248646420448506,0.022033289558696042,0.11978156966002512,0.1868796026360317,0.12741372433306286,0.6886407018926668,-2.495121069351163,302.7
,,0.015261815896844009,0.08248646420448506,0.022033289558696042,0.11978156966002512,0.18706015682638705,0.12741372433306286,0.6886407018926668,-2.495121069351163,302.8
,,0.015261815896844009,0.08248646420448506,0.022033289558696042,0.11978156966002512,0.1856227583264814,0.12741372433306286,0.6886407018926668,-2.495121069351163,302.9
,,0.015261815896844009,0.08248646420448506,0.022033289558696042,0.11978156966002512,0.18418535982657577,0.12741372433306286,0.6886407018926668,-2.495121069351163,303.0
,,0.015261815896844009,0.08248646420448506,0.022033289558696042,0.11978156966002512,0.18274796132667018,0.12741372433306286,0.6886407018926668,-2.495121069351163,303.1
,,,0.09092456298831528,0.017379314211501833,0.10830387719981711,0.18126358179347477,,0.8395319294115614,-2.397725094408066,303.2
,,,0.09092456298831528,0.017379314211501833,0.10830387719981711,0.1803011554477718,,0.8395319294115614,-2.397725094408066,303.3
,,0.016127416744452748,0.08996589680841818,0.02429866949641841,0.13039198304928934,0.17931306069330433,0.12368411283657248,0.689964940363015,-2.408324604812754,303.4
,,0.016127416744452748,0.08996589680841818,0.02429866949641841,0.13039198304928934,0.17832496593883684,0.12368411283657248,0.689964940363015,-2.408324604812754,303.5
,,0.016127416744452748,0.08996589680841818,0.02429866949641841,0.13039198304928934,0.1773368711843694,0.12368411283657248,0.689964940363015,-2.408324604812754,303.6
,,0.016127416744452748,0.08996589680841818,0.02429866949641841,0.13039198304928934,0.1763487764299019,0.12368411283657248,0.689964940363015,-2.408324604812754,303.7
,,0.016127416744452748,0.08996589680841818,0.02429866949641841,0.13039198304928934,0.17536068167543445,0.12368411283657248,0.689964940363015,-2.408324604812754,303.8
,,0.016127416744452748,0.08996589680841818,0.02429866949641841,0.13039198304928934,0.17437258692096697,0.12368411283657248,0.689964940363015,-2.408324604812754,303.9
,,0.016127416744452748,0.08996589680841818,0.02429866949641841,0.13039198304928934,0.17451985858326202,0.12368411283657248,0.689964940363015,-2.408324604812754,304.0
,,0.016127416744452748,0.08996589680841818,0.02429866949641841,0.13039198304928934,0.17466713024555705,0.12368411283657248,0.689964940363015,-2.408324604812754,304.1
,,0.014753080113627902,0.09558795068213254,0.016125326571329358,0.1264663573670898,0.17449490099336865,0.11665616390614157,0.7558369883673686,-2.347708505758177,304.2
,,0.015327168582847056,0.08878121365843616,0.024112426195080312,0.12822080843636352,0.17455727941470128,0.11953729484129706,0.692408780923407,-2.4215802092660357,304.3
,,0.015327168582847056,0.08878121365843616,0.024112426195080312,0.12822080843636352,0.17461965783603395,0.11953729484129706,0.692408780923407,-2.4215802092660357,304.4
,,0.015327168582847056,0.08878121365843616,0.024112426195080312,0.12822080843636352,0.17459459600411933,0.11953729484129706,0.692408780923407,-2.4215802092660357,304.5
,,0.015327168582847056,0.08878121365843616,0.024112426195080312,0.12822080843636352,0.17457016071800258,0.11953729484129706,0.692408780923407,-2.4215802092660357,304.6
,,0.015327168582847056,0.08878121365843616,0.024112426195080312,0.12822080843636352,0.17454632877228374,0.11953729484129706,0.692408780923407,-2.4215802092660357,304.7
,,0.015327168582847056,0.08878121365843616,0.024112426195080312,0.12822080843636352,0.17452307809353368,0.11953729484129706,0.692408780923407,-2.4215802092660357,304.8
,,0.015327168582847056,0.08878121365843616,0.024112426195080312,0.12822080843636352,0.17450038767210288,0.11953729484129706,0.692408780923407,-2.4215802092660357,304.9
,,0.015327168582847056,0.08878121365843616,0.024112426195080312,0.12822080843636352,0.17385149245819415,0.11953729484129706,0.692408780923407,-2.4215802092660357,305.0
,,0.015327168582847056,0.08878121365843616,0.024112426195080312,0.12822080843636352,0.17320259724428544,0.11953729484129706,0.692408780923407,-2.4215802092660357,305.1
,,0.015327168582847056,0.08878121365843616,0.024112426195080312,0.12822080843636352,0.1725537020303767,0.11953729484129706,0.692408780923407,-2.4215802092660357,305.2
,,0.015327168582847056,0.08878121365843616,0.024112426195080312,0.12822080843636352,0.17190480681646797,0.11953729484129706,0.692408780923407,-2.4215802092660357,305.3
,,0.014911943699757154,0.08800142590566266,0.023820576651055175,0.126733946256475,0.17121749457685936,0.11766337386495833,0.6943792764692401,-2.430402261161766,305.4
,,0.014911943699757154,0.08800142590566266,0.023820576651055175,0.126733946256475,0.17053018233725076,0.11766337386495833,0.6943792764692401,-2.430402261161766,305.5
,,0.014911943699757154,0.08800142590566266,0.023820576651055175,0.126733946256475,0.16984287009764218,0.11766337386495833,0.6943792764692401,-2.430402261161766,305.6
,,0.014911943699757154,0.08800142590566266,0.023820576651055175,0.126733946256475,0.16964776868905102,0.11766337386495833,0.6943792764692401,-2.430402261161766,305.7
,,0.014911943699757154,0.08800142590566266,0.023820576651055175,0.126733946256475,0.16945266728045988,0.11766337386495833,0.6943792764692401,-2.430402261161766,305.8
,,0.014911943699757154,0.08800142590566266,0.023820576651055175,0.126733946256475,0.16925756587186877,0.11766337386495833,0.6943792764692401,-2.430402261161766,305.9
,,0.014911943699757154,0.08800142590566266,0.023820576651055175,0.126733946256475,0.1694694071896011,0.11766337386495833,0.6943792764692401,-2.430402261161766,306.0
,,0.014911943699757154,0.08800142590566266,0.023820576651055175,0.126733946256475,0.16968124850733346,0.11766337386495833,0.6943792764692401,-2.430402261161766,306.1
,,0.014911943699757154,0.08800142590566266,0.023820576651055175,0.126733946256475,0.1698930898250658,0.11766337386495833,0.6943792764692401,-2.430402261161766,306.2
,,0.01493005091283814,0.07536511584919052,0.025852664177215455,0.1161478309392441,0.1704501332940561,0.1285435189973364,0.6488723486245158,-2.5854107655458707,306.3
,,0.01493005091283814,0.07536511584919052,0.025852664177215455,0.1161478309392441,0.1710071767630464,0.1285435189973364,0.6488723486245158,-2.5854107655458707,306.4
,,0.014685612850858261,0.08581472894803775,0.02254069325352369,0.1230410350524197,0.17123926448398832,0.11935540728019467,0.6974480417161456,-2.4555646211601068,306.5
,,0.014685612850858261,0.08581472894803775,0.02254069325352369,0.1230410350524197,0.17147135220493026,0.11935540728019467,0.6974480417161456,-2.4555646211601068,306.6
,,0.014685612850858261,0.08581472894803775,0.02254069325352369,0.1230410350524197,0.17170343992587217,0.11935540728019467,0.6974480417161456,-2.4555646211601068,306.7
,,0.014685612850858261,0.08581472894803775,0.02254069325352369,0.1230410350524197,0.1719355276468141,0.11935540728019467,0.6974480417161456,-2.4555646211601068,306.8
,,0.014685612850858261,0.08581472894803775,0.02254069325352369,0.1230410350524197,0.17192595721587686,0.11935540728019467,0.6974480417161456,-2.4555646211601068,306.9
,,0.014685612850858261,0.08581472894803775,0.02254069325352369,0.1230410350524197,0.1719166119715499,0.11935540728019467,0.6974480417161456,-2.4555646211601068,307.0
,,0.014685612850858261,0.08581472894803775,0.02254069325352369,0.1230410350524197,0.17211718325666844,0.11935540728019467,0.6974480417161456,-2.4555646211601068,307.1
,,0.014685612850858261,0.08581472894803775,0.02254069325352369,0.1230410350524197,0.17231775454178702,0.11935540728019467,0.6974480417161456,-2.4555646211601068,307.2
,,0.013721030199331356,0.08299123101284066,0.02173828277651055,0.11845054398868256,0.17245008432942782,0.11583762925261315,0.7006403535028941,-2.489020327214644,307.3
,,0.013721030199331356,0.08299123101284066,0.02173828277651055,0.11845054398868256,0.17258241411706862,0.11583762925261315,0.7006403535028941,-2.489020327214644,307.4
,,0.013721030199331356,0.08299123101284066,0.02173828277651055,0.11845054398868256,0.17271474390470942,0.11583762925261315,0.7006403535028941,-2.489020327214644,307.5
,,0.01491327659583955,0.08456297217981049,0.02134823471053664,0.12082448348618667,0.17297679097686625,0.12342926007661782,0.6998827533947471,-2.4702587892699954,307.6
,,0.01491327659583955,0.08456297217981049,0.02134823471053664,0.12082448348618667,0.17323883804902307,0.12342926007661782,0.6998827533947471,-2.4702587892699954,307.7
,,0.01491327659583955,0.08456297217981049,0.02134823471053664,0.12082448348618667,0.1735008851211799,0.12342926007661782,0.6998827533947471,-2.4702587892699954,307.8
,,0.01491327659583955,0.08456297217981049,0.02134823471053664,0.12082448348618667,0.17376293219333672,0.12342926007661782,0.6998827533947471,-2.4702587892699954,307.9
,,0.01491327659583955,0.08456297217981049,0.02134823471053664,0.12082448348618667,0.17389941285859362,0.12342926007661782,0.6998827533947471,-2.4702587892699954,308.0
,,0.01491327659583955,0.08456297217981049,0.02134823471053664,0.12082448348618667,0.17403589352385052,0.12342926007661782,0.6998827533947471,-2.4702587892699954,308.1
,,0.01491327659583955,0.08456297217981049,0.02134823471053664,0.12082448348618667,0.17423351883355923,0.12342926007661782,0.6998827533947471,-2.4702587892699954,308.2
,,0.013514690587358023,0.0810303534891477,0.020627615344752256,0.11517265942125797,0.1743185380057922,0.11734287160919331,0.7035554609603079,-2.5129314600711883,308.3
,,0.013514690587358023,0.0810303534891477,0.020627615344752256,0.11517265942125797,0.1744035571780252,0.11734287160919331,0.7035554609603079,-2.5129314600711883,308.4
,,0.013514690587358023,0.0810303534891477,0.020627615344752256,0.11517265942125797,0.17448857635025816,0.11734287160919331,0.7035554609603079,-2.5129314600711883,308.5
,,0.013514690587358023,0.0810303534891477,0.020627615344752256,0.11517265942125797,0.17457359552249116,0.11734287160919331,0.7035554609603079,-2.5129314600711883,308.6
,,0.01559359560984604,0.08401751578827096,0.02025733317276168,0.11986844457087868,0.17487995363471862,0.13008924630389682,0.7009143739959942,-2.4767299805874257,308.7
,,0.01559359560984604,0.08401751578827096,0.02025733317276168,0.11986844457087868,0.17518631174694607,0.13008924630389682,0.7009143739959942,-2.4767299805874257,308.8
,,0.01559359560984604,0.08401751578827096,0.02025733317276168,0.11986844457087868,0.17549266985917353,0.13008924630389682,0.7009143739959942,-2.4767299805874257,308.9
,,0.01559359560984604,0.08401751578827096,0.02025733317276168,0.11986844457087868,0.1759099763271179,0.13008924630389682,0.7009143739959942,-2.4767299805874257,309.0
,,0.01559359560984604,0.08401751578827096,0.02025733317276168,0.11986844457087868,0.17632728279506224,0.13008924630389682,0.7009143739959942,-2.4767299805874257,309.1
,,0.01559359560984604,0.08401751578827096,0.02025733317276168,0.11986844457087868,0.1763735618233885,0.13008924630389682,0.7009143739959942,-2.4767299805874257,309.2
,,0.01741863335833238,0.0795553564003327,0.023522890491024545,0.12049688024968963,0.17681219977568421,0.14455671650783047,0.6602275198783631,-2.5313021927086177,309.3
,,0.01741863335833238,0.0795553564003327,0.023522890491024545,0.12049688024968963,0.17725083772797992,0.14455671650783047,0.6602275198783631,-2.5313021927086177,309.4
,,0.01741863335833238,0.0795553564003327,0.023522890491024545,0.12049688024968963,0.1776894756802756,0.14455671650783047,0.6602275198783631,-2.5313021927086177,309.5
,,0.01741863335833238,0.0795553564003327,0.023522890491024545,0.12049688024968963,0.17812811363257133,0.14455671650783047,0.6602275198783631,-2.5313021927086177,309.6
,,0.013444190534090442,0.08570158158814903,0.01729159614286977,0.11643736826510925,0.17783642558769333,0.1154628512685049,0.7360315924782862,-2.4568839986111315,309.7
,,0.013444190534090442,0.08570158158814903,0.01729159614286977,0.11643736826510925,0.17754473754281536,0.1154628512685049,0.7360315924782862,-2.4568839986111315,309.8
,,0.013444190534090442,0.08570158158814903,0.01729159614286977,0.11643736826510925,0.17725304949793735,0.1154628512685049,0.7360315924782862,-2.4568839986111315,309.9
,,0.013444190534090442,0.08570158158814903,0.01729159614286977,0.11643736826510925,0.17696136145305938,0.1154628512685049,0.7360315924782862,-2.4568839986111315,310.0
,,0.013444190534090442,0.08570158158814903,0.01729159614286977,0.11643736826510925,0.17692605202329417,0.1154628512685049,0.7360315924782862,-2.4568839986111315,310.1
,,0.013444190534090442,0.08570158158814903,0.01729159614286977,0.11643736826510925,0.176890742593529,0.1154628512685049,0.7360315924782862,-2.4568839986111315,310.2
,,0.013768073220541155,0.0791636596855333,0.019599857262143208,0.11253159016821766,0.17680525431780292,0.12234851742484021,0.7034794369047449,-2.5362379278164995,310.3
,,0.013768073220541155,0.0791636596855333,0.019599857262143208,0.11253159016821766,0.17671976604207687,0.12234851742484021,0.7034794369047449,-2.5362379278164995,310.4
,,0.013768073220541155,0.0791636596855333,0.019599857262143208,0.11253159016821766,0.1766342777663508,0.12234851742484021,0.7034794369047449,-2.5362379278164995,310.5
,,0.013768073220541155,0.0791636596855333,0.019599857262143208,0.11253159016821766,0.17654878949062475,0.12234851742484021,0.7034794369047449,-2.5362379278164995,310.6
,,0.01772230249398195,0.08524454542530381,0.017206338751493477,0.12017318667077924,0.17686307108036856,0.14747301777503105,0.7093474658272625,-2.462231148146422,310.7
,,0.01772230249398195,0.08524454542530381,0.017206338751493477,0.12017318667077924,0.17717735267011242,0.14747301777503105,0.7093474658272625,-2.462231148146422,310.8
,,0.01772230249398195,0.08524454542530381,0.017206338751493477,0.12017318667077924,0.17749163425985628,0.14747301777503105,0.7093474658272625,-2.462231148146422,310.9
,,0.01772230249398195,0.08524454542530381,0.017206338751493477,0.12017318667077924,0.17780591584960012,0.14747301777503105,0.7093474658272625,-2.462231148146422,311.0
,,0.01772230249398195,0.08524454542530381,0.017206338751493477,0.12017318667077924,0.17815584180901078,0.14747301777503105,0.7093474658272625,-2.462231148146422,311.1
,,0.01772230249398195,0.08524454542530381,0.017206338751493477,0.12017318667077924,0.17849772349349247,0.14747301777503105,0.7093474658272625,-2.462231148146422,311.2
,,0.01772230249398195,0.08524454542530381,0.017206338751493477,0.12017318667077924,0.1788318351396905,0.14747301777503105,0.7093474658272625,-2.462231148146422,311.3
,,0.019333406441209185,0.08102116067391274,0.019799064200141336,0.12015363131526326,0.1794409218153932,0.16090571903300638,0.6743130422860597,-2.513044915539868,311.4
,,0.019333406441209185,0.08102116067391274,0.019799064200141336,0.12015363131526326,0.1800500084910959,0.16090571903300638,0.6743130422860597,-2.513044915539868,311.5
,,0.019333406441209185,0.08102116067391274,0.019799064200141336,0.12015363131526326,0.18065909516679854,0.16090571903300638,0.6743130422860597,-2.513044915539868,311.6
,,0.019333406441209185,0.08102116067391274,0.019799064200141336,0.12015363131526326,0.18126818184250124,0.16090571903300638,0.6743130422860597,-2.513044915539868,311.7
,,0.01879539913605902,0.08621587101533502,0.015371260617722114,0.12038253076911615,0.18164297582532402,0.15613061975002884,0.7161825761969568,-2.450900999752855,311.8
,,0.01879539913605902,0.08621587101533502,0.015371260617722114,0.12038253076911615,0.18201776980814682,0.15613061975002884,0.7161825761969568,-2.450900999752855,311.9
,,0.01879539913605902,0.08621587101533502,0.015371260617722114,0.12038253076911615,0.1823925637909696,0.15613061975002884,0.7161825761969568,-2.450900999752855,312.0
,,0.01879539913605902,0.08621587101533502,0.015371260617722114,0.12038253076911615,0.18276735777379238,0.15613061975002884,0.7161825761969568,-2.450900999752855,312.1
,,0.01879539913605902,0.08621587101533502,0.015371260617722114,0.12038253076911615,0.18316327437122237,0.15613061975002884,0.7161825761969568,-2.450900999752855,312.2
,,0.01879539913605902,0.08621587101533502,0.015371260617722114,0.12038253076911615,0.18355039282204283,0.15613061975002884,0.7161825761969568,-2.450900999752855,312.3
,,0.02030248902474126,0.08156207342919193,0.01816847671177214,0.12003303916570533,0.18432438461770428,0.16914083960428364,0.6794968618314803,-2.50639091146572,312.4
,,0.02030248902474126,0.08156207342919193,0.01816847671177214,0.12003303916570533,0.18509837641336566,0.16914083960428364,0.6794968618314803,-2.50639091146572,312.5
,,0.02030248902474126,0.08156207342919193,0.01816847671177214,0.12003303916570533,0.18587236820902708,0.16914083960428364,0.6794968618314803,-2.50639091146572,312.6
,,0.02030248902474126,0.08156207342919193,0.01816847671177214,0.12003303916570533,0.1866463600046885,0.16914083960428364,0.6794968618314803,-2.50639091146572,312.7
,,0.01955305090566715,0.08704235998539883,0.013558021929550067,0.12015343282061605,0.1871505476719783,0.1627340180522268,0.7244267428908948,-2.441360382439241,312.8
,,0.01955305090566715,0.08704235998539883,0.013558021929550067,0.12015343282061605,0.18765473533926813,0.1627340180522268,0.7244267428908948,-2.441360382439241,312.9
,,0.01955305090566715,0.08704235998539883,0.013558021929550067,0.12015343282061605,0.18815892300655798,0.1627340180522268,0.7244267428908948,-2.441360382439241,313.0
,,0.01955305090566715,0.08704235998539883,0.013558021929550067,0.12015343282061605,0.18866311067384778,0.1627340180522268,0.7244267428908948,-2.441360382439241,313.1
,,0.01955305090566715,0.08704235998539883,0.013558021929550067,0.12015343282061605,0.1894441991336899,0.1627340180522268,0.7244267428908948,-2.441360382439241,313.2
,,0.01955305090566715,0.08704235998539883,0.013558021929550067,0.12015343282061605,0.19002196094314708,0.1627340180522268,0.7244267428908948,-2.441360382439241,313.3
,,0.01955305090566715,0.08704235998539883,0.013558021929550067,0.12015343282061605,0.1905997227526043,0.1627340180522268,0.7244267428908948,-2.441360382439241,313.4
,,0.020683824951926062,0.08224876044252927,0.01657392579355682,0.11950651118801214,0.19147571266624724,0.17307697083873103,0.6882366460613382,-2.4980069600577655,313.5
,,0.020683824951926062,0.08224876044252927,0.01657392579355682,0.11950651118801214,0.1923517025798902,0.17307697083873103,0.6882366460613382,-2.4980069600577655,313.6
,,0.020683824951926062,0.08224876044252927,0.01657392579355682,0.11950651118801214,0.1932276924935331,0.17307697083873103,0.6882366460613382,-2.4980069600577655,313.7
,,0.019569867078092648,0.08829928606383473,0.011640899560438824,0.1195100527023662,0.19377204046666874,0.1637508028452671,0.7388440057317996,-2.4270232567521943,313.8
,,0.019569867078092648,0.08829928606383473,0.011640899560438824,0.1195100527023662,0.19431638843980434,0.1637508028452671,0.7388440057317996,-2.4270232567521943,313.9
,,0.019569867078092648,0.08829928606383473,0.011640899560438824,0.1195100527023662,0.19486073641293997,0.1637508028452671,0.7388440057317996,-2.4270232567521943,314.0
,,0.019569867078092648,0.08829928606383473,0.011640899560438824,0.1195100527023662,0.1954050843860756,0.1637508028452671,0.7388440057317996,-2.4270232567521943,314.1
,,0.019569867078092648,0.08829928606383473,0.011640899560438824,0.1195100527023662,0.19594943235921122,0.1637508028452671,0.7388440057317996,-2.4270232567521943,314.2
,,0.019569867078092648,0.08829928606383473,0.011640899560438824,0.1195100527023662,0.1964937803323468,0.1637508028452671,0.7388440057317996,-2.4270232567521943,314.3
,,0.02037586078277995,0.083127092227986,0.014953107851457115,0.11845606086222307,0.19733451152950268,0.1720119733381919,0.7017546558860471,-2.4873846106628874,314.4
,,0.02037586078277995,0.083127092227986,0.014953107851457115,0.11845606086222307,0.19817524272665857,0.1720119733381919,0.7017546558860471,-2.4873846106628874,314.5
,,0.02037586078277995,0.083127092227986,0.014953107851457115,0.11845606086222307,0.19901597392381443,0.1720119733381919,0.7017546558860471,-2.4873846106628874,314.6
,,0.02037586078277995,0.083127092227986,0.014953107851457115,0.11845606086222307,0.19985670512097034,0.1720119733381919,0.7017546558860471,-2.4873846106628874,314.7
,,0.018989912327916598,0.0887841026142733,0.010229951736769837,0.11800396667895974,0.20035045506991922,0.1609260507282805,0.7523823572458233,-2.421547669624871,314.8
,,0.018989912327916598,0.0887841026142733,0.010229951736769837,0.11800396667895974,0.20084420501886818,0.1609260507282805,0.7523823572458233,-2.421547669624871,314.9
,,0.018989912327916598,0.0887841026142733,0.010229951736769837,0.11800396667895974,0.20133795496781712,0.1609260507282805,0.7523823572458233,-2.421547669624871,315.0
,,0.018989912327916598,0.0887841026142733,0.010229951736769837,0.11800396667895974,0.20183170491676605,0.1609260507282805,0.7523823572458233,-2.421547669624871,315.1
,,0.018989912327916598,0.0887841026142733,0.010229951736769837,0.11800396667895974,0.202325454865715,0.1609260507282805,0.7523823572458233,-2.421547669624871,315.2
,,0.018989912327916598,0.0887841026142733,0.010229951736769837,0.11800396667895974,0.20250085171961496,0.1609260507282805,0.7523823572458233,-2.421547669624871,315.3
,,0.019611840292640577,0.0825853143831191,0.014076615219998275,0.11627376989575795,0.20293830464097057,0.16866951428704025,0.7102660768388149,-2.4939234062339946,315.4
,,0.019611840292640577,0.0825853143831191,0.014076615219998275,0.11627376989575795,0.2036754389744152,0.16866951428704025,0.7102660768388149,-2.4939234062339946,315.5
,,0.019611840292640577,0.0825853143831191,0.014076615219998275,0.11627376989575795,0.20441257330785992,0.16866951428704025,0.7102660768388149,-2.4939234062339946,315.6
,,0.019611840292640577,0.0825853143831191,0.014076615219998275,0.11627376989575795,0.20514970764130455,0.16866951428704025,0.7102660768388149,-2.4939234062339946,315.7
,,0.018044271542624026,0.08722307346263082,0.009700645030306543,0.1149679900355614,0.20554685617624857,0.15695039581924197,0.7586726830281313,-2.439286379139396,315.8
,,0.018044271542624026,0.08722307346263082,0.009700645030306543,0.1149679900355614,0.20594400471119248,0.15695039581924197,0.7586726830281313,-2.439286379139396,315.9
,,0.018044271542624026,0.08722307346263082,0.009700645030306543,0.1149679900355614,0.20634115324613647,0.15695039581924197,0.7586726830281313,-2.439286379139396,316.0
,,0.018044271542624026,0.08722307346263082,0.009700645030306543,0.1149679900355614,0.2067383017810804,0.15695039581924197,0.7586726830281313,-2.439286379139396,316.1
,,0.018044271542624026,0.08722307346263082,0.009700645030306543,0.1149679900355614,0.2071354503160244,0.15695039581924197,0.7586726830281313,-2.439286379139396,316.2
,,0.018044271542624026,0.08722307346263082,0.009700645030306543,0.1149679900355614,0.2075970491541418,0.15695039581924197,0.7586726830281313,-2.439286379139396,316.3
,,0.018044271542624026,0.08722307346263082,0.009700645030306543,0.1149679900355614,0.20805864799225915,0.15695039581924197,0.7586726830281313,-2.439286379139396,316.4
,,0.018624415002522134,0.08043071435361891,0.014144330890885,0.11319946024702605,0.20879450808988537,0.16452741878697633,0.7105220659012106,-2.5203591564244014,316.5
,,0.018624415002522134,0.08043071435361891,0.014144330890885,0.11319946024702605,0.209407857418802,0.16452741878697633,0.7105220659012106,-2.5203591564244014,316.6
,,0.018624415002522134,0.08043071435361891,0.014144330890885,0.11319946024702605,0.2100212067477187,0.16452741878697633,0.7105220659012106,-2.5203591564244014,316.7
,,0.016883532250528677,0.08462764741884608,0.009550343966881428,0.11106152363625618,0.21027839216588787,0.1520196346830688,0.7619888927151299,-2.469494264116778,316.8
,,0.016883532250528677,0.08462764741884608,0.009550343966881428,0.11106152363625618,0.21053557758405708,0.1520196346830688,0.7619888927151299,-2.469494264116778,316.9
,,0.016883532250528677,0.08462764741884608,0.009550343966881428,0.11106152363625618,0.2107927630022263,0.1520196346830688,0.7619888927151299,-2.469494264116778,317.0
,,0.016883532250528677,0.08462764741884608,0.009550343966881428,0.11106152363625618,0.21104994842039557,0.1520196346830688,0.7619888927151299,-2.469494264116778,317.1
,,0.016883532250528677,0.08462764741884608,0.009550343966881428,0.11106152363625618,0.21130713383856478,0.1520196346830688,0.7619888927151299,-2.469494264116778,317.2
,,0.016883532250528677,0.08462764741884608,0.009550343966881428,0.11106152363625618,0.21167066949768326,0.1520196346830688,0.7619888927151299,-2.469494264116778,317.3
,,0.016883532250528677,0.08462764741884608,0.009550343966881428,0.11106152363625618,0.21203420515680177,0.1520196346830688,0.7619888927151299,-2.469494264116778,317.4
,,0.017432760050205314,0.07836975473510727,0.013853166823418995,0.10965568160873158,0.21265261533235985,0.15897726223077155,0.7146894131281101,-2.5463172074985367,317.5
,,0.017432760050205314,0.07836975473510727,0.013853166823418995,0.10965568160873158,0.21327102550791793,0.15897726223077155,0.7146894131281101,-2.5463172074985367,317.6
,,0.017432760050205314,0.07836975473510727,0.013853166823418995,0.10965568160873158,0.21368039335125896,0.15897726223077155,0.7146894131281101,-2.5463172074985367,317.7
,,0.01596951358506667,0.08195783445457352,0.009782969194546904,0.1077103172341871,0.21378318245001726,0.1482635461034365,0.760909786166336,-2.501550377939842,317.8
,,0.01596951358506667,0.08195783445457352,0.009782969194546904,0.1077103172341871,0.2138859715487756,0.1482635461034365,0.760909786166336,-2.501550377939842,317.9
,,0.01596951358506667,0.08195783445457352,0.009782969194546904,0.1077103172341871,0.2139887606475339,0.1482635461034365,0.760909786166336,-2.501550377939842,318.0
,,0.01596951358506667,0.08195783445457352,0.009782969194546904,0.1077103172341871,0.21409154974629224,0.1482635461034365,0.760909786166336,-2.501550377939842,318.1
,,0.01596951358506667,0.08195783445457352,0.009782969194546904,0.1077103172341871,0.21419433884505057,0.1482635461034365,0.760909786166336,-2.501550377939842,318.2
,,0.01596951358506667,0.08195783445457352,0.009782969194546904,0.1077103172341871,0.21392656673783772,0.1482635461034365,0.760909786166336,-2.501550377939842,318.3
,,0.01596951358506667,0.08195783445457352,0.009782969194546904,0.1077103172341871,0.2136587946306249,0.1482635461034365,0.760909786166336,-2.501550377939842,318.4
,,0.016619877414784972,0.075752362628337,0.014628678880531031,0.107000918923653,0.2136637682888827,0.15532462320854964,0.7079599258618294,-2.580285645266021,318.5
,,0.016619877414784972,0.075752362628337,0.014628678880531031,0.107000918923653,0.21366874194714047,0.15532462320854964,0.7079599258618294,-2.580285645266021,318.6
,,0.016619877414784972,0.075752362628337,0.014628678880531031,0.107000918923653,0.21436346793606234,0.15532462320854964,0.7079599258618294,-2.580285645266021,318.7
,,0.0153263890395425,0.07914681341399134,0.01041287066233173,0.10488607311586558,0.21477205587715978,0.1461241572330746,0.7545979276634698,-2.5364507535541243,318.8
,,0.0153263890395425,0.07914681341399134,0.01041287066233173,0.10488607311586558,0.21518064381825716,0.1461241572330746,0.7545979276634698,-2.5364507535541243,318.9
,,0.0153263890395425,0.07914681341399134,0.01041287066233173,0.10488607311586558,0.2155892317593546,0.1461241572330746,0.7545979276634698,-2.5364507535541243,319.0
,,0.0153263890395425,0.07914681341399134,0.01041287066233173,0.10488607311586558,0.21599781970045204,0.1461241572330746,0.7545979276634698,-2.5364507535541243,319.1
,,0.0153263890395425,0.07914681341399134,0.01041287066233173,0.10488607311586558,0.21640640764154948,0.1461241572330746,0.7545979276634698,-2.5364507535541243,319.2
,,0.0153263890395425,0.07914681341399134,0.01041287066233173,0.10488607311586558,0.21662558481091457,0.1461241572330746,0.7545979276634698,-2.5364507535541243,319.3
,,0.0153263890395425,0.07914681341399134,0.01041287066233173,0.10488607311586558,0.2168447619802797,0.1461241572330746,0.7545979276634698,-2.5364507535541243,319.4
,,0.016046144085993252,0.07384508154907082,0.015331808661788428,0.10522303429685251,0.21732671286886418,0.15249649654394384,0.7017957811475098,-2.605785872776884,319.5
,,0.016046144085993252,0.07384508154907082,0.015331808661788428,0.10522303429685251,0.2178086637574487,0.15249649654394384,0.7017957811475098,-2.605785872776884,319.6
,,0.016046144085993252,0.07384508154907082,0.015331808661788428,0.10522303429685251,0.21791305421753385,0.15249649654394384,0.7017957811475098,-2.605785872776884,319.7
,,0.01228641781283197,0.07902386226990651,0.01244398403971141,0.10375426412244988,0.2173305849419863,0.11841843722520788,0.7616444773454635,-2.5380054180748064,319.8
,,0.01228641781283197,0.07902386226990651,0.01244398403971141,0.10375426412244988,0.21674811566643876,0.11841843722520788,0.7616444773454635,-2.5380054180748064,319.9
,,0.01228641781283197,0.07902386226990651,0.01244398403971141,0.10375426412244988,0.2161656463908912,0.11841843722520788,0.7616444773454635,-2.5380054180748064,320.0
,,0.01228641781283197,0.07902386226990651,0.01244398403971141,0.10375426412244988,0.21558317711534367,0.11841843722520788,0.7616444773454635,-2.5380054180748064,320.1
,,0.01228641781283197,0.07902386226990651,0.01244398403971141,0.10375426412244988,0.21500070783979608,0.11841843722520788,0.7616444773454635,-2.5380054180748064,320.2
,,0.01228641781283197,0.07902386226990651,0.01244398403971141,0.10375426412244988,0.21441823856424855,0.11841843722520788,0.7616444773454635,-2.5380054180748064,320.3
,,0.01228641781283197,0.07902386226990651,0.01244398403971141,0.10375426412244988,0.21349441213803907,0.11841843722520788,0.7616444773454635,-2.5380054180748064,320.4
,,0.015694154241284456,0.07297545356254698,0.015416466664408275,0.1040860744682397,0.2132326236610173,0.15078053737220432,0.7011067900808801,-2.6176321469471664,320.5
,,0.015694154241284456,0.07297545356254698,0.015416466664408275,0.1040860744682397,0.21297083518399557,0.15078053737220432,0.7011067900808801,-2.6176321469471664,320.6
,,0.015694154241284456,0.07297545356254698,0.015416466664408275,0.1040860744682397,0.21270904670697377,0.15078053737220432,0.7011067900808801,-2.6176321469471664,320.7
,,0.014927606573591313,0.07607281070679843,0.011368535412709173,0.10236895269309891,0.21246709057056093,0.14582162052926465,0.7431238545036595,-2.576064361703263,320.8
,,0.014927606573591313,0.07607281070679843,0.011368535412709173,0.10236895269309891,0.21222513443414806,0.14582162052926465,0.7431238545036595,-2.576064361703263,320.9
,,0.014927606573591313,0.07607281070679843,0.011368535412709173,0.10236895269309891,0.21198317829773516,0.14582162052926465,0.7431238545036595,-2.576064361703263,321.0
,,0.014927606573591313,0.07607281070679843,0.011368535412709173,0.10236895269309891,0.2117412221613223,0.14582162052926465,0.7431238545036595,-2.576064361703263,321.1
,,0.014927606573591313,0.07607281070679843,0.011368535412709173,0.10236895269309891,0.21149926602490943,0.14582162052926465,0.7431238545036595,-2.576064361703263,321.2
,,0.014927606573591313,0.07607281070679843,0.011368535412709173,0.10236895269309891,0.21125730988849653,0.14582162052926465,0.7431238545036595,-2.576064361703263,321.3
,,0.014927606573591313,0.07607281070679843,0.011368535412709173,0.10236895269309891,0.21067183405681358,0.14582162052926465,0.7431238545036595,-2.576064361703263,321.4
,,0.014519700321969102,0.07219603736832057,0.016490032787203766,0.10320577047749344,0.2101406586464452,0.14068690398600806,0.6995348906780818,-2.6283701186848263,321.5
,,0.014519700321969102,0.07219603736832057,0.016490032787203766,0.10320577047749344,0.2096094832360768,0.14068690398600806,0.6995348906780818,-2.6283701186848263,321.6
,,0.014519700321969102,0.07219603736832057,0.016490032787203766,0.10320577047749344,0.20907830782570835,0.14068690398600806,0.6995348906780818,-2.6283701186848263,321.7
,,0.014519700321969102,0.07219603736832057,0.016490032787203766,0.10320577047749344,0.20881693654371156,0.14068690398600806,0.6995348906780818,-2.6283701186848263,321.8
,,0.014609763063300812,0.07776717186478274,0.012129865206466464,0.10450680013455001,0.20840834868264904,0.13979724806893992,0.7441350396783689,-2.5540358923115667,321.9
,,0.014609763063300812,0.07776717186478274,0.012129865206466464,0.10450680013455001,0.2079997608215865,0.13979724806893992,0.7441350396783689,-2.5540358923115667,322.0
,,0.014609763063300812,0.07776717186478274,0.012129865206466464,0.10450680013455001,0.20759117296052396,0.13979724806893992,0.7441350396783689,-2.5540358923115667,322.1
,,0.014609763063300812,0.07776717186478274,0.012129865206466464,0.10450680013455001,0.20718258509946147,0.13979724806893992,0.7441350396783689,-2.5540358923115667,322.2
,,0.014609763063300812,0.07776717186478274,0.012129865206466464,0.10450680013455001,0.20677399723839893,0.13979724806893992,0.7441350396783689,-2.5540358923115667,322.3
,,0.014609763063300812,0.07776717186478274,0.012129865206466464,0.10450680013455001,0.2063654093773364,0.13979724806893992,0.7441350396783689,-2.5540358923115667,322.4
,,0.015699009777594364,0.07265408514081514,0.015327179407945235,0.10368027432635474,0.20597207566134648,0.1514175177447789,0.7007512818891821,-2.6220456601156754,322.5
,,0.015699009777594364,0.07265408514081514,0.015327179407945235,0.10368027432635474,0.20557874194535658,0.1514175177447789,0.7007512818891821,-2.6220456601156754,322.6
,,0.015699009777594364,0.07265408514081514,0.015327179407945235,0.10368027432635474,0.20518540822936668,0.1514175177447789,0.7007512818891821,-2.6220456601156754,322.7
,,0.015699009777594364,0.07265408514081514,0.015327179407945235,0.10368027432635474,0.20512371645388405,0.1514175177447789,0.7007512818891821,-2.6220456601156754,322.8
,,0.0154730844073833,0.07693619954030831,0.011141454648659455,0.10355073859635107,0.2048957686477442,0.14942514768241877,0.7429806931673532,-2.5647787779870344,322.9
,,0.0154730844073833,0.07693619954030831,0.011141454648659455,0.10355073859635107,0.2046678208416043,0.14942514768241877,0.7429806931673532,-2.5647787779870344,323.0
,,0.0154730844073833,0.07693619954030831,0.011141454648659455,0.10355073859635107,0.20443987303546435,0.14942514768241877,0.7429806931673532,-2.5647787779870344,323.1
,,0.0154730844073833,0.07693619954030831,0.011141454648659455,0.10355073859635107,0.20421192522932444,0.14942514768241877,0.7429806931673532,-2.5647787779870344,323.2
,,0.0154730844073833,0.07693619954030831,0.011141454648659455,0.10355073859635107,0.20398397742318458,0.14942514768241877,0.7429806931673532,-2.5647787779870344,323.3
,,0.01589885965415363,0.0726403065098207,0.014837072140932292,0.10337623830490662,0.20369235603803304,0.15379607456077274,0.7026789492530114,-2.6222353251244788,323.4
,,0.01589885965415363,0.0726403065098207,0.014837072140932292,0.10337623830490662,0.2034007346528815,0.15379607456077274,0.7026789492530114,-2.6222353251244788,323.5
,,0.01589885965415363,0.0726403065098207,0.014837072140932292,0.10337623830490662,0.20310911326772998,0.15379607456077274,0.7026789492530114,-2.6222353251244788,323.6
,,0.01589885965415363,0.0726403065098207,0.014837072140932292,0.10337623830490662,0.20281749188257842,0.15379607456077274,0.7026789492530114,-2.6222353251244788,323.7
,,0.01589885965415363,0.0726403065098207,0.014837072140932292,0.10337623830490662,0.20287285174563385,0.15379607456077274,0.7026789492530114,-2.6222353251244788,323.8
,,0.01589885965415363,0.0726403065098207,0.014837072140932292,0.10337623830490662,0.20292821160868924,0.15379607456077274,0.7026789492530114,-2.6222353251244788,323.9
,,0.016008101780258542,0.0785231468540829,0.010476857263962054,0.1050081058983035,0.20281683489315183,0.1524463434828717,0.7477817658203424,-2.544361833274511,324.0
,,0.016008101780258542,0.0785231468540829,0.010476857263962054,0.1050081058983035,0.20270545817761437,0.1524463434828717,0.7477817658203424,-2.544361833274511,324.1
,,0.016008101780258542,0.0785231468540829,0.010476857263962054,0.1050081058983035,0.20259408146207697,0.1524463434828717,0.7477817658203424,-2.544361833274511,324.2
,,0.016008101780258542,0.0785231468540829,0.010476857263962054,0.1050081058983035,0.20248270474653948,0.1524463434828717,0.7477817658203424,-2.544361833274511,324.3
,,0.016333220437885695,0.07398563911655304,0.013988810915265035,0.10430767046970377,0.20229701959156593,0.15658695438538905,0.7093019984378063,-2.6038842706037353,324.4
,,0.016333220437885695,0.07398563911655304,0.013988810915265035,0.10430767046970377,0.2021113344365924,0.15658695438538905,0.7093019984378063,-2.6038842706037353,324.5
,,0.016333220437885695,0.07398563911655304,0.013988810915265035,0.10430767046970377,0.2019256492816188,0.15658695438538905,0.7093019984378063,-2.6038842706037353,324.6
,,0.016333220437885695,0.07398563911655304,0.013988810915265035,0.10430767046970377,0.20173996412664527,0.15658695438538905,0.7093019984378063,-2.6038842706037353,324.7
,,0.016333220437885695,0.07398563911655304,0.013988810915265035,0.10430767046970377,0.20189426477017242,0.15658695438538905,0.7093019984378063,-2.6038842706037353,324.8
,,0.01654843252392353,0.08062486784931153,0.009749160748705453,0.10692246112194051,0.20187623402680718,0.15477040418150073,0.7540498694410176,-2.5179481429458503,324.9
,,0.01654843252392353,0.08062486784931153,0.009749160748705453,0.10692246112194051,0.20185820328344192,0.15477040418150073,0.7540498694410176,-2.5179481429458503,325.0
,,0.01654843252392353,0.08062486784931153,0.009749160748705453,0.10692246112194051,0.20184017254007666,0.15477040418150073,0.7540498694410176,-2.5179481429458503,325.1
,,0.01654843252392353,0.08062486784931153,0.009749160748705453,0.10692246112194051,0.2018221417967114,0.15477040418150073,0.7540498694410176,-2.5179481429458503,325.2
,,0.01654843252392353,0.08062486784931153,0.009749160748705453,0.10692246112194051,0.20180411105334614,0.15477040418150073,0.7540498694410176,-2.5179481429458503,325.3
,,0.020135161531484935,0.0723993535855606,0.012032094938239483,0.10456661005528502,0.20259563849116868,0.19255823174184714,0.6923754489820662,-2.6255579080065594,325.4
,,0.020135161531484935,0.0723993535855606,0.012032094938239483,0.10456661005528502,0.20311290466948242,0.19255823174184714,0.6923754489820662,-2.6255579080065594,325.5
,,0.020135161531484935,0.0723993535855606,0.012032094938239483,0.10456661005528502,0.2036301708477961,0.19255823174184714,0.6923754489820662,-2.6255579080065594,325.6
,,0.020135161531484935,0.0723993535855606,0.012032094938239483,0.10456661005528502,0.20414743702610982,0.19255823174184714,0.6923754489820662,-2.6255579080065594,325.7
,,0.020135161531484935,0.0723993535855606,0.012032094938239483,0.10456661005528502,0.205020867115171,0.19255823174184714,0.6923754489820662,-2.6255579080065594,325.8
,,0.020135161531484935,0.0723993535855606,0.012032094938239483,0.10456661005528502,0.20589429720423214,0.19255823174184714,0.6923754489820662,-2.6255579080065594,325.9
,,0.01708160834678633,0.08225521080844493,0.009791961508615917,0.10912878066384718,0.20598498866569098,0.15652707052050133,0.7537444321110692,-2.4979285380492278,326.0
,,0.01708160834678633,0.08225521080844493,0.009791961508615917,0.10912878066384718,0.20607568012714986,0.15652707052050133,0.7537444321110692,-2.4979285380492278,326.1
,,0.01708160834678633,0.08225521080844493,0.009791961508615917,0.10912878066384718,0.2061663715886087,0.15652707052050133,0.7537444321110692,-2.4979285380492278,326.2
,,0.01708160834678633,0.08225521080844493,0.009791961508615917,0.10912878066384718,0.2062570630500676,0.15652707052050133,0.7537444321110692,-2.4979285380492278,326.3
,,0.01708160834678633,0.08225521080844493,0.009791961508615917,0.10912878066384718,0.20634775451152648,0.15652707052050133,0.7537444321110692,-2.4979285380492278,326.4
,,0.02084143646659759,0.07013356457142958,0.011480649993768108,0.10245565103179527,0.2071780361076624,0.20341910140349237,0.6845260741124458,-2.6573537896709833,326.5
,,0.02084143646659759,0.07013356457142958,0.011480649993768108,0.10245565103179527,0.2080083177037983,0.20341910140349237,0.6845260741124458,-2.6573537896709833,326.6
,,0.02084143646659759,0.07013356457142958,0.011480649993768108,0.10245565103179527,0.20883859929993417,0.20341910140349237,0.6845260741124458,-2.6573537896709833,326.7
,,0.02084143646659759,0.07013356457142958,0.011480649993768108,0.10245565103179527,0.20997545964065284,0.20341910140349237,0.6845260741124458,-2.6573537896709833,326.8
,,0.02084143646659759,0.07013356457142958,0.011480649993768108,0.10245565103179527,0.21111231998137145,0.20341910140349237,0.6845260741124458,-2.6573537896709833,326.9
,,0.017556581213396604,0.08335502485074366,0.010705301848505627,0.11161690791264589,0.21128758430385167,0.15729320531918706,0.7467956818511702,-2.4846463854507777,327.0
,,0.017556581213396604,0.08335502485074366,0.010705301848505627,0.11161690791264589,0.21146284862633188,0.15729320531918706,0.7467956818511702,-2.4846463854507777,327.1
,,0.017556581213396604,0.08335502485074366,0.010705301848505627,0.11161690791264589,0.21163811294881205,0.15729320531918706,0.7467956818511702,-2.4846463854507777,327.2
,,0.017556581213396604,0.08335502485074366,0.010705301848505627,0.11161690791264589,0.2118133772712923,0.15729320531918706,0.7467956818511702,-2.4846463854507777,327.3
,,0.017556581213396604,0.08335502485074366,0.010705301848505627,0.11161690791264589,0.21198864159377248,0.15729320531918706,0.7467956818511702,-2.4846463854507777,327.4
,,0.020826948491089774,0.06673711244856695,0.011338302030802567,0.09890236297045929,0.21301838585024543,0.2105808988336354,0.6747777347695966,-2.7069940722741443,327.5
,,0.020826948491089774,0.06673711244856695,0.011338302030802567,0.09890236297045929,0.2140481301067184,0.2105808988336354,0.6747777347695966,-2.7069940722741443,327.6
,,0.020826948491089774,0.06673711244856695,0.011338302030802567,0.09890236297045929,0.21507787436319134,0.2105808988336354,0.6747777347695966,-2.7069940722741443,327.7
,,0.020826948491089774,0.06673711244856695,0.011338302030802567,0.09890236297045929,0.2163937566674887,0.2105808988336354,0.6747777347695966,-2.7069940722741443,327.8
,,0.017732276706879258,0.08333906898953049,0.011832384223712864,0.11290372992012261,0.21660628578698554,0.15705660671639926,0.7381427438091851,-2.484837824282164,327.9
,,0.017732276706879258,0.08333906898953049,0.011832384223712864,0.11290372992012261,0.21681881490648244,0.15705660671639926,0.7381427438091851,-2.484837824282164,328.0
,,0.017732276706879258,0.08333906898953049,0.011832384223712864,0.11290372992012261,0.2170313440259793,0.15705660671639926,0.7381427438091851,-2.484837824282164,328.1
,,0.017732276706879258,0.08333906898953049,0.011832384223712864,0.11290372992012261,0.21724387314547616,0.15705660671639926,0.7381427438091851,-2.484837824282164,328.2
,,0.017732276706879258,0.08333906898953049,0.011832384223712864,0.11290372992012261,0.217456402264973,0.15705660671639926,0.7381427438091851,-2.484837824282164,328.3
,,0.017732276706879258,0.08333906898953049,0.011832384223712864,0.11290372992012261,0.21766893138446985,0.15705660671639926,0.7381427438091851,-2.484837824282164,328.4
,,0.017732276706879258,0.08333906898953049,0.011832384223712864,0.11290372992012261,0.21761868678474738,0.15705660671639926,0.7381427438091851,-2.484837824282164,328.5
,,0.016661761981447306,0.06697191461762801,0.016311822876273648,0.09994549947534898,0.21796860470408508,0.1667084768089717,0.6700843456602693,-2.7034819322852064,328.6
,,0.016661761981447306,0.06697191461762801,0.016311822876273648,0.09994549947534898,0.21831852262342283,0.1667084768089717,0.6700843456602693,-2.7034819322852064,328.7
,,0.016661761981447306,0.06697191461762801,0.016311822876273648,0.09994549947534898,0.21935530027839328,0.1667084768089717,0.6700843456602693,-2.7034819322852064,328.8
,,0.017272373172325394,0.07751181517693438,0.013368588474225588,0.10815277682348537,0.2201037230070324,0.15970346466938518,0.7166881651447593,-2.5573249003468224,328.9
,,0.017272373172325394,0.07751181517693438,0.013368588474225588,0.10815277682348537,0.22085214573567152,0.15970346466938518,0.7166881651447593,-2.5573249003468224,329.0
,,0.017272373172325394,0.07751181517693438,0.013368588474225588,0.10815277682348537,0.22160056846431064,0.15970346466938518,0.7166881651447593,-2.5573249003468224,329.1
,,0.017272373172325394,0.07751181517693438,0.013368588474225588,0.10815277682348537,0.2223489911929498,0.15970346466938518,0.7166881651447593,-2.5573249003468224,329.2
,,0.017272373172325394,0.07751181517693438,0.013368588474225588,0.10815277682348537,0.2230974139215889,0.15970346466938518,0.7166881651447593,-2.5573249003468224,329.3
,,0.017272373172325394,0.07751181517693438,0.013368588474225588,0.10815277682348537,0.22384583665022803,0.15970346466938518,0.7166881651447593,-2.5573249003468224,329.4
,,0.017272373172325394,0.07751181517693438,0.013368588474225588,0.10815277682348537,0.22393222142967942,0.15970346466938518,0.7166881651447593,-2.5573249003468224,329.5
,,0.017272373172325394,0.07751181517693438,0.013368588474225588,0.10815277682348537,0.2240186062091308,0.15970346466938518,0.7166881651447593,-2.5573249003468224,329.6
,,0.017272373172325394,0.07751181517693438,0.013368588474225588,0.10815277682348537,0.22410499098858222,0.15970346466938518,0.7166881651447593,-2.5573249003468224,329.7
,,0.01677831477786077,0.06275683551669756,0.01825607573026765,0.09779122602482597,0.2248952853905528,0.17157280320425997,0.6417430077087454,-2.768487774365949,329.8
,,0.01677831477786077,0.06275683551669756,0.01825607573026765,0.09779122602482597,0.2256855797925234,0.17157280320425997,0.6417430077087454,-2.768487774365949,329.9
,,0.020309218067535786,0.06677512315440456,0.011683386822907406,0.09876772804484776,0.22688464194082875,0.2056260528572037,0.6760824054197518,-2.7064246756687633,330.0
,,0.020309218067535786,0.06677512315440456,0.011683386822907406,0.09876772804484776,0.22808370408913403,0.2056260528572037,0.6760824054197518,-2.7064246756687633,330.1
,,0.020309218067535786,0.06677512315440456,0.011683386822907406,0.09876772804484776,0.22928276623743934,0.2056260528572037,0.6760824054197518,-2.7064246756687633,330.2
,,0.020309218067535786,0.06677512315440456,0.011683386822907406,0.09876772804484776,0.23048182838574466,0.2056260528572037,0.6760824054197518,-2.7064246756687633,330.3
,,0.020309218067535786,0.06677512315440456,0.011683386822907406,0.09876772804484776,0.23168089053404997,0.2056260528572037,0.6760824054197518,-2.7064246756687633,330.4
,,0.020309218067535786,0.06677512315440456,0.011683386822907406,0.09876772804484776,0.23282565226104068,0.2056260528572037,0.6760824054197518,-2.7064246756687633,330.5
,,0.020309218067535786,0.06677512315440456,0.011683386822907406,0.09876772804484776,0.23397041398803148,0.2056260528572037,0.6760824054197518,-2.7064246756687633,330.6
,,0.020309218067535786,0.06677512315440456,0.011683386822907406,0.09876772804484776,0.23511517571502225,0.2056260528572037,0.6760824054197518,-2.7064246756687633,330.7
,,0.0172929576243385,0.05881654946478266,0.020090026052955002,0.09619953314207616,0.23614740067726983,0.17976134664602475,0.6114016102127758,-2.8333320101954587,330.8
,,0.0172929576243385,0.05881654946478266,0.020090026052955002,0.09619953314207616,0.2373268422185831,0.17976134664602475,0.6114016102127758,-2.8333320101954587,330.9
,,0.02130707945072252,0.07036328554421994,0.013992056640739685,0.10566242163568215,0.2386040630180418,0.20165238616419454,0.6659253541133898,-2.654083664008869,331.0
,,0.02130707945072252,0.07036328554421994,0.013992056640739685,0.10566242163568215,0.23988128381750048,0.20165238616419454,0.6659253541133898,-2.654083664008869,331.1
,,0.02130707945072252,0.07036328554421994,0.013992056640739685,0.10566242163568215,0.24115850461695917,0.20165238616419454,0.6659253541133898,-2.654083664008869,331.2
,,0.02130707945072252,0.07036328554421994,0.013992056640739685,0.10566242163568215,0.24243572541641786,0.20165238616419454,0.6659253541133898,-2.654083664008869,331.3
,,0.02130707945072252,0.07036328554421994,0.013992056640739685,0.10566242163568215,0.24371294621587658,0.20165238616419454,0.6659253541133898,-2.654083664008869,331.4
,,0.02130707945072252,0.07036328554421994,0.013992056640739685,0.10566242163568215,0.24467668476607696,0.20165238616419454,0.6659253541133898,-2.654083664008869,331.5
,,0.02130707945072252,0.07036328554421994,0.013992056640739685,0.10566242163568215,0.2456404233162773,0.20165238616419454,0.6659253541133898,-2.654083664008869,331.6
,,0.02130707945072252,0.07036328554421994,0.013992056640739685,0.10566242163568215,0.24660416186647763,0.20165238616419454,0.6659253541133898,-2.654083664008869,331.7
,,0.02130707945072252,0.07036328554421994,0.013992056640739685,0.10566242163568215,0.247567900416678,0.20165238616419454,0.6659253541133898,-2.654083664008869,331.8
,,0.018333057119899885,0.0561437922670857,0.020884821044995436,0.09536167043198102,0.24896147569590457,0.19224765083133033,0.5887458977255605,-2.8798391601501585,331.9
,,0.01915524504452472,0.0656226144593299,0.016438958480587414,0.10121681798444204,0.24997018981857325,0.18924962694904177,0.6483370626155893,-2.7238349098269916,332.0
,,0.01915524504452472,0.0656226144593299,0.016438958480587414,0.10121681798444204,0.2509789039412419,0.18924962694904177,0.6483370626155893,-2.7238349098269916,332.1
,,0.01915524504452472,0.0656226144593299,0.016438958480587414,0.10121681798444204,0.25198761806391057,0.18924962694904177,0.6483370626155893,-2.7238349098269916,332.2
,,0.01915524504452472,0.0656226144593299,0.016438958480587414,0.10121681798444204,0.25299633218657924,0.18924962694904177,0.6483370626155893,-2.7238349098269916,332.3
,,0.01915524504452472,0.0656226144593299,0.016438958480587414,0.10121681798444204,0.25380776569905134,0.18924962694904177,0.6483370626155893,-2.7238349098269916,332.4
,,0.01915524504452472,0.0656226144593299,0.016438958480587414,0.10121681798444204,0.2546191992115235,0.18924962694904177,0.6483370626155893,-2.7238349098269916,332.5
,,0.01915524504452472,0.0656226144593299,0.016438958480587414,0.10121681798444204,0.2554306327239956,0.18924962694904177,0.6483370626155893,-2.7238349098269916,332.6
,,0.01915524504452472,0.0656226144593299,0.016438958480587414,0.10121681798444204,0.2562420662364678,0.18924962694904177,0.6483370626155893,-2.7238349098269916,332.7
,,0.01915524504452472,0.0656226144593299,0.016438958480587414,0.10121681798444204,0.25705349974893993,0.18924962694904177,0.6483370626155893,-2.7238349098269916,332.8
,,0.019986265465421198,0.05579954913696919,0.02075286185273431,0.0965386764551247,0.25860137365426444,0.20702858376882416,0.5780020110686643,-2.885989489610146,332.9
,,0.019986265465421198,0.05579954913696919,0.02075286185273431,0.0965386764551247,0.2603159841381818,0.20702858376882416,0.5780020110686643,-2.885989489610146,333.0
,,0.021154923305393144,0.0660947840387309,0.016164935772327117,0.10341464311645115,0.2616071478186426,0.20456409912444815,0.639124035503407,-2.716665445393424,333.1
,,0.021154923305393144,0.0660947840387309,0.016164935772327117,0.10341464311645115,0.26289831149910337,0.20456409912444815,0.639124035503407,-2.716665445393424,333.2
,,0.021154923305393144,0.0660947840387309,0.016164935772327117,0.10341464311645115,0.2641894751795642,0.20456409912444815,0.639124035503407,-2.716665445393424,333.3
,,0.021154923305393144,0.0660947840387309,0.016164935772327117,0.10341464311645115,0.26529289123200545,0.20456409912444815,0.639124035503407,-2.716665445393424,333.4
,,0.021154923305393144,0.0660947840387309,0.016164935772327117,0.10341464311645115,0.2663963072844466,0.20456409912444815,0.639124035503407,-2.716665445393424,333.5
,,0.021154923305393144,0.0660947840387309,0.016164935772327117,0.10341464311645115,0.2674997233368879,0.20456409912444815,0.639124035503407,-2.716665445393424,333.6
,,0.021154923305393144,0.0660947840387309,0.016164935772327117,0.10341464311645115,0.26860313938932906,0.20456409912444815,0.639124035503407,-2.716665445393424,333.7
,,0.021154923305393144,0.0660947840387309,0.016164935772327117,0.10341464311645115,0.2697065554417703,0.20456409912444815,0.639124035503407,-2.716665445393424,333.8
,,0.021524797742992905,0.05637207559760625,0.019693143539370763,0.09759001687996992,0.2716685797610652,0.22056352105633062,0.577641826488673,-2.875781356604913,333.9
,,0.021524797742992905,0.05637207559760625,0.019693143539370763,0.09759001687996992,0.27363060408036,0.22056352105633062,0.577641826488673,-2.875781356604913,334.0
,,0.021524797742992905,0.05637207559760625,0.019693143539370763,0.09759001687996992,0.27559262839965487,0.22056352105633062,0.577641826488673,-2.875781356604913,334.1
,,0.021381841661925277,0.06289679013335217,0.014008711106600708,0.09828734290187816,0.2770892842346405,0.21754420285093184,0.6399276679617136,-2.7662601478441426,334.2
,,0.021381841661925277,0.06289679013335217,0.014008711106600708,0.09828734290187816,0.2785859400696262,0.21754420285093184,0.6399276679617136,-2.7662601478441426,334.3
,,0.021381841661925277,0.06289679013335217,0.014008711106600708,0.09828734290187816,0.2792730377234241,0.21754420285093184,0.6399276679617136,-2.7662601478441426,334.4
,,0.021381841661925277,0.06289679013335217,0.014008711106600708,0.09828734290187816,0.27996013537722203,0.21754420285093184,0.6399276679617136,-2.7662601478441426,334.5
,,0.021381841661925277,0.06289679013335217,0.014008711106600708,0.09828734290187816,0.28064723303101996,0.21754420285093184,0.6399276679617136,-2.7662601478441426,334.6
,,0.021381841661925277,0.06289679013335217,0.014008711106600708,0.09828734290187816,0.28133433068481783,0.21754420285093184,0.6399276679617136,-2.7662601478441426,334.7
,,0.021381841661925277,0.06289679013335217,0.014008711106600708,0.09828734290187816,0.2820214283386157,0.21754420285093184,0.6399276679617136,-2.7662601478441426,334.8
,,0.01952731008073917,0.06804112798011153,0.016678169412110727,0.10424660747296143,0.28212009829237994,0.18731842267197035,0.6526939305699655,-2.6876429334009533,334.9
,,0.01952731008073917,0.06804112798011153,0.016678169412110727,0.10424660747296143,0.28300150687374637,0.18731842267197035,0.6526939305699655,-2.6876429334009533,335.0
,,0.01952731008073917,0.06804112798011153,0.016678169412110727,0.10424660747296143,0.2838829154551128,0.18731842267197035,0.6526939305699655,-2.6876429334009533,335.1
,,0.01952731008073917,0.06804112798011153,0.016678169412110727,0.10424660747296143,0.2847643240364793,0.18731842267197035,0.6526939305699655,-2.6876429334009533,335.2
,,0.020858705841265167,0.058991130671047734,0.011416661977964983,0.09126649849027788,0.2863857081370129,0.2285472345965714,0.6463612787482116,-2.8303681739861055,335.3
,,0.020858705841265167,0.058991130671047734,0.011416661977964983,0.09126649849027788,0.28800709223754656,0.2285472345965714,0.6463612787482116,-2.8303681739861055,335.4
,,0.020858705841265167,0.058991130671047734,0.011416661977964983,0.09126649849027788,0.2886340116869637,0.2285472345965714,0.6463612787482116,-2.8303681739861055,335.5
,,0.020858705841265167,0.058991130671047734,0.011416661977964983,0.09126649849027788,0.28926093113638074,0.2285472345965714,0.6463612787482116,-2.8303681739861055,335.6
,,0.020858705841265167,0.058991130671047734,0.011416661977964983,0.09126649849027788,0.28988785058579786,0.2285472345965714,0.6463612787482116,-2.8303681739861055,335.7
,,0.020858705841265167,0.058991130671047734,0.011416661977964983,0.09126649849027788,0.2905147700352149,0.2285472345965714,0.6463612787482116,-2.8303681739861055,335.8
,,0.020641707446240384,0.050427096353589565,0.014396539489834336,0.08546534328966429,0.2917611014323321,0.24152137757500447,0.590029764259871,-2.987226622310643,335.9
,,0.020641707446240384,0.050427096353589565,0.014396539489834336,0.08546534328966429,0.2939690288476877,0.24152137757500447,0.590029764259871,-2.987226622310643,336.0
,,0.020641707446240384,0.050427096353589565,0.014396539489834336,0.08546534328966429,0.2961769562630433,0.24152137757500447,0.590029764259871,-2.987226622310643,336.1
,,0.020641707446240384,0.050427096353589565,0.014396539489834336,0.08546534328966429,0.29838488367839894,0.24152137757500447,0.590029764259871,-2.987226622310643,336.2
,,0.02046320604972132,0.08594598220309377,0.009956035421986111,0.1163652236748012,0.29869010208899566,0.1758532781830815,0.7385882095090691,-2.4540362939923317,336.3
,,0.02046320604972132,0.08594598220309377,0.009956035421986111,0.1163652236748012,0.29899532049959227,0.1758532781830815,0.7385882095090691,-2.4540362939923317,336.4
,,0.02046320604972132,0.08594598220309377,0.009956035421986111,0.1163652236748012,0.29817331321072565,0.1758532781830815,0.7385882095090691,-2.4540362939923317,336.5
,,0.02046320604972132,0.08594598220309377,0.009956035421986111,0.1163652236748012,0.297351305921859,0.1758532781830815,0.7385882095090691,-2.4540362939923317,336.6
,,0.02046320604972132,0.08594598220309377,0.009956035421986111,0.1163652236748012,0.2965292986329923,0.1758532781830815,0.7385882095090691,-2.4540362939923317,336.7
,,0.0206297341234529,0.08197102516323627,0.013498788706977946,0.11609954799366712,0.29585814962653745,0.17769004686028744,0.706040863894729,-2.501389445829145,336.8
,,0.0206297341234529,0.08197102516323627,0.013498788706977946,0.11609954799366712,0.2962903538048831,0.17769004686028744,0.706040863894729,-2.501389445829145,336.9
,,0.0206297341234529,0.08197102516323627,0.013498788706977946,0.11609954799366712,0.2967225579832287,0.17769004686028744,0.706040863894729,-2.501389445829145,337.0
,,0.0206297341234529,0.08197102516323627,0.013498788706977946,0.11609954799366712,0.2971547621615744,0.17769004686028744,0.706040863894729,-2.501389445829145,337.1
,,0.0206297341234529,0.08197102516323627,0.013498788706977946,0.11609954799366712,0.29758696633992,0.17769004686028744,0.706040863894729,-2.501389445829145,337.2
,,0.0206297341234529,0.08197102516323627,0.013498788706977946,0.11609954799366712,0.29801917051826565,0.17769004686028744,0.706040863894729,-2.501389445829145,337.3
,,0.019749513648197266,0.052733988426158,0.00926877818033917,0.08175228025469443,0.29981627457880194,0.2415775264820604,0.6450460863216091,-2.9424950896474957,337.4
,,0.019749513648197266,0.052733988426158,0.00926877818033917,0.08175228025469443,0.3016133786393382,0.2415775264820604,0.6450460863216091,-2.9424950896474957,337.5
,,0.019749513648197266,0.052733988426158,0.00926877818033917,0.08175228025469443,0.3030103201808142,0.2415775264820604,0.6450460863216091,-2.9424950896474957,337.6
,,0.019749513648197266,0.052733988426158,0.00926877818033917,0.08175228025469443,0.3044072617222901,0.2415775264820604,0.6450460863216091,-2.9424950896474957,337.7
,,0.02011632254349897,0.08284145363728089,0.012557986548677132,0.11551576272945699,0.3043410603995618,0.17414352871142172,0.7171441514116063,-2.490826695079969,337.8
,,0.02011632254349897,0.08284145363728089,0.012557986548677132,0.11551576272945699,0.30456321400316483,0.17414352871142172,0.7171441514116063,-2.490826695079969,337.9
,,0.02011632254349897,0.08284145363728089,0.012557986548677132,0.11551576272945699,0.3047853676067679,0.17414352871142172,0.7171441514116063,-2.490826695079969,338.0
,,0.02011632254349897,0.08284145363728089,0.012557986548677132,0.11551576272945699,0.3050075212103709,0.17414352871142172,0.7171441514116063,-2.490826695079969,338.1
,,0.02011632254349897,0.08284145363728089,0.012557986548677132,0.11551576272945699,0.3052296748139739,0.17414352871142172,0.7171441514116063,-2.490826695079969,338.2
,,0.02011632254349897,0.08284145363728089,0.012557986548677132,0.11551576272945699,0.3054518284175769,0.17414352871142172,0.7171441514116063,-2.490826695079969,338.3
,,0.019413264977546703,0.05023925502289173,0.00925842049528319,0.07891094049572162,0.3072693939708684,0.24601487266013827,0.6366576637825726,-2.9909585852981437,338.4
,,0.019413264977546703,0.05023925502289173,0.00925842049528319,0.07891094049572162,0.30908695952415993,0.24601487266013827,0.6366576637825726,-2.9909585852981437,338.5
,,0.019413264977546703,0.05023925502289173,0.00925842049528319,0.07891094049572162,0.3109045250774515,0.24601487266013827,0.6366576637825726,-2.9909585852981437,338.6
,,0.019413264977546703,0.05023925502289173,0.00925842049528319,0.07891094049572162,0.31272209063074297,0.24601487266013827,0.6366576637825726,-2.9909585852981437,338.7
,,0.019639543245030967,0.04416908154591537,0.012458323269462746,0.07626694806040908,0.3146919818885292,0.25751054348569175,0.579137918445749,-3.1197302472073845,338.8
,,0.019639543245030967,0.04416908154591537,0.012458323269462746,0.07626694806040908,0.31666187314631544,0.25751054348569175,0.579137918445749,-3.1197302472073845,338.9
,,0.019639543245030967,0.04416908154591537,0.012458323269462746,0.07626694806040908,0.318222996657767,0.25751054348569175,0.579137918445749,-3.1197302472073845,339.0
,,0.019639543245030967,0.04416908154591537,0.012458323269462746,0.07626694806040908,0.31978412016921853,0.25751054348569175,0.579137918445749,-3.1197302472073845,339.1
,,0.019639543245030967,0.04416908154591537,0.012458323269462746,0.07626694806040908,0.3213452436806701,0.25751054348569175,0.579137918445749,-3.1197302472073845,339.2
,,0.019639543245030967,0.04416908154591537,0.012458323269462746,0.07626694806040908,0.3229063671921217,0.25751054348569175,0.579137918445749,-3.1197302472073845,339.3
,,0.019367478208960807,0.09063144856742,0.008914662648910759,0.11891358942529158,0.32190138299829557,0.1628701841611516,0.7621622474390106,-2.4009540117327957,339.4
,,0.019367478208960807,0.09063144856742,0.008914662648910759,0.11891358942529158,0.3208963988044695,0.1628701841611516,0.7621622474390106,-2.4009540117327957,339.5
,,0.019367478208960807,0.09063144856742,0.008914662648910759,0.11891358942529158,0.3198914146106434,0.1628701841611516,0.7621622474390106,-2.4009540117327957,339.6
,,0.019367478208960807,0.09063144856742,0.008914662648910759,0.11891358942529158,0.31888643041681736,0.1628701841611516,0.7621622474390106,-2.4009540117327957,339.7
,,0.019654141075608964,0.04252169488138424,0.012992152634267224,0.07516798859126043,0.32075531114434863,0.26146956229575224,0.5656888747230375,-3.157740865498854,339.8
,,0.019654141075608964,0.04252169488138424,0.012992152634267224,0.07516798859126043,0.3226241918718799,0.26146956229575224,0.5656888747230375,-3.157740865498854,339.9
,,0.019654141075608964,0.04252169488138424,0.012992152634267224,0.07516798859126043,0.3243952933412658,0.26146956229575224,0.5656888747230375,-3.157740865498854,340.0
,,0.019654141075608964,0.04252169488138424,0.012992152634267224,0.07516798859126043,0.3261663948106516,0.26146956229575224,0.5656888747230375,-3.157740865498854,340.1
,,0.019654141075608964,0.04252169488138424,0.012992152634267224,0.07516798859126043,0.32793749628003754,0.26146956229575224,0.5656888747230375,-3.157740865498854,340.2
,,0.019654141075608964,0.04252169488138424,0.012992152634267224,0.07516798859126043,0.3297085977494234,0.26146956229575224,0.5656888747230375,-3.157740865498854,340.3
,,0.019527330217258373,0.04618844599176922,0.010945191029666538,0.07666096723869413,0.3310414856970192,0.25472324340048347,0.6025027814735932,-3.075025598929594,340.4
,,0.019527330217258373,0.04618844599176922,0.010945191029666538,0.07666096723869413,0.3323743736446149,0.25472324340048347,0.6025027814735932,-3.075025598929594,340.5
,,0.019527330217258373,0.04618844599176922,0.010945191029666538,0.07666096723869413,0.33370726159221076,0.25472324340048347,0.6025027814735932,-3.075025598929594,340.6
,,,0.04116230852109158,0.013932672249712284,0.05509498077080387,0.3340543622795212,,0.7471153986300049,-3.1902322830708183,340.7
,,0.019527330217258373,0.04618844599176922,0.010945191029666538,0.07666096723869413,0.3354022264961911,0.25472324340048347,0.6025027814735932,-3.075025598929594,340.8
,,0.01992279424329199,0.04060997967779944,0.014424723368889327,0.07495749728998076,0.337245496894677,0.2657878793127073,0.5417734202183349,-3.2037414377076106,340.9
,,0.01992279424329199,0.04060997967779944,0.014424723368889327,0.07495749728998076,0.3394779527323787,0.2657878793127073,0.5417734202183349,-3.2037414377076106,341.0
,,0.01992279424329199,0.04060997967779944,0.014424723368889327,0.07495749728998076,0.34171040857008045,0.2657878793127073,0.5417734202183349,-3.2037414377076106,341.1
,,0.01992279424329199,0.04060997967779944,0.014424723368889327,0.07495749728998076,0.3439428644077822,0.2657878793127073,0.5417734202183349,-3.2037414377076106,341.2
,,0.01992279424329199,0.04060997967779944,0.014424723368889327,0.07495749728998076,0.346175320245484,0.2657878793127073,0.5417734202183349,-3.2037414377076106,341.3
,,0.01988148047285138,0.04427408627306653,0.012574352314468067,0.07672991906038598,0.3479411011895842,0.2591098845967083,0.5770120288830631,-3.117355733062808,341.4
,,0.01988148047285138,0.04427408627306653,0.012574352314468067,0.07672991906038598,0.34970688213368445,0.2591098845967083,0.5770120288830631,-3.117355733062808,341.5
,,0.01988148047285138,0.04427408627306653,0.012574352314468067,0.07672991906038598,0.35147266307778474,0.2591098845967083,0.5770120288830631,-3.117355733062808,341.6
,,0.01988148047285138,0.04427408627306653,0.012574352314468067,0.07672991906038598,0.35323844402188503,0.2591098845967083,0.5770120288830631,-3.117355733062808,341.7
,,0.01988148047285138,0.04427408627306653,0.012574352314468067,0.07672991906038598,0.35500422496598527,0.2591098845967083,0.5770120288830631,-3.117355733062808,341.8
,,0.01988148047285138,0.04427408627306653,0.012574352314468067,0.07672991906038598,0.3560252909060775,0.2591098845967083,0.5770120288830631,-3.117355733062808,341.9
,,0.019340310127483155,0.07619193485536419,0.01627537340132463,0.11180761838417197,0.35485289782949353,0.17297846432100608,0.6814556642604443,-2.5744996636842954,342.0
,,0.019340310127483155,0.07619193485536419,0.01627537340132463,0.11180761838417197,0.3541087093856185,0.17297846432100608,0.6814556642604443,-2.5744996636842954,342.1
,,0.019340310127483155,0.07619193485536419,0.01627537340132463,0.11180761838417197,0.3533645209417434,0.17297846432100608,0.6814556642604443,-2.5744996636842954,342.2
,,0.019340310127483155,0.07619193485536419,0.01627537340132463,0.11180761838417197,0.35262033249786834,0.17297846432100608,0.6814556642604443,-2.5744996636842954,342.3
,,0.020308647712693594,0.04289284775596035,0.014226805230485843,0.0774283006991398,0.3543439786377106,0.26228972519500504,0.5539686053892291,-3.149050185922602,342.4
,,0.020308647712693594,0.04289284775596035,0.014226805230485843,0.0774283006991398,0.3560676247775529,0.26228972519500504,0.5539686053892291,-3.149050185922602,342.5
,,0.020308647712693594,0.04289284775596035,0.014226805230485843,0.0774283006991398,0.3577912709173951,0.26228972519500504,0.5539686053892291,-3.149050185922602,342.6
,,0.020308647712693594,0.04289284775596035,0.014226805230485843,0.0774283006991398,0.3595149170572373,0.26228972519500504,0.5539686053892291,-3.149050185922602,342.7
,,0.020308647712693594,0.04289284775596035,0.014226805230485843,0.0774283006991398,0.3612385631970796,0.26228972519500504,0.5539686053892291,-3.149050185922602,342.8
,,0.020308647712693594,0.04289284775596035,0.014226805230485843,0.0774283006991398,0.3622682214807813,0.26228972519500504,0.5539686053892291,-3.149050185922602,342.9
,,0.020810364378725504,0.038080383529394385,0.01765956477200473,0.07655031268012462,0.3641182299724473,0.2718521146436632,0.4974556235781582,-3.2680559974344185,343.0
,,0.020810364378725504,0.038080383529394385,0.01765956477200473,0.07655031268012462,0.36596823846411336,0.2718521146436632,0.4974556235781582,-3.2680559974344185,343.1
,,0.020810364378725504,0.038080383529394385,0.01765956477200473,0.07655031268012462,0.3682888442994628,0.2718521146436632,0.4974556235781582,-3.2680559974344185,343.2
,,0.020810364378725504,0.038080383529394385,0.01765956477200473,0.07655031268012462,0.37060945013481233,0.2718521146436632,0.4974556235781582,-3.2680559974344185,343.3
,,0.020696907937488046,0.04157380691108036,0.01539085045903141,0.07766156530759982,0.37238342817263403,0.2665012977205944,0.5353202288212445,-3.180284951582981,343.4
,,0.020696907937488046,0.04157380691108036,0.01539085045903141,0.07766156530759982,0.3741574062104556,0.2665012977205944,0.5353202288212445,-3.180284951582981,343.5
,,0.020696907937488046,0.04157380691108036,0.01539085045903141,0.07766156530759982,0.37593138424827743,0.2665012977205944,0.5353202288212445,-3.180284951582981,343.6
,,0.020696907937488046,0.04157380691108036,0.01539085045903141,0.07766156530759982,0.3777053622860991,0.2665012977205944,0.5353202288212445,-3.180284951582981,343.7
,,0.020696907937488046,0.04157380691108036,0.01539085045903141,0.07766156530759982,0.3794793403239208,0.2665012977205944,0.5353202288212445,-3.180284951582981,343.8
,,0.020696907937488046,0.04157380691108036,0.01539085045903141,0.07766156530759982,0.3818483576089675,0.2665012977205944,0.5353202288212445,-3.180284951582981,343.9
,,0.02139567829600958,0.036929596607747174,0.01893105740558029,0.07725633230933704,0.38513342773561626,0.27694400777842443,0.4780138469411127,-3.2987419733360785,344.0
,,0.02139567829600958,0.036929596607747174,0.01893105740558029,0.07725633230933704,0.3884184978622651,0.27694400777842443,0.4780138469411127,-3.2987419733360785,344.1
,,0.02139567829600958,0.036929596607747174,0.01893105740558029,0.07725633230933704,0.3917035679889138,0.27694400777842443,0.4780138469411127,-3.2987419733360785,344.2
,,0.02139567829600958,0.036929596607747174,0.01893105740558029,0.07725633230933704,0.39424034826471943,0.27694400777842443,0.4780138469411127,-3.2987419733360785,344.3
,,0.02139567829600958,0.036929596607747174,0.01893105740558029,0.07725633230933704,0.39677712854052494,0.27694400777842443,0.4780138469411127,-3.2987419733360785,344.4
,,0.021121442421209603,0.040228084615245165,0.016156970735517695,0.07750649777197247,0.3987035517732453,0.27251189291702765,0.5190285430467774,-3.2131899050103194,344.5
,,0.021121442421209603,0.040228084615245165,0.016156970735517695,0.07750649777197247,0.4006299750059656,0.27251189291702765,0.5190285430467774,-3.2131899050103194,344.6
,,0.021121442421209603,0.040228084615245165,0.016156970735517695,0.07750649777197247,0.40255639823868594,0.27251189291702765,0.5190285430467774,-3.2131899050103194,344.7
,,0.021121442421209603,0.040228084615245165,0.016156970735517695,0.07750649777197247,0.4044828214714063,0.27251189291702765,0.5190285430467774,-3.2131899050103194,344.8
,,0.021121442421209603,0.040228084615245165,0.016156970735517695,0.07750649777197247,0.4057828730716209,0.27251189291702765,0.5190285430467774,-3.2131899050103194,344.9
,,0.02023952423538778,0.0628734562535814,0.017799430656547908,0.10091241114551708,0.4048005277764505,0.20056526254438722,0.6230497868385784,-2.7666312034905904,345.0
,,0.02023952423538778,0.0628734562535814,0.017799430656547908,0.10091241114551708,0.40381818248127993,0.20056526254438722,0.6230497868385784,-2.7666312034905904,345.1
,,0.02023952423538778,0.0628734562535814,0.017799430656547908,0.10091241114551708,0.4028358371861095,0.20056526254438722,0.6230497868385784,-2.7666312034905904,345.2
,,0.02023952423538778,0.0628734562535814,0.017799430656547908,0.10091241114551708,0.4037775796485604,0.20056526254438722,0.6230497868385784,-2.7666312034905904,345.3
,,0.02023952423538778,0.0628734562535814,0.017799430656547908,0.10091241114551708,0.4047193221110114,0.20056526254438722,0.6230497868385784,-2.7666312034905904,345.4
,,0.021683339359626613,0.039713711929090754,0.016407608625958293,0.07780465991467565,0.4081788439889094,0.278689469029305,0.510428449563853,-3.2260587622798345,345.5
,,0.021683339359626613,0.039713711929090754,0.016407608625958293,0.07780465991467565,0.4116383658668076,0.278689469029305,0.510428449563853,-3.2260587622798345,345.6
,,0.021683339359626613,0.039713711929090754,0.016407608625958293,0.07780465991467565,0.4150978877447057,0.278689469029305,0.510428449563853,-3.2260587622798345,345.7
,,0.021683339359626613,0.039713711929090754,0.016407608625958293,0.07780465991467565,0.4184048563033109,0.278689469029305,0.510428449563853,-3.2260587622798345,345.8
,,,0.062074962001978755,0.017487078319335613,0.07956204032131436,0.4202995586267274,,0.7802082720765661,-2.779412559718924,345.9
,,,0.062074962001978755,0.017487078319335613,0.07956204032131436,0.4222378173253949,,0.7802082720765661,-2.779412559718924,346.0
,,,0.062074962001978755,0.017487078319335613,0.07956204032131436,0.4242211518077522,,0.7802082720765661,-2.779412559718924,346.1
,,,0.062074962001978755,0.017487078319335613,0.07956204032131436,0.42625115298381216,,0.7802082720765661,-2.779412559718924,346.2
,,,0.062074962001978755,0.017487078319335613,0.07956204032131436,0.4283294875212068,,0.7802082720765661,-2.779412559718924,346.3
,,,0.062074962001978755,0.017487078319335613,0.07956204032131436,0.4289778904884525,,0.7802082720765661,-2.779412559718924,346.4
,,0.023032737494206673,0.07173811872343165,0.0127493511939372,0.10752020741157553,0.4283339734774511,0.21421775542191698,0.6672059183147409,-2.6347330307591776,346.5
,,0.023032737494206673,0.07173811872343165,0.0127493511939372,0.10752020741157553,0.4276900564664498,0.21421775542191698,0.6672059183147409,-2.6347330307591776,346.6
,,0.023032737494206673,0.07173811872343165,0.0127493511939372,0.10752020741157553,0.42704613945544834,0.21421775542191698,0.6672059183147409,-2.6347330307591776,346.7
,,0.023032737494206673,0.07173811872343165,0.0127493511939372,0.10752020741157553,0.42798876289960824,0.21421775542191698,0.6672059183147409,-2.6347330307591776,346.8
,,0.02280941473547647,0.03640528767587227,0.02007241841997933,0.07928712083132808,0.43261179994130955,0.2876812084525079,0.4591576449511803,-3.313041249068833,346.9
,,0.02280941473547647,0.03640528767587227,0.02007241841997933,0.07928712083132808,0.43723483698301085,0.2876812084525079,0.4591576449511803,-3.313041249068833,347.0
,,0.02280941473547647,0.03640528767587227,0.02007241841997933,0.07928712083132808,0.4418578740247121,0.2876812084525079,0.4591576449511803,-3.313041249068833,347.1
,,0.02280941473547647,0.03640528767587227,0.02007241841997933,0.07928712083132808,0.4464809110664134,0.2876812084525079,0.4591576449511803,-3.313041249068833,347.2
,,0.02280941473547647,0.03640528767587227,0.02007241841997933,0.07928712083132808,0.4511039481081146,0.2876812084525079,0.4591576449511803,-3.313041249068833,347.3
,,0.02280941473547647,0.03640528767587227,0.02007241841997933,0.07928712083132808,0.4539970203850934,0.2876812084525079,0.4591576449511803,-3.313041249068833,347.4
,,0.02280941473547647,0.03640528767587227,0.02007241841997933,0.07928712083132808,0.4568900926620722,0.2876812084525079,0.4591576449511803,-3.313041249068833,347.5
,,0.02355117502331136,0.0685846240263432,0.012450800286811019,0.10458659933646558,0.4563716866052867,0.22518348596023155,0.655768754902333,-2.6796869089310014,347.6
,,0.02355117502331136,0.0685846240263432,0.012450800286811019,0.10458659933646558,0.4558532805485012,0.22518348596023155,0.655768754902333,-2.6796869089310014,347.7
,,0.02355117502331136,0.0685846240263432,0.012450800286811019,0.10458659933646558,0.45463332830963593,0.22518348596023155,0.655768754902333,-2.6796869089310014,347.8
,,0.023008475581857153,0.03725330785961595,0.020213571270275944,0.08047535471174905,0.45671739769432423,0.28590710366260763,0.4629157335565882,-3.290014536498769,347.9
,,0.023008475581857153,0.03725330785961595,0.020213571270275944,0.08047535471174905,0.4588014670790126,0.28590710366260763,0.4629157335565882,-3.290014536498769,348.0
,,0.023008475581857153,0.03725330785961595,0.020213571270275944,0.08047535471174905,0.4608855364637009,0.28590710366260763,0.4629157335565882,-3.290014536498769,348.1
,,0.023008475581857153,0.03725330785961595,0.020213571270275944,0.08047535471174905,0.4629696058483893,0.28590710366260763,0.4629157335565882,-3.290014536498769,348.2
,,0.023008475581857153,0.03725330785961595,0.020213571270275944,0.08047535471174905,0.46505367523307767,0.28590710366260763,0.4629157335565882,-3.290014536498769,348.3
,,0.023008475581857153,0.03725330785961595,0.020213571270275944,0.08047535471174905,0.4699202710451754,0.28590710366260763,0.4629157335565882,-3.290014536498769,348.4
,,0.023008475581857153,0.03725330785961595,0.020213571270275944,0.08047535471174905,0.4747868668572732,0.28590710366260763,0.4629157335565882,-3.290014536498769,348.5
,,0.023008475581857153,0.03725330785961595,0.020213571270275944,0.08047535471174905,0.47965346266937103,0.28590710366260763,0.4629157335565882,-3.290014536498769,348.6
,,0.023055109792573678,0.042022209849760774,0.015007979443112699,0.08008529908544716,0.483688958600827,0.2878819215993061,0.5247181483948146,-3.169556994520677,348.7
,,0.023055109792573678,0.042022209849760774,0.015007979443112699,0.08008529908544716,0.48473024327812303,0.2878819215993061,0.5247181483948146,-3.169556994520677,348.8
,,0.020686282741520134,0.0482394419244104,0.015757255176876872,0.08468297984280741,0.4843279619704319,0.24427910755997248,0.5696474310889243,-3.031578295361253,348.9
,,0.020686282741520134,0.0482394419244104,0.015757255176876872,0.08468297984280741,0.48392568066274055,0.24427910755997248,0.5696474310889243,-3.031578295361253,349.0
,,0.020686282741520134,0.0482394419244104,0.015757255176876872,0.08468297984280741,0.48352339935504934,0.24427910755997248,0.5696474310889243,-3.031578295361253,349.1
,,0.020686282741520134,0.0482394419244104,0.015757255176876872,0.08468297984280741,0.48312111804735813,0.24427910755997248,0.5696474310889243,-3.031578295361253,349.2
,,0.020686282741520134,0.0482394419244104,0.015757255176876872,0.08468297984280741,0.4827188367396669,0.24427910755997248,0.5696474310889243,-3.031578295361253,349.3
,,0.020686282741520134,0.0482394419244104,0.015757255176876872,0.08468297984280741,0.4827917267206638,0.24427910755997248,0.5696474310889243,-3.031578295361253,349.4
,,0.020686282741520134,0.0482394419244104,0.015757255176876872,0.08468297984280741,0.48286461670166053,0.24427910755997248,0.5696474310889243,-3.031578295361253,349.5
,,0.020686282741520134,0.0482394419244104,0.015757255176876872,0.08468297984280741,0.48293750668265734,0.24427910755997248,0.5696474310889243,-3.031578295361253,349.6
,,0.020686282741520134,0.0482394419244104,0.015757255176876872,0.08468297984280741,0.4822933111760536,0.24427910755997248,0.5696474310889243,-3.031578295361253,349.7
,,0.023624900142104673,0.04080810639451956,0.02096592230574626,0.08539892884237049,0.48415225676824153,0.27664164483504894,0.4778526727172801,-3.198874531167313,349.8
,,0.023624900142104673,0.04080810639451956,0.02096592230574626,0.08539892884237049,0.48520389982430057,0.27664164483504894,0.4778526727172801,-3.198874531167313,349.9
,,0.023624900142104673,0.04080810639451956,0.02096592230574626,0.08539892884237049,0.4862555428803597,0.27664164483504894,0.4778526727172801,-3.198874531167313,350.0
,,0.023624900142104673,0.04080810639451956,0.02096592230574626,0.08539892884237049,0.48730718593641875,0.27664164483504894,0.4778526727172801,-3.198874531167313,350.1
,,0.023624900142104673,0.04080810639451956,0.02096592230574626,0.08539892884237049,0.4883588289924778,0.27664164483504894,0.4778526727172801,-3.198874531167313,350.2
,,0.023624900142104673,0.04080810639451956,0.02096592230574626,0.08539892884237049,0.4894104720485369,0.27664164483504894,0.4778526727172801,-3.198874531167313,350.3
,,0.023624900142104673,0.04080810639451956,0.02096592230574626,0.08539892884237049,0.4909565682656738,0.27664164483504894,0.4778526727172801,-3.198874531167313,350.4
,,0.023624900142104673,0.04080810639451956,0.02096592230574626,0.08539892884237049,0.4925026644828106,0.27664164483504894,0.4778526727172801,-3.198874531167313,350.5
,,0.023624900142104673,0.04080810639451956,0.02096592230574626,0.08539892884237049,0.49404876069994746,0.27664164483504894,0.4778526727172801,-3.198874531167313,350.6
,,0.023624900142104673,0.04080810639451956,0.02096592230574626,0.08539892884237049,0.4955948569170844,0.27664164483504894,0.4778526727172801,-3.198874531167313,350.7
,,0.01842941241574957,0.03377875434386455,0.01832782194775783,0.07053598870737196,0.49674411009956193,0.26127672913477495,0.47888680605301015,-3.387923243834074,350.8
,,0.02370955271903687,0.04145863450405845,0.022247237861681465,0.08741542508477679,0.4982063718993487,0.2712284782238717,0.47427138246884054,-3.183059107778375,350.9
,,0.02370955271903687,0.04145863450405845,0.022247237861681465,0.08741542508477679,0.5019926557525185,0.2712284782238717,0.47427138246884054,-3.183059107778375,351.0
,,0.02370955271903687,0.04145863450405845,0.022247237861681465,0.08741542508477679,0.5057789396056884,0.2712284782238717,0.47427138246884054,-3.183059107778375,351.1
,,0.02370955271903687,0.04145863450405845,0.022247237861681465,0.08741542508477679,0.5095652234588582,0.2712284782238717,0.47427138246884054,-3.183059107778375,351.2
,,0.02370955271903687,0.04145863450405845,0.022247237861681465,0.08741542508477679,0.513351507312028,0.2712284782238717,0.47427138246884054,-3.183059107778375,351.3
,,0.02370955271903687,0.04145863450405845,0.022247237861681465,0.08741542508477679,0.5145230616657831,0.2712284782238717,0.47427138246884054,-3.183059107778375,351.4
,,0.02370955271903687,0.04145863450405845,0.022247237861681465,0.08741542508477679,0.5156946160195381,0.2712284782238717,0.47427138246884054,-3.183059107778375,351.5
,,0.02370955271903687,0.04145863450405845,0.022247237861681465,0.08741542508477679,0.5168661703732932,0.2712284782238717,0.47427138246884054,-3.183059107778375,351.6
,,0.02370955271903687,0.04145863450405845,0.022247237861681465,0.08741542508477679,0.5180377247270483,0.2712284782238717,0.47427138246884054,-3.183059107778375,351.7
,,0.02370955271903687,0.04145863450405845,0.022247237861681465,0.08741542508477679,0.5192092790808034,0.2712284782238717,0.47427138246884054,-3.183059107778375,351.8
,,0.023080459203562567,0.04033781449122065,0.02291064872251874,0.08632892241730196,0.5203843413500485,0.2673548859094389,0.4672572454482089,-3.2104659251368814,351.9
,,0.023080459203562567,0.04033781449122065,0.02291064872251874,0.08632892241730196,0.5206902230418078,0.2673548859094389,0.4672572454482089,-3.2104659251368814,352.0
,,0.023080459203562567,0.04033781449122065,0.02291064872251874,0.08632892241730196,0.520996104733567,0.2673548859094389,0.4672572454482089,-3.2104659251368814,352.1
,,0.023080459203562567,0.04033781449122065,0.02291064872251874,0.08632892241730196,0.5213019864253261,0.2673548859094389,0.4672572454482089,-3.2104659251368814,352.2
,,0.023080459203562567,0.04033781449122065,0.02291064872251874,0.08632892241730196,0.5216078681170854,0.2673548859094389,0.4672572454482089,-3.2104659251368814,352.3
,,0.023080459203562567,0.04033781449122065,0.02291064872251874,0.08632892241730196,0.5224929149752727,0.2673548859094389,0.4672572454482089,-3.2104659251368814,352.4
,,0.023080459203562567,0.04033781449122065,0.02291064872251874,0.08632892241730196,0.5233779618334602,0.2673548859094389,0.4672572454482089,-3.2104659251368814,352.5
,,0.023080459203562567,0.04033781449122065,0.02291064872251874,0.08632892241730196,0.5242630086916475,0.2673548859094389,0.4672572454482089,-3.2104659251368814,352.6
,,0.023080459203562567,0.04033781449122065,0.02291064872251874,0.08632892241730196,0.525148055549835,0.2673548859094389,0.4672572454482089,-3.2104659251368814,352.7
,,0.02256039671521019,0.036356747690445834,0.026763598789928504,0.08568074319558452,0.5266086886266466,0.2633076683720085,0.42432810844618635,-3.314375461131007,352.8
,,0.0218495421029921,0.03785794299087093,0.022406399699988557,0.0821138847938516,0.5275528580838097,0.26608827676154617,0.46104191862209404,-3.2739144666666706,352.9
,,0.0218495421029921,0.03785794299087093,0.022406399699988557,0.0821138847938516,0.5275264477445138,0.26608827676154617,0.46104191862209404,-3.2739144666666706,353.0
,,0.0218495421029921,0.03785794299087093,0.022406399699988557,0.0821138847938516,0.5275000374052178,0.26608827676154617,0.46104191862209404,-3.2739144666666706,353.1
,,0.0218495421029921,0.03785794299087093,0.022406399699988557,0.0821138847938516,0.5274736270659219,0.26608827676154617,0.46104191862209404,-3.2739144666666706,353.2
,,0.0218495421029921,0.03785794299087093,0.022406399699988557,0.0821138847938516,0.5274472167266259,0.26608827676154617,0.46104191862209404,-3.2739144666666706,353.3
,,0.0218495421029921,0.03785794299087093,0.022406399699988557,0.0821138847938516,0.52742080638733,0.26608827676154617,0.46104191862209404,-3.2739144666666706,353.4
,,0.0218495421029921,0.03785794299087093,0.022406399699988557,0.0821138847938516,0.5280410838674934,0.26608827676154617,0.46104191862209404,-3.2739144666666706,353.5
,,0.0218495421029921,0.03785794299087093,0.022406399699988557,0.0821138847938516,0.5286613613476567,0.26608827676154617,0.46104191862209404,-3.2739144666666706,353.6
,,0.0218495421029921,0.03785794299087093,0.022406399699988557,0.0821138847938516,0.5292816388278201,0.26608827676154617,0.46104191862209404,-3.2739144666666706,353.7
,,0.0218495421029921,0.03785794299087093,0.022406399699988557,0.0821138847938516,0.5299019163079834,0.26608827676154617,0.46104191862209404,-3.2739144666666706,353.8
,,0.020709766099442008,0.03449900508094192,0.02219700110608021,0.07740577228646414,0.5307978469946014,0.2675480844348284,0.44569034145499664,-3.3668247935942204,353.9
,,0.020709766099442008,0.03449900508094192,0.02219700110608021,0.07740577228646414,0.5341120315346631,0.2675480844348284,0.44569034145499664,-3.3668247935942204,354.0
,,0.020709766099442008,0.03449900508094192,0.02219700110608021,0.07740577228646414,0.537426216074725,0.2675480844348284,0.44569034145499664,-3.3668247935942204,354.1
,,0.020709766099442008,0.03449900508094192,0.02219700110608021,0.07740577228646414,0.5407404006147866,0.2675480844348284,0.44569034145499664,-3.3668247935942204,354.2
,,0.020709766099442008,0.03449900508094192,0.02219700110608021,0.07740577228646414,0.5440545851548484,0.2675480844348284,0.44569034145499664,-3.3668247935942204,354.3
,,0.020709766099442008,0.03449900508094192,0.02219700110608021,0.07740577228646414,0.5473687696949101,0.2675480844348284,0.44569034145499664,-3.3668247935942204,354.4
,,0.020709766099442008,0.03449900508094192,0.02219700110608021,0.07740577228646414,0.5480153069971766,0.2675480844348284,0.44569034145499664,-3.3668247935942204,354.5
,,0.020709766099442008,0.03449900508094192,0.02219700110608021,0.07740577228646414,0.548661844299443,0.2675480844348284,0.44569034145499664,-3.3668247935942204,354.6
,,0.020709766099442008,0.03449900508094192,0.02219700110608021,0.07740577228646414,0.5493083816017096,0.2675480844348284,0.44569034145499664,-3.3668247935942204,354.7
,,0.020709766099442008,0.03449900508094192,0.02219700110608021,0.07740577228646414,0.549954918903976,0.2675480844348284,0.44569034145499664,-3.3668247935942204,354.8
,,0.01643350634809263,0.02292074606368654,0.012891047592274274,0.05224530000405345,0.5519198119852368,0.3145451618962402,0.43871402904966067,-3.775712836893699,354.9
,,0.020642990339460515,0.03149874988891852,0.023114599568523422,0.07525633979690247,0.5531225936513564,0.2743023431005367,0.41855277540637187,-3.457807420004141,355.0
,,0.020642990339460515,0.03149874988891852,0.023114599568523422,0.07525633979690247,0.5542977251642318,0.2743023431005367,0.41855277540637187,-3.457807420004141,355.1
,,0.020642990339460515,0.03149874988891852,0.023114599568523422,0.07525633979690247,0.5554461491427237,0.2743023431005367,0.41855277540637187,-3.457807420004141,355.2
,,0.020642990339460515,0.03149874988891852,0.023114599568523422,0.07525633979690247,0.5565687658408001,0.2743023431005367,0.41855277540637187,-3.457807420004141,355.3
,,0.020642990339460515,0.03149874988891852,0.023114599568523422,0.07525633979690247,0.5576664355011414,0.2743023431005367,0.41855277540637187,-3.457807420004141,355.4
,,0.020642990339460515,0.03149874988891852,0.023114599568523422,0.07525633979690247,0.5613807922338616,0.2743023431005367,0.41855277540637187,-3.457807420004141,355.5
,,0.020642990339460515,0.03149874988891852,0.023114599568523422,0.07525633979690247,0.5650951489665818,0.2743023431005367,0.41855277540637187,-3.457807420004141,355.6
,,0.020642990339460515,0.03149874988891852,0.023114599568523422,0.07525633979690247,0.568809505699302,0.2743023431005367,0.41855277540637187,-3.457807420004141,355.7
,,0.020642990339460515,0.03149874988891852,0.023114599568523422,0.07525633979690247,0.5725238624320221,0.2743023431005367,0.41855277540637187,-3.457807420004141,355.8
,,0.017358699590541184,0.019842332504681315,0.013557031331771613,0.05075806342699411,0.5752826440653903,0.34198900467328497,0.39091980987849867,-3.9199376182755756,355.9
,,0.020270496375680073,0.02804733451132365,0.022473610165721206,0.07079144105272493,0.5763513469788284,0.2863410614933345,0.39619668838827854,-3.573861677862993,356.0
,,0.020270496375680073,0.02804733451132365,0.022473610165721206,0.07079144105272493,0.5774200498922666,0.2863410614933345,0.39619668838827854,-3.573861677862993,356.1
,,0.020270496375680073,0.02804733451132365,0.022473610165721206,0.07079144105272493,0.5784887528057048,0.2863410614933345,0.39619668838827854,-3.573861677862993,356.2
,,0.020270496375680073,0.02804733451132365,0.022473610165721206,0.07079144105272493,0.579557455719143,0.2863410614933345,0.39619668838827854,-3.573861677862993,356.3
,,0.020270496375680073,0.02804733451132365,0.022473610165721206,0.07079144105272493,0.5806261586325812,0.2863410614933345,0.39619668838827854,-3.573861677862993,356.4
,,0.020270496375680073,0.02804733451132365,0.022473610165721206,0.07079144105272493,0.5816948615460192,0.2863410614933345,0.39619668838827854,-3.573861677862993,356.5
,,0.020270496375680073,0.02804733451132365,0.022473610165721206,0.07079144105272493,0.5859097055894845,0.2863410614933345,0.39619668838827854,-3.573861677862993,356.6
,,0.020270496375680073,0.02804733451132365,0.022473610165721206,0.07079144105272493,0.5901245496329497,0.2863410614933345,0.39619668838827854,-3.573861677862993,356.7
,,0.019866965878585226,0.029721248170686228,0.01611451499310634,0.0657027290423778,0.5937362677638486,0.30237657047352134,0.45235941647897504,-3.5158930623466826,356.8
,,0.019866965878585226,0.029721248170686228,0.01611451499310634,0.0657027290423778,0.5943009437308034,0.30237657047352134,0.45235941647897504,-3.5158930623466826,356.9
,,0.01996364603626422,0.025030197655896667,0.021214329225900448,0.06620817291806133,0.5963005002383208,0.30152842400546315,0.3780529888186739,-3.6876722768098786,357.0
,,0.01996364603626422,0.025030197655896667,0.021214329225900448,0.06620817291806133,0.5983000567458382,0.30152842400546315,0.3780529888186739,-3.6876722768098786,357.1
,,0.01996364603626422,0.025030197655896667,0.021214329225900448,0.06620817291806133,0.6002996132533557,0.30152842400546315,0.3780529888186739,-3.6876722768098786,357.2
,,0.01996364603626422,0.025030197655896667,0.021214329225900448,0.06620817291806133,0.602299169760873,0.30152842400546315,0.3780529888186739,-3.6876722768098786,357.3
,,0.01996364603626422,0.025030197655896667,0.021214329225900448,0.06620817291806133,0.6042987262683904,0.30152842400546315,0.3780529888186739,-3.6876722768098786,357.4
,,0.01996364603626422,0.025030197655896667,0.021214329225900448,0.06620817291806133,0.6062982827759078,0.30152842400546315,0.3780529888186739,-3.6876722768098786,357.5
,,0.01996364603626422,0.025030197655896667,0.021214329225900448,0.06620817291806133,0.6082978392834253,0.30152842400546315,0.3780529888186739,-3.6876722768098786,357.6
,,0.01996364603626422,0.025030197655896667,0.021214329225900448,0.06620817291806133,0.6110638545697568,0.30152842400546315,0.3780529888186739,-3.6876722768098786,357.7
,,,0.027043066325853928,0.015392983867695612,0.04243605019354954,0.611765234274115,,0.637266338467207,-3.6103246346118496,357.8
,,,0.027043066325853928,0.015392983867695612,0.04243605019354954,0.6138440996166851,,0.637266338467207,-3.6103246346118496,357.9
,,0.02007104778546162,0.02308187806662741,0.020673926986015993,0.06382685283810502,0.6188524361115951,0.3144608717646044,0.36163271476307834,-3.76870746861518,358.0
,,0.02007104778546162,0.02308187806662741,0.020673926986015993,0.06382685283810502,0.6238607726065051,0.3144608717646044,0.36163271476307834,-3.76870746861518,358.1
,,0.02007104778546162,0.02308187806662741,0.020673926986015993,0.06382685283810502,0.6288691091014149,0.3144608717646044,0.36163271476307834,-3.76870746861518,358.2
,,0.02007104778546162,0.02308187806662741,0.020673926986015993,0.06382685283810502,0.6338774455963249,0.3144608717646044,0.36163271476307834,-3.76870746861518,358.3
,,0.02007104778546162,0.02308187806662741,0.020673926986015993,0.06382685283810502,0.6388857820912347,0.3144608717646044,0.36163271476307834,-3.76870746861518,358.4
,,0.02007104778546162,0.02308187806662741,0.020673926986015993,0.06382685283810502,0.6438941185861448,0.3144608717646044,0.36163271476307834,-3.76870746861518,358.5
,,0.02007104778546162,0.02308187806662741,0.020673926986015993,0.06382685283810502,0.6489024550810547,0.3144608717646044,0.36163271476307834,-3.76870746861518,358.6
,,0.02007104778546162,0.02308187806662741,0.020673926986015993,0.06382685283810502,0.6539107915759645,0.3144608717646044,0.36163271476307834,-3.76870746861518,358.7
,,,0.025835832852599723,0.014802762671299013,0.040638595523898736,0.6547726783130562,,0.6357462043048755,-3.6559928803869597,358.8
,,,0.025835832852599723,0.014802762671299013,0.040638595523898736,0.6556546089277547,,0.6357462043048755,-3.6559928803869597,358.9
,,0.02030012560690631,0.02287758868506239,0.02000712586841783,0.06318484016038653,0.6592407731452276,0.321281585193174,0.36207401375061793,-3.7775975076632995,359.0
,,0.02030012560690631,0.02287758868506239,0.02000712586841783,0.06318484016038653,0.6628269373627006,0.321281585193174,0.36207401375061793,-3.7775975076632995,359.1
,,0.02030012560690631,0.02287758868506239,0.02000712586841783,0.06318484016038653,0.6664131015801735,0.321281585193174,0.36207401375061793,-3.7775975076632995,359.2
,,0.02030012560690631,0.02287758868506239,0.02000712586841783,0.06318484016038653,0.6699992657976465,0.321281585193174,0.36207401375061793,-3.7775975076632995,359.3
,,0.02030012560690631,0.02287758868506239,0.02000712586841783,0.06318484016038653,0.6735854300151194,0.321281585193174,0.36207401375061793,-3.7775975076632995,359.4
,,0.02030012560690631,0.02287758868506239,0.02000712586841783,0.06318484016038653,0.6771715942325923,0.321281585193174,0.36207401375061793,-3.7775975076632995,359.5
,,0.02030012560690631,0.02287758868506239,0.02000712586841783,0.06318484016038653,0.6807577584500653,0.321281585193174,0.36207401375061793,-3.7775975076632995,359.6
,,0.02030012560690631,0.02287758868506239,0.02000712586841783,0.06318484016038653,0.6843439226675382,0.321281585193174,0.36207401375061793,-3.7775975076632995,359.7
,,0.020094471678915274,0.026823455913988603,0.01441928936288436,0.06133721695578824,0.6867107392688255,0.32760651161266957,0.4373112646001351,-3.6184785535763915,359.8
,,0.020094471678915274,0.026823455913988603,0.01441928936288436,0.06133721695578824,0.688771826522974,0.32760651161266957,0.4373112646001351,-3.6184785535763915,359.9
,,0.021342815648315486,0.025504174419228927,0.019751648346688976,0.06659863841423339,0.6918526592663982,0.3204692491694263,0.3829533910377694,-3.668913137500724,360.0
,,0.021342815648315486,0.025504174419228927,0.019751648346688976,0.06659863841423339,0.6949334920098224,0.3204692491694263,0.3829533910377694,-3.668913137500724,360.1
,,0.021342815648315486,0.025504174419228927,0.019751648346688976,0.06659863841423339,0.6980143247532467,0.3204692491694263,0.3829533910377694,-3.668913137500724,360.2
,,0.021342815648315486,0.025504174419228927,0.019751648346688976,0.06659863841423339,0.7010951574966708,0.3204692491694263,0.3829533910377694,-3.668913137500724,360.3
,,0.021342815648315486,0.025504174419228927,0.019751648346688976,0.06659863841423339,0.704175990240095,0.3204692491694263,0.3829533910377694,-3.668913137500724,360.4
,,0.021342815648315486,0.025504174419228927,0.019751648346688976,0.06659863841423339,0.7072568229835192,0.3204692491694263,0.3829533910377694,-3.668913137500724,360.5
,,0.021342815648315486,0.025504174419228927,0.019751648346688976,0.06659863841423339,0.7103376557269435,0.3204692491694263,0.3829533910377694,-3.668913137500724,360.6
,,0.021342815648315486,0.025504174419228927,0.019751648346688976,0.06659863841423339,0.7134184884703677,0.3204692491694263,0.3829533910377694,-3.668913137500724,360.7
,,0.021342815648315486,0.025504174419228927,0.019751648346688976,0.06659863841423339,0.7164993212137919,0.3204692491694263,0.3829533910377694,-3.668913137500724,360.8
,,0.021051962974981544,0.029824618971335405,0.014510773668790469,0.06538735561510742,0.7180537322985789,0.32195770538421337,0.45612211551868564,-3.512421086558879,360.9
,,0.02216162918735883,0.028924536737990197,0.019889186609150653,0.07097535253449967,0.7203096468390097,0.31224401705629445,0.4075293141225409,-3.543065022003335,361.0
,,0.02216162918735883,0.028924536737990197,0.019889186609150653,0.07097535253449967,0.7225655613794403,0.31224401705629445,0.4075293141225409,-3.543065022003335,361.1
,,0.02216162918735883,0.028924536737990197,0.019889186609150653,0.07097535253449967,0.724821475919871,0.31224401705629445,0.4075293141225409,-3.543065022003335,361.2
,,0.02216162918735883,0.028924536737990197,0.019889186609150653,0.07097535253449967,0.7270773904603017,0.31224401705629445,0.4075293141225409,-3.543065022003335,361.3
,,0.02216162918735883,0.028924536737990197,0.019889186609150653,0.07097535253449967,0.7293333050007325,0.31224401705629445,0.4075293141225409,-3.543065022003335,361.4
,,0.02216162918735883,0.028924536737990197,0.019889186609150653,0.07097535253449967,0.7315892195411631,0.31224401705629445,0.4075293141225409,-3.543065022003335,361.5
,,0.02216162918735883,0.028924536737990197,0.019889186609150653,0.07097535253449967,0.7338451340815938,0.31224401705629445,0.4075293141225409,-3.543065022003335,361.6
,,0.02216162918735883,0.028924536737990197,0.019889186609150653,0.07097535253449967,0.7361010486220245,0.31224401705629445,0.4075293141225409,-3.543065022003335,361.7
,,0.02216162918735883,0.028924536737990197,0.019889186609150653,0.07097535253449967,0.7377947626698457,0.31224401705629445,0.4075293141225409,-3.543065022003335,361.8
,,0.02216162918735883,0.028924536737990197,0.019889186609150653,0.07097535253449967,0.7399929295554627,0.31224401705629445,0.4075293141225409,-3.543065022003335,361.9
,,0.02261451413682859,0.03261811577701859,0.020312200709099955,0.07554483062294715,0.7413436965645461,0.29935223827160595,0.4317716448372136,-3.4228874462712593,362.0
,,0.02261451413682859,0.03261811577701859,0.020312200709099955,0.07554483062294715,0.7426944635736296,0.29935223827160595,0.4317716448372136,-3.4228874462712593,362.1
,,0.02261451413682859,0.03261811577701859,0.020312200709099955,0.07554483062294715,0.7440452305827129,0.29935223827160595,0.4317716448372136,-3.4228874462712593,362.2
,,0.02261451413682859,0.03261811577701859,0.020312200709099955,0.07554483062294715,0.7453959975917963,0.29935223827160595,0.4317716448372136,-3.4228874462712593,362.3
,,0.02261451413682859,0.03261811577701859,0.020312200709099955,0.07554483062294715,0.7467467646008796,0.29935223827160595,0.4317716448372136,-3.4228874462712593,362.4
,,0.02261451413682859,0.03261811577701859,0.020312200709099955,0.07554483062294715,0.7480975316099632,0.29935223827160595,0.4317716448372136,-3.4228874462712593,362.5
,,0.02261451413682859,0.03261811577701859,0.020312200709099955,0.07554483062294715,0.7494482986190465,0.29935223827160595,0.4317716448372136,-3.4228874462712593,362.6
,,0.02261451413682859,0.03261811577701859,0.020312200709099955,0.07554483062294715,0.7507990656281298,0.29935223827160595,0.4317716448372136,-3.4228874462712593,362.7
,,0.02261451413682859,0.03261811577701859,0.020312200709099955,0.07554483062294715,0.7521498326372134,0.29935223827160595,0.4317716448372136,-3.4228874462712593,362.8
,,0.02261451413682859,0.03261811577701859,0.020312200709099955,0.07554483062294715,0.753231356979527,0.29935223827160595,0.4317716448372136,-3.4228874462712593,362.9
,,0.022918655941943093,0.03677240697333171,0.020487636333259153,0.08017869924853396,0.7534982930406242,0.2858446963688071,0.45863062531541476,-3.3030075255630384,363.0
,,0.022918655941943093,0.03677240697333171,0.020487636333259153,0.08017869924853396,0.7537652291017214,0.2858446963688071,0.45863062531541476,-3.3030075255630384,363.1
,,0.022918655941943093,0.03677240697333171,0.020487636333259153,0.08017869924853396,0.7540321651628187,0.2858446963688071,0.45863062531541476,-3.3030075255630384,363.2
,,0.022918655941943093,0.03677240697333171,0.020487636333259153,0.08017869924853396,0.7542991012239159,0.2858446963688071,0.45863062531541476,-3.3030075255630384,363.3
,,0.022918655941943093,0.03677240697333171,0.020487636333259153,0.08017869924853396,0.7545660372850131,0.2858446963688071,0.45863062531541476,-3.3030075255630384,363.4
,,0.022918655941943093,0.03677240697333171,0.020487636333259153,0.08017869924853396,0.7548329733461103,0.2858446963688071,0.45863062531541476,-3.3030075255630384,363.5
,,0.022918655941943093,0.03677240697333171,0.020487636333259153,0.08017869924853396,0.7550999094072075,0.2858446963688071,0.45863062531541476,-3.3030075255630384,363.6
,,0.022918655941943093,0.03677240697333171,0.020487636333259153,0.08017869924853396,0.7553668454683047,0.2858446963688071,0.45863062531541476,-3.3030075255630384,363.7
,,0.022918655941943093,0.03677240697333171,0.020487636333259153,0.08017869924853396,0.7556337815294019,0.2858446963688071,0.45863062531541476,-3.3030075255630384,363.8
,,0.022394467040058527,0.041807034746114115,0.01514483224905039,0.07934633403522304,0.7535255468741787,0.28223694657546855,0.5268930852880404,-3.1746906582499204,363.9
,,0.02320864542568178,0.026597436292016455,0.0191908136698051,0.06899689538750334,0.756051483293264,0.3363723149474536,0.38548743595836865,-3.6269404478387157,364.0
,,0.02320864542568178,0.026597436292016455,0.0191908136698051,0.06899689538750334,0.7585774197123493,0.3363723149474536,0.38548743595836865,-3.6269404478387157,364.1
,,0.02320864542568178,0.026597436292016455,0.0191908136698051,0.06899689538750334,0.7611033561314346,0.3363723149474536,0.38548743595836865,-3.6269404478387157,364.2
,,0.02320864542568178,0.026597436292016455,0.0191908136698051,0.06899689538750334,0.7636292925505198,0.3363723149474536,0.38548743595836865,-3.6269404478387157,364.3
,,0.02320864542568178,0.026597436292016455,0.0191908136698051,0.06899689538750334,0.766155228969605,0.3363723149474536,0.38548743595836865,-3.6269404478387157,364.4
,,0.02320864542568178,0.026597436292016455,0.0191908136698051,0.06899689538750334,0.7686811653886904,0.3363723149474536,0.38548743595836865,-3.6269404478387157,364.5
,,0.02320864542568178,0.026597436292016455,0.0191908136698051,0.06899689538750334,0.7712071018077755,0.3363723149474536,0.38548743595836865,-3.6269404478387157,364.6
,,0.02320864542568178,0.026597436292016455,0.0191908136698051,0.06899689538750334,0.7737330382268609,0.3363723149474536,0.38548743595836865,-3.6269404478387157,364.7
,,0.02320864542568178,0.026597436292016455,0.0191908136698051,0.06899689538750334,0.776258974645946,0.3363723149474536,0.38548743595836865,-3.6269404478387157,364.8
,,0.02320864542568178,0.026597436292016455,0.0191908136698051,0.06899689538750334,0.7762329044411448,0.3363723149474536,0.38548743595836865,-3.6269404478387157,364.9
,,0.022363886541306464,0.042080882731393036,0.020636216703934285,0.08508098597663379,0.7740087825046672,0.2628541064092554,0.4945979674348146,-3.1681617333156478,365.0
,,0.022363886541306464,0.042080882731393036,0.020636216703934285,0.08508098597663379,0.7717846605681897,0.2628541064092554,0.4945979674348146,-3.1681617333156478,365.1
,,0.022363886541306464,0.042080882731393036,0.020636216703934285,0.08508098597663379,0.7695605386317121,0.2628541064092554,0.4945979674348146,-3.1681617333156478,365.2
,,0.022363886541306464,0.042080882731393036,0.020636216703934285,0.08508098597663379,0.7673364166952348,0.2628541064092554,0.4945979674348146,-3.1681617333156478,365.3
,,0.022363886541306464,0.042080882731393036,0.020636216703934285,0.08508098597663379,0.7651122947587574,0.2628541064092554,0.4945979674348146,-3.1681617333156478,365.4
,,0.022363886541306464,0.042080882731393036,0.020636216703934285,0.08508098597663379,0.7628881728222798,0.2628541064092554,0.4945979674348146,-3.1681617333156478,365.5
,,0.022363886541306464,0.042080882731393036,0.020636216703934285,0.08508098597663379,0.7606640508858025,0.2628541064092554,0.4945979674348146,-3.1681617333156478,365.6
,,0.022363886541306464,0.042080882731393036,0.020636216703934285,0.08508098597663379,0.758439928949325,0.2628541064092554,0.4945979674348146,-3.1681617333156478,365.7
,,0.022363886541306464,0.042080882731393036,0.020636216703934285,0.08508098597663379,0.7568469852934403,0.2628541064092554,0.4945979674348146,-3.1681617333156478,365.8
,,0.022363886541306464,0.042080882731393036,0.020636216703934285,0.08508098597663379,0.7552540416375554,0.2628541064092554,0.4945979674348146,-3.1681617333156478,365.9
,,0.0219391272972924,0.04402439098220405,0.02058159723409891,0.08654511551359537,0.7517744816681404,0.2534993126659584,0.5086871826439271,-3.1230114581491777,366.0
,,0.0219391272972924,0.04402439098220405,0.02058159723409891,0.08654511551359537,0.7482949216987252,0.2534993126659584,0.5086871826439271,-3.1230114581491777,366.1
,,0.0219391272972924,0.04402439098220405,0.02058159723409891,0.08654511551359537,0.7448153617293101,0.2534993126659584,0.5086871826439271,-3.1230114581491777,366.2
,,0.0219391272972924,0.04402439098220405,0.02058159723409891,0.08654511551359537,0.7413358017598951,0.2534993126659584,0.5086871826439271,-3.1230114581491777,366.3
,,0.0219391272972924,0.04402439098220405,0.02058159723409891,0.08654511551359537,0.7378562417904799,0.2534993126659584,0.5086871826439271,-3.1230114581491777,366.4
,,0.0219391272972924,0.04402439098220405,0.02058159723409891,0.08654511551359537,0.7343766818210647,0.2534993126659584,0.5086871826439271,-3.1230114581491777,366.5
,,0.0219391272972924,0.04402439098220405,0.02058159723409891,0.08654511551359537,0.7308971218516497,0.2534993126659584,0.5086871826439271,-3.1230114581491777,366.6
,,0.0219391272972924,0.04402439098220405,0.02058159723409891,0.08654511551359537,0.7274175618822346,0.2534993126659584,0.5086871826439271,-3.1230114581491777,366.7
,,0.0219391272972924,0.04402439098220405,0.02058159723409891,0.08654511551359537,0.724784489668439,0.2534993126659584,0.5086871826439271,-3.1230114581491777,366.8
,,0.0219391272972924,0.04402439098220405,0.02058159723409891,0.08654511551359537,0.722211260004957,0.2534993126659584,0.5086871826439271,-3.1230114581491777,366.9
,,0.02104747765491543,0.044044864937085274,0.020647414810372838,0.08573975740237354,0.7177601896754031,0.2454809564732075,0.5137041003088489,-3.1225465069006098,367.0
,,0.02104747765491543,0.044044864937085274,0.020647414810372838,0.08573975740237354,0.7133091193458493,0.2454809564732075,0.5137041003088489,-3.1225465069006098,367.1
,,0.02104747765491543,0.044044864937085274,0.020647414810372838,0.08573975740237354,0.7088580490162953,0.2454809564732075,0.5137041003088489,-3.1225465069006098,367.2
,,0.02104747765491543,0.044044864937085274,0.020647414810372838,0.08573975740237354,0.7044069786867415,0.2454809564732075,0.5137041003088489,-3.1225465069006098,367.3
,,0.02104747765491543,0.044044864937085274,0.020647414810372838,0.08573975740237354,0.6999559083571877,0.2454809564732075,0.5137041003088489,-3.1225465069006098,367.4
,,0.02104747765491543,0.044044864937085274,0.020647414810372838,0.08573975740237354,0.6955048380276337,0.2454809564732075,0.5137041003088489,-3.1225465069006098,367.5
,,0.02104747765491543,0.044044864937085274,0.020647414810372838,0.08573975740237354,0.6910537676980799,0.2454809564732075,0.5137041003088489,-3.1225465069006098,367.6
,,0.02104747765491543,0.044044864937085274,0.020647414810372838,0.08573975740237354,0.6866026973685261,0.2454809564732075,0.5137041003088489,-3.1225465069006098,367.7
,,0.02104747765491543,0.044044864937085274,0.020647414810372838,0.08573975740237354,0.6842573244394333,0.2454809564732075,0.5137041003088489,-3.1225465069006098,367.8
,,0.02104747765491543,0.044044864937085274,0.020647414810372838,0.08573975740237354,0.6819640709087648,0.2454809564732075,0.5137041003088489,-3.1225465069006098,367.9
,,0.01999021273555495,0.022667411341513538,0.0204505503698463,0.06310817444691479,0.6819035754518344,0.3167610679717931,0.35918344240144146,-3.7868270097117303,368.0
,,0.01999021273555495,0.022667411341513538,0.0204505503698463,0.06310817444691479,0.681843079994904,0.3167610679717931,0.35918344240144146,-3.7868270097117303,368.1
,,0.01999021273555495,0.022667411341513538,0.0204505503698463,0.06310817444691479,0.6817825845379737,0.3167610679717931,0.35918344240144146,-3.7868270097117303,368.2
,,0.01999021273555495,0.022667411341513538,0.0204505503698463,0.06310817444691479,0.6817220890810434,0.3167610679717931,0.35918344240144146,-3.7868270097117303,368.3
,,0.01999021273555495,0.022667411341513538,0.0204505503698463,0.06310817444691479,0.681661593624113,0.3167610679717931,0.35918344240144146,-3.7868270097117303,368.4
,,0.01999021273555495,0.022667411341513538,0.0204505503698463,0.06310817444691479,0.6816010981671826,0.3167610679717931,0.35918344240144146,-3.7868270097117303,368.5
,,0.01999021273555495,0.022667411341513538,0.0204505503698463,0.06310817444691479,0.6815406027102523,0.3167610679717931,0.35918344240144146,-3.7868270097117303,368.6
,,0.01999021273555495,0.022667411341513538,0.0204505503698463,0.06310817444691479,0.6814801072533219,0.3167610679717931,0.35918344240144146,-3.7868270097117303,368.7
,,0.01999021273555495,0.022667411341513538,0.0204505503698463,0.06310817444691479,0.6829551530175396,0.3167610679717931,0.35918344240144146,-3.7868270097117303,368.8
,,0.01999021273555495,0.022667411341513538,0.0204505503698463,0.06310817444691479,0.6844301987817573,0.3167610679717931,0.35918344240144146,-3.7868270097117303,368.9
,,0.020091427093252647,0.0495525447588893,0.016719016984703055,0.08636298883684501,0.6796370971029239,0.23263932112410923,0.5737706096821503,-3.004721662130551,369.0
,,0.020446239076212923,0.043719449505809006,0.023067940857913218,0.08723362943993515,0.675535241648701,0.23438482621305137,0.5011765506777647,-3.129962207111511,369.1
,,0.020446239076212923,0.043719449505809006,0.023067940857913218,0.08723362943993515,0.6714333861944781,0.23438482621305137,0.5011765506777647,-3.129962207111511,369.2
,,0.020446239076212923,0.043719449505809006,0.023067940857913218,0.08723362943993515,0.6673315307402554,0.23438482621305137,0.5011765506777647,-3.129962207111511,369.3
,,0.020446239076212923,0.043719449505809006,0.023067940857913218,0.08723362943993515,0.6632296752860325,0.23438482621305137,0.5011765506777647,-3.129962207111511,369.4
,,0.020446239076212923,0.043719449505809006,0.023067940857913218,0.08723362943993515,0.6591278198318098,0.23438482621305137,0.5011765506777647,-3.129962207111511,369.5
,,0.020446239076212923,0.043719449505809006,0.023067940857913218,0.08723362943993515,0.6550259643775869,0.23438482621305137,0.5011765506777647,-3.129962207111511,369.6
,,0.020446239076212923,0.043719449505809006,0.023067940857913218,0.08723362943993515,0.650924108923364,0.23438482621305137,0.5011765506777647,-3.129962207111511,369.7
,,0.020446239076212923,0.043719449505809006,0.023067940857913218,0.08723362943993515,0.6468222534691412,0.23438482621305137,0.5011765506777647,-3.129962207111511,369.8
,,0.020446239076212923,0.043719449505809006,0.023067940857913218,0.08723362943993515,0.644175704656492,0.23438482621305137,0.5011765506777647,-3.129962207111511,369.9
,,0.01963773785286795,0.049632322897710565,0.01775396915535648,0.087024029905935,0.6400587760041351,0.22565879647373885,0.5703289419182099,-3.0031129861719985,370.0
,,0.020150740684257273,0.04294637650433875,0.024977192050427168,0.0880743092390232,0.636758988614972,0.2287924919123755,0.4876152521138417,-3.147802999551145,370.1
,,0.020150740684257273,0.04294637650433875,0.024977192050427168,0.0880743092390232,0.6334592012258092,0.2287924919123755,0.4876152521138417,-3.147802999551145,370.2
,,0.020150740684257273,0.04294637650433875,0.024977192050427168,0.0880743092390232,0.6301594138366462,0.2287924919123755,0.4876152521138417,-3.147802999551145,370.3
,,0.020150740684257273,0.04294637650433875,0.024977192050427168,0.0880743092390232,0.6268596264474833,0.2287924919123755,0.4876152521138417,-3.147802999551145,370.4
